full_name,book_1,book_2,book_3,book_4,book_5,book_6,book_7,book_8,book_9,book_10,book_11,book_12,book_13,book_14,book_15
Thella 1036.0,0.0,3.2536514102952037e-06,0.0,0.0,0.0,0.04898403483309143,4.92892490290018e-07,0.0,0.0,0.0,0.0,0.0,0.0,0.0,0.0
Varney 914.0,0.0,0.0,0.0,0.0003723701359150996,0.0,0.0,0.0,0.0,0.0,0.0,0.0,0.0,0.0,0.0,0.0
Vander 913.0,0.0,0.0,0.0,0.0053993669707689445,0.0,0.0,0.0,0.0,0.0,0.0,0.0,0.0,0.0,0.0,0.0
Trume 898.0,0.0,0.0,0.0,0.0003723701359150996,0.0,0.0,0.0,0.0,0.0,0.0,0.0,0.0,0.0,0.0,0.0
Ted Tubberman Tubbermann 864.0,0.015014842478215074,0.0,5.0664721141374834e-05,0.0,0.0,0.0,0.0,0.0,0.0,0.0,0.0,0.0,0.0,0.0,1.3688629311918235e-05
Tarathel 859.0,0.0,0.0,0.0,0.0,0.0,0.00013143003176225768,0.004990158197856674,0.0,0.0,0.0,0.0,0.0,0.0,0.0,0.0
Talpan 857.0,0.0,0.0,0.0,0.005957922174641594,0.0,0.0,0.0,0.0,0.0,0.0,0.0,0.0,0.0,0.0,0.0
T’ron 850.0,0.0,0.0,0.0,0.0,0.0,8.782426364843947e-06,0.0,0.002327336080088518,0.022366211339344685,0.0,0.0,0.00029213342309612907,0.00018534341354378462,1.6737690265694095e-06,0.0
T’kul 840.0,0.0,0.0,0.0,0.0,0.0,0.00039355485784057213,0.0,0.0,0.004399941395161438,0.0,0.0,3.212232180141981e-05,0.0032035000147245044,0.0,0.0
Stev Kimmer 829.0,0.009462478853458457,0.0,0.0,0.0,0.0,0.0,0.0,0.0,0.0,0.0,0.0,0.0,0.0,0.0,0.0003427227190687676
S’loner 787.0,0.0,0.0,0.0,0.0,0.0,0.0,0.009247648902821317,0.0,0.0,0.0,0.0,0.0,0.0,0.0,0.0
Runel 779.0,0.0,0.0,0.0,0.003360640476633774,4.058441558441559e-05,0.0,0.0,0.0,0.0,0.0,0.0,0.0,0.0,0.0,0.0
Robinton Rob Robie 772.0,0.0,0.0001620049955329451,0.0,0.0,0.0,0.002000445987646765,0.13703228031317743,0.00026007076314982794,0.001983147359915216,0.00016877306942442253,0.0018242469258117312,0.0008361548744730794,0.007847117210454266,0.007559274328122941,5.635352923420832e-05
Petiron 738.0,0.0,5.25505097983345e-06,0.0,0.0,0.0,0.0,0.03163136777599298,0.0,0.0,0.006538371230701634,0.0026333575550641355,0.0,0.0,0.0,0.0
Norman 701.0,0.0,0.0,0.0,0.004847461233609064,2.898886827458256e-05,0.0,0.0,0.0,0.0,0.0,0.0,0.0,0.0,0.0,0.0
Meron 671.0,0.0,0.0,0.0,0.0,0.0,2.6164311878597592e-05,0.0,0.0008388382090804235,0.011145945109542086,0.0,9.109160536201625e-07,0.011469635555870224,2.8848008856338716e-05,4.070560727881387e-07,0.0
Matsen 663.0,0.0,0.0,0.0,0.0,0.0,0.0,0.0017241379310344827,0.0,0.0,0.0,0.0,0.0,0.0,0.0,0.0
Marco Galliani 660.0,0.004021832806664752,0.0,0.0,0.0,0.0,0.0,0.0,0.0,0.0,0.0,0.0,0.0,0.0,0.0,0.0
Maidir 653.0,0.0,0.0,0.0,0.0,0.0,0.0,0.007210031347962382,0.0,0.0,0.0,0.0,0.0,0.0,0.0,0.0
M’odon 641.0,0.0,0.0,0.0,0.0,0.0,0.0,0.0006269592476489029,0.0,0.0,0.0,0.0,0.0,0.0,0.0,0.0
L’mal 608.0,0.0,0.0,0.0,0.003723701359150996,0.0,0.0,0.0,0.0,0.0,0.0,0.0,0.0,0.0,0.0,0.0
Kale 589.0,0.0,0.0,0.0,0.0,0.0,8.66128944946679e-05,0.0033780131877634845,0.0,0.0,0.0,0.0,0.0,0.0,0.0,0.0
K’dall 580.0,0.0,0.0,0.0,0.0001861850679575498,0.0,0.0,0.0,0.0,0.0,0.0,0.0,0.0,0.0,0.0,0.0
Jim Tillek James 573.0,0.004306891099608673,0.00404555168850582,0.00010565352645214207,0.00021107356033233795,5.2165058591793804e-05,1.9774569903104608e-05,0.0014505483878766389,3.9623784297822064e-05,0.00033219452192589775,1.3237353694148293e-06,6.196102513827635e-06,2.9727598582290826e-06,2.180286530530484e-05,0.0003768669527368847,7.92931740776069e-05
Grogellan 531.0,0.0,0.0,0.0,0.0,0.0,0.0,0.005172413793103448,0.0,0.0,0.0,0.0,0.0,0.0,0.0,0.0
Gennell 521.0,0.0,0.0,0.0,0.0,0.0,0.0,0.030407523510971788,0.0,0.0,0.0,0.0,0.0,0.0,0.0,0.0
G’lanar 497.0,0.0,0.0,0.0,0.0,0.0,0.0,0.0,0.0,0.0,0.0,0.0,0.0,0.0,0.0040689325035902345,0.0
Fax 468.0,3.0870449733978365e-05,4.134969065836977e-06,0.0,0.0,0.0,0.000218609099603771,0.017679582621090553,0.035200474696009613,4.6842233308868025e-06,0.0,0.0,5.135007037527146e-07,8.473782352783331e-06,3.401051094840861e-06,2.917647455471027e-06
Faroguy 467.0,0.0,0.0,0.0,0.0,0.0,0.0,0.006426332288401254,0.0,0.0,0.0,0.0,0.0,0.0,0.0,0.0
Farevene 464.0,0.0,0.0,0.0,0.0,0.0,0.0,0.0025078369905956114,0.0,0.0,0.0,0.0,0.0,0.0,0.0,0.0
F’lon Falloner 455.0,0.0,0.0,0.0,0.0,0.0,0.0,0.0674154169843825,3.471543263930807e-05,0.0,0.0,0.0,0.0,0.0,0.0,0.0
Esselin 447.0,0.0,0.0,0.0,0.0,0.0,0.0012573820737086044,0.0,0.0,0.0,0.0,0.0,0.0,0.0,0.0022065695593699425,0.0017799563702100662
Ch’mon 379.0,0.0,0.0,0.0,0.0005585552038726494,0.0,0.0,0.0,0.0,0.0,0.0,0.0,0.0,0.0,0.0,0.0
Caesar Galliani 370.0,0.002010916403332376,0.0,0.0,0.0,0.0,0.0,0.0,0.0,0.0,0.0,0.0,0.0,0.0,0.0,0.0
C’gan 363.0,0.0,0.0,0.0,0.0,0.0,0.0,0.0056789786924719456,0.0013175230566534915,9.555136722062571e-06,0.0,0.0,0.0,0.0,0.0,0.0
Brare 345.0,0.0,0.0,0.0,0.0,0.0,0.0037676609105180532,0.0,0.0,0.0,0.0,0.0,0.0,0.0,0.0,0.0
Berchar Berch 322.0,0.0,0.0,0.0,0.007447402718301992,0.0,0.0,0.0,0.0,0.0,0.0,0.0,0.0,0.0,0.0,0.0
Barly 307.0,0.0,0.0,0.0,0.0003723701359150996,0.0,0.0,0.0,0.0,0.0,0.0,0.0,0.0,0.0,0.0,0.0
B’ner 295.0,0.0,0.0,0.0024319066147859923,0.0,0.0,0.0,0.0,0.0,0.0,0.0,0.0,0.0,0.0,0.0,0.0
Armald 283.0,0.0,0.0,0.0,0.0,0.0,0.003924646781789639,0.0,0.0,0.0,0.0,0.0,0.0,0.0,0.0,0.0
Suriana 243.0,0.0,0.0,0.0,9.027154810063021e-05,0.020685753640299096,0.0,0.0,0.0,0.0,0.0,0.0,0.0,0.0,0.0,0.0
Silma 230.0,0.0,0.0,0.0,0.0,0.0016233766233766235,0.0,0.0,0.0,0.0,0.0,0.0,0.0,0.0,0.0,0.0
Sallah Telgar-Andiyar 217.0,0.03916529297846715,0.0,0.0,0.0,0.0,4.952235686800806e-07,0.0,0.0,0.0,0.0,0.0,0.0,0.0,0.0001827206654052397,0.0
Pendra 201.0,0.0,0.0,0.0,0.0022696846379587025,0.0009662956091527518,0.0,0.0,0.0,0.0,0.0,0.0,0.0,0.0,0.0,0.0
Moreta Moretta 179.0,0.0,0.0,0.0,0.1970509609498497,0.0011553328128264622,0.0,1.194460886714675e-06,1.305135655533682e-05,1.395648674475693e-07,0.0,1.451295212948093e-05,0.0,0.0,0.0,1.3908852814819543e-06
Milla 175.0,0.0,0.0,0.00032425421530479895,0.0,0.0,0.0,5.22466039707419e-05,0.0,0.0,0.0,0.0,0.0,0.0,0.0,0.0
Merin 172.0,0.0,0.0,0.0,0.0,0.0016233766233766235,0.0,0.0,0.0,0.0,0.0,0.0,0.0,0.0,0.0,0.0
Merelan 170.0,0.0,0.0,0.0,0.0,0.0,0.0,0.05250968642790431,0.0,0.0,0.0,3.159991973620387e-06,0.0,0.0,0.0,0.0
Mercia 169.0,0.0,0.0,0.0,0.0,0.0008116883116883117,0.0,0.0,0.0,0.0,0.0,0.0,0.0,0.0,0.0,0.0
Lucy Tubberman 151.0,0.0117086741559443,0.0,4.095842719639566e-05,0.0,0.0,0.0,0.0,0.0,0.0,0.0,0.0,0.0,0.0,0.0,1.7290900183475665e-05
Larna Lama 134.0,0.0,0.0,0.0,0.0,0.0,0.0,0.00219435736677116,0.0,0.0,0.0,0.0,0.0,0.0,0.0,0.0
Kista 124.0,0.0,0.0,0.0,0.0,0.0016233766233766235,0.0,0.0,0.0,0.0,0.0,0.0,0.0,0.0,0.0,0.0
Kasia 119.0,0.0,0.0,0.0,0.0,0.0,0.0,0.03103448275862069,0.0,0.0,0.0,0.0,0.0,0.0,0.0,0.0
Jora 111.0,0.0,0.0,0.0,0.0,0.0,0.0,0.0029945553539019966,0.0031787553186205524,0.0,0.0,0.0,0.0,0.0,0.0,0.0
Gledia 93.0,0.0,0.0,0.0,0.0,0.0,0.0006279434850863422,0.0,0.0,0.0,0.0,0.0,0.0,0.0,0.0,0.0
Gemma 90.0,0.0,0.0,0.0,0.0,0.0,2.065603569362968e-06,0.00046403233789803666,0.012979917551033922,8.675058339767334e-06,0.0,0.0,0.0,6.974765299147683e-06,0.0,0.0
Fanna 79.0,0.0,0.0,0.0,0.0,0.0,1.1213276519398968e-05,0.0,0.0,0.00029433233652782027,0.0,0.0,0.0,0.000605808185983113,0.0,0.0
Dowell 64.0,0.0,0.0,0.0,0.0,0.0,0.00801769658912516,0.0,0.0,0.0,0.0,0.0,0.0,0.0,8.70359893816093e-06,0.0
Catherine Radelin Doyle 44.0,0.001407641482332663,5.748117491521527e-06,0.0,0.0,0.0,0.0,0.0,0.0,0.0,0.0,0.0,0.0,0.0,0.0004494441785011435,0.0004055890166494291
Carola 43.0,0.0,0.0,0.0,0.0,0.0,0.0,0.0029780564263322882,0.0,0.0,0.0,0.0,0.0,0.0,0.0,0.0
Betrice 31.0,0.0,0.0,0.0,0.0,0.0,0.0,0.011442006269592476,0.0,0.0,0.0,0.0,0.0,0.0,0.0,0.0
Adessa 4.0,0.0,0.0,0.0,0.0,0.0,0.0,0.0006269592476489029,0.0,0.0,0.0,0.0,0.0,0.0,0.0,0.0
Kenjo Fusaiyuki 1.0,0.02339829591643389,0.0,0.0,0.0,0.0,0.0,0.0,0.0,0.0,0.0,0.0,0.0,0.0,2.5462656468023996e-06,0.00011746979764128413
Z’gal 1035.0,0.0,0.0,0.0014591439688715954,0.0,0.0,0.0,0.0,0.0,0.0,0.0,0.0,0.0,0.0,0.0,0.0
Yvonne Yves 1034.0,0.0005745475438092502,0.0,0.0,0.0,0.0,0.0,0.0,0.0,0.0,0.0,0.0,0.0,0.0,0.0,0.0
Winnia 1033.0,0.0,0.0,0.0,0.0001861850679575498,0.0,0.0,0.0,0.0,0.0,0.0,0.0,0.0,0.0,0.0,0.0
W’ter 1031.0,0.0,0.0,0.0,0.0001861850679575498,0.0,0.0,0.0,0.0,0.0,0.0,0.0,0.0,0.0,0.0,0.0
Usuai 1030.0,0.00014363688595231256,0.0,0.0,0.0,0.0,0.0,0.0,0.0,0.0,0.0,0.0,0.0,0.0,0.0,0.0
Twenone 1029.0,0.0,0.0,0.0,0.0,0.0,0.0,0.00015673981191222572,0.0,0.0,0.0,0.0,0.0,0.0,0.0,0.0
Tuck 1028.0,0.0,0.0,0.0,0.0,0.0,0.0,0.0,0.0,0.0,0.0,0.0,0.0,0.0,0.0,0.0001825150574922431
Tracey Train 1027.0,0.00025037101464414955,0.00014722451124529442,0.0006007674443641285,0.0002656632787852786,0.0003208254196396489,0.00045234268836753306,0.0001046997162575737,0.0005483117344927868,0.0006671222729585504,7.327110716713546e-05,8.574132371901404e-05,0.0001931148279049784,0.00013409193049428587,0.00012109355044397815,0.00012191717279126122
Tomol 1026.0,0.0,0.0002586652871184687,0.0,0.0,0.0,0.0,0.0,0.0,0.0,0.0,0.0,0.0,0.0,0.0,0.0
Tomlinson 1025.0,0.0,0.0,0.0007295719844357977,0.0,0.0,0.0,0.0,0.0,0.0,0.0,0.0,0.0,0.0,0.0,0.0
Tilsit 1024.0,0.0,0.0,0.0,0.0,0.0,0.0,0.0,0.0,0.0,0.0005149330587023687,0.0,0.0,0.0,0.0,0.0
Tashkovich 1023.0,0.00014363688595231256,0.0,0.0,0.0,0.0,0.0,0.0,0.0,0.0,0.0,0.0,0.0,0.0,0.0,0.0
T’ran 1022.0,0.0,0.0,0.0,0.0,0.0,0.0,0.0,0.0,0.0,0.0,0.0,0.0,0.00013252054068380598,0.0,0.0
T’ledon 1021.0,0.0,0.0,0.0,0.0,0.0,0.0,0.0,0.0,0.0,0.0,0.0002678093197643278,0.0,0.0,0.0,0.0
T’gor 1020.0,0.0,0.0,0.0,0.0,0.0,0.0,0.0,0.0,0.00032965221691115873,0.0,0.0,0.0,0.0,0.0,0.0
T’bot 1019.0,0.0,0.0,0.0,0.0,0.0,0.00015698587127158556,0.0,0.0,0.0,0.0,0.0,0.0,0.0,0.0,0.0
Silon 1018.0,0.0,0.0,0.0,0.0,0.0,0.0,0.0,0.0,0.00016482610845557937,0.0,0.0,0.0,0.0,0.0,0.0
Sigomel 1017.0,0.0,0.0,0.0,0.0,0.0,0.0,0.0,0.0,0.0,0.0,0.0,0.0,0.00013252054068380598,0.0,0.0
Shih Lao 1016.0,0.0002585463947141626,0.0,0.0001945525291828794,0.0,0.0,0.0,0.0,0.0,0.0,0.0,0.0,0.0,0.0,0.0,0.0
Shanna 1015.0,0.0,0.0,0.0009727626459143969,0.0,0.0,0.0,0.0,0.0,0.0,0.0,0.0,0.0,0.0,0.0,0.0
Severeid 1014.0,0.0,0.0,0.0,0.0,0.0,0.0,0.00015673981191222572,0.0,0.0,0.0,0.0,0.0,0.0,0.0,0.0
S’gar 1013.0,0.0,0.0,0.0,0.0,0.0,0.0,0.0,0.0,0.0,0.0,0.0,0.0,0.0,0.00011967448539971278,0.0
S’dra 1012.0,0.0,0.0,0.0,0.0,0.0,0.0,0.0,0.0,0.0,0.0,0.0,0.0,0.0,0.0,0.0003650301149844862
Randy 1011.0,0.0,0.0,0.0,0.0,0.0,0.0,0.0,0.0,0.0,0.0,0.0002678093197643278,0.0,0.0,0.0,0.0
R’nor 1010.0,0.0,0.0,0.0,0.0,0.0,0.0,0.0,0.0,0.00016482610845557937,0.0,0.0,0.0,0.0,0.0,0.0
R’miel R’mel 1009.0,0.0,0.0,0.0,0.0,0.0,0.0,0.0,0.0,0.00016482610845557937,0.0,0.0,0.0,0.0,0.0,0.0
Peth 1007.0,0.0,0.0,0.0,0.0,0.0016233766233766235,0.0,0.0,0.0,0.0,0.0,0.0,0.0,0.0,0.0,0.0
P’leen 1006.0,0.0,0.0,0.0,0.0005585552038726494,0.0,0.0,0.0,0.0,0.0,0.0,0.0,0.0,0.0,0.0,0.0
Naylor 1005.0,0.0,0.0,0.0,0.0,0.0,0.0,0.00015673981191222572,0.0,0.0,0.0,0.0,0.0,0.0,0.0,0.0
N’bil 1004.0,0.0,0.0,0.0,0.0,0.0,0.0,0.0,0.0,0.0,0.0,0.0,0.0,0.0,0.0,0.0003650301149844862
Murolin 1003.0,0.0,0.0,0.0,0.0,0.0,0.0,0.0,0.0,0.0,0.0,0.0,0.0,0.0,0.0,0.0001825150574922431
Miskin 1002.0,0.0,0.0,0.0,0.0,0.0,0.0,0.0,0.0,0.0,0.0,0.0,0.0,0.0,0.0004786979415988511,0.0
Mibbut 1001.0,0.0,0.0,0.0,0.0001861850679575498,0.0,0.0,0.0,0.0,0.0,0.0,0.0,0.0,0.0,0.0,0.0
Marshal 1000.0,0.0,0.0,0.0,0.0,0.0,0.0,0.0,0.0,0.0,0.0,0.0002678093197643278,0.0,0.0,0.0,0.0
Marchane 999.0,0.0,0.0,0.00048638132295719845,0.0,0.0,0.0,0.0,0.0,0.0,0.0,0.0,0.0,0.0,0.0,0.0
Mairian 998.0,0.0,0.0,0.00024319066147859923,0.0,0.0,0.0,0.0,0.0,0.0,0.0,0.0,0.0,0.0,0.0,0.0
M’ling 997.0,0.0,0.0,0.0,0.0,0.0,0.0,0.0,0.0,0.0,0.0,0.0,0.0,0.0,0.0,0.0001825150574922431
M’hall 996.0,0.0,0.0,0.00024319066147859923,0.0,0.0,0.0,0.0,0.0,0.0,0.0,0.0,0.0,0.0,0.0,0.0
M’dani 995.0,0.0,0.0,0.00024319066147859923,0.0,0.0,0.0,0.0,0.0,0.0,0.0,0.0,0.0,0.0,0.0,0.0
Lesselam 994.0,0.0,0.0002586652871184687,0.0,0.0,0.0,0.0,0.0,0.0,0.0,0.0,0.0,0.0,0.0,0.0,0.0
Lechi 993.0,0.0,0.0,0.0,0.0,0.0,0.0,0.0,0.0,0.0,0.0,0.0,0.0,0.0,0.0,0.0003650301149844862
Layrence 992.0,0.0,0.0,0.00024319066147859923,0.0,0.0,0.0,0.0,0.0,0.0,0.0,0.0,0.0,0.0,0.0,0.0
L’zal 991.0,0.0,0.0,0.0,0.0,0.0,0.0,0.0,0.0,0.0,0.0,0.0,0.0,0.0,0.00011967448539971278,0.0
L’vin 990.0,0.0,0.0,0.0,0.0001861850679575498,0.0,0.0,0.0,0.0,0.0,0.0,0.0,0.0,0.0,0.0,0.0
Kurt 989.0,0.0002872737719046251,0.0,0.0,0.0,0.0,0.0,0.0,0.0,0.0,0.0,0.0,0.0,0.0,0.0,0.0
Kung 988.0,0.00014363688595231256,0.0,0.0,0.0,0.0,0.0,0.0,0.0,0.0,0.0,0.0,0.0,0.0,0.0,0.0
Ker 987.0,0.0,0.0,0.0,0.0,0.0,0.0,0.0,0.0,0.0,0.0,0.0,0.0,0.0,0.0004786979415988511,0.0
Kayla 986.0,0.0,0.0,0.0,0.0,0.0,0.0,0.0,0.0,0.0,0.0,0.0002678093197643278,0.0,0.0,0.0,0.0
K’dor 985.0,0.0,0.0,0.0,0.0,0.0,0.0,0.0,0.0,0.00016482610845557937,0.0,0.0,0.0,0.0,0.0,0.0
Jonno 984.0,0.0,0.0,0.0,0.0,0.0,0.0,0.00015673981191222572,0.0,0.0,0.0,0.0,0.0,0.0,0.0,0.0
Johnny Greene 983.0,0.00014363688595231256,0.0,0.0,0.0,0.0,0.0,0.0,0.0,0.0,0.0,0.0,0.0,0.0,0.0,0.0
Joe Millan 982.0,0.00014363688595231256,0.0,0.0,0.0,0.0,0.0,0.0,0.0,0.0,0.0,0.0,0.0,0.0,0.0,0.0
Jessuan 981.0,0.0,0.0,0.0,0.0,0.0,0.0,0.0,0.0,0.0,0.0,0.0002678093197643278,0.0,0.0,0.0,0.0
Jess 980.0,2.8727377190462513e-05,0.0,0.0,0.0,0.002597402597402598,0.0,0.0,0.0,0.0,0.0,0.0,0.0,0.0,0.0,0.0
J’lono 979.0,0.0,0.0,0.0,0.0,0.0,0.0,0.0,0.0,0.0,0.0,0.0,0.0,0.0,0.00011967448539971278,0.0
Irtine 978.0,0.0,0.0,0.0,0.0,0.0,0.00015698587127158556,0.0,0.0,0.0,0.0,0.0,0.0,0.0,0.0,0.0
Heinrich 977.0,0.00014363688595231256,0.0,0.0,0.0,0.0,0.0,0.0,0.0,0.0,0.0,0.0,0.0,0.0,0.0,0.0
Hedelman 976.0,0.0,0.0,0.0,0.0,0.0,0.00015698587127158556,0.0,0.0,0.0,0.0,0.0,0.0,0.0,0.0,0.0
H’redan 975.0,0.0,0.0,0.0,0.0,0.0,0.0,0.0,0.0,0.0,0.0,0.0,0.0,0.0,0.0,0.0001825150574922431
H’grave 974.0,0.0,0.0,0.0,0.0001861850679575498,0.0,0.0,0.0,0.0,0.0,0.0,0.0,0.0,0.0,0.0,0.0
H’ages 973.0,0.0,0.0,0.0,0.0,0.0,0.0,0.0,0.0,0.00032965221691115873,0.0,0.0,0.0,0.0,0.0,0.0
Greg Keating 972.0,0.00014363688595231256,0.0,0.0,0.0,0.0,0.0,0.0,0.0,0.0,0.0,0.0,0.0,0.0,0.0,0.0
Grasella 971.0,0.0,0.0,0.00048638132295719845,0.0,0.0,0.0,0.0,0.0,0.0,0.0,0.0,0.0,0.0,0.0,0.0
Gorta 970.0,0.0,0.0,0.0,0.0005585552038726494,0.0,0.0,0.0,0.0,0.0,0.0,0.0,0.0,0.0,0.0,0.0
Glay 969.0,0.0,0.0,0.0,0.0,0.0,0.00015698587127158556,0.0,0.0,0.0,0.0,0.0,0.0,0.0,0.0,0.0
Glammie 968.0,0.0,0.0,0.0,0.0,0.0,0.00015698587127158556,0.0,0.0,0.0,0.0,0.0,0.0,0.0,0.0,0.0
Galter 967.0,0.0,0.0,0.0,0.0,0.0,0.0,0.0,0.0,0.0,0.0,0.0,0.0,0.0,0.0,0.0001825150574922431
Galnich Galnish 966.0,0.0,0.0,0.0,0.0001861850679575498,0.0,0.0,0.0,0.0,0.0,0.0,0.0,0.0,0.0,0.0,0.0
Gallen 965.0,0.0,0.0,0.0,0.0,0.003246753246753247,0.0,0.0,0.0,0.0,0.0,0.0,0.0,0.0,0.0,0.0
G’rannat 964.0,0.0,0.0,0.0,0.0,0.0,0.0,0.0,0.0,0.0,0.0,0.0,0.0,0.0,0.00023934897079942556,0.0
G’bear 963.0,0.0,0.0,0.0,0.0,0.0,0.0,0.0,0.0,0.0,0.0,0.0,0.0,0.0,0.0,0.0007300602299689724
Forris 962.0,0.0,0.0,0.0,0.0,0.0,0.00015698587127158556,0.0,0.0,0.0,0.0,0.0,0.0,0.0,0.0,0.0
Farelly 961.0,0.0,0.0,0.0,0.0001861850679575498,0.0,0.0,0.0,0.0,0.0,0.0,0.0,0.0,0.0,0.0,0.0
Fabry 960.0,0.0,0.0020693222969477496,0.0,0.0,0.0,0.0,0.0,0.0,0.0,0.0,0.0,0.0,0.0,0.0,0.0
Effram 959.0,0.0002872737719046251,0.0,0.0,0.0,0.0,0.0,0.0,0.0,0.0,0.0,0.0,0.0,0.0,0.0,0.0
Durak 958.0,0.0,0.0,0.0,0.0,0.0,0.0,0.0,0.0,0.0,0.0,0.0,0.0,0.0,0.00011967448539971278,0.0
Dunegrine 957.0,0.0,0.0,0.0,0.0,0.0008116883116883117,0.0,0.0,0.0,0.0,0.0,0.0,0.0,0.0,0.0,0.0
Decker 956.0,0.0,0.0,0.0,0.0,0.0,0.0,0.0,0.0,0.0,0.0,0.0,0.0,0.0,0.00023934897079942556,0.0
Christee 955.0,0.0,0.0,0.00024319066147859923,0.0,0.0,0.0,0.0,0.0,0.0,0.0,0.0,0.0,0.0,0.0,0.0
Chris MacArdle Cooney 954.0,0.0002872737719046251,0.0,0.0,0.0,0.0,0.0,0.0,0.0,0.0,0.0,0.0,0.0,0.0,0.0,0.0
C’reel 953.0,0.0,0.0,0.0,0.0,0.0,0.0,0.0,0.0,0.0,0.0,0.0,0.0,0.0,0.0,0.005475451724767293
Brindel 952.0,0.0,0.0,0.0,0.0,0.0,0.00015698587127158556,0.0,0.0,0.0,0.0,0.0,0.0,0.0,0.0,0.0
Birto 951.0,0.0,0.0,0.0,0.0,0.0,0.0,0.0,0.0,0.00032965221691115873,0.0,0.0,0.0,0.0,0.0,0.0
Betsy 950.0,0.00014363688595231256,0.0,0.0,0.0,0.0,0.0,0.0,0.0,0.0,0.0,0.0,0.0,0.0,0.0,0.0
Ben 949.0,0.0003283128821767144,3.6952183874066954e-05,3.4741523068371316e-05,0.0,0.0,0.0,0.0,0.0,0.0,0.0,3.8258474252046826e-05,0.0,0.0,0.0,0.0
Bandarek 948.0,0.0,0.0,0.0,0.0,0.0,0.0,0.0,0.0,0.0,0.0,0.0,0.0,0.0,0.00011967448539971278,0.0
B’refli 947.0,0.0,0.0,0.0,0.0,0.0,0.0,0.00015673981191222572,0.0,0.0,0.0,0.0,0.0,0.0,0.0,0.0
B’greal 946.0,0.0,0.0,0.0,0.0005585552038726494,0.0,0.0,0.0,0.0,0.0,0.0,0.0,0.0,0.0,0.0,0.0
B’fol 945.0,0.0,0.0,0.0,0.0,0.0,0.0,0.0,0.0006291286568103177,0.0,0.0,0.0,0.0,0.0,0.0,0.0
Anta 944.0,0.0,0.0,0.0,0.0,0.0,0.0,0.0004702194357366771,0.0,0.0,0.0,0.0,0.0,0.0,0.0,0.0
Ander 943.0,0.0,0.0,0.0,0.0,0.0,0.00015698587127158556,0.0,0.0,0.0,0.0,0.0,0.0,0.0,0.0,0.0
Albuna 942.0,0.0,0.0,0.0,0.0,0.0,0.0,0.0,0.0,0.0,0.0,0.0,0.0002891008962127783,0.0,0.0,0.0
Aisling Hempenstahl 941.0,0.0002872737719046251,0.0,0.0,0.0,0.0,0.0,0.0,0.0,0.0,0.0,0.0,0.0,0.0,0.0,0.0
A. C. Sopers 940.0,0.00014363688595231256,0.0,0.0,0.0,0.0,0.0,0.0,0.0,0.0,0.0,0.0,0.0,0.0,0.0,0.0
Zurg 939.0,0.0,0.0,0.0,0.0,0.0,0.0,0.0,0.0009099896643149239,0.00047681838517506887,0.0,0.0,0.0,0.0,0.000346201189906312,6.518394910437253e-06
Zi Ongola 938.0,0.028871014076414823,0.0,0.0,0.0,0.0,0.0,0.0,0.0,0.0,0.0,0.0,0.0,0.0,0.0,0.0
Zewe 937.0,0.0,0.0,0.0,0.0,0.0,0.0,0.0,0.0,0.0,0.0,0.0,0.0,0.0,0.0,0.0005475451724767294
Z’ran 936.0,0.0,0.0,0.00048638132295719845,0.0,0.0,0.0,0.0,0.0,0.0,0.0,0.0,0.0,0.0,0.0,0.0
Yorag 935.0,0.0,0.0,0.0,0.0,0.0,0.0,0.00015673981191222572,0.0,0.0,0.0,0.0,0.0,0.0,0.0,0.0
Yanus 934.0,0.0,0.00010139679255043974,0.0,0.0,0.0,0.0,0.0,0.0,0.0,0.047163748712667354,0.0002592394215318693,0.0,0.0,0.0,0.0
Xi Chi Yuen 933.0,0.0008618213157138753,0.0,0.0,0.0,0.0,0.0,0.0,0.0,0.0,0.0,0.0,0.0,0.0,0.0,0.0
Wyzall 932.0,0.0,0.0,0.0,0.0,0.0,0.0,0.0,0.0,0.0,0.0,0.0,0.0,0.0,0.0,0.001825150574922431
Wonegal 931.0,0.0,0.0,0.0,0.0,0.0,0.0,0.00015673981191222572,0.0,0.0,0.0,0.0,0.0,0.0,0.0,0.0
Washell Wachell Wash 930.0,0.0,0.0,0.0,0.0,0.0,0.0,0.008620689655172414,0.0,0.0,0.0,0.0,0.0,0.0,0.0,0.0
Warlow 929.0,0.0,0.0,0.0,0.0,0.0,0.0,0.0,0.0,0.0,0.0,0.0,0.0,0.0,0.0,0.0005475451724767294
Warbret 928.0,0.0,6.308909441913871e-06,0.0,0.0,0.0,0.0,0.0,0.0,6.432238378754317e-05,0.0,0.0,0.0,0.00039109720543269573,0.0016812805753715747,4.451586768103491e-06
Wansôr 927.0,0.0,0.0,0.0,0.0,0.0,0.0,0.0,0.0,0.0,0.0,0.0002678093197643278,0.0,0.0,0.0,0.0
Wansor 926.0,0.0,1.1007033494402923e-06,0.0,0.0,0.0,9.619559771535454e-05,0.0,0.0,0.00219955181326254,0.0,1.139614126656714e-06,0.0,0.002531424285657894,0.00013036880111628286,0.005222260623735501
Wanson 925.0,0.0,0.0,0.0,0.0,0.0,3.924646781789639e-05,0.0,0.0,0.00016482610845557937,0.0,0.0,0.0,3.3130135170951495e-05,0.0,0.0
Waine 924.0,0.0,0.0,0.0024319066147859923,0.0,0.0,0.0,0.0,0.0,0.0,0.0,0.0,0.0,0.0,0.0,0.0
Wade Lorenzo 923.0,0.001005458201666188,0.0,0.0,0.0,0.0,0.0,0.0,0.0,0.0,0.0,0.0,0.0,0.0,0.0,0.0
Vormital 922.0,0.0,0.0,0.0,0.0,0.0,0.0,0.0,0.0,0.0,0.0,0.0,0.0,0.0,0.0,0.0007300602299689724
Viredian 921.0,0.0,0.0,0.0,0.0,0.0,0.0,0.0,0.0,0.0,0.0,0.0002678093197643278,0.0,0.0,0.0,0.0
Vincet 920.0,0.0,0.0,0.0,0.0,0.0,0.0010256410256410256,0.0,0.0012687427912341407,0.00013735509037964946,0.0,0.0,0.0,0.0,0.0,0.0
Vieil Oncle 919.0,0.0,0.0,0.0,0.0,0.0,0.0,0.0,0.0,0.0,0.010895983522142123,4.284949116229245e-05,0.0,0.0,0.0,0.0
Viderian 918.0,0.0,0.0,0.0,0.0,0.0,0.0,0.0,0.0,0.0,0.0,0.0018746652383502945,0.0,0.0,0.0,0.0
Vergerin 917.0,0.0,0.0,0.02213035019455253,0.0,0.0,0.0,0.0,0.0,0.0,0.0,0.0,0.0,0.0,0.0,0.0
Vendross 916.0,0.0,0.0,0.0,0.0,0.0,0.0,0.001567398119122257,0.0,0.0,0.0,0.0,0.0,0.0,0.0,0.0
Venabil 915.0,0.0,0.0,0.0,0.0,0.0,0.0,0.0,0.0,0.0,0.0,0.0,0.0,0.0,0.0,0.0023726957473991605
Vandentine 912.0,0.0,0.0,0.0,0.0,0.0,0.0,0.0,0.0,0.0,0.0,0.0,0.0,0.0,0.00023934897079942556,0.0
Valrol 911.0,0.0,0.0,0.0,0.0,0.0,0.0,0.0007836990595611285,0.0,0.0,0.0,0.0,0.0,0.0,0.0,0.0
Valden 910.0,0.0,0.0,0.0,0.0,0.0,0.0,0.00031347962382445143,0.0,0.0,0.0,0.0,0.0,0.0,0.0,0.0
V’mul 909.0,0.0,0.0,0.0,0.0001861850679575498,0.0,0.0,0.0,0.0,0.0,0.0,0.0,0.0,0.0,0.0,0.0
V’line 908.0,0.0,0.00010121685148113992,0.0,0.0,0.0,0.0022114531431301617,0.0,0.0,0.0,0.0,0.0,0.0,0.0,2.0812953982558744e-05,0.0
V’last 907.0,0.0,0.0,0.0012159533073929961,0.0,0.0,0.0,0.0,0.0,0.0,0.0,0.0,0.0,0.0,0.0,0.0
Uvor 906.0,0.0,0.0,0.0,0.0,0.0,0.0009419152276295133,0.0,0.0,0.0,0.0,0.0,0.0,0.0,0.0,0.0
Ussie 905.0,0.0,0.0,0.003404669260700389,0.0,0.0,0.0,0.0,0.0,0.0,0.0,0.0,0.0,0.0,0.0,0.0
Tuvor 904.0,0.0,0.0,0.0,0.0,0.0,0.0,0.0,0.0,0.0,0.0,0.0,0.0,0.0,0.0,0.0001825150574922431
Turvine Turving 903.0,0.0,0.0,0.0,0.0005585552038726494,0.0,0.0,0.0,0.0,0.0,0.0,0.0,0.0,0.0,0.0,0.0
Turlon 902.0,0.0,0.0,0.0,0.0,0.0,0.0,0.0,0.0,0.0,0.0005149330587023687,0.0,0.0,0.0,0.0,0.0
Tunge 901.0,0.0,0.0,0.0,0.0,0.0,0.0,0.0,0.0,0.0,0.0,0.0,0.0,0.0,0.0,0.002007665632414674
Tuero 900.0,0.0,0.0,0.0,0.00993578092814734,0.012471655328798185,0.0,0.0,0.0,0.0,0.0,0.0,0.0,0.0,0.0,0.0
Tuero 899.0,0.0,0.0,0.0,0.00993578092814734,0.012471655328798185,0.0,0.0,0.0,0.0,0.0,0.0,0.0,0.0,0.0,0.0
Trelbin 897.0,0.0,0.0,0.0,0.0,0.0008116883116883117,0.0,0.0,0.0,0.0,0.0,0.0,0.0,0.0,0.0,0.0
Tranilty 896.0,0.0,0.0,0.0,0.0,0.0,0.0,0.0,0.0,0.0,0.0005149330587023687,0.0,0.0,0.0,0.0,0.0
Traller 895.0,0.0,0.0,0.0,0.0,0.0,0.0,0.00109717868338558,0.0,0.0,0.0,0.0,0.0,0.0,0.0,0.0
Tragger 894.0,0.0,0.0,0.0,0.0,0.0,0.0007849293563579278,0.0,0.0,0.0,0.0,0.0,0.0,0.0,0.0,0.0
Tosikin 893.0,0.0,0.0,0.0,0.0,0.0,0.0,0.0,0.0,0.0,0.0,0.0,0.0,0.0,0.00023934897079942556,0.0
Tortole 892.0,0.0,0.0,0.0,0.0,0.0,0.0,0.0028213166144200625,0.0,0.0,0.0,0.0,0.0,0.0,0.0,0.0
Torsten 891.0,0.0,0.0,0.0,0.0,0.0,0.0003139717425431711,0.0,0.0,0.0,0.0,0.0,0.0,0.0,0.0,0.0
Toronas 890.0,0.0,3.9794659556687497e-05,0.0,0.0,0.0,0.0,0.0,0.0,0.0,0.0,0.0,0.0,0.0,0.0009021615053209117,0.0007019809903547812
Torlo 889.0,0.0,0.0,0.0,0.0,0.0,0.0,0.0,0.0,0.0,0.0,0.0,0.0,0.0,0.0,0.008578207702135425
Torlin 888.0,0.0,0.0,0.0,0.0,0.0,0.0,0.00031347962382445143,0.0,0.0,0.0,0.0,0.0,0.0,0.0,0.0
Torjus 887.0,0.0,0.0,0.0,0.0,0.0,0.0,0.0,0.0,0.0,0.0,0.0,0.0,0.0,0.0,0.0003650301149844862
Toric 886.0,0.0,0.0025937429404913367,0.0,0.0,0.0,0.030314594937873363,0.0,0.0,7.633723359473902e-06,0.0,0.0,0.002312807169702226,0.0034100866919816804,0.0006881848479885185,0.0044716189085599566
Tordril 885.0,0.0,0.0,0.0,0.0,0.0,0.0,0.0,0.0,0.0,0.0,0.0,0.0,0.0013252054068380599,0.0,0.0
Tom Patrick 884.0,0.0006463659867854065,3.233316088980859e-05,0.0,0.0,0.0,0.0,0.0,0.0,0.0,0.0,0.0,0.0,0.0,0.0,2.2814382186530387e-05
Tolocamp 883.0,0.0,0.0,0.0,0.01683989179361933,0.010103132161955691,0.0,0.0,0.0,0.0,0.0,0.0,0.0,0.0,0.0,0.0
Tirone 882.0,0.0,0.0,0.0,0.016682182088996463,0.004545454545454546,0.0,0.0,0.0,0.0,0.0,0.0,0.0,0.0,0.0,0.0
Tippel 881.0,0.0,0.0,0.0,0.0,0.0,0.0,0.0,0.0,0.0,0.0,0.0,0.0,0.0,0.0,0.0005475451724767294
Tino 880.0,0.0,0.0,0.0,0.0,0.0,0.0015698587127158557,0.0,0.0,0.0,0.0,0.0,0.0,0.0,0.0,0.0
Tinamon 879.0,0.0,0.0,0.0,0.0,0.0,0.0,0.00031347962382445143,0.0,0.0,0.0,0.0,0.0,0.0,0.0,0.0
Timiny Tim 878.0,0.0,0.0,0.0,0.0,0.0,0.0,0.0,0.0,0.0,0.0,0.0017407605784681307,0.0018791558253830587,0.0,0.0,0.0
Timareen 877.0,0.0,0.0,0.0,0.0,0.0,0.0,0.0,0.0,0.0,0.0,0.0002678093197643278,0.0,0.0,0.0,0.0
Tilgin 876.0,0.0,0.0,0.0,0.0,0.0,0.0,0.0,0.0,0.0,0.0,0.0,0.005203816131830009,0.0,0.0,0.0
Tilarek 875.0,0.0,0.0,0.0,0.0,0.0,0.0,0.0,0.0025165146272412707,0.0,0.0,0.0,0.0,0.0,0.0,0.0
Tikini 874.0,0.0,0.0005173305742369374,0.0,0.0,0.0,0.0,0.0,0.0,0.0,0.0,0.0,0.0,0.0,0.0,0.0
Thomas 873.0,0.0,0.0,0.0014591439688715954,0.0,0.0,0.0,0.0,0.0,0.0,0.0,0.0,0.0,0.0,0.0,0.0
Theskin 872.0,0.0,0.0,0.0,0.0,0.011363636363636364,0.0,0.0,0.0,0.0,0.0,0.0,0.0,0.0,0.0,0.0
Théo Force 871.0,0.0001494320340887171,0.00019083087464647833,0.0006735049731439016,0.0003090564816816965,8.420973838841274e-05,0.00038047584362940474,0.00037987948650772854,0.0015991108798463984,0.00019000127775859293,0.00033389031183871174,9.33859587650826e-05,0.00047989082483734953,0.0002581668170093742,0.0002514198843123649,0.00041236831433405936
Theng 870.0,0.0,0.0,0.0,0.00048016149104841786,0.006151742993848256,0.0,0.0,0.0,0.0,0.0,0.0,0.0,0.0,0.0,0.0
Texur 869.0,0.0,0.0002586652871184687,0.0,0.0,0.0,0.0,0.0,0.0,0.0,0.0,0.0,0.0,0.0,0.0,0.0
Tesner 868.0,0.0,0.0,0.0,0.0,0.0,0.0,0.00031347962382445143,0.0,0.0,0.0,0.0,0.0,0.0,0.0,0.0
Terry 867.0,0.0,2.7517583736007307e-06,0.0,0.0,0.0,1.6700624603360166e-06,0.0,0.0,0.009089984534401312,0.0,0.0,0.0,0.0,0.0005092531293604799,0.0
Terentel 866.0,0.0,0.0,0.0,0.0,0.0,0.0,0.0,0.0,0.0,0.0,0.0,0.0,0.0,0.0023934897079942556,0.0
Tegger 865.0,0.0,0.0,0.0,0.0,0.0,0.0,0.0,0.0,0.0,0.0,0.0,0.0,0.0005300821627352239,0.0,0.0
Tawkin 863.0,0.0,0.0,0.0,0.0,0.0,0.0003139717425431711,0.0,0.0,0.0,0.0,0.0,0.0,0.0,0.0,0.0
Tashvi 862.0,0.0,0.0,0.010214007782101167,0.0,0.0,0.0,0.0,0.0,0.0,0.0,0.0,0.0,0.0,0.0,0.0
Tarvi Andiyar Andivar 861.0,0.010566391610285062,0.0,2.795294959524129e-06,0.0,0.0,1.8044353019722478e-06,0.0,0.0,0.0,0.0,0.0,0.0,0.0,3.43892199424462e-05,0.0
Targus 860.0,0.0,0.0,0.0,0.0,0.0,0.0,0.0028213166144200625,0.0,0.0,0.0,0.0,0.0,0.0,0.0,0.0
Tanus 858.0,0.0,0.0,0.0,0.0,0.0,0.0,0.0,0.0,0.0,0.0005149330587023687,0.0,0.0,0.0,0.0,0.0
Talmor 856.0,0.0,0.0005464304190377651,0.0,0.0,0.0,0.0,0.0,0.0,7.417174880501072e-05,0.0,0.011653053026245315,1.4455044810638915e-05,0.0,0.0,0.0
Tagetarl Tag 855.0,0.0,1.1496234983043054e-06,0.0,0.0,0.0,0.0,0.0,0.0,2.63721773528927e-05,0.0,0.0,1.2848928720567924e-06,0.0,0.00015371522791340886,0.032447121331954334
T’ton 854.0,0.0,0.0,0.0,0.0,0.0,0.0003139717425431711,0.0,0.0,0.0,0.0,0.0,0.0,0.0,0.0,0.0
T’tel T’lel 853.0,0.0,0.0,0.0019455252918287938,0.0,0.0,0.0,0.0,0.0,0.0,0.0,0.0,0.0,0.0,0.0,0.0
T’sen 851.0,0.0,0.0,0.0009727626459143969,0.0,0.0,0.0,0.0,0.0,0.0,0.0,0.0,0.0,0.0,0.0,0.0
T’red 849.0,0.0,0.0,0.0007295719844357977,0.0,0.0,0.0,0.0,0.0,0.0,0.0,0.0,0.0,0.0,0.0,0.0
T’reb 848.0,0.0,0.0,0.0,0.0,0.0,0.0,0.0,0.0,0.005604087687489699,0.0,0.0,0.0,0.0,0.0,0.0
T’ral 847.0,0.0,0.0,0.0,0.0013032954757028485,0.0,0.0,0.0,0.0,0.0,0.0,0.0,0.0,0.0,0.0,0.0
T’ragel 846.0,0.0,0.0,0.0,0.0003723701359150996,0.0,0.0,0.0,0.0,0.0,0.0,0.0,0.0,0.0,0.0,0.0
T’nure 845.0,0.0,0.0,0.0,0.0003723701359150996,0.0,0.0,0.0,0.0,0.0,0.0,0.0,0.0,0.0,0.0,0.0
T’lonneg 844.0,0.0,0.0,0.0,0.0003723701359150996,0.0,0.0,0.0,0.0,0.0,0.0,0.0,0.0,0.0,0.0,0.0
T’lion Gaddie 843.0,0.0,0.1181599719640205,0.0,0.0,0.0,0.0,0.0,0.0,0.0,0.0,0.0,0.0,0.0,0.0,0.00014718956249374444
T’lan 842.0,0.0,0.0,0.0009727626459143969,0.0,0.0,0.0,0.0,0.0,0.0,0.0,0.0,0.0,0.0,0.0,0.0
T’kull 841.0,0.0,0.0,0.0,0.0,0.0,0.0,0.0,0.0,0.0,0.0,0.0,0.0,0.00013252054068380598,0.0,0.0
T’kil 839.0,0.0,0.0,0.0,0.0,0.0,0.0,0.0,0.0006291286568103177,0.0,0.0,0.0,0.0,0.0,0.0,0.0
T’grel 838.0,0.0,0.0,0.0,0.0020480357475330477,0.0,0.0,0.0,0.0,0.0,0.0,0.0,0.0,0.0,0.0,0.0
T’gran 837.0,0.0,0.0,0.0,0.0,0.0,0.0,0.0,0.0,0.0,0.005149330587023687,0.0,0.0,0.0,0.0,0.0
T’gellan 836.0,0.0,0.0032903509814821356,0.0,0.0,0.0,0.00021500238891543238,0.0,0.0,0.0,0.01729663342523236,0.0013980977221237111,3.5913154809040777e-06,6.584871586772968e-06,0.0002512420873608877,0.002040541015441227
T’dam 835.0,0.0,0.0,0.008268482490272374,0.0,0.0,0.0,0.0,0.0,0.0,0.0,0.0,0.0,0.0,0.0,0.0
Sufur 834.0,0.0,0.0,0.0,0.0007447402718301992,0.0,0.0,0.0,0.0,0.0,0.0,0.0,0.0,0.0,0.0,0.0
Sucho 833.0,0.0,0.0,0.0,0.0,0.0,0.0,0.0028213166144200625,0.0,0.0,0.0,0.0,0.0,0.0,0.0,0.0
Strud 832.0,0.0,0.0,0.0,0.0,0.0,0.0,0.0,0.0,0.0,0.0,6.695232994108195e-05,0.0006504770164787511,0.0,0.0,0.0
Struan 831.0,0.0,0.0,0.0,0.0,0.0,0.0,0.00015673981191222572,0.0,0.0,0.0,0.0,0.0,0.0,0.0,0.0
Stinar 830.0,0.0,0.0,0.0,0.0,0.0,0.0,0.0,0.0,0.0,0.0,0.0,0.0,0.0,0.0,0.005475451724767293
St’ven 828.0,0.0,0.0,0.0,0.0,0.0,0.0,0.0,0.0,0.0,0.0,0.0,0.0,0.0,0.0,0.003650301149844862
Sparling 827.0,0.0,0.0,0.0,0.0,0.0,0.0,0.0,0.0,0.0,0.0,0.0,0.0,0.0,0.0,0.0005475451724767294
Sousmal 826.0,0.0,0.0,0.0,0.0,0.0,0.0,0.0,0.0,0.0,0.0,0.0,0.0,0.0,0.00015956598053295037,6.0838352497414364e-05
Soover 825.0,0.0,0.0,0.0,0.0001861850679575498,0.0,0.0,0.0,0.0,0.0,0.0,0.0,0.0,0.0,0.0,0.0
Sograny 824.0,0.0,0.0,0.0,0.0,0.0,0.0,0.0,0.0,0.0029751112576232074,0.0,0.0,0.0,6.6260270341903e-06,0.0,0.0
Sneel 823.0,0.0,0.0,0.0,0.0001861850679575498,0.0,0.0,0.0,0.0,0.0,0.0,0.0,0.0,0.0,0.0,0.0
Sintary 822.0,0.0,0.0,0.0,0.0,0.0,0.0,0.0,0.0,0.0,0.0,0.0,0.0,0.0,0.0,0.004197846322321591
Silton 821.0,0.0,0.0,0.0,0.0,0.0,0.0,0.0,0.0,0.0,0.0,0.0,0.0,0.0,0.00023934897079942556,0.0
Sigomal 820.0,0.0,0.0,0.0,0.0,0.0,0.0,0.0,0.0,0.0,0.0,0.0,0.0,0.0,0.006223073240785065,0.0
Sifer 819.0,0.0,0.0,0.0,0.0,0.0,0.0018090752784630335,3.7319002836244218e-06,0.0,0.0012715156938001835,0.0,0.0,0.0,0.0,2.849392509516971e-06,0.0
Shuvin 818.0,0.0011490950876185005,0.0,0.0,0.0,0.0,0.0,0.0,0.0,0.0,0.0,0.0,0.0,0.0,0.0,0.0
Shulse 817.0,0.0,0.0,0.0009727626459143969,0.0,0.0,0.0,0.0,0.0,0.0,0.0,0.0,0.0,0.0,0.0,0.0
Shonagor 816.0,0.0,0.0,0.0,0.0,0.0,0.0,0.0,0.0,0.0,0.0,0.0002678093197643278,0.0,0.0,0.0,0.0
Shonagar 815.0,0.0,0.0,0.0,0.0,0.0,1.1983654295540882e-06,0.0013831391035918543,0.0,0.0,0.0,0.0073596454286380154,0.0027034244111500258,0.0,9.135456900741433e-07,0.0
Sheve 814.0,0.0,0.0,0.0,0.0,0.0,0.0,0.0006269592476489029,0.0,0.0,0.0,0.0,0.0,0.0,0.0,0.0
Sherris 813.0,0.0,0.0,0.0,0.0,0.0,0.0,0.0,0.0,0.0,0.0,0.0,0.0014455044810638912,0.0,0.0,0.0
Sheledon Shel 812.0,0.0,0.0,0.014834630350194552,0.0,0.0,0.0,0.0,0.0,0.0,0.0,0.0,0.0,0.0,0.0,0.0
Shawan 811.0,0.0,0.0,0.0,0.0,0.0,0.0,0.0,0.0,0.0,0.0,0.0,0.0,0.0,0.0005983724269985639,0.0
Shankolin Glasstol de Crom 810.0,0.0,0.0,0.0,0.0,0.0,0.0,0.0,0.0,0.0,0.0,0.0,0.0,0.0,0.0,0.00529293666727505
Shadder 809.0,0.0,0.0,0.0,0.001861850679575498,0.0,0.0,0.0,0.0,0.0,0.0,0.0,0.0,0.0,0.0,0.0
Sh’gall 808.0,0.0,0.0,0.0,0.038023602800633376,0.00018244370308590494,0.0,0.0,0.0,0.0,0.0,0.0,0.0,0.0,0.0,0.0
Sev Ritecamp 807.0,0.0,0.0,0.0,0.0,0.0,0.0,0.002360317167619399,0.0,0.0,0.0,0.0,0.0,0.0,0.0,1.0736179852484888e-05
Serubil 806.0,0.0,0.0,0.0,0.0,0.0,0.0,0.0,0.0,0.0,0.0,0.0,0.0,0.0,0.0,0.0012776054024457018
Semment 805.0,0.0,0.0,0.0,0.0001861850679575498,0.0,0.0,0.0,0.0,0.0,0.0,0.0,0.0,0.0,0.0,0.0
Sellel 804.0,0.0,0.0,0.0,0.0,0.0,0.0,0.0006269592476489029,0.0,0.0,0.0,0.0,0.0,0.0,0.0,0.0
Sefran 803.0,0.0,0.0,0.0,0.0,0.0,0.0,0.0,0.0,0.0,0.0,0.0002678093197643278,0.0,0.0,0.0,0.0
Sefal 802.0,0.0,0.0,0.0,0.0,0.0,0.0,0.0,0.0,0.0,0.0,0.0,0.0,0.0,0.0004786979415988511,0.0
Sebell Sebel Sevell 801.0,0.0,0.0005002838647706773,0.0,0.0,0.0,0.00026449195503636764,0.00035943867087034757,0.0,7.713924846536188e-06,4.918176300882222e-07,0.011173045746538303,0.029345259642702216,0.0004257871049286756,0.0029628293562998613,0.003870121099699417
Sean Connell O’Connell 800.0,0.07701037193138201,0.0,1.5803003272977566e-05,0.0,0.0,0.0,0.0,0.0,0.0,0.0,0.0,0.0,0.0,1.944170340428547e-06,0.0
Sch’gall 799.0,0.0,0.0,0.0,0.0001861850679575498,0.0,0.0,0.0,0.0,0.0,0.0,0.0,0.0,0.0,0.0,0.0
Scand 798.0,0.0,0.0,0.0,0.0020480357475330477,0.0,0.0,0.0,0.0,0.0,0.0,0.0,0.0,0.0,0.0,0.0
Scallak 797.0,0.0,0.0,0.0,0.0,0.0,0.0006279434850863422,0.0,0.0,0.0,0.0,0.0,0.0,0.0,0.0,0.0
Sangel 796.0,0.0,9.580195819202543e-06,0.0,0.0,0.0,2.3257166114308972e-05,1.3061650992685474e-05,0.0,0.002321301027416076,0.0,3.967545477990041e-05,0.0,0.0006491052409419757,0.000443238834813751,0.00028560226589063967
Saneter 795.0,0.0,0.0,0.0,0.0,0.0,0.012311733528140884,0.0,0.0,0.0,0.0,0.0,0.0004121834559865353,0.0,0.0,0.0
Samvel 794.0,0.0,0.003990835858399231,0.0,0.0,0.0,0.0,0.0,0.0,0.0,0.0,0.0,0.0,0.0,0.0,7.822073892524705e-05
Saltor 793.0,0.0,0.0,0.0,0.0,0.0,0.0,0.0006269592476489029,0.0,0.0,0.0,0.0,0.0,0.0,0.0,0.0
Sal 792.0,0.00015321267834913339,0.0,0.0,0.0,0.006547619047619047,0.0,0.0,0.0,0.0,0.0,0.0,0.0,0.0,0.0,0.0
S’rond 791.0,0.0,0.0,0.0,0.0,0.0,0.0,0.0,0.0,0.0,0.0,0.0,0.0,0.0,0.00011967448539971278,0.0
S’peren 790.0,0.0,0.0,0.0,0.008579407931483894,6.493506493506494e-05,0.0,0.0,0.0,0.0,0.0,0.0,0.0,0.0,0.0,0.0
S’nan 789.0,0.0,0.0,0.021400778210116732,0.0,0.0,0.0,0.0,0.0,0.0,0.0,0.0,0.0,0.0,0.0,0.0
S’mon Thomas 788.0,0.0,0.0,0.00316147859922179,0.0,0.0,0.0,0.0,0.0,0.0,0.0,0.0,0.0,0.0,0.0,0.0
S’ligar 786.0,0.0,0.0,0.0,0.007633587786259542,0.0,0.0,0.0,0.0,0.0,0.0,0.0,0.0,0.0,0.0,0.0
S’len 785.0,0.0,0.0,0.0,0.0,0.0,0.0,0.0,0.0,0.0,0.0,0.0,0.0,0.0,0.0035902345619913834,0.0
S’lel 784.0,0.0,0.0,0.0,0.0,0.0,0.0,0.00030228392297357813,0.007669377911592444,3.9244311537042705e-06,0.0,0.0,0.0,0.0,0.0,0.0
S’lan Selessan Sellie 783.0,0.0,0.0,0.0,0.0,0.0,0.0,0.0,0.0007339834329453706,0.0,0.0,0.0,0.0,0.0,0.0,0.0017034738699276022
S’goral 782.0,0.0,0.0,0.0,0.0,0.0,0.0,0.0,0.0,0.0008241305422778968,0.0,0.0,0.0,0.0,0.0,0.0
S’gor 781.0,0.0,0.0,0.0,0.005771737106684044,0.0,0.0,0.0,0.0,0.0,0.0,0.0,0.0,0.0,0.0,0.0
S’bran 780.0,0.0,0.0,0.0,0.0,0.0,0.0,0.0012539184952978057,0.0,0.0,0.0,0.0,0.0,0.0,0.0,0.0
Rulyar 778.0,0.0,0.0,0.0,0.0,0.0,0.0,0.0009404388714733542,0.0,0.0,0.0,0.0,0.0,0.0,0.0,0.0
Rudi Shwartz Rudolph 777.0,0.0018672795173800632,0.0,0.0,0.0,0.0,0.0,0.0,0.0,0.0,0.0,0.0,0.0,0.0,0.0,0.0
Ronchin 776.0,0.0,0.0,0.0,0.0,0.0,0.0,0.0,0.0,0.0,0.0,0.0,0.0,0.0,0.0,0.0005475451724767294
Rokayas 775.0,0.0,0.0,0.0,0.0,0.0,0.0,0.0,0.0,0.0,0.0,0.0,0.006938421509106678,0.0,0.0,0.0
Robse 774.0,0.0,0.0016166580444904293,0.0,0.0,0.0,9.811616954474098e-06,0.0,0.0,0.0,0.0,0.0,0.0,0.0,2.9918621349928195e-05,0.00010266471983938675
Roblyn 773.0,0.0,0.0,0.0,0.0,0.0,0.0,0.00015673981191222572,0.0,0.0,0.0,0.0,0.0,0.0,0.0,0.0
Riller 771.0,0.0,0.0,0.0,0.0,0.0,0.0,0.0,0.0,0.0,0.0,0.0,0.0,0.0,0.0,0.0005475451724767294
Richud 770.0,0.0,0.0,0.004134241245136187,0.0,0.0,0.0,0.0,0.0,0.0,0.0,0.0,0.0,0.0,0.0,0.0
Ricardy 769.0,0.0,0.0,0.0,0.0,0.0,0.0,0.00015673981191222572,0.0,0.0,0.0,0.0,0.0,0.0,0.0,0.0
René Mallibeau 768.0,0.0002872737719046251,0.0,0.0,0.0,0.0,0.0,0.0,0.0,0.0,0.0,0.0,0.0,0.0,0.0,0.0
Rency 767.0,0.0,0.0,0.0,0.0,0.0,0.0,0.0,0.0,0.0,0.0,0.0,0.0,0.0,0.0,0.002007665632414674
Red Hanrahan 766.0,0.00956801206549842,0.0,7.599708171206226e-05,0.0,0.0,0.0,0.0,0.0,0.0,0.0,0.0,0.0,0.0,5.9837242699856395e-06,0.0
Readis 765.0,0.0,0.1002344154164511,0.0,0.0,0.0,0.003357780612244898,0.0,0.0,0.0,0.0,0.0,0.0,0.0,8.246320009573959e-05,4.562876437306078e-06
Ratoshigan Ratoshinga 764.0,0.0,0.0,0.0,0.007879352075963509,0.00025974025974025974,0.0,0.0,0.0,0.0,0.0,0.0,0.0,0.0,0.0,0.0
Rasa 763.0,0.0,0.0,0.0,0.0,0.0,0.0,0.0004702194357366771,0.0,0.0,0.0,0.0,0.0,0.0,0.0,0.0
Rapal 762.0,0.0,0.0,0.0,0.0001861850679575498,0.0,0.0,0.0,0.0,0.0,0.0,0.0,0.0,0.0,0.0,0.0
Ranrel 761.0,0.0,0.0,0.0,0.0,0.0,0.0,0.0,0.0,0.0,0.0,0.0,0.0,0.0,0.005393330142013723,0.00019468272799172596
Ranneth 760.0,0.0,0.0,0.0,0.0,0.0,0.0,0.0,0.0,0.0,0.0,0.0,0.0,0.0,0.0,0.0007300602299689724
Ranly 759.0,0.0,0.0,0.0,0.0,0.0,0.0,0.0,0.0,0.0,0.0,0.005742146885535145,0.00041664540924782746,0.0,0.0,0.0
Rampesi 758.0,0.0,8.083290222452147e-06,0.0,0.0,0.0,0.004714481946624804,0.0,0.0,0.0,0.0,0.0,0.0,0.0,0.0,0.0
Rammany 757.0,0.0,0.0,0.0,0.0,0.0,0.0,0.0,0.0,0.0,0.0,0.0002678093197643278,0.0,0.0,0.0,0.0
Ram Da 756.0,1.1583619834863916e-06,7.509637367955543e-05,0.0,0.0,0.0,0.0008232263128576493,0.0,7.673847527625852e-05,0.0037338430536429227,0.0,0.0,0.0,0.004941733710660636,0.0038915922883305796,0.0009571001301155734
Raïd 755.0,0.0,0.0,0.0,0.0,0.0,0.0,0.0,0.0,0.00016482610845557937,0.0,0.0,0.0,0.0,0.0,0.0
Raid 754.0,0.0,0.0,0.0,0.0,0.0,0.0004651433222861794,0.004320213630558458,2.33010613633451e-06,0.0024723916268336904,0.0,0.0,2.141488120094654e-06,3.9265345387794365e-06,3.5459106785100085e-06,1.2167670499482876e-05
R’yar 753.0,0.0,0.0,0.0,0.0,0.0,0.0,0.00031347962382445143,0.0,0.0,0.0,0.0,0.0,0.0,0.0,0.0
R’mart 752.0,0.0,0.0014390114823602167,0.0,0.0,0.0,7.217741207888991e-06,0.0,0.0,0.0024553406500969063,0.0,0.0,0.0,0.0002985520226899537,3.43892199424462e-05,0.00013426395033912136
R’limeak 751.0,0.0,0.0,0.0,0.0007447402718301992,0.0,0.0,0.0,0.0,0.0,0.0,0.0,0.0,0.0,0.0,0.0
R’gul Rangul 750.0,0.0,0.0,0.0,0.0,0.0,0.0,0.0009014378854106879,0.043690474608160654,7.738314950966167e-07,0.0,0.0,0.0,0.0,0.0,2.142195510472337e-05
Quitrin 749.0,0.0,0.0,0.0,0.0003723701359150996,0.0,0.0,0.0,0.0,0.0,0.0,0.0,0.0,0.0,0.0,0.0
Pressen 748.0,0.0,0.0,0.0,0.007261217650344443,0.0,0.0,0.0,0.0,0.0,0.0,0.0,0.0,0.0,0.0,0.0
Pragal 747.0,0.0,0.0,0.0,0.0,0.0,0.0,0.0004702194357366771,0.0,0.0,0.0,0.0,0.0,0.0,0.0,0.0
Possil 746.0,0.0,0.0,0.0,0.0,0.0,0.0,0.0,0.0,0.0,0.0,0.0,0.0,0.0,0.0,0.0003650301149844862
Porrig Connell 745.0,0.0048549267451881645,0.0,4.863813229571985e-05,0.0,0.0,0.0,0.0,0.0,0.0,0.0,0.0,0.0,0.0,2.3934897079942555e-05,0.0
Pol Nietro 744.0,0.030944059132798005,0.0,0.0,0.0,0.0009308647701504843,2.491839226533104e-06,0.0,0.0,0.0,0.0,0.0,0.0,0.0,0.0,0.0
Pol 743.0,0.02908797188322982,0.0,0.0,0.0,0.000981497581915992,2.6273785986876244e-06,0.0,0.0,0.0,0.0,0.0,0.0,0.0,0.0,0.0
Pierre de Courcis 742.0,0.0010436165968543832,0.00022346893055591246,0.0002316351656847997,0.0002513297353638631,6.31118341701495e-05,0.00013562494278322726,8.666391328192179e-05,0.005261309199070303,0.0009999925240857935,0.00021798462096255783,9.775329382326435e-05,0.00012238396470346552,0.0019245531653518605,5.066133723184386e-05,0.00014230655670561504
Piemur 741.0,0.0,2.9622685194510847e-06,0.0,0.0,0.0,0.023200829011967027,0.0,0.0,0.0,0.0,0.010034691305287658,0.07469225587031751,0.00205525214172741,0.007874559210856686,8.360744731664823e-06
Piemur 740.0,0.0,2.9622685194510847e-06,0.0,0.0,0.0,0.023200829011967027,0.0,0.0,0.0,0.0,0.010034691305287658,0.07469225587031751,0.00205525214172741,0.007874559210856686,8.360744731664823e-06
Phas Radamanth 739.0,0.004021832806664752,0.0,0.0,0.0,0.0,0.0,0.0,0.0,0.0,0.0,0.0,0.0,0.0,0.0,0.0
Petillo 737.0,0.0,0.0,0.0,0.0,0.0,0.0,0.0,0.0,0.0,0.0,0.0002678093197643278,0.0,0.0,0.0,0.0
Petey Pete 736.0,0.002872737719046251,0.0,0.0,0.0,0.0,0.0,0.0,0.0,0.0,0.0,0.0,0.0,0.0,0.0,0.0
Peterpar 735.0,0.0,0.0,0.0,0.003909886427108546,0.0,0.0,0.0,0.0,0.0,0.0,0.0,0.0,0.0,0.0,0.0
Peter Semling 734.0,0.005745475438092502,0.0,0.0,0.0,0.0,0.0,0.0,0.0,0.0,0.0,0.0,0.0,0.0,0.0,0.0
Petan 733.0,0.0,0.0,0.0,0.0,0.0,0.0,0.0,0.0,0.0,0.0,0.0,0.0,0.0,0.0,0.0005475451724767294
Persellan 732.0,0.0,0.02402815756411204,0.0,0.0,0.0,0.0,0.0,0.0,0.0,0.0,0.0,0.0,0.0,0.0,0.00016295987276093135
Perschar Pershar 731.0,0.0,5.173305742369374e-06,0.0,0.0,0.0,0.005538461538461538,0.0,0.0,0.0,0.0,0.0,0.0,0.0,0.00011728099569171853,0.0
Pergamol 730.0,0.0,0.0,0.0,0.0,0.0,0.0,0.0,0.0,0.0,0.0,0.004017139796464917,0.0,0.0,0.0,0.0
Pellomar 729.0,0.0,0.0,0.0,0.0,0.0,0.0,0.0,0.0,0.00032965221691115873,0.0,0.0,0.0,0.0,0.0,0.0
Pell 728.0,0.0,0.0,0.0,0.0,0.0,1.9623233908948195e-05,0.0,0.0,0.0,0.0,0.0,0.0,0.0,0.0007330062230732408,0.0
Paulin 727.0,0.0,0.0,0.061284046692607,0.0,0.0,0.0,0.0,0.0,0.0,0.0,0.0,0.0,0.0,0.0,0.0
Paul Logorides 726.0,0.05832894633753431,0.0,0.0,0.0,0.0,3.755642853387214e-07,0.0,0.0,0.0,1.2318972696228915e-06,6.406921525462387e-07,6.91628938308082e-07,0.0,2.8630259665003056e-07,4.366388935221127e-07
Paul Benden 725.0,0.017186522260245734,0.00016004426224127609,0.0014989655212949793,0.0003280457149028491,3.138855102601326e-05,0.002049732744596793,0.0014096165320251163,0.0004751727015183669,0.00513191815263296,0.00033882906400415676,0.00020971654284868206,0.0003381869094066095,0.0019237498428570628,0.00041766756958836317,0.0017231406485294855
Patry 724.0,0.0,0.0,0.0,0.0,0.0,0.0,0.00015673981191222572,0.0,0.0,0.0,0.0,0.0,0.0,0.0,0.0
Patrice de Broglie 723.0,0.003590922148807814,0.0,0.0,0.0,0.0,0.0,0.0,0.0,0.0,0.0,0.0,0.0,0.0,0.0,0.0
Pat Hempenstall 722.0,0.00043091065785693766,0.0,0.0,0.0,0.0,0.0,0.0,0.0,0.0,0.0,0.0,0.0,0.0,0.0,0.0
Parren 721.0,0.0,0.0007759958613554061,0.0,0.0,0.0,0.0,0.0,0.0,0.0,0.0,0.0,0.0,0.0,0.0,0.0
Pardure 720.0,0.0,0.0018106570098292809,0.0,0.0,0.0,0.0,0.0,0.0,0.0,0.0,0.0,0.0,0.0,0.0,0.0
Pardure 719.0,0.0,0.0018106570098292809,0.0,0.0,0.0,0.0,0.0,0.0,0.0,0.0,0.0,0.0,0.0,0.0,0.0
Palim 718.0,0.0,0.0,0.0,0.0,0.0,0.0,0.0,0.0,0.0,0.0,0.0018746652383502945,0.0,0.0,0.0,0.0
P’zar 717.0,0.0,0.0,0.0,0.0,0.0,0.0,0.0,0.0,0.0016482610845557936,0.0,0.0,0.0,0.0,0.0,0.0
P’tero 716.0,0.0,0.0,0.029669260700389104,0.0,0.0,0.0,0.0,0.0,0.0,0.0,0.0,0.0,0.0,0.0,0.0
P’ratan 715.0,0.0,0.0,0.0,0.0,0.0,0.0020512820512820513,0.0,0.0,1.0988407230371957e-05,0.0,0.0,0.0,0.0,0.0,0.0
P’nine 714.0,0.0,0.0,0.0,0.0003723701359150996,0.0,0.0,0.0,0.0,0.0,0.0,0.0,0.0,0.0,0.0,0.0
Ozzie Munson Oz 713.0,0.004452743464521689,0.0,0.0,0.0,0.0,0.0,0.0,0.0,0.0,0.0,0.0,0.0,0.0,0.0,0.0
Otto Hegelman 712.0,0.003160011490950876,0.0,0.0,0.0,0.0,0.0,0.0,0.0,0.0,0.0,0.0,0.0,0.0,0.0,0.0
Oterel 711.0,0.0,9.90633014496263e-05,0.0,0.0,0.0,1.5030562143024148e-05,0.00013506302941372638,0.0,0.00118534520548906,0.0,0.0,0.0003721405153377252,0.0,0.0019364350243932249,0.0
Osemore 710.0,0.0,0.0,0.0,0.0,0.0,0.00047095761381475666,0.0,0.0,0.0,0.0,0.0,0.0,0.0,0.0,0.0
Ongola 709.0,0.02800919276070095,0.0,0.0,0.0,0.0,0.0,0.0,0.0,0.0,0.0,0.0,0.0,0.0,0.0,0.0
Olos 708.0,0.0,0.00012933264355923435,0.0,0.0,0.0,0.0,0.0,0.0,0.0,0.0,0.0,0.0,0.0,5.983724269985639e-05,0.0
Olodkey 707.0,0.0,0.0,0.0,0.0,0.0,0.0,0.0,0.0,0.0,0.0,0.0,0.005782017924255565,0.0,0.0,0.0
Oldive 706.0,0.0,0.0011145322994537987,0.0,0.0,0.0,3.602225374787091e-05,8.702833749234061e-05,0.0,0.0,0.0,0.000594794636530405,0.0020474567720451717,0.0005139394339833723,0.003954343336266997,0.0023907921412015076
Oharan 705.0,0.0,0.0,0.0,0.0,0.0,0.0,0.0,0.0,0.0,0.005070110116454092,0.0,0.0009006604843551938,5.096943872454077e-06,0.0,0.0
Ogolly 704.0,0.0,0.0,0.0,0.0,0.0,0.0,0.003134796238244514,0.0,0.0,0.0,0.0,0.0,0.0,0.0,0.0
O’ney 703.0,0.0,0.0,0.0012159533073929961,0.0,0.0,0.0,0.0,0.0,0.0,0.0,0.0,0.0,0.0,0.0,0.0
Nurevin 702.0,0.0,0.0,0.0,0.0,0.0,0.0,0.0,0.0,0.0,0.0,0.0,0.0,0.0,0.0020344662517951173,0.0
Norist 700.0,0.0,0.0,0.0,0.0,0.0,0.0,0.0,0.0,0.0,0.0,0.0,0.0,0.0,0.004720731040142242,0.00026399499387270883
Nip 699.0,0.0,0.0,0.0,0.0,0.0,0.0,0.0,0.0,0.0,0.0,0.0,0.0,0.0,0.0,0.0003650301149844862
Niness 698.0,0.0,0.0,0.0,0.0,0.0,0.0,0.0,0.0,0.0,0.0,0.0,0.0,0.0,0.0,0.0001825150574922431
Nielsen 697.0,0.00043091065785693766,0.0,0.0,0.0,0.0,0.0,0.0,0.0,0.0,0.0,0.0,0.0,0.0,0.0,0.0
Nicat 696.0,0.0,0.001784262592776376,0.0,0.0,0.0,2.5630346330054784e-05,0.0,0.0,6.7275962634930344e-06,0.0006357846949284348,2.4594733447744388e-05,4.720014632045359e-05,0.0023853697323085077,4.396205586111898e-05,0.0
Nessel 695.0,0.0,5.878756525419743e-06,0.0,0.0,0.0,0.0,0.0,0.00011438702851096685,0.0013523232989196398,0.0,0.0,2.6281899655707118e-05,3.0118304700864997e-06,0.000786043779102659,0.0
Ned Tubberman 694.0,0.014425427256737075,0.0,3.4132022663663045e-05,0.0,0.0,0.0,0.0,0.0,0.0,0.0,0.0,0.0,0.0,0.0,1.440908348622972e-05
Nazer 693.0,0.0,0.0004457848565233184,0.0,0.0,0.0,0.004823140385450416,0.0,0.0,0.0,0.0,0.0,0.0,0.0,0.0,0.0
Naton 692.0,0.0,0.0,0.0,0.0,0.0,0.0,0.0,0.0006291286568103177,0.0,0.0,0.0,0.0,0.0,0.0,0.0
Naprila 691.0,0.0,0.0,0.0,0.0,0.0,0.0,0.0006269592476489029,0.0,0.0,0.0,0.0,0.0,0.0,0.0,0.0
Nabhi Nabol 690.0,0.0020757149984988324,3.889703565691258e-06,0.0,0.00017918562931252912,3.051459818377112e-06,2.8918449971081547e-05,0.00013258066797086762,0.00026607884921489,0.0033020989923300092,0.0,1.0068019540012322e-06,0.004734298886852865,1.9927900854707667e-06,1.6196546896201728e-05,0.0
N’ton 689.0,0.0,4.392429403898525e-06,0.0,0.0,0.0,0.0001706110600989307,0.0,4.80749256619205e-05,0.002519040525453194,0.0003507374230029341,2.0212024133156815e-06,0.0006682049016238742,0.010817676739894684,0.0012364858151864663,0.0015000671517664357
N’ran N’nan 688.0,0.0,0.0,0.00048638132295719845,0.0,0.0,0.0,0.0,0.0,0.0,0.0,0.0,0.0,0.0,0.0,0.0
N’mool 687.0,0.0,0.0,0.0,0.0001861850679575498,0.0,0.0,0.0,0.0,0.0,0.0,0.0,0.0,0.0,0.0,0.0
N’men 686.0,0.0,0.0,0.0,0.0001861850679575498,0.0,0.0,0.0,0.0,0.0,0.0,0.0,0.0,0.0,0.0,0.0
N’gent 685.0,0.0,0.0,0.0,0.0001861850679575498,0.0,0.0,0.0,0.0,0.0,0.0,0.0,0.0,0.0,0.0,0.0
Murfytwen 684.0,0.0,0.0,0.0,0.0,0.0,0.0,0.00031347962382445143,0.0,0.0,0.0,0.0,0.0,0.0,0.0,0.0
Munchaun 683.0,0.0,0.0,0.0,0.0,0.011363636363636364,0.0,0.0,0.0,0.0,0.0,0.0,0.0,0.0,0.0,0.0
Mumolon 682.0,0.0,0.0,0.0,0.0,0.0,0.0,0.0017241379310344827,0.0,0.0,0.0,0.0,0.0,0.0,0.0,0.0
Mostar 681.0,0.0,0.0,0.0,2.3273133494693726e-05,0.004971590909090909,0.0,0.0,0.0,0.0,0.0,0.0,0.0,0.0,0.0,0.0
Mosser 680.0,0.0,0.0,0.0,0.0,0.0,0.0,0.0006269592476489029,0.0,0.0,0.0,0.0,0.0,0.0,0.0,0.0
Morshal Morshall 679.0,0.0,0.0,0.0,0.0,0.0,0.0,0.0,0.0,0.0,0.0,0.011247991430101767,0.0,0.0,0.0,0.0
Morin 678.0,0.0,0.0,0.0007295719844357977,0.0,0.0,0.0,0.0,0.0,0.0,0.0,0.0,0.0,0.0,0.0,0.0
Morilton 677.0,0.0,0.0,0.0,0.0,0.0,0.0,0.0,0.0,0.0,0.0,0.0,0.0,0.0,0.001973169564151362,0.0010016070228232852
Morif 676.0,0.0,0.0,0.0,0.0,0.0,0.0,0.00015673981191222572,0.0,0.0,0.0,0.0,0.0,0.0,0.0,0.0
Minnarden 675.0,0.0,0.0,0.0,0.0,0.0,0.0,0.0054858934169279,0.0,0.0,0.0,0.0,0.0,0.0,0.0,0.0
Mickulin 674.0,0.0,0.0,0.0,0.0,0.0,0.0,0.0,0.0,0.0,0.0,0.0,0.0,0.0,0.0,0.0007300602299689724
Mick 673.0,0.00043091065785693766,0.0,0.0,0.0,0.0,0.0,0.0,0.0,0.0,0.0,0.0,0.0,0.0,0.0,0.0
Michael 672.0,0.00014363688595231256,0.0,0.0,0.0,0.0,0.0,0.0,0.0,0.0,0.0,0.0,0.0,0.0,0.0,0.0
Merdine 670.0,0.0,0.0,0.0,0.0,0.0,0.0,0.0007836990595611285,0.0,0.0,0.0,0.0,0.0,0.0,0.0,0.0
Melongel 669.0,0.0,0.0,0.0,0.0,0.0,0.0,0.015203761755485894,0.0,0.0,0.0,0.0,0.0,0.0,0.0,0.0
Mekelroy Pinch 668.0,0.0,0.0,0.0,0.0,0.0,0.0,0.0,0.0,0.0,0.0,0.0,0.0,0.0,0.0,0.032487680233619275
Medaman 667.0,0.0,0.0,0.0,0.0,0.0,0.0003139717425431711,0.0,0.0,0.0,0.0,0.0,0.0,0.0,0.0,0.0
Maylone 666.0,0.0,0.0,0.0,0.0013032954757028485,0.0,0.0,0.0,0.0,0.0,0.0,0.0,0.0,0.0,0.0,0.0
Maxilant 665.0,0.0,0.0,0.0,0.0,0.0,0.0,0.0012539184952978057,0.0,0.0,0.0,0.0,0.0,0.0,0.0,0.0
Mattew Matt 664.0,0.0,0.0,0.0012159533073929961,0.0,0.0,0.0,0.0,0.0,0.0,0.0,0.0,0.0,0.0,0.0,0.0
Marlifin 662.0,0.0,0.0,0.0,0.0,0.0,0.0,0.0004702194357366771,0.0,0.0,0.0,0.0,0.0,0.0,0.0,0.0
Marley 661.0,0.0,0.0,0.0,0.0,0.0,0.0,0.0,0.0,0.0,0.0,0.0,0.0,0.0,0.0,0.0007300602299689724
Marcator 659.0,0.0,0.0,0.0009727626459143969,0.0,0.0,0.0,0.0,0.0,0.0,0.0,0.0,0.0,0.0,0.0,0.0
Maranis 658.0,0.0,0.0,0.0038910505836575876,0.0,0.0,0.0,0.0,0.0,0.0,0.0,0.0,0.0,0.0,0.0,0.0
Mar Dook 657.0,0.003596242033472714,9.580195819202543e-06,0.0,0.0,0.0,0.0,0.0,0.0,0.0,0.0,0.0,0.0,0.0,0.0,0.0
Manotti 656.0,0.0,0.0,0.0,0.0,0.0,0.0,0.0,0.0,0.0,0.0,0.0,0.0,0.0,0.0011967448539971278,0.0
Mallan 655.0,0.0,0.0,0.0,0.0,0.0,0.0,0.004231974921630094,0.0,0.0,0.0,0.0,0.0,0.0,0.0,0.0
Makfar 654.0,0.0,0.0,0.0,0.000930925339787749,0.0,0.0,0.0,0.0,0.0,0.0,0.0,0.0,0.0,0.0,0.0
Macy 652.0,0.0,0.0,0.0,0.0,0.0,0.0,0.0,0.0,0.0,0.0,0.0,0.0,0.0,0.0,0.0007300602299689724
Macester 651.0,0.0,0.0,0.0,0.0,0.0,0.0,0.0009404388714733542,0.0,0.0,0.0,0.0,0.0,0.0,0.0,0.0
Macabir 650.0,0.0,0.0,0.0,0.0,0.005681818181818182,0.0,0.0,0.0,0.0,0.0,0.0,0.0,0.0,0.0,0.0
M’tani 649.0,0.0,0.0,0.0,0.007079687209085831,2.0292207792207796e-05,0.0,0.0,0.0,0.0,0.0,0.0,0.0,0.0,0.0,0.0
M’sur 648.0,0.0,0.0005173305742369374,0.0,0.0,0.0,0.0,0.0,0.0,0.0,0.0,0.0,0.0,0.0,0.0,0.0
M’shall 647.0,0.0,0.0,0.03477626459143969,0.0,0.0,0.0,0.0,0.0,0.0,0.0,0.0,0.0,0.0,0.0,0.0
M’ridin 646.0,0.0,0.0,0.0,0.0,0.0,0.0,0.001567398119122257,0.0,0.0,0.0,0.0,0.0,0.0,0.0,0.0
M’rek 645.0,0.0,0.0,0.0,0.0,0.0,0.0,0.0,0.0,0.0009889566507334763,0.0,0.0,0.0,0.0,0.0,0.0
M’ray 644.0,0.0,0.0,0.0,0.0013032954757028485,0.0,0.0,0.0,0.0,0.0,0.0,0.0,0.0,0.0,0.0,0.0
M’rand 643.0,0.0,0.0,0.0,0.0,0.0,0.0,0.0,0.0,0.0,0.0,0.0,0.0,0.0,2.761718893839526e-05,0.00606511575666531
M’rak 642.0,0.0,0.0,0.0012159533073929961,0.0,0.0,0.0,0.0,0.0,0.0,0.0,0.0,0.0,0.0,0.0,0.0
M’leng 640.0,0.0,0.0,0.017023346303501944,0.0,0.0,0.0,0.0,0.0,0.0,0.0,0.0,0.0,0.0,0.0,0.0
M’gent 639.0,0.0,0.0,0.0,0.000930925339787749,0.0,0.0,0.0,0.0,0.0,0.0,0.0,0.0,0.0,0.0,0.0
M’barak 638.0,0.0,0.0,0.0,0.0079983064810257,0.0032133961928482472,0.0,0.0,0.0,0.0,0.0,0.0,0.0,0.0,0.0,0.0
Lur 637.0,0.0,0.0005173305742369374,0.0,0.0,0.0,0.0,0.0,0.0,0.0,0.0,0.0,0.0,0.0,0.0,0.0
Lozell 636.0,0.0,0.0,0.0017023346303501946,0.0,0.0,0.0,0.0,0.0,0.0,0.0,0.0,0.0,0.0,0.0,0.0
Losacot 635.0,0.0,0.0,0.0,0.0,0.0,0.0,0.0,0.0,0.0,0.0,0.0,0.0,0.0,0.00023934897079942556,0.0
Londik 634.0,0.0,0.0,0.0,0.0,0.0,0.0,0.001567398119122257,0.0,0.0,0.0,0.0,0.0,0.0,0.0,0.0
Lobirn 633.0,0.0,0.0,0.0,0.0,0.0,0.0,0.011598746081504702,0.0,0.0,0.0,0.0,0.0,0.0,0.0,0.0
Ligand 632.0,0.0,0.0,0.0,0.0,0.0,0.0,0.0,0.0,0.0,0.0,0.0008569898232458489,0.0,0.0,2.3934897079942558e-05,0.0
Lias 631.0,0.0,0.0,0.0,0.0,0.0,0.0,0.0,0.0,0.0,0.0,0.0,0.0,0.0,0.0,0.001642635517430188
Lexey 630.0,0.0,0.0,0.0,0.0,0.0,0.0,0.0040752351097178684,0.0,0.0,0.0,0.0,0.0,0.0,0.0,0.0
Lesselden 629.0,0.0,0.0,0.0,0.0,0.0,0.0,0.0004702194357366771,0.0,0.0,0.0,0.0,0.0,0.0,0.0,0.0
Lesnour 628.0,0.0,0.0,0.0007295719844357977,0.0,0.0,0.0,0.0,0.0,0.0,0.0,0.0,0.0,0.0,0.0,0.0
Léo Léopol 627.0,0.0,0.0,0.019941634241245135,0.0,0.0,0.0,0.0,0.0,0.0,0.0,0.0,0.0,0.0,0.0,0.0
Lensdale 626.0,0.00014363688595231256,0.0,0.0,0.0,0.0,0.0,0.0,0.0,0.0,0.0,0.0,0.0,0.0,0.0,0.0
Leef Leff 625.0,0.0,0.0,0.0,0.005421934857794103,9.838646202282567e-05,0.0,0.0,0.0,0.0,0.0,0.0,0.0,0.0,0.0,0.0
Lear 624.0,0.0,0.0,0.0,0.0,0.0,0.0,0.00031347962382445143,0.0,0.0,0.0,0.0,0.0,0.0,0.0,0.0
Lavel 623.0,0.0,0.0,0.0024319066147859923,0.0,0.0,0.0,0.0,0.0,0.0,0.0,0.0,0.0,0.0,0.0,0.0
Lauley 622.0,0.0,0.0,0.0,0.0,0.0,0.0,0.0,0.0,0.0,0.0,0.0,0.0002891008962127783,0.0,0.0,0.0
Laudey 621.0,0.0,0.00014370293728803815,0.0,0.0,0.0,0.001130298273155416,0.0,0.0,5.860483856198378e-05,0.0,0.0,5.782017924255565e-05,2.9449009040845774e-06,0.0003829583532790809,1.6223560665977163e-05
Laradian 620.0,0.0,0.0,0.0,0.0,0.0,0.0,0.0,0.0,0.0,0.0,0.0,0.0,0.0,0.00015956598053295037,6.0838352497414364e-05
Laradian 619.0,0.0,0.0,0.0,0.0,0.0,0.0,0.0,0.0,0.0,0.0,0.0,0.0,0.0,0.00015956598053295037,6.0838352497414364e-05
Larad 618.0,0.0,0.00013368328294501898,0.0,0.0,0.0,0.0050931593526613176,0.0002535637935827749,0.0008090171259594452,0.002330752065744951,0.0,0.0,0.0,1.6210463692208683e-06,0.0020586207350868028,0.00010939740449076344
Langrell 617.0,0.0,0.0,0.0,0.0,0.0,0.0,0.0,0.0,0.0,0.0,0.0,0.0,0.0,0.0,0.0010950903449534588
Landon 616.0,0.0,0.0,0.0,0.0,0.0,0.0,0.00109717868338558,0.0,0.0,0.0,0.0,0.0,0.0,0.0,0.0
Laland 615.0,0.0,0.0,0.00024319066147859923,0.0,0.0,0.0,0.0,0.0,0.0,0.0,0.0,0.0,0.0,0.0,0.0
L’zan 614.0,0.0,0.0,0.0,0.0,0.0,0.0,0.0,0.0,0.0,0.0,0.0,0.0,0.0,0.00035902345619913834,0.0
L’trel 613.0,0.0,0.0,0.0,0.0,0.0,0.0,0.0,0.0,0.00016482610845557937,0.0,0.0,0.0,0.0,0.0,0.0
L’tol Lytol Lytonal 612.0,0.0,2.8847429790163793e-06,0.0,0.0,0.0,6.302778474844328e-05,2.350126052215528e-05,0.002432708765274593,0.00406060453804879,0.0,2.9867210382638787e-06,0.0,0.0091460520866484,0.008756702216068947,0.0012052326411104877
L’sur 611.0,0.0,0.0,0.0009727626459143969,0.0,0.0,0.0,0.0,0.0,0.0,0.0,0.0,0.0,0.0,0.0,0.0
L’rayl 610.0,0.0,0.0,0.0,0.0007447402718301992,0.0,0.0,0.0,0.0,0.0,0.0,0.0,0.0,0.0,0.0,0.0
L’rad 609.0,0.0,0.0,0.0,0.0,0.0,0.0,0.0,0.00031456432840515884,0.0,0.0,0.0,0.0,0.0,0.0,0.0
L’bol 607.0,0.0,0.0,0.0,0.004654626698938745,0.0,0.0,0.0,0.0,0.0,0.0,0.0,0.0,0.0,0.0,0.0
Kylos 606.0,0.0,0.0,0.0,0.0001861850679575498,0.0,0.0,0.0,0.0,0.0,0.0,0.0,0.0,0.0,0.0,0.0
Kwan Marceau 605.0,0.0021545532892846882,0.0,0.0,0.0,0.0,0.0,0.0,0.0,0.0,0.0,0.0,0.0,0.0,0.0,0.0
Kulan 604.0,0.0,0.0,0.0,0.0013032954757028485,0.0,0.0,0.0,0.0,0.0,0.0,0.0,0.0,0.0,0.0,0.0
Kizan 603.0,0.0,0.0,0.0009727626459143969,0.0,0.0,0.0,0.0,0.0,0.0,0.0,0.0,0.0,0.0,0.0,0.0
Kirnety 602.0,0.0,0.0,0.0,0.0,0.0,0.0,0.0,0.0,0.0,0.0,0.0,0.0,0.00013252054068380598,0.0,0.0
Kinver 601.0,0.0,0.0,0.00024319066147859923,0.0,0.0,0.0,0.0,0.0,0.0,0.0,0.0,0.0,0.0,0.0,0.0
Kinsale 600.0,0.0,0.0,0.0,0.0,0.0,0.0,0.00031347962382445143,0.0,0.0,0.0,0.0,0.0,0.0,0.0,0.0
Kevelon 599.0,0.0,0.0,0.0,0.0,0.0,0.001098901098901099,0.0,0.0,0.0,0.0,0.0,0.0,0.0,0.0,0.0
Ketrin 598.0,0.0,0.0,0.0,0.0,0.0,0.0018838304552590266,0.0,0.0,0.0,0.0,0.0,0.0,0.0,0.0,0.0
Kern 597.0,0.0,0.00012933264355923435,0.0,0.0,0.0,0.0,0.0,0.0,0.0,0.0,0.0,0.0,6.626027034190299e-05,0.0,0.0
Kepiru 596.0,0.0,0.0,0.0,0.0,0.0,0.0,0.0006269592476489029,0.0,0.0,0.0,0.0,0.0,0.0,0.0,0.0
Kashman 595.0,0.0,0.0,0.0,0.0,0.0,0.0,0.0,0.0,0.0,0.0,0.0,0.0,0.0,0.0,0.00529293666727505
Karenchok 594.0,0.0,0.0,0.0,0.0,0.0,0.0,0.002664576802507837,0.0,0.0,0.0,0.0,0.0,0.0,0.0,0.0
Kanadin K’din 593.0,0.0,0.0046559751681324365,0.0,0.0,0.0,0.0,0.0,0.0,0.0,0.0,0.0,0.0,0.0,0.0,0.0
Kalvi 592.0,0.0,0.0,0.013375486381322957,0.0,0.0,0.0,0.0,0.0,0.0,0.0,0.0,0.0,0.0,0.0,0.0
Kaljan 591.0,0.0,0.0,0.0,0.0,0.0,0.0,0.0,0.0,0.0,0.0,0.0,0.0008673026886383347,0.0,0.0,0.0
Kalem 590.0,0.0,0.0,0.0,0.0,0.0,0.0,0.00015673981191222572,0.0,0.0,0.0,0.0,0.0,0.0,0.0,0.0
Kailey 588.0,0.0,0.0,0.0,0.0,0.0,0.0,0.0007836990595611285,0.0,0.0,0.0,0.0,0.0,0.0,0.0,0.0
K’vin Kev 587.0,0.0,0.0,0.07247081712062257,0.0,0.0,0.0,0.0,0.0,0.0,0.0,0.0,0.0,0.0,0.0,0.0
K’van 586.0,0.0,0.0017262315341725588,0.0,0.0,0.0,0.0026175213675213678,0.0,0.0,0.0,0.0,0.0,0.0,9.202815325264304e-07,0.0006989322376469337,0.0014651903226460628
K’net 585.0,0.0,0.0,0.0,0.0,0.0,0.0,5.6996295240809354e-05,0.011438702851096686,0.0,0.0,0.0,0.0,0.0,0.0,0.0
K’nebel 584.0,0.0,0.0,0.0,0.0,0.0,0.0,0.0,0.0,0.0,0.0,0.0,0.0,0.0010601643254704478,0.0,0.0
K’lon 583.0,0.0,0.0,0.0,0.03221108067133016,4.63821892393321e-06,0.0,0.0,0.0,0.0,0.0,0.0,0.0,0.0,0.0,0.0
K’drin 582.0,0.0,0.0,0.0,0.0,0.0,0.0,0.0,0.0,0.0,0.0,0.0,0.0,0.0,0.0,0.0001825150574922431
K’dren 581.0,0.0,0.0,0.0,0.007447402718301992,0.0,0.0,0.0,0.0,0.0,0.0,0.0,0.0,0.0,0.0,0.0
Jubb 579.0,0.0,0.0,0.0,0.0,0.0,0.0,0.0,0.0,0.0,0.0,0.0,0.0,0.0,0.0,0.001642635517430188
Jol 578.0,0.0,0.0,0.005350194552529183,0.0,0.0,0.0,0.0,0.0,0.0,0.0,0.0,0.0,0.0,0.0,0.0
Joël Lilienkamp Joel / Lili 577.0,0.01251030942165303,0.0,0.0,0.0,0.0,0.0,0.0,0.0,0.0,0.0,0.0,0.0,0.0,1.158140181287543e-05,0.0
Joanson 576.0,0.0,0.0,0.0009727626459143969,0.0,0.0,0.0,0.0,0.0,0.0,0.0,0.0,0.0,0.0,0.0,0.0
Jivan 575.0,0.00043091065785693766,0.0,0.0,0.0,0.0,0.0,0.0,0.0,0.0,0.0,0.0,0.0,0.0,0.0,0.0
Jiro Akamoto 574.0,0.0018672795173800632,0.0,0.0,0.0,0.0,0.0,0.0,0.0,0.0,0.0,0.0,0.0,0.0,0.0,0.0
Jez 572.0,0.0,0.0,0.0,0.0,0.0,0.0,0.0004702194357366771,0.0,0.0,0.0,0.0,0.0,0.0,0.0,0.0
Jesken 571.0,0.0,0.0,0.0,0.0,0.0,0.0,0.0012539184952978057,0.0,0.0,0.0,0.0,0.0,0.0,0.0,0.0
Jerry Mercer 570.0,0.0021545532892846882,0.0,0.0,0.0,0.0,0.0,0.0,0.0,0.0,0.0,0.0,0.0,0.0,0.0,0.0
Jerrint 569.0,0.0,0.0,0.0,0.0,0.0,0.0,0.0,0.0,0.0,0.0,0.0,0.0002891008962127783,0.0,0.0,0.0
Jerint 568.0,0.0,0.0,0.0,0.0,0.0,0.0,0.00012800417972831765,0.0,0.0,0.0,0.01160953401178361,1.9273393080851885e-05,0.0,0.0,0.0
Jerin 567.0,0.0,0.0,0.0,0.0,0.0,0.0,0.0,0.0,0.0,0.0,0.0002678093197643278,0.0,0.0,0.0,0.0
Jepson 566.0,0.001005458201666188,0.0,0.0,0.0,0.0,0.0,0.0,0.0,0.0,0.0,0.0,0.0,0.0,0.0,0.0
Jemmy 565.0,0.0,0.0,0.01240272373540856,0.0,0.0,0.0,0.0,0.0,0.0,0.0,0.0,0.0,0.0,0.0,0.0
Jayge Lilcamp 564.0,0.0,0.007357345937006359,0.0,0.0,0.0,0.0771569343692239,0.0,0.0,0.0,0.0,0.0,0.0,0.0,0.00010600571063959978,1.0866631612539382e-05
Jaxom 563.0,0.0,0.00014158786963404296,0.0,0.0,0.0,0.0008115622573453899,0.0,4.097223424358956e-07,0.002863981104948932,6.0363367350326515e-06,2.180147507036208e-06,1.5062241417793725e-06,0.08075614468533081,0.05371034550269441,0.0007723756714976202
Jaxom Jax 562.0,0.0,0.00014131178019049264,0.0,0.0,0.0,0.0008099797505062373,0.0,4.089234038416105e-07,0.0028831980700400077,6.024566172663397e-06,2.1758963256770215e-06,1.503287078129494e-06,0.08059867413995805,0.05406319186204165,0.0007708695765905725
Jarrol 561.0,0.0,1.2317394624688984e-05,0.0,0.0,0.0,7.475517679599312e-06,0.0,0.0,0.0,0.0,0.0,0.0,0.0,0.0020572613918712532,0.0
Jamson 560.0,0.0,0.0,0.020671206225680933,0.0,0.0,0.0,0.0,0.0,0.0,0.0,0.0,0.0,0.0,0.0,0.0
Jake Chernoff 559.0,0.004165469692617064,0.0,0.0,0.0,0.0,0.0,0.0,0.0,0.0,0.0,0.0,0.0,0.0,0.0,0.0
Jacob Chernoff 558.0,0.003303648376903189,0.0,0.0,0.0,0.0,0.0,0.0,0.0,0.0,0.0,0.0,0.0,0.0,0.0,0.0
J’ralt Jeralte 557.0,0.0,0.0,0.0,0.0,0.0,0.0,0.0,0.0,0.0006593044338223175,0.0,0.0,0.0,0.0,0.0,0.0
J’fery 556.0,0.0,0.0,0.0,0.0,0.0,0.0,0.0,0.0,0.0,0.0,0.0,0.0,0.0,0.0,0.0023726957473991605
J’dar 555.0,0.0,0.0,0.0012159533073929961,0.0,0.0,0.0,0.0,0.0,0.0,0.0,0.0,0.0,0.0,0.0,0.0
Ivan le Terrible 554.0,3.590922148807814e-05,0.0,0.0,0.0,0.0,0.0,0.0,0.0,4.120652711389484e-05,0.00012873326467559217,0.0,0.0,0.0,0.0,4.5628764373060775e-05
Issony 553.0,0.0,0.0,0.007782101167315175,0.0,0.0,0.0,0.0,0.0,0.0,0.0,0.0,0.0,0.0,0.0,0.0
Ifor 552.0,0.0,0.0,0.0,0.0,0.0,0.0,0.0017241379310344827,0.0,0.0,0.0,0.0,0.0,0.0,0.0,0.0
Idoralan 551.0,0.0,0.0,0.0,0.0,0.0,0.0,0.0,0.0,0.0,0.0,0.0,0.0,0.00026504108136761196,0.0,0.0
Idarolan Iddie 550.0,0.0,0.007593843291551375,0.0,0.0,0.0,7.20118675557732e-05,2.5883638664404246e-05,0.0,7.560830663099972e-07,0.0,0.0,0.0,0.00041093525459749014,0.0007515338096890221,0.002816425015614247
Iantine Ian 549.0,0.0,0.0,0.0916828793774319,0.0,0.0,0.0,0.0,0.0,0.0,0.0,0.0,0.0,0.0,0.0,0.0
Hosbon 548.0,0.0,0.0,0.0,0.0,0.0,0.0,0.0,0.0,0.0,0.0,0.0,0.0,0.0,0.0,0.0027377258623836466
Horon 547.0,0.0,1.2317394624688984e-05,0.0,0.0,0.0,0.0,0.0,0.0,0.0,0.0,0.0,0.0,6.310501937324094e-06,0.0,0.0031375207502237984
Hobson 546.0,0.0,0.0028453181583031556,0.0,0.0,0.0,0.0,0.0,0.0,0.0,0.0,0.0,0.0,0.0,0.0,0.0
Hittet 545.0,0.0,0.0,0.0,0.0,0.0,0.0,0.0,0.0,0.0,0.0,0.0,0.003180109858340561,0.0,0.0,0.0
Hillegel 544.0,0.0,0.0,0.0,0.0,0.0,0.0,0.0,0.0,0.0,0.0,0.0,0.0,0.0,0.0,0.0001825150574922431
Helly 543.0,0.0,0.0,0.0,0.002792776019363247,0.0,0.0,0.0,0.0,0.0,0.0,0.0,0.0,0.0,0.0,0.0
Hegmon 542.0,0.0,0.0,0.0048638132295719845,0.0,0.0,0.0,0.0,0.0,0.0,0.0,0.0,0.0,0.0,0.0,0.0
Hayon 541.0,5.129888784011163e-06,0.0,0.0,0.0,0.0,0.0,0.0037841468875951636,0.0,0.0,0.0,0.0,1.0325032007599223e-05,0.0,0.0,0.0
Hamian 540.0,0.0,6.339835468589919e-05,0.0,0.0,0.0,0.004003139717425432,0.0,0.0,0.0,0.0,0.0,0.0,0.0,0.0021693933676869503,1.6104269778727336e-05
Haligon 539.0,0.0,0.0,0.0,0.0,0.0,0.0,0.0,0.0,0.0,0.0,0.0,0.0,0.0,0.0,0.015148749771856177
Halibran 538.0,0.0,0.0,0.0,0.0,0.0,0.0,0.0025078369905956114,0.0,0.0,0.0,0.0,0.0,0.0,0.0,0.0
Halefor 537.0,0.0,0.0,0.0,0.0,0.0,0.0,0.0,0.0,0.0,0.0,0.0,0.0,0.0,0.00023934897079942556,0.0
H’nor 536.0,0.0,0.0,0.0,0.0,0.0,0.0,0.0,0.0,0.0,0.0,0.0,0.0,0.0,0.0,0.0009125752874612155
H’nalt 535.0,0.0,0.0,0.0,0.0,0.0,0.0,0.0,0.0,0.0,0.0,0.0,0.0,0.0,0.00023934897079942556,0.0
H’mar 534.0,0.0,0.0002586652871184687,0.0,0.0,0.0,0.0,0.0,0.0,0.0,0.0,0.0,0.0,0.0,0.0,0.0
Gyorgy 533.0,0.00014363688595231256,0.0,0.0,0.0,0.0,0.0,0.0,0.0,0.0,0.0,0.0,0.0,0.0,0.0,0.0
Groghe 532.0,0.0,0.0001267967093717984,0.0,0.0,0.0,3.0781543386585404e-06,0.0011487423252129134,0.0,0.0016604704259228736,0.0,0.0033700798060103646,6.298494470866628e-05,0.0009712398667980902,0.0015862735711805068,0.0034391562794126593
Grodon 530.0,0.0,0.0,0.0,0.0,0.0,0.0,0.0006269592476489029,0.0,0.0,0.0,0.0,0.0,0.0,0.0,0.0
Grevil 529.0,0.0,0.0,0.0,0.0,0.0,0.0,0.0,0.0,0.0,0.0,0.0,0.0,0.0,0.00023934897079942556,0.0
Gram 528.0,0.0,0.0,0.0,9.30925339787749e-05,0.0,0.0,0.0,0.0,0.0,0.00025746652935118434,0.0,0.0,0.0,0.0,0.0
Gostol 527.0,0.0,0.0,0.0,0.0,0.0,0.0,0.0032915360501567397,0.0,0.0,0.0,0.0,0.0,0.0,0.0,0.0
Gorby 526.0,0.0,0.0,0.0,0.0003723701359150996,0.0,0.0,0.0,0.0,0.0,0.0,0.0,0.0,0.0,0.0,0.0
Gorazde 525.0,0.0,0.0,0.0,0.0,0.0,0.0,0.00031347962382445143,0.0,0.0,0.0,0.0,0.0,0.0,0.0,0.0
Gomalsi 524.0,0.0,0.0,0.0,0.0,0.0,0.0,0.0,0.0,0.0,0.0,0.0,0.0,0.0,0.0008377213977979895,0.0
Gifflen 523.0,0.0,0.0,0.0,0.0,0.0,0.0,0.0006269592476489029,0.0,0.0,0.0,0.0,0.0,0.0,0.0,0.0
Germathen 522.0,0.0,0.0,0.0,0.0,0.0,0.0,0.0006269592476489029,0.0,0.0,0.0,0.0,0.0,0.0,0.0,0.0
Genjon 520.0,0.0,0.0,0.0,0.0003723701359150996,0.0,0.0,0.0,0.0,0.0,0.0,0.0,0.0,0.0,0.0,0.0
Gellim 519.0,0.0,0.0,0.0,0.0,0.0,0.0,0.0,0.0,0.0,0.0,0.0,0.0,0.0,0.0,0.0001825150574922431
Geger 518.0,0.0,0.0,0.0,0.0,0.0,0.0,0.0,0.0,0.0,0.0,0.0,0.0,0.0,0.0,0.0014601204599379448
Gedenase 517.0,0.0,0.0,0.0,0.0,0.0,0.0007849293563579278,0.0,0.0,0.0,0.0,0.0,0.0,0.0,0.0,0.0
Gayton 516.0,0.0,0.0,0.0,0.0,0.0,0.0,0.0,0.0,0.0,0.0,0.0,0.0,0.0,0.00023934897079942556,0.0
Garrel 515.0,0.0,0.0,0.0,0.0,0.0,0.0,0.0,0.0,0.0,0.0,0.0,0.0,0.0,0.0,0.0001825150574922431
Garrel 514.0,0.0,0.0,0.0,0.0,0.0,0.0,0.0,0.0,0.0,0.0,0.0,0.0,0.0,0.0,0.0001825150574922431
Garm 513.0,0.0,0.0,0.0,0.0,0.0,0.0037676609105180532,0.0,0.0,0.0,0.0,0.0,0.0,0.0,0.0,0.0
Gardrow 512.0,0.0,0.0,0.0,0.0,0.0,0.00047095761381475666,0.0,0.0,0.0,0.0,0.0,0.0,0.0,0.0,0.0
Gardner 511.0,0.0,0.0,0.0017023346303501946,0.0,0.0,0.0,0.0,0.0,0.0,0.0,0.0,0.0,0.0,0.0,0.0
Gardillon 510.0,0.0,0.0,0.0,0.0,0.0,0.0003139717425431711,0.0,0.0,0.0,0.0,0.0,0.0,0.0,0.0,0.0
Garben 509.0,0.0015987409914692181,1.124631683123777e-05,1.0573507020808662e-05,0.0,0.0003176171654432524,2.7301890655927925e-05,0.0,0.0,0.0,0.0,0.0,0.0,0.0,0.0,0.0
Ganmar 508.0,0.0,0.0,0.00316147859922179,0.0,0.0,0.0,0.0,0.0,0.0,0.0,0.0,0.0,0.0,0.0,0.0
Gandidan Gandiran 507.0,0.0,0.0,0.0,0.0,0.0,0.0,0.0,0.0,0.0009889566507334763,0.0,0.0,0.0,0.0,0.0,0.0
Gallian Galli 506.0,0.0,0.0,0.009484435797665369,0.0,0.0,0.0,0.0,0.0,0.0,0.0,0.0,0.0,0.0,0.0,0.0
Gaby 505.0,0.0,0.0,0.0,0.0,0.0016233766233766235,0.0,0.0,0.0,0.0,0.0,0.0,0.0,0.0,0.0,0.0
Gabred 504.0,0.0,0.0,0.0,0.0,0.0,0.0003139717425431711,0.0,0.0,0.0,0.0,0.0,0.0,0.0,0.0,0.0
Gabin 503.0,0.0,0.0,0.0,0.0,0.002435064935064935,0.0,0.0,0.0,0.0,0.0,0.0,0.0,0.0,0.0,0.0
G’sel 502.0,0.0,0.0,0.0,0.0,0.0,0.0,0.0,0.0,0.0007417174880501071,0.002317198764160659,0.0,0.0,0.0,0.0,0.0
G’ron Giron 501.0,0.0,0.0,2.3161015378914214e-06,0.0,7.730364873222018e-06,0.014951035359198622,0.0,0.0,0.0,0.0,2.550564950136455e-06,0.0,0.0,0.0,6.952954571133071e-06
G’ranad 500.0,0.0,0.0,0.0,0.0,0.0,0.0,0.00015673981191222572,0.0,0.0,0.0,0.0,0.0,0.0,0.0,0.0
G’narish 499.0,0.0,2.9063515406569513e-06,0.0,0.0,0.0,0.0,0.0,0.0,0.00881727081300015,0.0,0.0,1.2993298706192282e-05,3.722487097859719e-05,1.3446571393226154e-06,0.00024813844895012823
G’nag 498.0,0.0,0.0,0.0,0.0,0.0,0.0,0.0,0.0,0.0004944783253667381,0.0,0.0,0.0,0.0,0.0,0.0
G’drel 496.0,0.0,0.0,0.0,0.0,0.002435064935064935,0.0,0.0,0.0,0.0,0.0,0.0,0.0,0.0,0.0,0.0
G’don 495.0,0.0,0.0,0.005350194552529183,0.0,0.0,0.0,0.0,0.0,0.0,0.0,0.0,0.0,0.0,0.0,0.0
G’dened G’neded 494.0,0.0,0.00020188510214124388,0.0,0.0,0.0,0.0,0.0,0.0,0.0,0.0,0.0,0.0,0.00023271899827400074,5.837779775595746e-06,0.008012856182586282
G’bol 493.0,0.0,0.0,0.0,0.0,0.0,0.0,0.0,0.0,0.0,0.0,0.0,0.0,0.0,0.0,0.0009125752874612155
Furlo 492.0,0.0,0.0,0.0,0.0,0.0,0.0,0.0006269592476489029,0.0,0.0,0.0,0.0,0.0,0.0,0.0,0.0
Furet 491.0,0.0,0.0,0.0,0.0,0.0,0.0,0.003761755485893417,0.0,0.0,0.0,0.0,0.0,0.0,0.0,0.0
Fulmar Stone 490.0,0.00575853333681544,0.0,2.210824195259993e-05,0.0,0.0,0.0,0.0,0.0,0.0,0.0,0.0,0.0,0.0,0.0,0.0
Fromelin 489.0,0.0,0.0,0.0,0.0,0.0,0.0,0.0,0.0,0.0,0.0,0.0,0.0,0.0,0.0,0.0001825150574922431
Frenkal 488.0,0.0,0.0,0.00048638132295719845,0.0,0.0,0.0,0.0,0.0,0.0,0.0,0.0,0.0,0.0,0.0,0.0
Franco 487.0,0.0,0.0,0.00316147859922179,0.0,0.0,0.0,0.0,0.0,0.0,0.0,0.0,0.0,0.0,0.0,0.0
Fosdak 486.0,0.0,0.0,0.0,0.0,0.0,0.0,0.0,0.0,0.0,0.0,0.0,0.0,0.0,0.0007180469123982767,0.0
Fortine 485.0,0.0,0.0,0.0,0.0056641635118641264,0.0006493506493506494,0.0,0.0,0.0,0.0,0.0,0.0,0.0,0.0,0.0,1.6223560665977163e-05
Fondarel 484.0,0.0,0.0,0.0,0.0,0.0,0.0,0.0,0.0,0.0,0.0,0.0,0.0,0.0,0.00011967448539971278,0.0
Follen 483.0,0.0,0.0,0.0,0.004605342416244099,0.000596829640947288,0.0,0.0,0.0,0.0,0.0,0.0,0.0,0.0,0.0,0.0
Florist 482.0,0.0,0.0,0.0,0.0,0.0,0.0,0.00015673981191222572,0.0,0.0,0.0,0.0,0.0,0.0,0.0,0.0
Fitatric 481.0,0.0,0.0,0.0,0.0003723701359150996,0.0,0.0,0.0,0.0,0.0,0.0,0.0,0.0,0.0,0.0,0.0
Finder 480.0,0.0,0.0,0.0,0.0,0.0,0.0,0.0,0.0,0.0,0.0,0.0,0.0,0.0018552875695732839,0.0,0.0
Filatric 479.0,0.0,0.0,0.0,0.0001861850679575498,0.0,0.0,0.0,0.0,0.0,0.0,0.0,0.0,0.0,0.0,0.0
Fidello 478.0,0.0,0.0,0.0,0.0,0.0,0.0,0.0,0.0,0.0,0.0,0.0,0.0,0.0022528491916247017,0.0,0.0
Fesnal 477.0,0.0,0.0,0.0,0.0,0.0,0.0,0.0,0.0,0.0,0.0,0.0002678093197643278,0.0,0.0,0.0,0.0
Fergal 476.0,0.0,0.0,0.0,0.0009742241928011327,0.014799154334038056,0.0,0.0,0.0,0.0,0.0,0.0,0.0,0.0,0.0,0.0
Ferfar 475.0,0.0,0.0,0.0,0.0,0.0,0.00047095761381475666,0.0,0.0,0.0,0.0,0.0,0.0,0.0,0.0,0.0
Fender 474.0,0.0,0.0,4.863813229571985e-05,0.0,0.0,0.0,0.0,0.0,0.0,0.0,0.0,0.0,0.0004240657301881792,0.0,0.0
Felim 472.0,0.0,0.0,0.0,0.0,0.012175324675324676,0.0,0.0,0.0,0.0,0.0,0.0,0.0,0.0,0.0,0.0
Felessan Fesselan 471.0,0.0,0.0,0.0,0.0,0.0,0.0,0.0,0.0,0.01493537221457169,0.0,2.159752578744579e-06,0.0002331458840425631,5.236698785085882e-05,0.0,0.0
Feldon 470.0,0.0,0.0,0.0,0.0,0.0,0.0,0.0,0.0,0.0,0.0,0.0005356186395286556,0.0,0.0,0.0,0.0
Federen 469.0,0.0,0.0,0.0,0.0,0.0,0.0,0.0,0.0,0.0,0.0,0.0,0.0,0.0,0.00011967448539971278,0.0
Farnol 466.0,0.0,0.0,0.0,0.0,0.0,0.0,0.0,0.0,0.0,0.0,0.0002678093197643278,0.0,0.0,0.0,0.0
Farley 465.0,0.0,0.0,0.0007295719844357977,0.0,0.0,0.0,0.0,0.0,0.0,0.0,0.0,0.0,0.0,0.0,0.0
Fandarel 463.0,0.0,0.0007013010725618376,0.0,0.0,0.0,0.0012189491181087819,2.7939360412161446e-07,0.000686882891793796,0.002997132143235945,0.0,4.773784666030798e-07,5.153313657981788e-07,0.002131903528825934,0.009497375694261342,3.936599279244459e-05
Famanoran 462.0,0.0,0.0,0.0,0.0,0.0,0.0,0.0009404388714733542,0.0,0.0,0.0,0.0,0.0,0.0,0.0,0.0
Falawny 461.0,0.0,0.0,0.0,0.0,0.0,0.0,0.0004702194357366771,0.0,0.0,0.0,0.0,0.0,0.0,0.0,0.0
Facenden 460.0,0.0,0.0,0.0,0.0,0.0,0.0,0.0,0.0,0.0,0.0,8.926977325477593e-05,0.0,0.0,0.00015956598053295037,0.0
F’tol 459.0,0.0,0.0,0.0007295719844357977,0.0,0.0,0.0,0.0,0.0,0.0,0.0,0.0,0.0,0.0,0.0,0.0
F’rad 458.0,0.0,0.0,0.0,0.0,0.0,0.0,0.0,0.0,0.0009889566507334763,0.0,0.0,0.0,0.0,0.0,0.0
F’nor F’lor 457.0,0.0,0.0,0.0,0.0,0.0,2.451997434833453e-05,7.663157162806599e-05,0.017450761379408188,0.045247204125710226,8.042854613743097e-05,6.336338804035852e-05,2.1642488533488945e-05,0.0026107281379075865,0.00011325940207884093,0.0002698928761437976
F’neldril 456.0,0.0,0.0,0.0,0.003360640476633774,4.058441558441559e-05,0.0,0.0,0.0,0.0,0.0,0.0,0.0,0.0,0.0,0.0
F’lessan 454.0,0.0,0.00015929445504734568,0.0,0.0,0.0,0.0,0.0,0.0,0.0,0.0,0.0,0.0,0.0001388457352915313,0.0008260186541733377,0.11291732790306772
F’lar Falla Fallarnon 453.0,0.0,0.0005085264460164313,0.0,0.0,0.0,0.00023275372881518947,0.000341434580067476,0.0766299260955843,0.04091569711177308,4.4868231119062756e-05,9.1153614623665e-08,1.662969756976158e-05,0.007435042833272922,0.005606574487713366,0.002713560322096212
F’gal 452.0,0.0,0.0,0.0,0.002792776019363247,0.0,0.0,0.0,0.0,0.0,0.0,0.0,0.0,0.0,0.0,0.0
F’duril 451.0,0.0,0.0,0.0,0.003909886427108546,0.0,0.0,0.0,0.0,0.0,0.0,0.0,0.0,0.0,0.0,0.0
Ezra Keroon 450.0,0.005586330199415262,2.659797296848007e-06,0.00010565352645214207,0.003218273514001452,0.0005341701999799686,0.0005230171958045627,4.029301077435108e-05,0.0005054054119620162,0.0001372844707959067,5.294941477659317e-06,0.0,2.9727598582290826e-06,4.1221042217841965e-05,5.1992257153088584e-05,0.0006080707313880387
Evenek 449.0,0.0,0.0,0.0,0.0,0.0,0.0,0.002664576802507837,0.0,0.0,0.0,0.0,0.0,0.0,0.0,0.0
Evarel 448.0,0.0,0.0,0.0,0.0,0.0,0.0,0.0028213166144200625,0.0,0.0,0.0,0.0,0.0,0.0,0.0,0.0
Erragon 446.0,0.0,0.0,0.0,0.0,0.0,0.0,0.0,0.0,0.0,0.0,0.0,0.0,0.0,0.0,0.025004562876437306
Erkin 445.0,0.0,0.0,0.0,0.0,0.0,0.0,0.0006269592476489029,0.0,0.0,0.0,0.0,0.0,0.0,0.0,0.0
Eric Hegelman 444.0,0.0011490950876185005,0.0,0.0,0.0,0.0,0.0,0.0,0.0,0.0,0.0,0.0,0.0,0.0,0.0,0.0
Emsor 443.0,0.0,0.0,0.0,0.0,0.0,0.0,0.00031347962382445143,0.0,0.0,0.0,0.0,0.0,0.0,0.0,0.0
Emilin 442.0,0.0,0.0,0.00024319066147859923,0.0,0.0,0.0,0.0,0.0,0.0,0.0,0.0,0.0,0.0,0.0,0.0
Elgion 441.0,0.0,0.0,0.0,0.0,0.0,0.0,0.0,0.0,0.0,0.07538365691472454,0.0001058012127464011,0.0,0.0,0.0,0.0
Eddik 440.0,0.0,0.0,0.0,0.0,0.0,0.0003139717425431711,0.0,0.0,0.0,0.0,0.0,0.0,0.0,0.0,0.0
Dushik 439.0,0.0,0.0,0.0,0.0,0.0,0.01020408163265306,0.0,0.0,0.0,0.0,0.0,0.0,0.0,0.0,0.0
Dugall 438.0,0.0,0.0,0.0,0.0,0.0,0.0,0.00015673981191222572,0.0,0.0,0.0,0.0,0.0,0.0,0.0,0.0
Drake Bonneau 437.0,0.011505982643319548,3.00773589672638e-06,0.0,0.0,0.0,1.8254171078091344e-06,0.0,0.0,0.0,0.0,0.0,0.0,0.0,1.3915637837175904e-06,0.0
Dorse 436.0,0.0,0.0,0.0,0.0,0.0,0.0003392016147118188,0.0,0.0,0.0,0.0,0.0,0.0,0.0014790238915603348,0.0,0.0013036789820874508
Doral 435.0,0.0,0.0,0.0,0.0,0.005681818181818182,0.0,0.0,0.0,0.0,0.0,0.0,0.0,0.0,0.0,0.0
Domick 434.0,0.0,0.0,0.0,0.0,0.0,7.301668431236538e-07,2.9160895239483852e-06,0.0,0.0,0.0,0.03685056239957151,0.0013769270591715579,0.0,3.562403286317032e-05,0.0
Domaize 433.0,0.0,0.0,0.008268482490272374,0.0,0.0,0.0,0.0,0.0,0.0,0.0,0.0,0.0,0.0,0.0,0.0
Dirzan 432.0,0.0,0.0,0.0,0.0,0.0,0.0,0.0,0.0,0.0,0.0,0.0,0.025440878866724487,0.0,0.0,0.0
Dieter Clissmann 431.0,0.003303648376903189,0.0,0.0,0.0,0.0,0.0,0.0,0.0,0.0,0.0,0.0,0.0,0.0,0.0,0.0
Diatis 430.0,0.0,0.0,0.0,0.0007447402718301992,0.0,0.0,0.0,0.0,0.0,0.0,0.0,0.0,0.0,0.0,0.0
Desi Arthied 429.0,0.0030163746049985635,0.0,0.0,0.0,0.0,0.0,0.0,0.0,0.0,0.0,0.0,0.0,0.0,0.0,0.0
Dermently 428.0,0.0,0.0,0.0,0.0,0.0,0.0,0.0,0.0,0.0,0.0,0.0011158721656846992,0.0,2.208675678063433e-05,0.0,0.0
Denol 427.0,0.0,0.00011496234983043052,0.0,0.0,0.0,0.0012602476888191173,0.0,0.0,0.0,0.0,0.0,0.0,0.0,0.000651561087176214,5.069862708117864e-06
Deegan 426.0,0.0,0.0,0.0,0.0,0.0,0.0,0.0,0.0,0.0,0.0,0.0,0.0,0.0,0.00035902345619913834,0.0
Deefer 425.0,0.0,0.0,0.0,0.0005585552038726494,0.002435064935064935,0.0,0.0,0.0,0.0,0.0,0.0,0.0,0.0,0.0,0.0
Deece 424.0,0.0,0.0,0.0,0.0,0.0,0.0,0.0,0.0,0.0,0.0,5.356186395286556e-05,0.0009251228678808905,0.0,0.0,0.0
Declan 423.0,0.0,0.0,0.0,0.001861850679575498,0.0,0.0,0.0,0.0,0.0,0.0,0.0,0.0,0.0,0.0,0.0
Deckter 422.0,0.0,8.344041519950603e-06,0.0,0.0,0.0,0.0,0.0,0.0,0.0,0.0,0.0,0.0037303341446810094,0.0,0.00018916289627696537,5.2988242497748005e-05
David Catarel Dave 421.0,0.007612754955472565,0.0,0.0,0.0,0.0,0.0,0.0,0.0,0.0,0.0,0.0,0.0,0.0,0.0,0.0
Dannell 420.0,0.0,0.0,0.0,0.0003723701359150996,0.0,0.0,0.0,0.0,0.0,0.0,0.0,0.0,0.0,0.0,0.0
Dangel 419.0,0.0,0.0,0.0,0.0003723701359150996,0.0,0.0,0.0,0.0,0.0,0.0,0.0,0.0,0.0,0.0,0.0
Dag 418.0,0.0,0.0,0.0,0.010124288032099827,0.005176583620461171,0.0,0.0,0.0,0.0,0.0,0.0,0.0,0.0,0.0,0.0
D’wer 417.0,0.0,0.0,0.0,0.0,0.0,0.0,0.0,0.0,0.0016482610845557936,0.0,0.0,0.0,0.0,0.0,0.0
D’say 416.0,0.0,0.0,0.0,0.003537516291193446,0.0,0.0,0.0,0.0,0.0,0.0,0.0,0.0,0.0,0.0,0.0
D’ram 415.0,0.0,7.540040758109209e-05,0.0,0.0,0.0,0.0008265592129097046,0.0,7.70491573623972e-05,0.0037489598271394525,0.0,0.0,0.0,0.004961740729732136,0.00390734772269629,0.0009609750294277821
D’nol 414.0,0.0,0.0,0.0,0.0,0.0,0.0,0.0,0.006605850896508336,0.0,0.0,0.0,0.0,0.0,0.0,0.0
D’nek 413.0,0.0,0.0,0.0,0.0,0.0,0.0,0.0,0.0,0.00016482610845557937,0.0,0.0,0.0,0.0,0.0,0.0
D’namal 412.0,0.0,0.0,0.0,0.0,0.0,0.0,0.0,0.0,0.0,0.0005149330587023687,0.0,0.0,0.0,0.0,0.0
D’miel 411.0,0.0,0.0,0.0017023346303501946,0.0,0.0,0.0,0.0,0.0,0.0,0.0,0.0,0.0,0.0,0.0,0.0
D’fio 410.0,0.0,0.0,0.0,0.0,0.0,0.0,0.0,0.0,0.0,0.0,0.0,0.0,0.0006626027034190299,0.0,0.0
D’clan 409.0,0.0,0.0,0.0,0.0,0.0,0.0,0.0,0.0,0.0,0.0,0.0,0.0,0.0,0.0005983724269985639,0.0
Curran 408.0,0.0,0.006145260154572105,0.0,0.0,0.0,0.0,0.0,0.0,0.0,0.0,0.0,0.0,0.0,0.0,0.00013826898294866903
Curmir 407.0,0.0,0.0,0.0,0.0024204058834481476,0.0,0.0,0.0,0.0,0.0,0.0,0.0,0.0,0.0,0.0,0.0
Crivelan Crivellan-aux-doigts-agiles 406.0,0.0,0.0,0.0,0.0,0.0,0.0,0.0,0.0,0.0,0.0,0.0,0.0,0.0,0.0,0.0001825150574922431
Crenden Cren 405.0,0.0,0.0,0.0,0.0,0.0,0.011773940345368918,0.0,0.0,0.0,0.0,0.0,0.0,0.0,0.0,0.0
Creline 404.0,0.0,0.0,0.0,0.0,0.0,0.0,0.0004702194357366771,0.0,0.0,0.0,0.0,0.0,0.0,0.0,0.0
Cr’not 403.0,0.0,0.0,0.0,0.0016756656116179481,0.0,0.0,0.0,0.0,0.0,0.0,0.0,0.0,0.0,0.0,0.0
Corman 402.0,0.0,2.639441705290497e-06,0.0,0.0,0.0,0.00023067311697049306,0.0,1.2839360343067707e-05,0.0005449352973429358,0.0,0.0,0.0,3.3806260378521934e-05,0.0041080098865778954,7.4495941833568605e-06
Cording 401.0,0.0,0.0,0.0,0.0,0.0,0.0,0.0006269592476489029,0.0,0.0,0.0,0.0,0.0,0.0,0.0,0.0
Conwy 400.0,0.0,0.0,0.0,0.0,0.0,0.0026687598116169543,0.0,0.0,0.0,0.0,0.0,0.0,0.0,0.0,0.0
Colmin 399.0,0.0,0.0,0.0,0.0,0.0,0.0,0.0,0.0,0.0,0.0,0.0,0.0,0.0,0.0,0.0001825150574922431
Cogneur 398.0,0.0,0.0,0.0,0.0,0.0,0.0075353218210361065,0.0,0.0,0.0,0.0,0.0,0.0,0.0,0.0,0.0
Cobber Alhinwa 397.0,0.0037345590347601263,0.0,0.0,0.0,0.0,0.0,0.0,0.0,0.0,0.0,0.0,0.0,0.0,0.0,0.0
Clostan 396.0,0.0,0.0,0.0,0.0,0.0,0.0,0.006426332288401254,0.0,0.0,0.0,0.0,0.0,0.0,0.0,0.0
Clisser Cliss 395.0,0.0,0.0,0.040126459143968875,0.0,0.0,0.0,0.0,0.0,0.0,0.0,0.0,0.0,0.0,0.0,0.0
Clim 394.0,0.0,0.0,0.00024319066147859923,0.0,0.0,0.0,0.0,0.0,0.0,0.0,0.0,0.0,0.0,0.0,0.0
Clell 393.0,0.0,0.0,0.0,0.0,0.0,0.0,0.0,0.0,0.0,0.0,0.0,0.007227522405319456,0.0,0.0,0.0
Clagesh 392.0,0.0,0.0,0.0,0.0005585552038726494,0.0,0.0,0.0,0.0,0.0,0.0,0.0,0.0,0.0,0.0,0.0
Ciparis 391.0,0.0,0.0,0.0,0.0,0.0,0.0,0.0,0.0,0.0,0.0,0.0,0.0,0.0,9.573958831977023e-05,0.0003285271034860376
Chung 390.0,0.0011490950876185005,0.0,0.0,0.0,0.0,0.0,0.0,0.0,0.0,0.0,0.0,0.0,0.0,0.0,0.0
Chuck Kimmage 389.0,0.0006463659867854065,0.0,0.0,0.0,0.0,0.0019623233908948197,0.0,0.0,0.0,0.0,0.0,0.0,0.0,0.0,0.0
Chuck Havers 388.0,0.002010916403332376,0.0,0.0,0.0,0.0,0.0,0.0,0.0,0.0,0.0,0.0,0.0,0.0,0.0,0.0
Chomas 387.0,0.0,0.0,0.0009727626459143969,0.0,0.0,0.0,0.0,0.0,0.0,0.0,0.0,0.0,0.0,0.0,0.0
Chochol 386.0,0.0,0.0,0.0,0.0,0.0,0.0,0.0023510971786833857,0.0,0.0,0.0,0.0,0.0,0.0,0.0,0.0
Childon 385.0,0.0,0.0,0.0,0.0,0.0,0.0018838304552590266,0.0,0.0,0.0,0.0,0.0,0.0,0.0,0.0,0.0
Chichis-Fusi 384.0,0.00043091065785693766,0.0,0.0,0.0,0.0,0.0,0.0,0.0,0.0,0.0,0.0,0.0,0.0,0.0,0.0
Chesmic 383.0,0.0,0.0,0.0,0.0,0.0,0.0,0.0,0.0,0.0,0.0,0.0,0.0,0.0,0.0,0.003102755977368133
Chalkin 382.0,0.0,0.0,0.07368677042801557,0.0,0.0,0.0,0.0,0.0,0.0,0.0,0.0,0.0,0.0,0.0,0.0
Chaldon 381.0,0.0,0.0,0.0017023346303501946,0.0,0.0,0.0,0.0,0.0,0.0,0.0,0.0,0.0,0.0,0.0,0.0
Chad 380.0,0.0,0.0,0.0,0.0,0.0,0.0,0.0,0.0,0.0011537827591890555,0.0,0.0,0.0,0.0,0.0,0.0
Caselon 378.0,0.0,0.0,0.0,0.0,0.0,0.0,0.0,0.0,0.0,0.0,0.0,0.0,0.0,0.003709909047391096,0.0
Capiam 377.0,0.0,0.0,0.0,0.0729440240069217,0.005729564553093965,0.0,0.0,0.0,0.0,0.0,4.72604681937049e-06,0.0,0.0,0.0,0.0
Canell 376.0,0.0,0.0,0.0007295719844357977,0.0,0.0,0.0,0.0,0.0,0.0,0.0,0.0,0.0,0.0,0.0,0.0
Candler 375.0,0.0,0.0,0.0,0.0,0.0,0.0,0.0,0.0,0.0,0.0,0.0,0.005492917028042787,0.0,0.0,0.0
Campen 374.0,0.0,0.0,0.0,6.619913527379548e-05,0.030321067821067818,0.0,0.0,0.0,0.0,0.0,0.0,0.0,0.0,0.0,0.0
Camo 373.0,0.0,0.00022040119139088457,0.0,0.0,0.0,0.0,0.00011222199551112018,0.0,0.0,0.0,0.03105954241053743,6.15836228618936e-05,0.0,0.0,0.0
Camo 372.0,0.0,0.00022040119139088457,0.0,0.0,0.0,0.0,0.00011222199551112018,0.0,0.0,0.0,0.03105954241053743,6.15836228618936e-05,0.0,0.0,0.0
Calewis 371.0,0.0,0.0,0.0,0.0,0.0,0.0,0.0,0.0,0.0,0.0,0.0,0.0,0.0,0.00023934897079942556,0.0
Cabot Francis Carter 369.0,0.00560183855214019,0.0,0.0,0.0,0.0,0.0,0.0,0.0,0.0,0.0,0.0,0.0,0.0,0.0,0.0
C’vrel 368.0,0.0,0.0,0.0,0.0,0.0,0.0,0.00219435736677116,0.0,0.0,0.0,0.0,0.0,0.0,0.0,0.0
C’vert 367.0,0.0,0.0,0.0,0.0003723701359150996,0.0,0.0,0.0,0.0,0.0,0.0,0.0,0.0,0.0,0.0,0.0
C’ver 366.0,0.0,0.0,0.0,0.0011171104077452988,0.0,0.0,0.0,0.0,0.0,0.0,0.0,0.0,0.0,0.0,0.0
C’tarel 365.0,0.0,0.0,0.0,0.0,0.0,0.0,0.0,0.0,0.0,0.0010298661174047373,0.0,0.0,0.0,0.0,0.0
C’rob 364.0,0.0,0.0,0.0,0.0,0.0,0.0,0.004702194357366771,0.0,0.0,0.0,0.0,0.0,0.0,0.0,0.0
Burdion 362.0,0.0,0.0,0.0,0.000930925339787749,0.0,0.0,0.0,0.0,0.0,0.0,0.0,0.0,0.0,0.0,0.0
Brudegan Bruddie 361.0,0.0,0.0,0.0,0.0,0.0,0.0,0.0,0.0,0.0005873803137689737,0.0,0.008185226664069728,0.0,0.0,0.0,0.0
Brosil 360.0,0.0,0.0,0.0,0.0,0.0,0.0,0.00015673981191222572,0.0,0.0,0.0,0.0,0.0,0.0,0.0,0.0
Brookie 359.0,0.0,0.0,0.0007295719844357977,0.0,0.0,0.0,0.0,0.0,0.0,0.0,0.0,0.0,0.0,0.0,0.0
Brolly 358.0,0.0,0.0,0.0,0.0,0.0,0.0,0.0,0.0,0.0,0.0,0.00192822710230316,0.0009251228678808905,0.0,0.0,0.0
Brodo 357.0,0.0,0.0,0.0,0.0,0.0,0.0,0.0004702194357366771,0.0,0.0,0.0,0.0,0.0,0.0,0.0,0.0
Bristol 356.0,0.0,0.0,0.0,0.0,0.0,0.0,0.0004702194357366771,0.0,0.0,0.0,0.0,0.0,0.0,0.0,0.0
Briskin 355.0,0.0,0.0,0.00048638132295719845,0.0,0.0,0.0,0.0,0.0,0.0,0.0,0.0,0.0,0.0,0.0,0.0
Brinaret 354.0,0.0,0.0,0.0,0.0,0.0,0.0,0.0,0.0,0.0,0.0,0.0,0.0002891008962127783,0.0,0.0,0.0
Bridgely 353.0,0.0,0.0,0.020671206225680933,0.0,0.0,0.0,0.0,0.0,0.0,0.0,0.0,0.0,0.0,0.0,0.0
Briaret 352.0,0.0,0.0,0.0,0.0,0.0,0.0005651491365777079,0.0,0.0,0.0,0.0,0.0,2.891008962127783e-05,1.32520540683806e-05,4.7869794159885116e-05,0.0
Brian 351.0,0.003878195920712439,0.0,0.0,0.0,0.0,0.0,0.0,0.0,0.0,0.0,0.0,0.0,0.0,0.0,0.0
Brever 350.0,0.0,0.0,0.0,0.0,0.0,0.0003139717425431711,0.0,0.0,0.0,0.0,0.0,0.0,0.0,0.0,0.0
Brestolli 349.0,0.0,0.0,0.0,0.0,0.0,0.0,0.0,0.0,0.0,0.0,0.0,0.0,0.0,0.0013164193393968406,0.0
Brenton 348.0,0.0,0.0,0.00024319066147859923,0.0,0.0,0.0,0.0,0.0,0.0,0.0,0.0,0.0,0.0,0.0,0.0
Breide 347.0,0.0,0.0,0.0,0.0,0.0,0.005277579563293849,0.0,0.0,0.0,0.0,0.0,0.0,0.0,0.00031332956177379344,0.0
Bravonner 346.0,0.0,0.0,0.0,0.0,0.0,0.0,0.0007836990595611285,0.0,0.0,0.0,0.0,0.0,0.0,0.0,0.0
Brand 344.0,0.0,0.0,0.0,0.0,0.0,1.5357313493959455e-05,0.0,3.4191774826647697e-06,0.0,0.0,0.0,0.0,0.0016651494025052142,0.002873488459217017,9.720910670782514e-05
Brahil 343.0,0.0,0.0,0.0,0.0,0.0,0.0,0.00031347962382445143,0.0,0.0,0.0,0.0,0.0,0.0,0.0,0.0
Brace 342.0,0.0,0.0,0.0,0.0,0.003246753246753247,0.0,0.0,0.0,0.0,0.0,0.0,0.0,0.0,0.0,0.0
Bourdon 341.0,0.0,0.0,0.0,0.0,0.0,0.0,0.0026728262662926907,0.0,8.675058339767334e-06,0.0,0.0,0.0,0.0,0.0,0.0
Bosler 340.0,0.0,0.0,0.0,0.0,0.0,0.0,0.0023510971786833857,0.0,0.0,0.0,0.0,0.0,0.0,0.0,0.0
Boskoney 339.0,0.0,0.010605276771857217,0.0,0.0,0.0,0.0,0.0,0.0,0.0,0.0,0.0,0.0,0.0,0.0,0.0
Boris Pahlevi 338.0,0.001931118133358869,0.0,0.0013240380458279292,0.0,0.0,0.0,0.0,0.0,0.0,0.0,0.0,0.0,0.0,0.0,0.0
Borgald Amhold 337.0,0.0,0.0,0.0,0.0,0.0,0.007221350078492936,0.0,0.0,0.0,0.0,0.0,0.0,0.0,0.0,0.0
Borel 336.0,0.0,0.0,0.0,0.0,0.0,0.0009419152276295133,0.0,0.0,0.0,0.0,0.0,0.0,0.0,0.0,0.0
Bonz 335.0,0.0,0.0,0.0,0.0,0.0,0.0,0.0,0.0,0.0,0.0,8.240286761979318e-05,0.0026908621878266284,0.0,0.0,0.0
Bob Jepson 334.0,0.0011490950876185005,0.0,0.0,0.0,0.0,0.0,0.0,0.0,0.0,0.0,0.0,0.0,0.0,0.0,0.0
Bob Jorgensen 333.0,0.0002872737719046251,0.0,0.0,0.0,0.0,0.0,0.0,0.0,0.0,0.0,0.0,0.0,0.0,0.0,0.0
Bloors 332.0,0.0,0.0,0.0,0.0,0.0,0.00141287284144427,0.0,0.0,0.0,0.0,0.0,0.0,0.0,0.0,0.0
Blesserel 331.0,0.0,0.0,0.0,0.0,0.0,0.0,0.0,0.0,0.0,0.0,0.0,0.0,0.0,0.0035902345619913834,0.0
Birsan 330.0,0.0,0.0,0.0,0.0,0.0,0.0003139717425431711,0.0,0.0,0.0,0.0,0.0,0.0,0.0,0.0,0.0
Binness 329.0,0.0,0.0,0.0,0.0,0.0,0.0,0.0,0.0,0.0,0.0,0.0,0.0,0.0,0.0,0.008030662529658696
Bill Duff 328.0,0.0034472852628555013,0.0,0.0,0.0,0.0,0.0,0.0,0.0,0.0,0.0,0.0,0.0,0.0,0.0,0.0
Bestrum 327.0,0.0,0.0,0.0,0.0,0.011363636363636364,0.0,0.0,0.0,0.0,0.0,0.0,0.0,0.0,0.0,0.0
Bessel 326.0,0.0,0.0,0.0,0.0001861850679575498,0.0,0.0,0.0,0.0,0.0,0.0,0.0,0.0,0.0,0.0,0.0
Besic 325.0,0.0,0.0,0.0,0.0,0.0,0.0,0.0,0.0,0.0,0.0,0.0,0.0,0.0,0.0,0.0025552108048914036
Besel 324.0,0.0,0.0,0.0,0.0,0.0,0.0,0.0,0.0,0.0,0.0,0.0,0.004336513443191674,0.0,0.0,0.0
Berdine 323.0,0.0,0.0,0.0,0.0,0.0,0.0,0.0,0.0,0.0,0.0,0.0,0.003469210754553339,0.0,0.0,0.0
Benis 321.0,0.0,0.0,0.0,0.0,0.0,0.0,0.0,0.0,0.0,0.0,0.009373326191751474,0.0,0.0,0.0,0.0
Benini 320.0,0.0,0.0,0.0,0.0,0.0,0.0,0.0,0.0,0.0,0.0,0.0,0.0,0.0,0.0,0.002007665632414674
Benelek 319.0,0.0,0.00013115423008823763,0.0,0.0,0.0,2.2110686094589515e-06,0.0,0.0,0.0,0.0,1.50878490008072e-05,0.0,0.0006047416222753964,0.002433943055171623,9.254284605240497e-05
Bendarek 318.0,0.0,3.9794659556687495e-06,0.0,0.0,0.0,9.660669001328343e-06,0.0,0.0,0.0006491612886865896,0.0,4.120143380989659e-06,0.0,9.990009990009991e-05,0.0025205287771108737,2.807923961419125e-06
Belterac 317.0,0.0,0.0,0.0,0.0,0.0,0.0,0.0,0.0,0.0,0.0,0.0,0.0,0.0,0.001675442795595979,0.0
Belesdan Belesden 316.0,0.0,0.0,0.0,0.0,0.0,2.6164311878597592e-05,0.0,0.0,0.0006867754518982474,0.0,0.0,0.0,0.0,0.0,0.0
Begamon 315.0,0.0,8.083290222452147e-06,0.0,0.0,0.0,0.0,0.0,0.0,0.0,0.0,0.0,0.0,0.00010353167240922343,0.0025281235040689326,0.0
Becky Nielsen 314.0,0.00043091065785693766,0.0,0.0,0.0,0.0,0.0,0.0,0.0,0.0,0.0,0.0,0.0,0.0,0.0,0.0
Batunon 313.0,0.0,0.0,0.0,0.0,0.0,0.0,0.0,0.0,0.0,0.0,0.0,0.0,0.00026504108136761196,0.0,0.0
Batim 312.0,0.0,0.0,0.0,0.0,0.0,0.0,0.0,0.0,0.0,0.0,0.0,0.0,0.0,0.0,0.003285271034860376
Bastom 311.0,0.0,0.0,0.005107003891050584,0.0,0.0,0.0,0.0,0.0,0.0,0.0,0.0,0.0,0.0,0.0,0.0
Basil 310.0,0.00014363688595231256,0.0,0.0,0.0,0.0,0.0,0.0,0.0,0.0,0.0,0.0,0.0,0.0,0.0,0.0
Bart Lemos 309.0,0.0016495938020237636,1.606616690176824e-06,0.0,4.163144376690555e-05,2.0166169234492217e-05,0.0009370398900123834,3.894156817695048e-06,3.1261051270077896e-05,0.002985297715878692,0.0,1.663411924002036e-06,0.0,8.23108948346621e-07,0.00012562104368044386,1.0202705077206138e-05
Barndy 308.0,0.0,0.0,0.0,0.0,0.003246753246753247,0.0,0.0,0.0,0.0,0.0,0.0,0.0,0.0,0.0,0.0
Bargen 306.0,0.0,5.173305742369374e-06,0.0,0.0,0.0,0.0,0.0006144200626959248,6.291286568103177e-06,1.3186088676446349e-05,0.0,0.0,5.203816131830008e-05,0.0,0.0004044997606510292,0.0009344770943602847
Bantur 305.0,0.0,0.0,0.0,0.0,0.0,0.0,0.0,0.0,0.0,0.0,2.975659108492531e-05,0.002055828595290868,0.0,0.0,0.0
Banger 304.0,0.0,0.0,0.0,0.0,0.0,0.0,0.0,0.0006291286568103177,0.0,0.0,0.0,0.0,0.0,0.0,0.0
Banak 303.0,0.0,0.0,0.0,0.0,0.0,0.0,0.0,0.0,0.0,0.0,0.0,0.003180109858340561,0.0,0.0,0.0
Balfor 302.0,0.0,0.0,0.0,0.0015515422329795817,0.00027056277056277056,0.0,0.0,0.0,0.0,0.0,0.0,0.0,0.0,0.0,0.0
Baldor 301.0,0.0,0.0,0.0,0.0,0.0,0.0,0.0,0.0,0.0,0.0,0.0,0.0,0.0010601643254704478,0.0,0.0
Baid 300.0,0.0,0.0,0.0,0.0001861850679575498,0.0,0.0,0.0,0.0,0.0,0.0,0.0,0.0,0.0,0.0,0.0
Bahka 299.0,0.0002872737719046251,0.0,0.0,0.0,0.0,0.0,0.0,0.0,0.0,0.0,0.0,0.0,0.0,0.0,0.0
B’zon 298.0,0.0,0.0,0.0,0.0,0.0,0.0002803319129849742,0.0,0.0,0.0,0.0,0.0,0.0,0.0007667259853848775,0.0,0.0
B’rant 297.0,0.0,0.0,0.0,0.0,0.0,0.0,2.612330198537095e-05,0.0013106847016881621,0.0,0.0,0.0,0.0,0.0,0.0,0.0
B’nurrin 296.0,0.0,0.0,0.007782101167315175,0.0,0.0,0.0,0.0,0.0,0.0,0.0,0.0,0.0,0.0,0.0,0.0
B’naj 294.0,0.0,0.0,0.0,0.0,0.0,0.0,0.0,0.0,0.0021427394099225315,0.0,0.0,0.0,0.0,0.0,0.0
B’lerion 293.0,0.0,0.0,0.0,0.01784273567926519,0.003111471861471861,0.0,0.0,0.0,0.0,0.0,0.0,0.0,0.0,0.0,0.0
B’dor 292.0,0.0,0.0,0.0,0.0,0.0,0.0,0.0,0.0,0.0009889566507334763,0.0,0.0,0.0,0.0,0.0,0.0
Azury 291.0,0.0,0.0,0.009484435797665369,0.0,0.0,0.0,0.0,0.0,0.0,0.0,0.0,0.0,0.0,0.0,0.0
Athpathis 290.0,0.0002872737719046251,0.0,0.0,0.0,0.0,0.0,0.0,0.0,0.0,0.0,0.0,0.0,0.0,0.0,0.0
Ashmichel 289.0,0.0,0.0,0.0,0.0,0.0,0.0,0.0007836990595611285,0.0,0.0,0.0,0.0,0.0,0.0,0.0,0.0
Asgenar 288.0,0.0,3.448870494912916e-05,0.0,0.0,0.0,0.00879644165358451,0.0,0.0,0.0048355096484320155,0.0,9.918863694975103e-07,0.0,7.853069077558873e-06,0.0008975586404978459,2.703926777662861e-06
Arthied Desi 287.0,0.0034472852628555013,0.0,0.0,0.0,0.0,0.0,0.0,0.0,0.0,0.0,0.0,0.0,0.0,0.0,0.0
Arnor 286.0,0.0,0.0,0.0,0.0,0.0,5.232862375719518e-05,0.0,0.0,0.0,0.0,0.0014283163720764148,9.636696540425942e-05,1.9632672693897182e-05,0.000217187029058738,0.0
Armor 285.0,0.0,0.0,0.0,0.0,0.0,0.00015698587127158556,0.0,0.0,0.0,0.0,0.0,0.0,0.0,0.0,0.0
Arminet 284.0,0.0,0.0,0.0,0.0,0.0,0.0,0.0,0.0,0.0,0.0,0.0,0.0,0.0,0.0,0.0027377258623836466
Anskono 282.0,0.0,0.0005173305742369374,0.0,0.0,0.0,0.0,0.0,0.0,0.0,0.0,0.0,0.0,0.0,0.0,0.0
Anguille 281.0,4.255907731920372e-06,0.0,0.0,0.0,0.0,0.0,0.020537559503076744,0.0,0.0,0.0,0.0,0.0,0.0,0.0,0.0
Andremon 280.0,0.0,0.0002586652871184687,0.0,0.0,0.0,0.0,0.0,0.0,0.0,0.0,0.0,0.0,0.0,0.0,0.0
Andemon 279.0,0.0,4.7900979096012714e-06,0.0,0.0,0.0,0.0,0.0,0.0,0.007630838354424971,0.0,0.0,0.0,2.208675678063433e-05,0.0,0.0
Anchoran 278.0,0.0,0.0,0.0,0.0,0.0,0.00015698587127158556,0.0,0.0,0.0,0.0,0.0,0.0,0.0,0.0,0.0
Ampris 277.0,0.0,0.0,0.0,0.0,0.0,0.0,0.0,0.0,0.0,0.0,0.0,0.0,0.0,0.00011967448539971278,0.0
Alessan 276.0,0.0,0.0,0.0,0.08847539420627056,0.024514076527499346,0.0,0.0,0.0,0.0,0.0,0.0,0.0,0.0,0.0,0.0
Alemi Onclemi Lemi 275.0,0.0,0.09368492748273183,0.0,0.0,0.0,3.7865938799176416e-05,0.0,0.0,0.0,0.008115586514791603,1.7943673016035364e-06,0.0,0.0,8.840276057164712e-05,0.0
Alemi 274.0,0.0,0.08632440732802864,0.0,0.0,0.0,3.986942762452966e-05,0.0,0.0,0.0,0.008544982626685339,1.889307370471448e-06,0.0,0.0,9.308015531088771e-05,0.0
Aleki 273.0,0.0,0.0007759958613554061,0.0,0.0,0.0,0.0,0.0,0.0,0.0,0.0,0.0,0.0,0.0,0.0,0.0
Afnor 272.0,0.0,0.0,0.0,0.0,0.0,0.0,0.0,0.0,0.0,0.0,0.0,0.0,0.0,0.00026926759214935376,4.5628764373060775e-05
A’murry 271.0,0.0,0.0,0.0,0.003909886427108546,0.0,0.0,0.0,0.0,0.0,0.0,0.0,0.0,0.0,0.0,0.0
A’dan 270.0,0.0,0.0,0.0,0.005213181902811394,0.0,0.0,0.0,0.0,0.0,0.0,0.0,0.0,0.0,0.0,0.0
Zulaya 269.0,0.0,0.0,0.04328793774319066,0.0,0.0,0.0,0.0,0.0,0.0,0.0,0.0,0.0,0.0,0.0,0.0
Zalla 268.0,0.0,0.0,0.0,0.0,0.0,0.0,0.0,0.0,0.0,0.0,0.0,0.0,0.0,0.0,0.0003650301149844862
Winalla 267.0,0.0,0.0,0.0,0.0,0.0,0.0,0.00109717868338558,0.0,0.0,0.0,0.0,0.0,0.0,0.0,0.0
Wimmia 266.0,0.0,0.0,0.0,0.000930925339787749,0.0,0.0,0.0,0.0,0.0,0.0,0.0,0.0,0.0,0.0,0.0
Wil 265.0,0.0,0.0,0.0,0.0,0.0,0.0,0.0,0.0,0.0,0.0,0.0,0.0,0.0,0.0,0.0001825150574922431
Virginia 264.0,0.0,0.0,0.0,0.0,0.0,0.0,0.0,0.00031456432840515884,0.0,0.0,0.0,0.0,0.0,0.0,0.0
Vessa 263.0,0.0,0.0,0.0,0.0,0.0,0.0,0.0,0.0,0.0,0.0,0.0,0.0,0.0,0.0,0.0001825150574922431
Vesna 262.0,0.0,0.0,0.0,0.0,0.0,0.0,0.0009404388714733542,0.0,0.0,0.0,0.0,0.0,0.0,0.0,0.0
Varena Vanira Nanira 261.0,0.0,0.0,0.0,0.0,0.0,0.0,0.0,0.0,0.0009889566507334763,0.0,0.0,0.0,0.0,0.0,0.0
Valli Lieb 260.0,0.0011490950876185005,0.0,0.0,0.0,0.0,0.0,0.0,0.0,0.0,0.0,0.0,0.0,0.0,0.0,0.0
Tumara 259.0,0.0,0.0,0.0,0.0,0.0,0.0,0.0,0.0,0.0,0.0,0.0,0.0,0.0,0.0007180469123982767,0.0
Triana 258.0,0.0,0.0,0.0,0.0,0.0,0.0,0.0007836990595611285,0.0,0.0,0.0,0.0,0.0,0.0,0.0,0.0
Torene 257.0,0.0,0.0,0.0,0.0,0.0,0.0,0.0,0.0009436929852154766,0.0,0.0,0.0,0.0,0.0,0.0,0.0
Tisha 256.0,0.0,0.0,0.021157587548638133,0.0,0.0,0.0,0.0,0.0,0.0,0.0,0.0,0.0,0.0,0.0,0.0
Thea 255.0,0.0,0.0,0.005836575875486381,0.0,0.0,0.0,0.0,0.0,0.0,0.0,0.0,0.0,0.0,0.0,0.0
Tenna 254.0,0.0,0.0,0.0,0.0,0.0,0.0,0.0,0.0,0.0,0.0,0.0,0.0,0.0,0.0,0.003285271034860376
Temma 253.0,0.0,0.003420716450056484,0.0,0.0,0.0,0.006157690705795663,0.0,0.0,0.0,0.0,0.0,0.0,0.0,0.0,0.0
Tellani 252.0,0.0,0.0,0.0,0.0014894805436603984,0.0,0.0,0.0,0.0,0.0,0.0,0.0,0.0,0.0,0.0,0.0
Tela 251.0,0.0,0.0,0.0,0.0,0.0,0.0,7.836990595611286e-05,0.001415539477823215,0.0,0.0,0.0,0.0,0.0,0.0,0.0
Tarrie Chernoff 250.0,0.00617638609594944,0.0,0.0,0.0,0.0,0.0,0.0,0.0,0.0,0.0,0.0,0.0,0.0,0.0,0.0
Talina 249.0,0.0,0.0,0.0,0.0,0.0,0.0,0.0,0.0,0.0013244955143751913,0.0,9.564618563011706e-06,0.0,0.0,0.0,0.0009386488671029646
Tai 248.0,0.0,0.0,0.0,0.0,0.0,0.0,0.0,0.0,0.0,0.0,0.0,0.0,0.0,0.0,0.08724219748129221
T’bor 247.0,0.0,5.5835238188568136e-05,0.0,0.0,0.0,2.7662708594111997e-06,0.0,0.00086609121256927,0.023525841030664192,2.2684275713760736e-06,0.0,6.240503927059971e-05,5.25411835310244e-06,2.108801504840754e-06,0.0
Sydra 246.0,0.0,0.0,0.0048638132295719845,0.0,0.0,0.0,0.0,0.0,0.0,0.0,0.0,0.0,0.0,0.0,0.0
Svenda Olubushtu 245.0,0.001580005745475438,0.0,0.0,0.0,0.0,0.0,0.0,0.0,0.0,0.0,0.0,0.0,0.0,0.0,0.0
Suze 244.0,0.0,0.0,0.0012159533073929961,0.0,0.0,0.0,0.0,0.0,0.0,0.0,0.0,0.0,0.0,0.0,0.0
Sue Havers 242.0,0.0006437060444529563,0.002452530129715851,0.0,0.0,0.0,0.0,0.0,0.0,0.0,0.0,0.0,0.0,0.0,0.0,0.0
Stolla 241.0,0.0,0.0,0.0,0.0,0.0,0.0,0.00031347962382445143,0.0,0.0,0.0,0.0,0.0,0.0,0.0,0.0
Stella 240.0,0.0,0.0,0.0,0.0,0.0,0.0,0.0,0.0,0.0,0.0005149330587023687,0.0,0.0,0.0,0.0,0.0
Sorka 239.0,0.06191273290279349,0.0,2.215860241262863e-06,0.0,0.0,0.0,0.0,0.0,0.0,0.0,0.0,0.0,0.0,1.0904281129814377e-06,0.0
Soreel 238.0,0.0,0.0,0.0,0.0,0.0,0.0,0.0,0.0,0.0,0.003089598352214212,0.0,0.0,0.0,0.0,0.0
Solth 237.0,0.0,0.0,0.0,0.0,0.0,0.0,0.0,0.0,5.494203615185979e-05,0.0,0.0,0.0,0.0,3.9891495133237594e-05,6.0838352497414364e-05
Sitta 236.0,0.0,0.0,0.0,0.0,0.0,0.0,0.0017241379310344827,0.0,0.0,0.0,0.0,0.0,0.0,0.0,0.0
Sirrie 235.0,0.0,0.0,0.0,0.0,0.0,0.0,0.0007836990595611285,0.0,0.0,0.0,0.0,0.0,0.0,0.0,0.0
Sira 234.0,3.590922148807814e-05,0.0,0.0,0.0,0.0018262987012987013,0.0,0.0,0.0,0.0,0.0,0.0,0.0,0.0,0.0,0.0
Sim 233.0,0.0,0.0,0.0,2.659786685107854e-05,0.019596474953617812,0.0,0.0,0.0,0.0,0.0,0.0,0.0,0.0,0.0,0.0
Silvina 232.0,0.0,0.0,0.0,0.0,0.0,4.563542769522836e-07,0.0008821170809943865,0.0,0.0,0.0,0.03768014847846938,0.004602082871108063,9.63085324736962e-06,0.0,0.0
Silvana 231.0,0.0,0.0,0.0,0.0,0.0,0.0,0.0002786485545106235,0.0,0.0,0.0,2.975659108492531e-05,0.0,0.00023559207232676618,0.0,0.0
Silga 229.0,0.0,0.0,0.0,4.654626698938745e-05,0.0,0.0,0.0,0.0,0.0,0.0,0.0,0.0,0.0,0.00026926759214935376,0.0
Sicca 228.0,0.0,0.0,0.0,0.0,0.0,0.0,0.0,0.0,0.0,0.0,0.0,0.0,0.0,0.0,0.0001825150574922431
Shavva Fahroud 227.0,0.001005458201666188,0.0,0.0,0.0,0.0,0.0,0.0,0.0,0.0,0.0,0.0,0.0,0.0,0.0,0.0
Sharra Sharrie 226.0,0.0,2.9618162647152904e-06,0.0,0.0,0.0,0.004493870360827832,0.0,0.0,0.0,0.0,0.0,0.0004251916488829156,0.009231927131911554,0.011851885010176899,0.0017174063170644148
Sharra 225.0,0.0,2.9655892790652463e-06,0.0,0.0,0.0,0.004439800417962383,0.0,0.0,0.0,0.0,0.0,0.0004257332942955053,0.009243687548640103,0.011866982952865021,0.0017195940958122675
Sella 224.0,0.0,0.0,0.0,3.6506876070107803e-06,0.0,3.0781543386585404e-06,3.073329645337759e-06,0.0,0.0,0.02230366915046142,5.251163132633878e-06,0.0,0.0,0.0,0.0
Segoina 223.0,0.0,0.0,0.0,0.0,0.0,0.0,0.001567398119122257,0.0,0.0,0.0,0.0,0.0,0.0,0.0,0.0
Sarra 222.0,0.0,0.0,0.004134241245136187,0.0,0.0,0.0,0.0,0.0,0.0,0.0,0.0,0.0,0.0,0.0,0.0
Sarai 221.0,0.0,0.0,0.0014591439688715954,0.0,0.0,0.0,0.0,0.0,0.0,0.0,0.0,0.0,0.0,0.0,0.0
Sarah 220.0,0.00014363688595231256,0.0,0.0,0.0,0.0,0.0,0.0,0.0,0.0,0.0,0.0,0.0,0.0,0.0,0.0
Sanra 219.0,0.0,0.0,0.0,0.0,0.0,0.0,0.0,0.0,0.0,0.01132852729145211,0.0,0.0,0.0,0.0,0.0
Sallisha 218.0,0.0,0.0,0.006566147859922179,0.0,0.0,0.0,0.0,0.0,0.0,0.0,0.0,0.0,0.0,0.0,0.0
Sallah 216.0,0.03916529297846715,0.0,0.0,0.0,0.0,4.952235686800806e-07,0.0,0.0,0.0,0.0,0.0,0.0,0.0,0.0001827206654052397,0.0
Salda 215.0,0.0,0.0,0.00632295719844358,0.0,0.0,0.0,0.0,0.0,0.0,0.0,0.0,0.0,0.0,0.0,0.0
Sagassy 214.0,0.0,0.0,0.0,0.0,0.0,0.0,0.0,0.0,0.0,0.0,0.0,0.0,0.0,0.0,0.003832816207337105
Saday 213.0,0.0,0.0,0.0,0.0,0.0,0.0,0.0012539184952978057,0.0,0.0,0.0,0.0,0.0,0.0,0.0,0.0
Sabra Ongola Stein 212.0,0.030594656707842574,0.0,0.0,0.0,0.0,0.0,0.0,0.0,0.0,0.0,0.0,0.0,0.0,0.0,0.0
Rosheen 211.0,0.0,0.0,0.0,0.0,0.0,0.0,0.0,0.0,0.0,0.0,0.0,0.0,0.0,0.0,0.008395692644643182
Robina 210.0,0.0,0.0007759958613554061,0.0,0.0,0.0,0.0,0.0,0.0,0.0,0.0,0.0,0.0,0.0,0.0,0.0
Rill Nerilka 209.0,0.0,0.0,0.0,0.0019481973777587095,0.04658973273103708,0.0,0.0,0.0,0.0,0.00045149927610859856,0.0,0.0,0.0,0.0,0.0
Relna 208.0,0.0,0.0,0.0,0.0,0.0,0.0,0.0004702194357366771,0.0,0.0,0.0,0.0,0.0,0.0,0.0,0.0
Rannelly Rannely 207.0,0.0,0.0,0.0,0.0,0.0,0.0,0.0,0.0,0.002307565518378111,0.0,0.0,0.0,0.0,0.0,0.0
Ramala 206.0,0.0,6.158697312344492e-06,0.0,0.0,0.0,0.00359198624504747,0.0,0.0,0.0,0.0,0.0,0.0,0.0,2.849392509516971e-06,0.0003519933251636117
Prilla 205.0,0.0,0.0,0.0,0.0,0.0,0.0,0.0,0.0,0.0,0.0,0.0,0.0,0.0001060164325470448,0.0,0.0003285271034860376
Pona 204.0,0.0,0.0,0.0,0.0,0.0,0.0,0.0,0.0,0.0,0.0,0.02088912694161757,0.0,0.0,0.0,0.0
Pilgra 203.0,0.0,0.0,0.0,0.0,0.0,0.0,0.0,0.0,0.00039244311537042705,0.0,0.0,0.0,0.0,0.0,0.004449890925525165
Pessia 202.0,0.0,0.0,0.0,0.0,0.0,0.0,0.0012539184952978057,0.0,0.0,0.0,0.0,0.0,0.0,0.0,0.0
Patsy Swann 199.0,0.00014363688595231256,0.0,0.0,0.0,0.0,0.0,0.0,0.0,0.0,0.0,0.0,0.0,0.0,0.0,0.0
Palla 198.0,0.0,0.0,0.0,0.0,0.0,0.0,0.0,0.0,0.0,0.0,0.0,0.0,0.0,0.0,0.0029202409198758896
Orna 197.0,0.0,0.0,0.0,0.0033513312232358963,0.0,0.0,0.0,0.0,0.0,0.0,0.0,0.0,0.0,0.0,0.0
Oma 196.0,0.0,0.0,0.0,0.0011171104077452988,0.0,0.0,0.0,0.0,0.0,0.0,0.0,0.0,0.0,0.0,0.0
Oklina 195.0,0.0,0.0,0.0,0.010824713253345919,0.02446390818483842,0.0,0.0,0.0,0.0,0.0,0.0,0.0,0.0,0.0,0.0
Nyassa Clissmann 194.0,0.0017236426314277506,0.0,0.0,0.0,0.0,0.0,0.0,0.0,0.0,0.0,0.0,0.0,0.0,0.0,0.0
Nora Sejby 193.0,0.0017236426314277506,0.0,0.0,0.0,0.0,0.0,0.0,0.0,0.0,0.0,0.0,0.0,0.0,0.0,0.0
Nika 192.0,0.0,0.0002586652871184687,0.0,0.0,0.0,0.0,0.0,0.0,0.0,0.0,0.0,0.0,0.0,0.0,0.0
Nia 191.0,0.0,0.0,0.0,0.0,0.0036525974025974025,0.0,0.0,0.0,0.0,0.0,0.0,0.0,1.6565067585475748e-05,1.4959310674964098e-05,0.0
Nesso 190.0,0.0,0.0,0.0,0.016011915844349283,0.0,0.0,0.0,0.0,0.0,0.0,0.0,0.0,0.0,0.0,0.0
Nera 189.0,0.0,0.0,0.0,9.30925339787749e-05,0.0,0.0,0.0,0.0,0.0,0.0,0.0,0.0,0.0,5.983724269985639e-05,0.0
Neldama 188.0,0.0,0.0,0.0,0.0,0.0,0.0,0.0,0.0,0.0,0.0,0.0,0.0,0.0,0.0,0.0010950903449534588
Neilla 187.0,0.0,0.0,0.0,0.0,0.0,0.0,0.00015673981191222572,0.0,0.0,0.0,0.0,0.0,0.0,0.0,0.0
Nattai 186.0,0.0,0.0,0.0,0.0001861850679575498,0.0,0.0,0.0,0.0,0.0,0.0,0.0,0.0,0.0,0.0,0.0
Nataly 185.0,0.0,0.0,0.0,0.0,0.0,0.0,0.0,0.0,0.0,0.0,0.0,0.0,0.0,0.0007180469123982767,0.0
Namurra 184.0,0.0,0.0,0.0,0.0001861850679575498,0.0,0.0,0.0,0.0,0.0,0.0,0.0,0.0,0.0,0.0,0.0
Nalka 183.0,0.0,0.0,0.0,0.0,0.007305194805194805,0.0,0.0,0.0,0.0,0.0,0.0,0.0,0.0,0.0,0.0
Nadona 182.0,0.0,0.0,0.004377431906614786,0.0,0.0,0.0,0.0,0.0,0.0,0.0,0.0,0.0,0.0,0.0,0.0
Nadira 181.0,0.0,0.0,0.0,0.0,0.0,0.0,0.0,0.0,0.0004395362892148783,0.0,0.0,0.0,0.0,0.0,0.00012167670499482873
Murda 180.0,0.0,0.0,0.0,0.0,0.0,0.001098901098901099,0.0,0.0,0.0,0.0,0.0,0.0,0.0,0.0,0.0
Mislue 178.0,0.0,0.0002586652871184687,0.0,0.0,0.0,0.0,0.0,0.0,0.0,0.0,0.0,0.0,0.0,0.0,0.0
Mirrim 177.0,0.0,0.001265485749111882,0.0,0.0,0.0,1.2288522213039965e-06,0.0,0.0,0.0010115355696999938,0.011753775336016493,8.385419014147249e-06,0.0008605136264963517,0.001618514079075603,0.0016524915244234312,0.002829161977291698
Miridan 176.0,0.0,0.0,0.0,0.0003723701359150996,0.0,0.0,0.0,0.0,0.0,0.0,0.0,0.0,0.0,0.0,0.0
Miata 174.0,0.0,0.0,0.0,0.0,0.0,0.0,0.00015673981191222572,0.0,0.0,0.0,0.0,0.0,0.0,0.0,0.0
Mesla 173.0,0.0,0.0,0.0012159533073929961,0.0,0.0,0.0,0.0,0.0,0.0,0.0,0.0,0.0,0.0,0.0,0.0
Merika 171.0,0.0,0.0,0.0,0.0,0.0,0.0,0.0,0.0,0.0007417174880501072,0.0,0.0,0.0,6.626027034190299e-05,0.0,0.0
Menolly Nolly Monolly 168.0,0.0,0.002158852490296507,0.0,0.0,0.0,5.5320001622720044e-05,0.0,0.0,0.0,0.07502215784774917,0.10381281198108011,0.010392350892873516,0.005413365500783397,0.0006860431247992149,4.830860566356944e-05
Medda 166.0,0.0,0.0,0.0,0.0,0.0,0.0,0.0,0.0,0.0,0.0,0.0,0.0,0.0,0.0,0.0029202409198758896
Mechalla 165.0,0.0,0.0,0.0,0.0,0.0,0.00015698587127158556,0.0,0.0,0.0,0.0,0.0,0.0,0.0,0.0,0.0
Mavi 164.0,0.0,3.00773589672638e-06,0.0,0.0,0.0,0.0,0.0,0.0,0.0,0.042248461188417595,3.1140618577247417e-06,0.0,0.0,0.0,0.0
Mary Tubberman 163.0,0.014568527284763249,0.0,3.383522246658772e-05,0.0,0.0,0.0,0.0,0.0,0.0,0.0,0.0,0.0,0.0,0.0,1.4283787108088592e-05
Mari 162.0,3.647920913074605e-05,1.6423192832918648e-05,0.0006523685998394169,2.955318539008727e-06,0.00032209853638425065,0.00035882484862076697,0.0008981440015922773,0.0,0.0,0.0,4.250941583560759e-06,0.0,0.0,4.748987515861618e-05,2.897064404638779e-06
Margatta 161.0,0.0,0.0,0.0,0.0,0.0,0.0,0.0,0.0,0.0,0.0,0.0,0.0,0.0001060164325470448,0.0,0.0003285271034860376
Marella 160.0,0.0,0.0,0.0,0.0,0.0,0.0015070643642072215,0.0,0.0,0.0,0.0,0.0,0.0,0.0,0.0,0.00010950903449534588
Mardy 159.0,0.0,0.0,0.0,0.0,0.0,0.0,0.0004702194357366771,0.0,0.0,0.0,0.0,0.0,0.0,0.0,0.0
Mardra 158.0,0.0,0.0,0.0,0.0,0.0,0.0005086342229199372,0.0,0.001966027052532243,0.0034877204549200597,0.0,0.0,7.227522405319456e-05,2.1203286509408958e-05,4.786979415988512e-06,0.0
Marcine 157.0,0.0,0.0,0.0,0.0,0.0,0.0,0.00109717868338558,0.0,0.0,0.0,0.0,0.0,0.0,0.0,0.0
Mara 156.0,0.0,0.0,0.0,0.0,0.002435064935064935,0.0,0.0,0.0,0.0,0.0,0.0,0.0,0.0,0.0,0.0
Manora 155.0,0.0,0.0,0.0,0.0,0.0,0.0,5.246249902847224e-05,0.004679469348175916,0.003530820438982328,0.005319556391553396,3.983940294014794e-05,4.778527210128567e-06,1.369013850039318e-05,7.912362671055391e-06,0.0008718487870290622
Maizella 154.0,0.0,0.0,0.0,0.0,0.0,0.0,0.008934169278996866,0.0,0.0,0.0,0.0,0.0,0.0,0.0,0.0
Mairi 153.0,0.0043091065785693765,0.0,0.0,0.0,0.0,0.0,0.0,0.0,0.0,0.0,0.0,0.0,0.0,0.0,0.0
Magalia 152.0,0.0,0.0,0.0,0.0,0.0,0.0,0.0,0.0,0.0,0.0,0.0,0.0,0.0,0.0,0.0001825150574922431
Lucil 150.0,0.0,0.0,0.0,0.0,0.0008116883116883117,0.0,0.0,0.0,0.0,0.0,0.0,0.0,0.0,0.0,0.0
Luccha 149.0,0.0,0.0,0.0012159533073929961,0.0,0.0,0.0,0.0,0.0,0.0,0.0,0.0,0.0,0.0,0.0,0.0
Lotricia 148.0,0.0,0.0,0.0,0.0,0.0,0.0,0.0023510971786833857,0.0,0.0,0.0,0.0,0.0,0.0,0.0,0.0
Lotricia 147.0,0.0,0.0,0.0,0.0,0.0,0.0,0.0023510971786833857,0.0,0.0,0.0,0.0,0.0,0.0,0.0,0.0
Lorra 146.0,0.0,0.0,0.0,0.0,0.0,0.0,0.007523510971786834,0.0,0.0,0.0,0.0,0.0,0.0,0.0,0.0
Loreana 145.0,0.0,0.0,0.0,0.0001861850679575498,0.0,0.0,0.0,0.0,0.0,0.0,0.0,0.0,0.0,0.0,0.0
Lonada 144.0,0.0,0.0,0.00048638132295719845,0.0,0.0,0.0,0.0,0.0,0.0,0.0,0.0,0.0,0.0,0.0,0.0
Lissala 143.0,0.0,0.0,0.0,0.0,0.0,0.0,0.0004702194357366771,0.0,0.0,0.0,0.0,0.0,0.0,0.0,0.0
Lilla 142.0,0.0,0.0,0.0,0.0,0.00487012987012987,0.0,0.0,0.0,0.0,0.0,0.0,0.0,0.0,0.0,0.0
Lidora 141.0,0.0,0.0,0.0,0.002432818221311984,5.411255411255411e-05,0.0,0.0,0.0,0.0,0.0,0.0,0.0,0.0,0.0,0.0
Libby 140.0,0.0,0.0,0.0,0.0,0.0,0.0,0.0020376175548589342,0.0,0.0,0.0,0.0,0.0,0.0,0.0,0.0
Levalla 139.0,0.0,0.0,0.0,0.004468441630981195,0.0,0.0,0.0,0.0,0.0,0.0,0.0,0.0,0.0,0.0,0.0
Lessa 138.0,0.0,0.0007394835844322209,0.0,0.0,0.0,0.0009611379873770544,1.3061650992685476e-05,0.060756388116744026,0.013567319131377622,0.00044334160028584044,1.0247805603226828e-06,4.916681908380583e-05,0.005379759245336088,0.006340356271757146,0.0066164812338514525
Leri 137.0,0.0,0.0,0.0,0.05465086214192205,0.00043001669177217765,0.0,0.0,0.0,0.0,0.0,0.0,0.0,0.0,0.0,0.0
Lemsia 136.0,0.0,0.0,0.0,0.0,0.0,0.0,0.0,0.0,0.0,0.0,0.0,0.0,0.0,0.00011967448539971278,0.0
Laura 135.0,0.0,0.0,0.0014591439688715954,0.0,0.0,0.0,0.0,0.0,0.0,0.0,0.0,0.0,0.0,0.0,0.0
Lally Moorhouse 133.0,0.00014363688595231256,0.0,0.0,0.0,0.0,0.0,0.0,0.0,0.0,0.0,0.0,0.0,0.0,0.0,0.0
Laela 132.0,0.0,0.0,0.0,0.0,0.0,0.0,0.0007836990595611285,0.0,0.0,0.0,0.0,0.0,0.0,0.0,0.0
Kylara 131.0,0.0,0.0,0.0,0.0,0.0,8.782426364843947e-06,0.0,0.0015882198958638092,0.03048706691363688,4.5011631005451815e-05,0.0,9.097580650052463e-06,1.6680907218940616e-05,0.0,0.0
Kulla 130.0,0.0,0.0,0.0,0.0,0.0,0.0,0.0014106583072100312,0.0,0.0,0.0,0.0,0.0,0.0,0.0,0.0
Kubisa 129.0,0.0,0.0,0.0,0.0,0.0,0.0,0.003761755485893417,0.0,0.0,0.0,0.0,0.0,0.0,0.0,0.0
Klada 128.0,0.0,0.0,0.0,0.0,0.0,0.0,0.0006269592476489029,0.0,0.0,0.0,0.0,0.0,0.0,0.0,0.0
Kitrin 127.0,0.0,0.006725297465080186,0.0,0.0,0.0,0.0,0.0,0.0,0.0,0.0,0.0,0.0,0.0,0.0,0.0
Kitral 126.0,0.0,0.0002586652871184687,0.0,0.0,0.0,0.0,0.0,0.0,0.0,0.0,0.0,0.0,0.0,0.0,0.0
Kit Ping Kitti 125.0,0.015948690406305033,0.0,0.0,0.0,0.0,0.0,0.0,0.0,0.0,0.0,0.0,0.0,0.0,4.162590796511749e-06,0.0
Kenalas 122.0,0.0,0.0,0.0,0.0,0.0,0.0,0.0,0.0,0.00016482610845557937,0.0,0.0,0.0,0.0,0.0,0.0
Keita 121.0,0.0,0.0,0.0,0.0,0.0,5.84133474498923e-05,0.0,0.0,0.0,0.0,0.0,0.0,0.0,0.0,0.006455939591760506
Kathy Duff 120.0,0.004021832806664752,0.0,0.0,0.0,0.0,0.0,0.0,0.0,0.0,0.0,0.0,0.0,0.0,0.0,0.0
Kamina 118.0,0.0,0.0,0.0,0.0003723701359150996,0.0,0.0,0.0,0.0,0.0,0.0,0.0,0.0,0.0,0.0,0.0
Kamiana 117.0,0.0,0.0,0.0,0.003421150623719978,0.0003043831168831169,0.0,0.0,0.0,0.0,0.0,0.0,0.0,0.0,0.0,0.0
Kami 116.0,0.0,0.00801862390067253,0.0,0.0,0.0,0.0,0.0,0.0,0.0,0.0,0.0,0.0,0.0,0.0,0.0
Juvana 115.0,0.0,0.0,0.0,0.0,0.0,0.0,0.00909090909090909,0.0,0.0,0.0,0.0,0.0,0.0,0.0,0.0
Jule 114.0,0.0,0.0,0.004134241245136187,0.0,0.0,0.0,0.0,0.0,0.0,0.0,0.0,0.0,0.0,0.0,0.0
Ju Adjai Adjar 113.0,0.0008797759264579145,0.0,0.0,0.0,0.0,0.0,0.0,0.0,0.0,0.0,0.0,0.0,0.0,1.4959310674964098e-05,0.0
Josetta 112.0,0.0,0.0,0.0,0.0,0.0,0.0,0.0,0.0,0.0,0.0,0.0,0.0,0.0,0.0,0.0001825150574922431
Jissamy 110.0,0.0,0.0,0.0,0.0,0.0,0.0,0.0,0.0,0.0,0.0,0.0,0.0,0.0,0.0005983724269985639,0.0
Jenfa 109.0,0.0,0.0,0.0,0.0,0.0,0.00015698587127158556,0.0,0.0,0.0,0.0,0.0,0.0,0.0,0.0,0.0
Janissian 108.0,0.0,0.0,0.0,0.0,0.0,0.0,0.0,0.0,0.0,0.0,0.0,0.0,0.0,0.0,0.003832816207337105
Jane 107.0,0.0,0.0,0.0026750972762645915,0.0,0.0,0.0,0.0,0.0,0.0,0.0,0.0,0.0,0.0,0.0,0.0
Jancis 106.0,0.0,3.1738072039075915e-06,0.0,0.0,0.0,0.00917067157207385,0.0,0.0,0.0,0.0,0.0,0.0,0.0,0.011371278710863506,5.5986213954675797e-05
Janara 105.0,0.0,0.0,0.0,0.0,0.0,0.0003139717425431711,0.0,0.0,0.0,0.0,0.0,0.0,0.0,0.0,0.0
Jallora 104.0,0.0,0.0,0.0,0.004661522442196432,3.0062530062530064e-05,0.0,0.0,0.0,0.0,0.0,0.0,0.0,0.0,0.0,0.0
Ita 103.0,0.0,0.0,0.0,0.0,0.0,0.0,0.0,0.0,0.0,0.0,0.0,0.0,0.0,0.0,0.0005475451724767294
Isla 102.0,0.0,0.0,0.0,0.0,0.0,0.0,0.00031347962382445143,0.0,0.0,0.0,0.0,0.0,0.0,0.0,0.0
Irene 101.0,0.0,0.0,0.007538910505836576,0.0,0.0,0.0,0.0,0.0,0.0,0.0,0.0,0.0,0.0,0.0,0.0
Holht 100.0,0.0,0.0,0.0,0.0001861850679575498,0.0,0.0,0.0,0.0,0.0,0.0,0.0,0.0,0.0,0.0,0.0
Hayara 99.0,0.0,0.0,0.0,0.0,0.0,0.0,0.007210031347962382,0.0,0.0,0.0,0.0,0.0,0.0,0.0,0.0
Haura 98.0,0.0,0.0,0.0,0.0026182275181530442,5.0730519480519484e-05,0.0,0.0,0.0,0.0,0.0,0.0,0.0,0.0,0.0,0.0
Hally 97.0,0.0,0.0002586652871184687,0.0,0.0,0.0,0.0,0.0,0.0,0.0,0.0,0.0,0.0,0.0,0.0,0.0
Halanna 96.0,0.0,0.0,0.0,0.0,0.0,0.0,0.008463949843260187,0.0,0.0,0.0,0.0,0.0,0.0,0.0,0.0
Grisella 95.0,0.0,0.0,0.00048638132295719845,0.0,0.0,0.0,0.0,0.0,0.0,0.0,0.0,0.0,0.0,0.0,0.0
Greta 94.0,0.003303648376903189,0.0,0.0,0.0,0.0,0.0,0.0,0.0,0.0,0.0,0.0,0.0,0.0,0.0,0.0
Gisa 92.0,0.0,0.0,0.0017023346303501946,0.0,0.0,0.0,0.0,0.0,0.0,0.0,0.0,0.0,0.0,0.0,0.0
Ginia 91.0,0.0,0.0,0.0,0.0,0.0,0.0,0.008150470219435737,0.0,0.0,0.0,0.0,0.0,0.0,0.0,0.0
Gana 89.0,0.0,0.0,0.0,0.0,0.00974025974025974,0.0,0.0,0.0,0.0,0.0,0.0,0.0,0.0,0.0,0.0
Gallardy 88.0,0.0,0.0,0.0,0.0020480357475330477,0.0,0.0,0.0,0.0,0.0,0.0,0.0,0.0,0.0,0.0,0.0
Fransman 87.0,0.0,0.0,0.0,0.0,0.0,0.0,0.0,0.0,0.0,0.0,0.0002678093197643278,0.0,0.0,0.0,0.0
Fleur du Vent 86.0,0.007008543272173163,2.8115792078094424e-06,2.379039079681949e-05,8.095002954676078e-06,0.0,1.7063681659954953e-06,6.814774430966335e-06,3.077259734398293e-05,0.0,0.00013992746160390455,0.0,3.1424010457910683e-06,1.2963965936459282e-05,1.3008096239099215e-06,1.785473388511074e-05
Fira 85.0,0.0,0.0,0.0,0.0,0.0,0.0003139717425431711,0.0,0.0,0.0,0.0,0.0,0.0,0.0,0.0,0.0
Ferina 84.0,0.0,0.0,0.0012159533073929961,0.0,0.0,0.0,0.0,0.0,0.0,0.0,0.0,0.0,0.0,0.0,0.0
Fenela 83.0,0.0,0.0,0.0,0.0,0.0,0.0,0.0,0.0,0.0,0.00025746652935118434,0.0001339046598821639,0.0,0.0,0.0,0.0
Felicia 82.0,0.0005745475438092502,0.0,0.0,0.0,0.0,0.0,0.0,0.0,0.0,0.0,0.0,0.0,0.0,0.0,0.0
Felena 81.0,0.0,0.0,0.0,0.0,0.0,0.0,0.0,0.0,0.0,0.01149404148889216,8.608156706710535e-05,0.0,0.0,0.0,0.0
Faselly 80.0,0.0,0.0,0.0,0.0,0.0,0.0,0.0,0.0,0.0,0.0,0.0,0.0,0.0,0.00011967448539971278,0.0
Famira 78.0,0.0,0.0,0.0,0.0,0.0,0.0,0.0,0.0,0.001813087193011373,0.0,0.0,0.0,0.0,0.0,0.0
Falga 77.0,0.0,0.0,0.0,0.00912671901752695,1.5915457091927682e-05,0.0,0.0,0.0,0.0,0.0,0.0,0.0,0.0,0.0,0.0
Evelene 76.0,0.0,0.0,0.0,0.0,0.0,0.0,0.0009404388714733542,0.0,0.0,0.0,0.0,0.0,0.0,0.0,0.0
Evan 75.0,0.0,0.0,0.0,0.0,0.0,0.0,0.0,0.0,0.0,0.0,0.0,0.0,0.0,0.0019147917663954045,0.0
Esrella 74.0,0.0,0.0,0.0,0.0,0.0,0.0,0.0,0.0,0.0,0.0,0.0,0.0,0.0,0.00011967448539971278,0.0
Empie 73.0,0.0,0.0,0.0,0.0003723701359150996,0.0,0.0,0.0,0.0,0.0,0.0,0.0,0.0,0.0,0.0,0.0
Emily Boll Em 72.0,0.022930329998105212,2.4765825362406575e-05,6.467836741452107e-05,9.705391840340361e-05,5.396863774523348e-05,4.175156150840042e-05,7.044954312012273e-05,7.529465307570291e-06,0.0002121697779055862,0.0,1.7806470729011155e-05,7.688853622680274e-07,5.639171943991744e-06,1.5595877086664696e-05,0.0004664813038565043
Elimona 71.0,0.0,0.0,0.0,0.0,0.0,0.0,0.0,0.0,0.0,0.0,0.0,0.0,0.0,0.00023934897079942556,0.0
Egara 70.0,0.0,0.0,0.0,0.0,0.0,0.0,0.0,0.0,0.0,0.0,0.0,0.0,0.0,0.0,0.0001825150574922431
Durras 69.0,0.0,0.0007759958613554061,0.0,0.0,0.0,0.0,0.0,0.0,0.0,0.0,0.0,0.0,0.0,0.0,0.0
Dunca 67.0,0.0,0.0,0.0,0.0,0.0,0.0,0.0,0.0,0.0,0.0,0.026245313336904125,0.0,0.0,0.0,0.0
Dulsay 66.0,0.0,0.0,0.0,0.0,0.0,0.0001674515960230246,0.0,0.0,0.0,0.0,0.0,0.0,0.0,0.0,0.0014722881304374276
Dresda 65.0,0.0,0.0,0.0,0.0001861850679575498,0.0,0.0,0.0,0.0,0.0,0.0,0.0,0.0,0.0,0.0,0.0
Diona 63.0,0.0,0.0,0.0,0.0033513312232358963,0.0,0.0,0.0,0.0,0.0,0.0,0.0,0.0,0.0,0.0,0.0
Desdra 62.0,0.0,0.0,0.0,0.017542868891298805,0.01884963377854373,0.0,0.0,0.0,0.0,0.0,0.0,0.0,0.0,0.0,0.0
Delart 61.0,0.0,0.0,0.0,0.0,0.0,0.0,0.0,0.0,0.0,0.0,0.0,0.0,0.0,0.0,0.0001825150574922431
Deelan 60.0,0.0,0.0,0.0,0.0,0.0,0.0,0.0,0.0,0.0,0.0,0.0,0.0,0.0023853697323085077,0.0,0.0
Debera Deb 59.0,0.0,0.0,0.04182879377431906,0.0,0.0,0.0,0.0,0.0,0.0,0.0,0.0,0.0,0.0,0.0,0.0
Danja 58.0,0.0,0.0,0.004620622568093385,0.0,0.0,0.0,0.0,0.0,0.0,0.0,0.0,0.0,0.0,0.0,0.0
Danegga 57.0,0.0,0.0,0.0,0.0,0.0,0.0,0.0,0.0,0.0,0.0,0.0,0.0,0.0,0.0,0.0009125752874612155
Dalova 56.0,0.0,0.0,0.0,0.0020480357475330477,0.0,0.0,0.0,0.0,0.0,0.0,0.0,0.0,0.0,0.0,0.0
Dalma 55.0,0.0,0.0,0.0,0.0,0.0,0.0,0.0012539184952978057,0.0,0.0,0.0,0.0,0.0,0.0,0.0,0.0
Curella 54.0,0.0,0.0,0.0,0.0,0.0,0.0,0.0,0.0,0.0,0.0,0.0,0.0,0.0,0.0,0.0001825150574922431
Cosira 53.0,0.0,0.0,0.0,0.0,0.0,0.0,0.0,0.0,0.0,0.0,0.0,0.0,0.00017669405424507463,0.0,0.0009734136399586298
Corana 52.0,0.0,0.0,0.0,0.0,0.0,0.0,0.0,0.0,0.0,0.0,0.0,0.0,0.005698383249403658,0.0,0.0
Clargesh 51.0,0.0,0.0,0.0,0.0001861850679575498,0.0,0.0,0.0,0.0,0.0,0.0,0.0,0.0,0.0,0.0,0.0
Chio-Chio 50.0,0.0002872737719046251,0.0,0.0,0.0,0.0,0.0,0.0,0.0,0.0,0.0,0.0,0.0,0.0,0.0,0.0
Cherry Duff 49.0,0.004713901438980439,0.0,0.00019897417757339935,0.0,0.0,0.0,0.0,0.0,0.0,0.0,0.0,0.0,0.0,0.0,0.0
Chenoa 48.0,0.0,0.0,0.0,0.0,0.0,0.0,0.0,0.0,0.0,0.0,0.0,0.0,0.0,0.0,0.0003650301149844862
Chaila Zavior Kimmage 47.0,0.0002606743485801228,0.0,0.0,0.0,0.0,0.002325716611430897,0.0,0.0,0.0,0.0,0.0,0.0,0.0,0.0,0.0
Celina 46.0,0.0,0.0,0.0,0.0,0.0,0.0,0.0,0.0,0.0,0.0,0.0,0.0,0.0,0.00023934897079942556,0.0
Cathy 45.0,0.0005745475438092502,0.0,0.0,0.0,0.0,0.0,0.0,0.0,0.0,0.0,0.0,0.0,0.0,0.0,0.0
Carol Duff Vassaloe 42.0,0.003303648376903189,0.0,0.0,0.0,0.0,0.0,0.0,0.0,0.0,0.0,0.0,0.0,0.0,0.0,0.0
Cara 41.0,0.001292731973570813,0.0,0.0,0.0,0.0,0.0,0.0,0.0,0.0,0.0,0.0,0.0,0.0,0.0,0.0
Campila 40.0,0.0,0.0,0.0,0.0,0.0,0.0,0.0,0.0,0.0,0.0,0.0,0.0,0.0,0.00011967448539971278,0.0
Brinna 39.0,0.0,0.0,0.0,0.0,0.0,0.0,0.0,0.0,0.0,0.0,0.0,0.0,0.0,0.00011967448539971278,0.0
Briala 38.0,0.0,0.0,0.0,0.0,0.0,0.0,0.0,0.0,0.0,0.0,0.006427423674343867,0.0,0.0,0.0,0.0
Brekke Brekker 37.0,0.0,0.0,0.0,0.0,0.0,6.358921367962959e-05,0.0,0.0,0.036675113135389,0.0011154167046891498,0.00010847972446149987,2.2414468219028693e-05,0.005708657784994649,1.8935836297422908e-05,1.0396427325507521e-05
Breda 36.0,0.0,0.0,0.0,0.0,0.0,0.0,0.0,0.0,0.0,0.0,0.0,0.0,0.0,0.0013164193393968406,0.0
Brashia 35.0,0.0,0.0,0.0,0.0,0.0,0.0,0.0017241379310344827,0.0,0.0,0.0,0.0,0.0,0.0,0.0,0.0
Boranda 34.0,0.0,0.0,0.0,0.0001861850679575498,0.0,0.0,0.0,0.0,0.0,0.0,0.0,0.0,0.0,0.0,0.0
Bonna 33.0,0.0,0.0,0.0,0.0,0.0,0.0,0.0,0.0,0.0,0.0,0.0,0.0,0.0,0.00011967448539971278,0.0
Betty Musgrave Blake 32.0,0.002298190175237001,0.0,0.0,0.0,0.0,0.0,0.0,0.0,0.0,0.0,0.0,0.0,0.0,0.0,0.0
Bethany 30.0,0.0,0.0,0.010700389105058366,0.0,0.0,0.0,0.0,0.0,0.0,0.0,0.0,0.0,0.0,0.0,0.0
Bessera 29.0,0.0,0.0,0.0,0.0,0.0008116883116883117,0.0,0.0,0.0,0.0,0.0,0.0,0.0,0.0,0.0,0.0
Benoria 28.0,0.0,0.0,0.0,0.0,0.0,0.0,0.0004702194357366771,0.0,0.0,0.0,0.0,0.0,0.0,0.0,0.0
Bedella 27.0,0.0,0.0,0.0,0.0,0.0,1.3082155939298796e-05,0.0,0.0,0.0008790725784297566,0.0,0.0,0.0,0.0,0.0,0.00013688629311918235
Bedda 26.0,0.0,0.0,0.0,0.0,0.0,0.00015698587127158556,0.0,0.0,0.0,0.0,0.0,0.0,0.0,0.0,0.0
Bay Harkenon 25.0,0.029589198506176386,0.0,0.0,0.0,0.0,0.0,0.0,0.0,0.0,0.0,0.0,0.0,0.0,0.0,0.0
Barr Hamil 24.0,0.004165469692617064,0.0,0.0,0.0,0.0,0.0,0.0,0.0,0.0,0.0,0.0,0.0,0.0,0.0,0.0
Barla 23.0,0.0,0.0,0.0,0.0,0.0,0.0041025641025641026,0.0,0.0,0.0,0.0,0.0,0.0,0.0,1.595659805329504e-05,0.0
Bardie 22.0,0.0,0.0,0.0,0.0,0.0,0.0,0.0,0.0,0.0,0.0005149330587023687,0.0,0.0,0.0,0.0,0.0
Barba 21.0,0.0,0.0,0.0,0.0,0.0,0.0,0.0006269592476489029,0.0,0.0,0.0,0.0,0.0,0.0,0.0,0.0
Ballora 19.0,0.0,0.0,0.0,0.0,0.0,0.0,0.0,0.0,0.0,0.0,0.0,0.0,0.0,0.0,0.0025552108048914036
Avril Bitra 18.0,0.013185165462685939,0.0,0.012470935750213533,7.26575874956292e-06,1.979727589483687e-06,0.0001382241451927863,1.5291688967046411e-06,2.762028249411151e-05,2.5728953515017267e-05,0.0,6.531934628398239e-07,7.051241371043372e-07,0.0,0.00014127427056941704,2.1812775163707105e-05
Audiva 17.0,0.0,0.0,0.0,0.0,0.0,0.0,0.0,0.0,0.0,0.0,0.02088912694161757,0.0,0.0,0.0,0.0
Aranya 16.0,0.0,0.0028652154880814996,0.0,0.0,0.0,0.0,0.0,0.0,0.0,0.0,0.0,0.0,0.0,9.205729646131753e-06,0.0
Aramina Mina Ara 15.0,0.0,0.00610468686613048,0.0,0.0,0.0,0.01932676778514394,0.0,0.0,0.0,0.0,0.0,0.0,0.0,5.20885350121052e-05,6.565289837850472e-07
Anella 14.0,0.0,0.0,0.0,0.0,0.041396103896103896,0.0,0.0,0.0,0.0,0.0,0.0,0.0,0.0,0.0,0.0
Anama 13.0,0.0,0.0,0.0,0.0,0.0,0.0003139717425431711,0.0,0.0,0.0,0.0,0.0,0.0,0.0,0.0,0.0
Amilla 12.0,0.0,0.0,0.0,0.0,0.002435064935064935,0.0,0.0,0.0,0.0,0.0,0.0,0.0,0.0,0.0,0.0
Almie 10.0,0.0,0.0015519917227108122,0.0,0.0,0.0,0.0,0.0,0.0,0.0,0.0,0.0,0.0,0.0,0.0,0.0
Aliena Zuleita 9.0,0.0,0.0,0.00024319066147859923,0.0,0.0,0.0,0.0,0.0,0.0,0.0,0.0,0.0,0.0,0.0,0.0
Alianne Zulueta 8.0,0.00014363688595231256,0.0,0.0,0.0,0.0,0.0,0.0,0.0,0.0,0.0,0.0,0.0,0.0,0.0,0.0
Alda 7.0,0.0,0.0,0.0,0.0,0.0,0.00015698587127158556,0.0,0.0,0.0,0.0,0.0,0.0,0.0,0.0,0.0
Aida 6.0,0.00010350305017151934,6.086242049846322e-05,1.4305333028152895e-05,9.856856538929109e-05,1.193659281894576e-05,0.0004524886877828054,5.762493085008298e-05,4.625946005958218e-06,3.8782613754253965e-05,0.00012116071969467498,3.938372349475409e-06,0.00010628709419587436,4.8720787016105146e-05,0.00011263480978796497,2.684044963121222e-06
Adrea Beljeth 5.0,0.0,0.00018812020881343178,0.0,0.0,0.0,0.0001783930355358927,0.0,0.0,0.0,0.0,0.0,0.0,0.0,2.1758997345402324e-05,0.001003832816207337
Abuna 3.0,0.0,0.0,0.0,0.0,0.0,0.0,0.0,0.0,0.0,0.0,0.004657553387205701,0.00011312643764847844,0.0,0.0,0.0
Abula 2.0,0.0,0.0,0.0,0.0,0.0,0.0,0.0,0.0,0.0,0.0,0.0002678093197643278,0.0,0.0,0.0,0.0
