Id unique,aliases,phrase,sentence_id,book,mots_cibles,alias_trouves_dans_phrase
1.0,Kenjo Fusaiyuki | Fusaiyuki | Kenjo,"Elle parlait avec douceur, sachant que Kenjo avait plusieurs fois frôlé la mort pendant la guerre de Nathi.",770,1.0,mort,kenjo
1.0,Kenjo Fusaiyuki | Fusaiyuki | Kenjo,"— Kenjo est mort et Ongola grièvement blessé, dit Paul.",6063,1.0,mort,kenjo
1.0,Kenjo Fusaiyuki | Fusaiyuki | Kenjo,"Au Terminus, la mort de Kenjo et l’état grave d’Ongola étaient connus de tous, mais on n’avait rien annoncé officiellement.",6554,1.0,mort,kenjo
1.0,Kenjo Fusaiyuki | Fusaiyuki | Kenjo,"J’ai trouvé ses initiales à plusieurs endroits du fortin, et pourtant le journal qu’Ita Fusaiyuki a tenu pendant plusieurs mois après la mort de Kenjo ne parle pas de lui.",120411,15.0,mort,fusaiyuki | kenjo
4.0,Adessa,Ne me dis pas que cette chère Dame Adessa est morte.,60657,7.0,mourir,adessa
14.0,Anella,— Tolocamp a mis Anella dans son lit une heure après avoir appris la mort de ma mère.,39884,5.0,mort,anella
15.0,Aramina Mina Ara | Aramina Mina | Aramina Ara | Mina Ara | Aramina | Mina | Ara,"Furieuse qu’on ait laissé croire à Benden qu’Aramina était morte, Lessa ne demandait quand même pas mieux que d’apprendre ce qu’elle avait dit au Harpiste.",48045,6.0,mourir,aramina
15.0,Aramina Mina Ara | Aramina Mina | Aramina Ara | Mina Ara | Aramina | Mina | Ara,"Aramina avait été sauvée, et elle vivait saine et sauve dans le Sud, dans le confort et le prestige, tandis qu’elle, Thella, avait failli mourir d’une infection pernicieuse et débilitante qui lui avait laissé d’affreuses cicatrices sur le visage.",48137,6.0,mourir,aramina
15.0,Aramina Mina Ara | Aramina Mina | Aramina Ara | Mina Ara | Aramina | Mina | Ara,"Il avait souvent assuré à Ara que cette femme devait être morte ou arrêtée, mais il n’avait jamais cru lui-même à ses paroles.",48967,6.0,mort,ara
15.0,Aramina Mina Ara | Aramina Mina | Aramina Ara | Mina Ara | Aramina | Mina | Ara,"— Tous les chiens sont morts, Ara ?",49164,6.0,mort,ara
18.0,Avril Bitra | Avril | Bitra,"Il fait mauvais temps à Bitra, et les gens meurent de froid parce qu’ils ne veulent pas franchir les frontières, annonça M’shall.",22808,3.0,mourir,bitra
18.0,Avril Bitra | Avril | Bitra,Ses gens seraient morts de froid aux frontières de Bitra la nuit dernière !,23216,3.0,mort,bitra
18.0,Avril Bitra | Avril | Bitra,"Et que les coureurs en provenance de Keroon et destinés à Benden, Lemos, Bitra et Nerat soient ou morts de la maladie ou aient été expédiés par voie de terre.",32673,4.0,mort,bitra
19.0,Ballora,"— Parce que nous mourons quand nous sommes usés, dit Ballora avec détachement.",130745,15.0,mourir,ballora
23.0,Barla,"Barla était sincèrement terrifiée, pour elle-même, pour son bébé, pour Dowell, et pour tous ceux qui avaient péri de mort violente.",40355,6.0,mort,barla
25.0,Bay Harkenon | Harkenon | Bay,"Bay savait qu’elle était indulgente, tolérante et compréhensive, mais si Ted Tubberman était mort, elle en serait immensément soulagée.",8991,1.0,mort,bay
25.0,Bay Harkenon | Harkenon | Bay,"Telgar se leva brusquement, et Bay, se demandant si quelque chose dans ses paroles avait pu lui rappeler la mort de Sallah, se reprocha mentalement d’avoir parlé sans réfléchir.",10455,1.0,mort,bay
26.0,Bedda,"Tante Bedda berçait quelque chose dans ses bras, et Jayge n’eut pas le courage d’aller voir si son cousin nouveau-né était blessé ou mort.",41133,6.0,mort,bedda
31.0,Betrice,Betrice respira en voyant Ginia et le flacon de liquide clair qui pouvait faire la différence entre la vie et la mort pour la jeune mère.,50510,7.0,mort,betrice
31.0,Betrice,Robinton résidait à l’Atelier quand Betrice mourut subitement d’un arrêt cardiaque.,58891,7.0,mourir,betrice
37.0,Brekke Brekker | Brekker | Brekke,"Le garçon aussi, mais sa bête est blessée, Brekke dit que beaucoup sont morts.",71745,9.0,mort,brekke
37.0,Brekke Brekker | Brekker | Brekke,Ne laissez pas mourir Brekke !,76856,9.0,mourir,brekke
37.0,Brekke Brekker | Brekker | Brekke,L’une des femmes du weyr n’avait-elle pas fait remarquer à quel point Brekke avait l’air d’une morte vivante ?,83927,10.0,mort,brekke
37.0,Brekke Brekker | Brekker | Brekke,» C’est ce qu’avait dit Sebell : Brekke ne voulait plus vivre si Canth et F’nor mourraient.,88802,11.0,mourir,brekke
37.0,Brekke Brekker | Brekker | Brekke,"— Elle a été adoptée par Brekke, et Manora a toujours dit que ce sont les soins dévoués de Mirrim qui ont aidé Brekke à vivre après la mort de sa reine.",93242,12.0,mort,brekke
37.0,Brekke Brekker | Brekker | Brekke,"Car c’était l’association de lord Meron avec la dame du weyr de T’bor, Kylara, qui avait causé la mort de la reine dragon de Kylara, Pridenth, et de Wirenth, celle de Brekke.",95201,12.0,mort,brekke
37.0,Brekke Brekker | Brekker | Brekke,"Mais Brekke, qui, affectivement, ne pouvait se passer de leur présence, les rappela, les sauvant ainsi d’une mort certaine.",96775,13.0,mort,brekke
37.0,Brekke Brekker | Brekker | Brekke,"Il mourait d’ennui à ne rien faire, avec Brekke et vous vous relayant pour le materner.",105627,13.0,mourir,brekke
44.0,Catherine Radelin Doyle | Catherine Radelin | Catherine Doyle | Radelin Doyle | Catherine | Radelin | Doyle,"Les Du Vieux et les Holstrom à la concession Amsterdam, les Radelin et les Duquesne à Bavaria, les Ciotti à Milan étaient morts ;",4253,1.0,mort,radelin
59.0,Debera Deb | Debera | Deb,"À toutes les tables où il s’arrêta, il entendit d’autres hypothèses sur l’arrivée tardive de Debera… avec déjà des fioritures dont l’une prétendait que le père avait saigné à mort.",20373,3.0,mort,debera
60.0,Deelan,"Car si Deelan ne l’avait pas mis au monde deux jours avant la naissance prématurée de Jaxom, il serait mort en quelques heures.",96910,13.0,mort,deelan
60.0,Deelan,– et Deelan avait répété une fois de plus que l’Atelier des Forgerons laissait mourir de faim ses visiteurs.,97689,13.0,mourir,deelan
64.0,Dowell,"C’est que ces hommes n’auraient aucun scrupule à tuer Dowell, et alors, qui la protégerait maintenant que son parent, le Seigneur Kale, était mort ?",40326,6.0,mort,dowell
64.0,Dowell,"Barla était sincèrement terrifiée, pour elle-même, pour son bébé, pour Dowell, et pour tous ceux qui avaient péri de mort violente.",40355,6.0,mort,dowell
69.0,Durras,"La réaction de Durras l’avait surpris, mais, durant son long apprentissage, il avait connu de nombreux cas de règles interrompues où la femme avait souffert par la suite de douleurs abdominales violentes et ininterrompues – dont plusieurs cas où la femme était morte, et où son seul recours avait été des applications massives de baume analgésique pour calmer ses souffrances.",13875,2.0,mourir,durras
72.0,Emily Boll Em | Emily Boll | Emily Em | Boll Em | Emily | Boll | Em,"— Dites-moi, je vous prie, comment des hommes peuvent mourir à Boll Sud alors que ce félin était encore à Ista ?",29185,4.0,mourir,boll
72.0,Emily Boll Em | Emily Boll | Emily Em | Boll Em | Emily | Boll | Em,"Les tambours transmirent encore l’annonce de nouvelles morts à Telgar, Ista, Igen et Boll Sud, et des demandes de nouvelles de Forts et d’Ateliers lointains.",37799,5.0,mort,boll
78.0,Famira,"Un silence de mort s’abattit sur l’assemblée tandis que F’lar et Lessa remettaient des paquets ronds enveloppés de feutre au Seigneur Asgenar et à sa fiancée, Dame Famira.",75153,9.0,mort,famira
79.0,Fanna,"Le jeune maître de Ruth y était venu la première fois quand il était à la recherche de D’ram, qui, après la mort de Fanna, avait renoncé à sa charge de Chef du Weyr et avait disparu.",46609,6.0,mort,fanna
79.0,Fanna,Il est peu probable qu’il reste Chef de Weyr quand Fanna mourra.,99608,13.0,mourir,fanna
79.0,Fanna,"Jaxom pensa aussitôt que la reine de Fanna, Mirath, se suiciderait à la mort de sa Dame.",99610,13.0,mort,fanna
79.0,Fanna,Son tuteur serait bouleversé par la mort de Fanna et le suicide de sa reine.,100131,13.0,mort,fanna
79.0,Fanna,"Quand… quand Fanna est morte, dit-il d’un ton fiévreux, j’aurais dû aller au Weyr Méridional.",103289,13.0,mourir,fanna
81.0,Felena,"Cette enfant meurt de faim, Felena.",84160,10.0,mourir,felena
86.0,Fleur du Vent | Fleur Vent | Fleur du | du Vent | Fleur | Vent | du,"Les Du Vieux et les Holstrom à la concession Amsterdam, les Radelin et les Duquesne à Bavaria, les Ciotti à Milan étaient morts ;",4253,1.0,mort,du
86.0,Fleur du Vent | Fleur Vent | Fleur du | du Vent | Fleur | Vent | du,"— Et déterminer pourquoi tous ses pareils sont morts après cette première infestation, ajouta Phas Radamanth, sortant des photos de l’EEE du tas de documents amoncelés devant lui.",4348,1.0,mort,du
86.0,Fleur du Vent | Fleur Vent | Fleur du | du Vent | Fleur | Vent | du,Ou auraient dû mourir.,5582,1.0,mourir,du
86.0,Fleur du Vent | Fleur Vent | Fleur du | du Vent | Fleur | Vent | du,"Une demi-heure plus tard, des enfants qui jouaient à la limite du terrain d’atterrissage revinrent en hurlant annoncer la présence de deux morts.",6026,1.0,mort,du
86.0,Fleur du Vent | Fleur Vent | Fleur du | du Vent | Fleur | Vent | du,"— Ainsi, la mort du jeune Galliani a agi comme un catalyseur ?",9785,1.0,mort,du
86.0,Fleur du Vent | Fleur Vent | Fleur du | du Vent | Fleur | Vent | du,"attendait à ce que K’vin devienne le Chef du Weyr après la mort de B’ner, survenue neuf mois plus tôt.",18902,3.0,mort,du
86.0,Fleur du Vent | Fleur Vent | Fleur du | du Vent | Fleur | Vent | du,"— Il est mort depuis longtemps, dit son père, pas trop content du choix de son fils.",20363,3.0,mort,du
86.0,Fleur du Vent | Fleur Vent | Fleur du | du Vent | Fleur | Vent | du,"Lao, qui a exercé jusqu’à la fin du Premier Passage, note que des patients légèrement brûlés et guéris, sont morts du traumatisme d’avoir été brûlés.",22068,3.0,mort,du
86.0,Fleur du Vent | Fleur Vent | Fleur du | du Vent | Fleur | Vent | du,"Mais on lui opposa que des moyens inutilement sévères avaient été utilisés pour les retenir, et avaient causé la mort de personnes à qui l’on n’aurait pas dû refuser le droit « légal » d’émigrer, ni l’exercice de la liberté de mouvement garantie par la Charte.",23856,3.0,mort,du
86.0,Fleur du Vent | Fleur Vent | Fleur du | du Vent | Fleur | Vent | du,"Le ténor, par un magnifique contrôle du souffle, laissa la dernière note mourir graduellement, comme perdue dans l’immensité séparant les vaisseaux de la planète.",25503,3.0,mourir,du
86.0,Fleur du Vent | Fleur Vent | Fleur du | du Vent | Fleur | Vent | du,"— Elle mourait d’envie de nous prendre toutes sous son aile, chuchota Zulaya à K’vin quand la Dame du Weyr de Fort tourna la tête vers son compagnon qui faisait nerveusement les cent pas.",26896,3.0,mourir,du
86.0,Fleur du Vent | Fleur Vent | Fleur du | du Vent | Fleur | Vent | du,"Tout le monde pensait que L’mal vivrait jusqu’à la fin du Passage, de sorte que sa maladie et sa mort subites avaient été une grande perte.",27362,4.0,mort,du
86.0,Fleur du Vent | Fleur Vent | Fleur du | du Vent | Fleur | Vent | du,Une Quête exhaustive a été lancée dès que j’ai vu le rapport sur les morts du Fort Maritime.,28970,4.0,mort,du
86.0,Fleur du Vent | Fleur Vent | Fleur du | du Vent | Fleur | Vent | du,Il y a eu des morts au Fort du Seigneur Ratoshigan !,29174,4.0,mort,du
86.0,Fleur du Vent | Fleur Vent | Fleur du | du Vent | Fleur | Vent | du,"Il y avait une Chute le lendemain, et la journée de la veille avait été si agréable, à part la mort du coureur.",29851,4.0,mort,du
86.0,Fleur du Vent | Fleur Vent | Fleur du | du Vent | Fleur | Vent | du,"Brûlez les animaux morts là-bas, dit-il, montrant une dépression dans un champ éloigné, hors de vue de l’avant-cour et sous le vent.",30257,4.0,mort,vent
86.0,Fleur du Vent | Fleur Vent | Fleur du | du Vent | Fleur | Vent | du,"C’était la routine, familière, et même réconfortante si l’on considérait que, partout ailleurs sur Pern, hommes et bêtes étaient sans doute en train de mourir du fléau.",30985,4.0,mourir,du
86.0,Fleur du Vent | Fleur Vent | Fleur du | du Vent | Fleur | Vent | du,"— Comme nos Dames du Weyr nous l’ont représenté, nous ne pouvons publier le nombre de nos morts et de nos malades.",32002,4.0,mort,du
86.0,Fleur du Vent | Fleur Vent | Fleur du | du Vent | Fleur | Vent | du,"En revanche, les chevaliers-dragons n’auraient pas dû mourir de ce fléau.",32248,4.0,mourir,du
86.0,Fleur du Vent | Fleur Vent | Fleur du | du Vent | Fleur | Vent | du,"Mais K’dall du Weyr de Telgar est mort, et son dragon bleu aussi.",32663,4.0,mort,du
86.0,Fleur du Vent | Fleur Vent | Fleur du | du Vent | Fleur | Vent | du,"Il pensa à Talpan, si plein de promesses qu’il ne réaliserait jamais, au Maître Éleveur Trume, au capitaine du Fend-la-Brise, à tous ses guérisseurs morts, si pleins de qualités, tous victimes de cette maladie mortelle.",32691,4.0,mort,du
86.0,Fleur du Vent | Fleur Vent | Fleur du | du Vent | Fleur | Vent | du,"Il y a eu quinze morts à Igen, huit à Telgar et deux à Ista, mais nous avons bon espoir à cause du sérum.",33376,4.0,mort,du
86.0,Fleur du Vent | Fleur Vent | Fleur du | du Vent | Fleur | Vent | du,"Le roulement du chariot des morts, tiré par deux bêtes récalcitrantes, stupéfia K’lon.",33436,4.0,mort,du
86.0,Fleur du Vent | Fleur Vent | Fleur du | du Vent | Fleur | Vent | du,"La vieille lui dit que les guérisseurs du Weyr étaient morts, et que les deux nouveaux ne savaient absolument rien des dragons, mais étaient pleins de bonne volonté.",33838,4.0,mort,du
86.0,Fleur du Vent | Fleur Vent | Fleur du | du Vent | Fleur | Vent | du,"– et ne pouvait pas être dans la terre du champ de courses et des piquets où tant de bêtes étaient mortes, mais Alessan ne voulait pas risquer les rares étalons inestimables que Dag avait emmenés en toute hâte le lendemain de cette maudite Fête.",34474,4.0,mourir,du
86.0,Fleur du Vent | Fleur Vent | Fleur du | du Vent | Fleur | Vent | du,La liste des animaux morts que Norman avait commencé à tenir avait été perdue quand l’hôpital temporaire du champ de courses avait été abandonné.,35047,4.0,mort,du
86.0,Fleur du Vent | Fleur Vent | Fleur du | du Vent | Fleur | Vent | du,"Je me suis finalement réconciliée avec l’idée de la mort, du moins je le crois.",37515,5.0,mort,du
86.0,Fleur du Vent | Fleur Vent | Fleur du | du Vent | Fleur | Vent | du,"Mais Suriana était morte, et même cette faible lueur d’espoir s’était éteinte, comme elle s’était éteinte elle-même après être tombée du coureur sur lequel elle chevauchait.",37647,5.0,mourir,du
86.0,Fleur du Vent | Fleur Vent | Fleur du | du Vent | Fleur | Vent | du,"Je ne connaissais que les détails rendus publics : Suriana s’était cassé la colonne vertébrale en montant un coureur, et était morte sans avoir repris connaissance, malgré les soins du Maître Guérisseur convoqué à la hâte.",37650,5.0,mourir,du
86.0,Fleur du Vent | Fleur Vent | Fleur du | du Vent | Fleur | Vent | du,"J’étais au milieu du Champ quand les premiers rapports codés arrivèrent du Weyr de Telgar : on déplorait la mort de plusieurs chevaliers-dragons, et le suicide consécutif de leurs dragons.",37802,5.0,mort,du
86.0,Fleur du Vent | Fleur Vent | Fleur du | du Vent | Fleur | Vent | du,"Je savais que les deux Chefs de Weyrs avaient été malades et avaient guéri, car l’Atelier des Guérisseurs leur avait envoyé Jallora en toute hâte quand le guérisseur du Weyr était mort.",38535,5.0,mort,du
86.0,Fleur du Vent | Fleur Vent | Fleur du | du Vent | Fleur | Vent | du,"Pour le moment, vous n’êtes qu’un domestique, lourdement chargé et vous dirigeant à contrecœur vers le périmètre, terrifié d’attraper la maladie et de mourir comme tous ceux du camp.",38709,5.0,mourir,du
86.0,Fleur du Vent | Fleur Vent | Fleur du | du Vent | Fleur | Vent | du,— Tous ceux du camp ne meurent pas.,38710,5.0,mourir,du
86.0,Fleur du Vent | Fleur Vent | Fleur du | du Vent | Fleur | Vent | du,"Bien que jeune, il avait droit à tous les honneurs et politesses dus à un chevalier-dragon, et c’est pourquoi, devant du klah et un excellent gâteau de Dame Gana, il nous apprit que les coureurs mouraient de la peste, eux aussi, et devaient être inoculés.",38918,5.0,mourir,du
86.0,Fleur du Vent | Fleur Vent | Fleur du | du Vent | Fleur | Vent | du,"Le fils avait travaillé dur pour aider Norman, le régisseur du champ de courses, avant qu’eux aussi ne meurent, terrassés par l’infection.",39395,5.0,mourir,du
86.0,Fleur du Vent | Fleur Vent | Fleur du | du Vent | Fleur | Vent | du,"Dix jours après la mort de Moreta, à notre sinistre repas du soir, Alessan se leva, et tout le monde se tut instantanément.",39920,5.0,mort,du
86.0,Fleur du Vent | Fleur Vent | Fleur du | du Vent | Fleur | Vent | du,Son Dorianth a couvert Pelianth au cours du vol nuptial ayant suivi la mort de Moreta.,40158,5.0,mort,du
86.0,Fleur du Vent | Fleur Vent | Fleur du | du Vent | Fleur | Vent | du,"Au printemps de la Révolution suivante, Fax trouve la mort dans un duel avec F’lar, maître du bronze M’nementh, et le Weyr de Benden part en quête d’une femme capable de conférer l’Empreinte au dernier œuf de reine qui durcit sur l’Aire d’Éclosion.",40655,6.0,mort,du
86.0,Fleur du Vent | Fleur Vent | Fleur du | du Vent | Fleur | Vent | du,"tous les Seigneurs Régnants poussent un soupir de soulagement à la mort du tyran, cette résurgence des chevaliers-dragons les inquiète.",40657,6.0,mort,du
86.0,Fleur du Vent | Fleur Vent | Fleur du | du Vent | Fleur | Vent | du,"Quand les dragons blessés du Nord étaient venus se rétablir dans le Sud, ils ne s’étaient que trop familiarisés avec l’agonie d’un dragon dont le maître était mort, et avec la déchirante lamentation funèbre des dragons saluant le suicide d’un des leurs.",41754,6.0,mort,du
86.0,Fleur du Vent | Fleur Vent | Fleur du | du Vent | Fleur | Vent | du,"Toric avait choqué la sensibilité du harpiste en remarquant que les chevaliers-dragons mourraient bientôt les uns après les autres, de préférence avant que sa patience soit épuisée.",41783,6.0,mourir,du
86.0,Fleur du Vent | Fleur Vent | Fleur du | du Vent | Fleur | Vent | du,"Il connaissait les restrictions imposées au commerce entre le Nord et le Sud, savait jusqu’où on tolérait tacitement le transport des médicaments du Sud vers le Nord, et était au courant, par expérience, du commerce illicite auquel se livraient les Anciens et le Seigneur Meron de Nabol, jusqu’à ce que la mort de ce dernier y mît un terme.",43752,6.0,mort,du
86.0,Fleur du Vent | Fleur Vent | Fleur du | du Vent | Fleur | Vent | du,"De l’attelage du grand chariot, les deux bêtes de flanc étaient mortes, la colonne vertébrale brisée en plusieurs endroits.",44002,6.0,mourir,du
86.0,Fleur du Vent | Fleur Vent | Fleur du | du Vent | Fleur | Vent | du,"Jayge et Tino ne purent pas déplacer leurs poids morts, mais enduisirent de baume calmant les coupures des survivants, puis leur firent avaler du fellis, espérant que cela calmerait leurs souffrances.",44005,6.0,mort,du
86.0,Fleur du Vent | Fleur Vent | Fleur du | du Vent | Fleur | Vent | du,— Je la croyais morte depuis le début du Passage.,44409,6.0,mourir,du
86.0,Fleur du Vent | Fleur Vent | Fleur du | du Vent | Fleur | Vent | du,"Tout le monde pleurait bien haut la mort du marin sans pied, Brare, tout en le traitant tout bas de tricheur, coquin, escroc et pervers.",44862,6.0,mort,du
86.0,Fleur du Vent | Fleur Vent | Fleur du | du Vent | Fleur | Vent | du,"À la mort de T’ron, T’kul avait revendiqué la charge de Chef du Weyr, et la situation au Weyr Méridional s’était rapidement détériorée.",45874,6.0,mort,du
86.0,Fleur du Vent | Fleur Vent | Fleur du | du Vent | Fleur | Vent | du,"Le jeune maître de Ruth y était venu la première fois quand il était à la recherche de D’ram, qui, après la mort de Fanna, avait renoncé à sa charge de Chef du Weyr et avait disparu.",46609,6.0,mort,du
86.0,Fleur du Vent | Fleur Vent | Fleur du | du Vent | Fleur | Vent | du,L’mal (décédé) : ancien Chef du Weyr de Fort ;,50304,6.0,deceder,du
86.0,Fleur du Vent | Fleur Vent | Fleur du | du Vent | Fleur | Vent | du,"Non seulement elle avait un contrôle respiratoire parfait pour soutenir sa voix de colorature, mais elle mettait tant d’émotion dans son interprétation que beaucoup avaient les larmes aux yeux quand sa voix mourut, lors du dernier et fatal transfert dans l’Interstice de Moreta et de son dragon.",50620,7.0,mourir,du
86.0,Fleur du Vent | Fleur Vent | Fleur du | du Vent | Fleur | Vent | du,"Sa protestation mourut sur ses lèvres quand il réalisa que les dragons s’approchaient de l’Atelier des Harpistes, et non du Fort où ils atterrissaient d’habitude.",52093,7.0,mourir,du
86.0,Fleur du Vent | Fleur Vent | Fleur du | du Vent | Fleur | Vent | du,"Robinton laissa sa voix mourir, la tristesse du sourire l’avertissant qu’il ferait mieux de ne pas demander la raison de leur départ précipité.",52741,7.0,mourir,du
86.0,Fleur du Vent | Fleur Vent | Fleur du | du Vent | Fleur | Vent | du,"Trois jours avant la fin de la Révolution, la Dame du Weyr mourut, après avoir combattu vaillamment la maladie.",55204,7.0,mourir,du
86.0,Fleur du Vent | Fleur Vent | Fleur du | du Vent | Fleur | Vent | du,"Robinton ne sut jamais à quel moment le Seigneur Maidir et S’loner avaient quitté la table, car la nuit était tombée, et, bien qu’il y eût de nombreux paniers de brandons autour du Bassin, il y avait tant de gens qui allaient et venaient – pour aller chercher du vin ou satisfaire un besoin naturel –, et il avait tant de choses à surveiller en sa qualité de Harpiste, qu’il ne remarqua leur absence que lorsque Dame Hayara se leva, fuyant une Jora ivre morte qui s’était effondrée sur la table.",55842,7.0,mourir,du
86.0,Fleur du Vent | Fleur Vent | Fleur du | du Vent | Fleur | Vent | du,"Chendith avait senti que son maître était mort, et la présence d’un passager ne l’avait pas détourné du suicide.",56192,7.0,mort,du
86.0,Fleur du Vent | Fleur Vent | Fleur du | du Vent | Fleur | Vent | du,"Robinton faisait de son mieux pour adoucir les diktats du jeune Seigneur, insinuant qu’il était encore sous le coup de la mort tragique de son père, mais que, quoique bien formé et compétent, il lui manquait encore le doigté que seule l’expérience lui donnerait.",56277,7.0,mort,du
86.0,Fleur du Vent | Fleur Vent | Fleur du | du Vent | Fleur | Vent | du,Pourquoi aurait-il dû changer maintenant qu’elle était morte ?,58867,7.0,mourir,du
86.0,Fleur du Vent | Fleur Vent | Fleur du | du Vent | Fleur | Vent | du,"ne s’étaient jamais réunis en Conseil pour confirmer sa succession au gouvernement des Hautes Terres, usurpant la place de Bargen, seul fils survivant du vieux Seigneur – si toutefois il n’était pas mort.",58962,7.0,mort,du
86.0,Fleur du Vent | Fleur Vent | Fleur du | du Vent | Fleur | Vent | du,"— Alors, qu’il regarde mourir le Chef du Weyr !",60069,7.0,mourir,du
86.0,Fleur du Vent | Fleur Vent | Fleur du | du Vent | Fleur | Vent | du,"Par la Coquille, ils ont dû organiser cet assaut depuis l’annulation de la dernière Fête de Telgar, à la mort de Grogellan.",60202,7.0,mort,du
86.0,Fleur du Vent | Fleur Vent | Fleur du | du Vent | Fleur | Vent | du,De longues traînées rouges attestaient que les morts avaient été tirés hors du Fort et sur les marches du perron avant d’arriver là.,60631,7.0,mort,du
86.0,Fleur du Vent | Fleur Vent | Fleur du | du Vent | Fleur | Vent | du,"— Je ne sais pour toi, mais je meurs de faim et… tiens, voici du pain…",61492,7.0,mourir,du
86.0,Fleur du Vent | Fleur Vent | Fleur du | du Vent | Fleur | Vent | du,"Et il est vigoureux, dit la sage-femme, bien qu’il soit prématuré et qu’on l’ait sorti en force du ventre de sa mère déjà morte.",61593,7.0,mourir,du
86.0,Fleur du Vent | Fleur Vent | Fleur du | du Vent | Fleur | Vent | du,"Dans Ruatha, pensa Lessa, l’herbe poussait où il ne fallait pas, et mourait où elle aurait dû prospérer.",61774,8.0,mourir,du
86.0,Fleur du Vent | Fleur Vent | Fleur du | du Vent | Fleur | Vent | du,"Personne n’y commettait jamais de maladresse en voyageant dans l’Interstice pour y disparaître à jamais, et aucune bête ne mourait, obligeant un homme sans dragon à s’exiler du Weyr, une partie de lui-même définitivement morte.",62064,8.0,mourir,du
86.0,Fleur du Vent | Fleur Vent | Fleur du | du Vent | Fleur | Vent | du,"Un de ses camarades avait piqué pour rattraper le chevalier, mais le dragon vert, le corps brûlé, l’aile gauche carbonisée, était mort du choc et de l’empoisonnement provoqué par la phosphine.",62070,8.0,mourir,du
86.0,Fleur du Vent | Fleur Vent | Fleur du | du Vent | Fleur | Vent | du,"Non qu’il eût le moins du monde regretté la mort de Fax, mais il n’aurait pas voulu qu’elle soit provoquée par l’haleine de Mnementh.",62313,8.0,mort,du
86.0,Fleur du Vent | Fleur Vent | Fleur du | du Vent | Fleur | Vent | du,"— Oui, et c’est un bébé vigoureux, dit la femme, surtout pour un enfant prématuré qu’on a retiré de force du ventre de sa mère morte.",63157,8.0,mourir,du
86.0,Fleur du Vent | Fleur Vent | Fleur du | du Vent | Fleur | Vent | du,"Elle chasserait le fils de Dame Gemma et prendrait le commandement de Ruatha, comme elle aurait dû le faire à la mort de Fax.",64073,8.0,mort,du
86.0,Fleur du Vent | Fleur Vent | Fleur du | du Vent | Fleur | Vent | du,"Maintenant, ses pensées le ramenaient inéluctablement à ce jour d’été où Hath, le dragon-bronze de R’gul, avait pris son vol pour s’accoupler à la grotesque Nemorth, et où R’gul était devenu Chef du Weyr à la place de F’lon, le père décédé de F’lar.",66355,8.0,deceder,du
86.0,Fleur du Vent | Fleur Vent | Fleur du | du Vent | Fleur | Vent | du,"Toutefois… puisqu’elle avait causé, quoique involontairement, la mort de sa mère et qu’elle ne pouvait pas à la fois être Dame du Weyr et gouverner un Fort, il était logique que Jaxom, fils de Dame Gemma, fût Seigneur de Ruatha.",66713,8.0,mort,du
86.0,Fleur du Vent | Fleur Vent | Fleur du | du Vent | Fleur | Vent | du,"Après la mort de C’gan, on avait suspendu son instrument dans la Salle du Conseil, en attendant le choix d’un nouveau Troubadour du Weyr.",67911,8.0,mort,du
86.0,Fleur du Vent | Fleur Vent | Fleur du | du Vent | Fleur | Vent | du,"Tous, dragons, chevaliers, gens du Weyr, ils ne sont pas morts de mort subite au même instant sans même laisser une seule carcasse pourrir au soleil !",68378,8.0,mort,du
86.0,Fleur du Vent | Fleur Vent | Fleur du | du Vent | Fleur | Vent | du,"Un père qu’il n’avait jamais vu, une mère morte en le mettant au monde l’avaient fait Seigneur de Ruatha, bien que sa mère fût originaire du Fort de Crom, et Fax, son père, des Hautes Terres.",71946,9.0,mourir,du
86.0,Fleur du Vent | Fleur Vent | Fleur du | du Vent | Fleur | Vent | du,"Car il s’agissait d’un duel à mort, et son issue pouvait très bien décider du sort de Pern.",75522,9.0,mort,du
86.0,Fleur du Vent | Fleur Vent | Fleur du | du Vent | Fleur | Vent | du,"Les paroles du vieux C’gan, l’instructeur des Aspirants, mort depuis sept Révolutions, résonnaient encore dans l’esprit de F’lar.",75555,9.0,mort,du
86.0,Fleur du Vent | Fleur Vent | Fleur du | du Vent | Fleur | Vent | du,"Mais il était un enfant logique, et la mort des deux Reines n’était pas survenue à Ruatha, ni au-dessus du Weyr de Fort, dont le Fort de Ruatha était vassal.",77902,9.0,mort,du
86.0,Fleur du Vent | Fleur Vent | Fleur du | du Vent | Fleur | Vent | du,Peut-être devraient-ils les garder tous les deux ici jusqu’à la mort du dragonnet.,78454,9.0,mort,du
86.0,Fleur du Vent | Fleur Vent | Fleur du | du Vent | Fleur | Vent | du,"On eût presque dit que les événements, eux aussi, pleuraient la mort du doux et vieil harpiste ;",80084,10.0,mort,du
86.0,Fleur du Vent | Fleur Vent | Fleur du | du Vent | Fleur | Vent | du,Elle avait retenu ses larmes depuis la mort du harpiste parce qu’elle savait qu’elle devrait être capable de chanter son élégie et qu’il est impossible de chanter quand les pleurs vous étouffent la gorge.,80130,10.0,mort,du
86.0,Fleur du Vent | Fleur Vent | Fleur du | du Vent | Fleur | Vent | du,— Ouvrir un message scellé du maître harpiste et adressé à un homme mort ?,80351,10.0,mort,du
86.0,Fleur du Vent | Fleur Vent | Fleur du | du Vent | Fleur | Vent | du,Du moins n’étaient-ils pas tous morts.,81816,10.0,mort,du
86.0,Fleur du Vent | Fleur Vent | Fleur du | du Vent | Fleur | Vent | du,Elle avait passé beaucoup de temps à faire sécher des algues et ramasser des buissons morts de baies de marais pour en faire du combustible.,82122,10.0,mort,du
86.0,Fleur du Vent | Fleur Vent | Fleur du | du Vent | Fleur | Vent | du,"La manière de penser du fort s’était figée en un verdict implacable : ne pas avoir d’abri pendant une chute de Fils, c’était la mort.",82147,10.0,mort,du
86.0,Fleur du Vent | Fleur Vent | Fleur du | du Vent | Fleur | Vent | du,L’une des femmes du weyr n’avait-elle pas fait remarquer à quel point Brekke avait l’air d’une morte vivante ?,83927,10.0,mort,du
86.0,Fleur du Vent | Fleur Vent | Fleur du | du Vent | Fleur | Vent | du,"Les apprentis répétaient la mélodie complexe par cœur, tout comme elle l’avait appris aux jeunes du fort de Mer du Demi-Cercle quand Petiron était tombé malade et, plus tard, après qu’il soit mort.",84826,11.0,mort,du
86.0,Fleur du Vent | Fleur Vent | Fleur du | du Vent | Fleur | Vent | du,Serait-ce avisé de dire maintenant aux harpistes qu’elle avait enseigné aux enfants après la mort de Petiron et avant l’arrivée du nouveau harpiste ?,87556,11.0,mort,du
86.0,Fleur du Vent | Fleur Vent | Fleur du | du Vent | Fleur | Vent | du,Et je crois aussi que tu as dû être terriblement perdue quand le vieux Petiron est mort.,87968,11.0,mort,du
86.0,Fleur du Vent | Fleur Vent | Fleur du | du Vent | Fleur | Vent | du,"Ce qui a effrayé Menolly a aussi alerté le dragon de guet, et même les morts ont dû entendre ce wherry de garde hululer.",88160,11.0,mort,du
86.0,Fleur du Vent | Fleur Vent | Fleur du | du Vent | Fleur | Vent | du,"La tour des tambours était toujours occupée, à l’exception du « temps mort » : quatre heures au plus profond de la nuit, quand la partie orientale du continent était encore endormie et que la partie occidentale venait de se coucher.",92249,12.0,mort,du
86.0,Fleur du Vent | Fleur Vent | Fleur du | du Vent | Fleur | Vent | du,"Au cours de son éducation d’apprenti, il avait dû apprendre les battements d’identification des forts et ateliers les plus importants, ainsi que les signaux d’urgence, comme « chute de Fils », « feu », « mort »",92251,12.0,mort,du
86.0,Fleur du Vent | Fleur Vent | Fleur du | du Vent | Fleur | Vent | du,"Si l’allure de lord Meron démentait les rumeurs selon lesquelles l’homme était mort ou mourant, les yeux perçants de Sebell remarquèrent que le seigneur du fort avait besoin du support des deux hommes qui marchaient à ses côtés en lui tenant les bras.",94761,12.0,mort,du
86.0,Fleur du Vent | Fleur Vent | Fleur du | du Vent | Fleur | Vent | du,"Le fort de Nabol ne devait pas sombrer dans la pagaille, pas quand les plus jeunes fils du seigneur étaient impatients de se battre à mort pour s’emparer d’un fort même aussi mal géré que celui-ci.",95160,12.0,mort,du
86.0,Fleur du Vent | Fleur Vent | Fleur du | du Vent | Fleur | Vent | du,"Car c’était l’association de lord Meron avec la dame du weyr de T’bor, Kylara, qui avait causé la mort de la reine dragon de Kylara, Pridenth, et de Wirenth, celle de Brekke.",95201,12.0,mort,du
86.0,Fleur du Vent | Fleur Vent | Fleur du | du Vent | Fleur | Vent | du,"Cependant, au tréfonds de son âme, la terreur était plus lente à admettre que le danger était passé, et il resta à l’abri du surplomb jusqu’à ce que la marée se fût retirée, le laissant échoué comme un poisson mort sur cette partie du récif.",95402,12.0,mort,du
86.0,Fleur du Vent | Fleur Vent | Fleur du | du Vent | Fleur | Vent | du,"Au moment même où Kimi revenait avec un message de Toric répondant à la requête du harpiste au sujet des nouveaux venus au Sud, le tambour apporta la nouvelle de la mort de lord Meron.",95536,12.0,mort,du
86.0,Fleur du Vent | Fleur Vent | Fleur du | du Vent | Fleur | Vent | du,"— La mort de lord Meron ne va pas les gêner – Toric fit un signe de tête en direction du weyr Méridional –, pendant un certain temps.",96276,12.0,mort,du
86.0,Fleur du Vent | Fleur Vent | Fleur du | du Vent | Fleur | Vent | du,Il devait rester Seigneur du Fort de Ruatha ou tous les cadets des plus grands Seigneurs lutteraient à mort pour prendre sa place.,96840,13.0,mort,du
86.0,Fleur du Vent | Fleur Vent | Fleur du | du Vent | Fleur | Vent | du,"Il n’ajouta pas que Dorse et ses amis, depuis l’accident, lui rappelaient sans cesse la mort du jeune aspirant-chevalier, tombé dans la montagne pour avoir trop surmené son jeune dragon.",97111,13.0,mort,du
86.0,Fleur du Vent | Fleur Vent | Fleur du | du Vent | Fleur | Vent | du,"Sa naissance avait été aussi bizarre que l’Éclosion de Ruth lui sortant du ventre de sa mère morte, Ruth sortant d’une coquille trop dure pour son petit bec.",98188,13.0,mort,du
86.0,Fleur du Vent | Fleur Vent | Fleur du | du Vent | Fleur | Vent | du,"qu’il lut sur son visage, le Harpiste comprit que cette fois, le dragon de T’kul étant mort, le Chef du Weyr de Benden achèverait son assaillant.",102762,13.0,mort,du
86.0,Fleur du Vent | Fleur Vent | Fleur du | du Vent | Fleur | Vent | du,"Quand… quand Fanna est morte, dit-il d’un ton fiévreux, j’aurais dû aller au Weyr Méridional.",103289,13.0,mourir,du
86.0,Fleur du Vent | Fleur Vent | Fleur du | du Vent | Fleur | Vent | du,"À l’origine, il était convenu que je pourrais gouverner toutes les terres que j’aurais acquises à la mort du dernier des Anciens.",107203,13.0,mort,du
86.0,Fleur du Vent | Fleur Vent | Fleur du | du Vent | Fleur | Vent | du,"C’est Sebell qui l’est, parce que Maître Robinton a failli mourir d’un arrêt du cœur et a pris sa retraite.",107984,14.0,mourir,du
86.0,Fleur du Vent | Fleur Vent | Fleur du | du Vent | Fleur | Vent | du,"Quand meurt le dernier de la Lignée, un combat singulier doit décider du nouveau Seigneur.",112928,14.0,mourir,du
86.0,Fleur du Vent | Fleur Vent | Fleur du | du Vent | Fleur | Vent | du,"— Non, Dame du Weyr, mes parents sont morts.",114243,14.0,mort,du
86.0,Fleur du Vent | Fleur Vent | Fleur du | du Vent | Fleur | Vent | du,C’était vous – et ce nabot blanc qui aurait dû mourir au moment de l’Éclosion !,116547,14.0,mourir,du
86.0,Fleur du Vent | Fleur Vent | Fleur du | du Vent | Fleur | Vent | du,Quelqu’un avait jeté une couverture sur les épaules du mort.,117966,14.0,mort,du
86.0,Fleur du Vent | Fleur Vent | Fleur du | du Vent | Fleur | Vent | du,"Si Maître Robinton était mort, ou si Biswy n’était pas décédé d’une défaillance cardiaque, il aurait peut-être dû décider autrement.",118337,14.0,deceder | mort,du
86.0,Fleur du Vent | Fleur Vent | Fleur du | du Vent | Fleur | Vent | du,"Cinq ne reparla plus jamais de la simultanéité de la mort du Maître Harpiste et de l’Abomination, mais cette petite rumeur attacha bien des gens à la cause, qui sinon n’y auraient guère adhéré.",119966,15.0,mort,du
86.0,Fleur du Vent | Fleur Vent | Fleur du | du Vent | Fleur | Vent | du,"J’ai trouvé ses initiales à plusieurs endroits du fortin, et pourtant le journal qu’Ita Fusaiyuki a tenu pendant plusieurs mois après la mort de Kenjo ne parle pas de lui.",120411,15.0,mort,du
86.0,Fleur du Vent | Fleur Vent | Fleur du | du Vent | Fleur | Vent | du,Toric n’était pas du tout convaincu que Siav savait ce qu’il faisait : imaginer de déplacer l’orbite de toute une planète avec des trucs qui restaient dans des moteurs morts depuis des siècles !,121104,15.0,mourir,du
86.0,Fleur du Vent | Fleur Vent | Fleur du | du Vent | Fleur | Vent | du,Du genre à mourir pour ses principes.,121760,15.0,mourir,du
86.0,Fleur du Vent | Fleur Vent | Fleur du | du Vent | Fleur | Vent | du,"Jaxom conservait peu de bons souvenirs de son frère de lait, mais il lui avait toujours donné le bénéfice du doute, longtemps après la mort de sa mère adoptive.",128743,15.0,mort,du
86.0,Fleur du Vent | Fleur Vent | Fleur du | du Vent | Fleur | Vent | du,Esselin ne se remit pas du choc et mourut quelques jours plus tard d’une hémorragie cérébrale.,131400,15.0,mourir,du
86.0,Fleur du Vent | Fleur Vent | Fleur du | du Vent | Fleur | Vent | du,"Kashman serait peut-être un bon allié, bien qu’il n’ait été qu’un enfant à la mort du bien-aimé Robinton.",131687,15.0,mort,du
89.0,Gana,"Bien que jeune, il avait droit à tous les honneurs et politesses dus à un chevalier-dragon, et c’est pourquoi, devant du klah et un excellent gâteau de Dame Gana, il nous apprit que les coureurs mouraient de la peste, eux aussi, et devaient être inoculés.",38918,5.0,mourir,gana
89.0,Gana,"Tuero avait pu établir que la fille de Dame Gana était morte parmi les premières, soignée par la servante qui avait aussi succombé à la maladie.",39393,5.0,mourir,gana
90.0,Gemma,"— Oui, morte, morte, la pauvre Gemma.",61343,7.0,mort | mourir,gemma
90.0,Gemma,"Lessa recoucha la femme, contemplant avec étonnement le sourire triomphant qu’avait Dame Gemma dans la mort.",62935,8.0,mort,gemma
90.0,Gemma,"Pas au moment où, en provoquant la mort de Fax, elle pouvait non seulement venger les torts qu’on lui avait faits, mais aussi ceux faits à Dame Gemma.",62944,8.0,mort,gemma
90.0,Gemma,Il était content que Dame Gemma fût morte en mettant au monde son héritier.,62960,8.0,mourir,gemma
90.0,Gemma,"Dame Gemma est morte, l’enfant n’est pas né.",63118,8.0,mourir,gemma
90.0,Gemma,Dame Gemma ne serait peut-être pas morte.,63191,8.0,mourir,gemma
90.0,Gemma,"Quelque chose dans son attitude lui apprit qu’elle regrettait la mort de Dame Gemma, qu’elle en avait été profondément affectée.",63193,8.0,mort,gemma
90.0,Gemma,Et en deuil pour la mort de Dame Gemma.,63454,8.0,mort,gemma
90.0,Gemma,"Elle chasserait le fils de Dame Gemma et prendrait le commandement de Ruatha, comme elle aurait dû le faire à la mort de Fax.",64073,8.0,mort,gemma
90.0,Gemma,"Toutefois… puisqu’elle avait causé, quoique involontairement, la mort de sa mère et qu’elle ne pouvait pas à la fois être Dame du Weyr et gouverner un Fort, il était logique que Jaxom, fils de Dame Gemma, fût Seigneur de Ruatha.",66713,8.0,mort,gemma
91.0,Ginia,Betrice respira en voyant Ginia et le flacon de liquide clair qui pouvait faire la différence entre la vie et la mort pour la jeune mère.,50510,7.0,mort,ginia
91.0,Ginia,"— Pas de mutilation, pas de viol, juste la mort, murmura Ginia, quittant avec lassitude le théâtre de cette tragédie.",59246,7.0,mort,ginia
99.0,Hayara,"Robinton ne sut jamais à quel moment le Seigneur Maidir et S’loner avaient quitté la table, car la nuit était tombée, et, bien qu’il y eût de nombreux paniers de brandons autour du Bassin, il y avait tant de gens qui allaient et venaient – pour aller chercher du vin ou satisfaire un besoin naturel –, et il avait tant de choses à surveiller en sa qualité de Harpiste, qu’il ne remarqua leur absence que lorsque Dame Hayara se leva, fuyant une Jora ivre morte qui s’était effondrée sur la table.",55842,7.0,mourir,hayara
103.0,Ita,"J’ai trouvé ses initiales à plusieurs endroits du fortin, et pourtant le journal qu’Ita Fusaiyuki a tenu pendant plusieurs mois après la mort de Kenjo ne parle pas de lui.",120411,15.0,mort,ita
104.0,Jallora,"Je savais que les deux Chefs de Weyrs avaient été malades et avaient guéri, car l’Atelier des Guérisseurs leur avait envoyé Jallora en toute hâte quand le guérisseur du Weyr était mort.",38535,5.0,mort,jallora
106.0,Jancis,"— Et d’autant plus qu’elle meurt d’envie elle-même de suivre les leçons des guérisseurs, dit Jancis.",110867,14.0,mourir,jancis
111.0,Jora,"Robinton ne sut jamais à quel moment le Seigneur Maidir et S’loner avaient quitté la table, car la nuit était tombée, et, bien qu’il y eût de nombreux paniers de brandons autour du Bassin, il y avait tant de gens qui allaient et venaient – pour aller chercher du vin ou satisfaire un besoin naturel –, et il avait tant de choses à surveiller en sa qualité de Harpiste, qu’il ne remarqua leur absence que lorsque Dame Hayara se leva, fuyant une Jora ivre morte qui s’était effondrée sur la table.",55842,7.0,mourir,jora
111.0,Jora,Jora est morte.,60946,7.0,mourir,jora
111.0,Jora,Repensant à la façon dont Jora se gorgeait de nourriture à la dernière Éclosion – qui remontait maintenant à des Révolutions – Robinton avait cru sans mal qu’elle était morte d’indigestion.,60948,7.0,mourir,jora
111.0,Jora,"— J’avais entendu dire que Jora était morte, répliqua Fax, renonçant à la troisième personne, comme si F’lar avait passé une sorte d’épreuve en n’y prêtant pas attention.",61858,8.0,mourir,jora
111.0,Jora,— Et Jora est morte ?,62092,8.0,mort,jora
119.0,Kasia,"C’était la première fois qu’il ressentait cela, neuf mois après la mort de Kasia.",58617,7.0,mort,kasia
119.0,Kasia,"– d’une force qu’il ne s’imaginait pas capable de ressentir, beaucoup plus profonde et plus primitive que celle qui l’avait étreint après la mort de Kasia.",59073,7.0,mort,kasia
119.0,Kasia,"Elle avait le bon sens de ne jamais parler de la tristesse qui persistait dans ses yeux, mais il savait que le souvenir de Kasia ne s’était pas estompé depuis dix Révolutions qu’elle était morte.",59268,7.0,mourir,kasia
119.0,Kasia,Robinton lui était redevable pour le soutien qu’elle lui avait apporté après la mort de Kasia.,59450,7.0,mort,kasia
125.0,Kit Ping Kitti | Ping Kitti | Kit Kitti | Kit Ping | Kitti | Ping | Kit,"— Et voir comment il meurt, ajouta Kitti.",4347,1.0,mourir,kitti
131.0,Kylara,"Car c’était l’association de lord Meron avec la dame du weyr de T’bor, Kylara, qui avait causé la mort de la reine dragon de Kylara, Pridenth, et de Wirenth, celle de Brekke.",95201,12.0,mort,kylara
134.0,Larna Lama | Larna | Lama,Larna était morte deux jours après la naissance de Fallarnon.,58706,7.0,mourir,larna
137.0,Leri,"K’lon fut si atterré à l’idée de voir mourir Leri sous ses yeux qu’il la saisit par les épaules et la secoua violemment, ce qui permit à l’air d’entrer dans ses poumons.",37179,4.0,mourir,leri
137.0,Leri,"Pendant que K’lon berçait Leri dans ses bras, les dragons s’assemblaient respectueusement à l’entrée de l’Aire d’Éclosion, baissant leurs immenses têtes, les yeux gris de douleur, partageant la souffrance d’un dragon qui ne pouvait pas suivre sa maîtresse dans la mort, retenu par ses œufs en train de durcir.",37206,4.0,mort,leri
138.0,Lessa,"— Ils sont morts, dit Lessa avec regret.",45568,6.0,mort,lessa
138.0,Lessa,"Furieuse qu’on ait laissé croire à Benden qu’Aramina était morte, Lessa ne demandait quand même pas mieux que d’apprendre ce qu’elle avait dit au Harpiste.",48045,6.0,mourir,lessa
138.0,Lessa,"Dans Ruatha, pensa Lessa, l’herbe poussait où il ne fallait pas, et mourait où elle aurait dû prospérer.",61774,8.0,mourir,lessa
138.0,Lessa,"Il avait accompli beaucoup plus de choses que les autres, et Lessa avait sincèrement regretté la nécessité de sa mort.",62444,8.0,mort,lessa
138.0,Lessa,"Lessa recoucha la femme, contemplant avec étonnement le sourire triomphant qu’avait Dame Gemma dans la mort.",62935,8.0,mort,lessa
138.0,Lessa,"Un sourire, assez semblable à celui de la morte, se dessina sur les lèvres de Lessa, comme elle se hâtait de descendre vers le Hall.",62954,8.0,mort,lessa
138.0,Lessa,Lessa qu’elle mourait de faim.,64387,8.0,mourir,lessa
138.0,Lessa,Et les excuses de Lessa moururent dans sa bouche comme elle se retournait pour saisir un pot de baume.,71119,9.0,mourir,lessa
138.0,Lessa,"Un silence de mort s’abattit sur l’assemblée tandis que F’lar et Lessa remettaient des paquets ronds enveloppés de feutre au Seigneur Asgenar et à sa fiancée, Dame Famira.",75153,9.0,mort,lessa
138.0,Lessa,Sa voix mourut comme Lessa l’entraînait dans le corridor.,77771,9.0,mourir,lessa
138.0,Lessa,"Elle était trop bien, a dit Lessa, pour vivre à moitié morte.",78100,9.0,mort,lessa
138.0,Lessa,Vous savez que Lessa a failli mourir en remontant à quatre cents Révolutions dans le passé.,117649,14.0,mourir,lessa
138.0,Lessa,"— Il semble bien ingrat de condamner à mort ces vaisseaux, murmura Lessa.",119320,14.0,mort,lessa
138.0,Lessa,"— Pars avant de mourir d’une bronchite et d’être frustré de ta retraite, dit Lessa avec sérieux.",126259,15.0,mourir,lessa
138.0,Lessa,"Moi non plus, je ne survivrais pas à la mort de Ramoth, pensa Lessa, désespérée, malgré l’assurance et le calme apparents qu’elle affectait en public.",129644,15.0,mort,lessa
151.0,Lucy Tubberman | Tubberman | Lucy,"Profondément blessé mentalement aussi bien que physiquement après la première Chute et la mort tragique de Lucy Tubberman, le jeune homme s’était retiré dans sa coquille, en proie à des remords continuels.",7787,1.0,mort,lucy tubberman
151.0,Lucy Tubberman | Tubberman | Lucy,"Bay savait qu’elle était indulgente, tolérante et compréhensive, mais si Ted Tubberman était mort, elle en serait immensément soulagée.",8991,1.0,mort,tubberman
155.0,Manora,"Quand il pouvait, il adressait un message tambouriné au Weyr de Benden, pour demander l’aide de F’lon – et écoutait le chevalier-dragon s’extasier sur son fils, maintenant élevé par Manora, la jeune fille si pleine de dignité qu’il avait remarquée le jour où S’loner et Maidir étaient morts.",58916,7.0,mort,manora
155.0,Manora,"— Elle a été adoptée par Brekke, et Manora a toujours dit que ce sont les soins dévoués de Mirrim qui ont aidé Brekke à vivre après la mort de sa reine.",93242,12.0,mort,manora
155.0,Manora,"Le bois mort était abondant, de même que les pierres pour construire le foyer, et F’lessan fut bientôt confortablement assis, adossé à l’épaule de Golanth, grignotant ses rations de voyage et sirotant le vin de Benden dont il avait persuadé Manora de remplir sa gourde.",114487,14.0,mort,manora
158.0,Mardra,"— Plutôt mourir que d’avouer à Mardra, maîtresse de Loranth, qu’il y avait bien quelqu’un dans ce maudit sac !",42240,6.0,mourir,mardra
158.0,Mardra,"Seule la reine de Mardra est au weyr, plus morte",45877,6.0,mort,mardra
162.0,Mari,"Qu’est-ce qui pouvait bien lui faire croire que, simplement parce que Dame Pendra était morte, elle allait prendre sa suite, comme elle lui avait pris son mari ?",38128,5.0,mort,mari
162.0,Mari,"— Oh, ton mari est mort de la maladie ?",39222,5.0,mourir,mari
163.0,Mary Tubberman | Tubberman | Mary,"Profondément blessé mentalement aussi bien que physiquement après la première Chute et la mort tragique de Lucy Tubberman, le jeune homme s’était retiré dans sa coquille, en proie à des remords continuels.",7787,1.0,mort,tubberman
163.0,Mary Tubberman | Tubberman | Mary,"Bay savait qu’elle était indulgente, tolérante et compréhensive, mais si Ted Tubberman était mort, elle en serait immensément soulagée.",8991,1.0,mort,tubberman
168.0,Menolly Nolly Monolly | Menolly Monolly | Menolly Nolly | Nolly Monolly | Menolly | Monolly | Nolly,Les tantes se tournèrent alors vers Menolly et l’engagèrent à le gaver afin de lui assurer une mort prématurée.,80885,10.0,mort,menolly
168.0,Menolly Nolly Monolly | Menolly Monolly | Menolly Nolly | Nolly Monolly | Menolly | Monolly | Nolly,"Menolly acquiesça, réduite un moment au silence, se reprochant, durant ces longs jours de chagrin solitaire après la mort de Petiron, d’avoir douté qu’il ait fait ce qu’il avait dit qu’il ferait.",85334,11.0,mort,menolly
168.0,Menolly Nolly Monolly | Menolly Monolly | Menolly Nolly | Nolly Monolly | Menolly | Monolly | Nolly,"Puis, bien sûr, et Menolly sentait aujourd’hui une boule de chagrin dans sa gorge, elle avait assumé l’ensemble des cours à la mort de Petiron car Yanus, qui connaissait son devoir envers le weyr, s’était alors rendu compte que les jeunes ne devaient pas oublier leurs Ballades d’Enseignement et leurs Chansons et qu’elle était la seule personne au fort dont on pouvait se passer pour la pêche.",87569,11.0,mort,menolly
168.0,Menolly Nolly Monolly | Menolly Monolly | Menolly Nolly | Nolly Monolly | Menolly | Monolly | Nolly,"Ce qui a effrayé Menolly a aussi alerté le dragon de guet, et même les morts ont dû entendre ce wherry de garde hululer.",88160,11.0,mort,menolly
168.0,Menolly Nolly Monolly | Menolly Monolly | Menolly Nolly | Nolly Monolly | Menolly | Monolly | Nolly,"— Les connaissances qu’il nous a prodiguées ne mourront pas, dit F’lar, s’écartant pour laisser entrer Menolly et Sebell.",119539,14.0,mourir,menolly
170.0,Merelan,Petiron fut reçu chaleureusement par l’oncle et la tante qui avaient élevé Merelan après la mort de ses parents au cours d’une des violentes tempêtes d’automne qui se déchaînaient périodiquement sur le littoral occidental.,50863,7.0,mort,merelan
170.0,Merelan,"Quand mourut la dernière note, ils se regardèrent, Merelan perplexe, Robinton angoissé.",53563,7.0,mourir,merelan
170.0,Merelan,"Et quand la dernière note de Merelan mourut doucement – comme son espoir –, il lança la harpe par-dessus bord, pour qu’elle rejoigne le corps de son épouse qui s’enfonçait lentement.",58263,7.0,mourir,merelan
170.0,Merelan,"Puis il se remit à sangloter, tellement anéanti par la mort de Merelan que Robinton, sans réfléchir, contourna le lit et prit son père dans ses bras pour le réconforter.",58884,7.0,mort,merelan
170.0,Merelan,"— J’ai appris que Merelan était morte il y a quelque temps, dit Rantou avec gravité.",59725,7.0,mourir,merelan
170.0,Merelan,Elle avait espéré l’épouser après la mort de Merelan.,85437,11.0,mort,merelan
170.0,Merelan,Comme si Petiron avait pu prendre femme après la mort de Merelan !,85444,11.0,mort,merelan
175.0,Milla,Mais Milla était morte avant de communiquer cette science à sa fille.,20561,3.0,mourir,milla
177.0,Mirrim,"Mirrim a conféré l’Empreinte à trois lézards, et nous autres nous ne nous en sommes attaché qu’un, et pourtant nous avons essayé… et ils mouraient tous à nos pieds.",71796,9.0,mourir,mirrim
177.0,Mirrim,"— Elle a été adoptée par Brekke, et Manora a toujours dit que ce sont les soins dévoués de Mirrim qui ont aidé Brekke à vivre après la mort de sa reine.",93242,12.0,mort,mirrim
179.0,Moreta Moretta | Moretta | Moreta,"— Je n’arrive pas à me rappeler une maladie respiratoire provoquant une mort si rapide, dit Moreta.",28029,4.0,mort,moreta
179.0,Moreta Moretta | Moretta | Moreta,"Respirant leur arôme, Moreta réalisa qu’elle mourait de faim.",28225,4.0,mourir,moreta
179.0,Moreta Moretta | Moretta | Moreta,"Parfois, les chevaliers verts et bleus se laissaient aller à des figures acrobatiques, surtout quand ils s’étaient enivrés après une mauvaise chute ou la mort d’un dragon et de son maître, mais Moreta redoutait ces séances.",28566,4.0,mort,moreta
179.0,Moreta Moretta | Moretta | Moreta,"— Qu’il y a une épidémie sur Pern et que tout le monde mourra, dit Nesso, regardant Moreta avec indignation.",29652,4.0,mourir,moreta
179.0,Moreta Moretta | Moretta | Moreta,"Malgré son isolement, Moreta savait quand même que d’autres étaient tombés malades au Weyr – et que des chevaliers et des dragons étaient morts dans d’autres Weyrs.",32985,4.0,mort,moreta
179.0,Moreta Moretta | Moretta | Moreta,"Moreta se força à regarder les grossiers tumulus funéraires, et à accepter l’idée de tant de morts parmi les hôtes venus dans leurs plus beaux atours.",35294,4.0,mort,moreta
179.0,Moreta Moretta | Moretta | Moreta,"— Tant de morts, Moreta, tant de morts.",36439,4.0,mort,moreta
179.0,Moreta Moretta | Moretta | Moreta,Certains disaient qu’il se sentait douloureusement responsable de ce que Moreta soit morte en travaillant pour son Atelier.,37357,4.0,mort,moreta
179.0,Moreta Moretta | Moretta | Moreta,Lui aussi avait changé de façon spectaculaire depuis la mort de Moreta.,37389,4.0,mort,moreta
179.0,Moreta Moretta | Moretta | Moreta,qu’Alessan eût perçu la mort de Moreta.,39756,5.0,mort,moreta
179.0,Moreta Moretta | Moretta | Moreta,"Tous les chevaliers-dragons et la plupart des gens des Weyrs avaient instantanément perçu les deux morts, celle de Moreta et celle de Holth.",39758,5.0,mort,moreta
179.0,Moreta Moretta | Moretta | Moreta,"Mais pensant qu’elle était morte et qu’il souffrait tant de la perte de Moreta, mes larmes se remirent à couler.",39872,5.0,mort,moreta
179.0,Moreta Moretta | Moretta | Moreta,"Dix jours après la mort de Moreta, à notre sinistre repas du soir, Alessan se leva, et tout le monde se tut instantanément.",39920,5.0,mort,moreta
179.0,Moreta Moretta | Moretta | Moreta,Son Dorianth a couvert Pelianth au cours du vol nuptial ayant suivi la mort de Moreta.,40158,5.0,mort,moreta
179.0,Moreta Moretta | Moretta | Moreta,"Non seulement elle avait un contrôle respiratoire parfait pour soutenir sa voix de colorature, mais elle mettait tant d’émotion dans son interprétation que beaucoup avaient les larmes aux yeux quand sa voix mourut, lors du dernier et fatal transfert dans l’Interstice de Moreta et de son dragon.",50620,7.0,mourir,moreta
179.0,Moreta Moretta | Moretta | Moreta,Comme pour la mort de Moreta.,129725,15.0,mort,moreta
190.0,Nesso,"— Qu’il y a une épidémie sur Pern et que tout le monde mourra, dit Nesso, regardant Moreta avec indignation.",29652,4.0,mourir,nesso
195.0,Oklina,"Oklina disposa des plantes et des fleurs dans le Hall, espérant nous égayer, mais certaines se flétrirent et moururent immédiatement, comme si, elles aussi, ne pouvaient pas survivre dans cette atmosphère.",39918,5.0,mourir,oklina
201.0,Pendra,"Qu’est-ce qui pouvait bien lui faire croire que, simplement parce que Dame Pendra était morte, elle allait prendre sa suite, comme elle lui avait pris son mari ?",38128,5.0,mort,pendra
209.0,Rill Nerilka | Nerilka | Rill,"En fait, quand Papa mourra, tout continuera sans doute comme avant, et il y aura peu de changement dans mes devoirs, à moi, Nerilka.",37618,5.0,mourir,nerilka
209.0,Rill Nerilka | Nerilka | Rill,"Un ou deux harpistes ou guérisseurs pouvaient me reconnaître pour m’avoir vue au Fort, mais ils n’iraient pas chercher Dame Nerilka au camp d’internement, entourée d’infections et exposée à l’inconfort aussi bien qu’à la mort.",38764,5.0,mort,nerilka
209.0,Rill Nerilka | Nerilka | Rill,"— Celui qui vient de goûter à la mort a besoin d’amour pour lui rappeler ce qu’est la vie, Nerilka.",39893,5.0,mort,nerilka
212.0,Sabra Ongola Stein | Ongola Stein | Sabra Ongola | Sabra Stein | Ongola | Sabra | Stein,"— Kenjo est mort et Ongola grièvement blessé, dit Paul.",6063,1.0,mort,ongola
212.0,Sabra Ongola Stein | Ongola Stein | Sabra Ongola | Sabra Stein | Ongola | Sabra | Stein,"Au Terminus, la mort de Kenjo et l’état grave d’Ongola étaient connus de tous, mais on n’avait rien annoncé officiellement.",6554,1.0,mort,ongola
212.0,Sabra Ongola Stein | Ongola Stein | Sabra Ongola | Sabra Stein | Ongola | Sabra | Stein,"— Aucun mort à déplorer, dit Ongola, rassurant.",10302,1.0,mort,ongola
216.0,Sallah,Le choc de la mort de Sallah Telgar fut ressenti sur tout le continent.,6618,1.0,mort,sallah
216.0,Sallah,"Depuis la mort de Sallah, c’était la première fois que Telgar se mêlait aux autres.",7990,1.0,mort,sallah
216.0,Sallah,"Telgar se leva brusquement, et Bay, se demandant si quelque chose dans ses paroles avait pu lui rappeler la mort de Sallah, se reprocha mentalement d’avoir parlé sans réfléchir.",10455,1.0,mort,sallah
216.0,Sallah,"Tous s’arrêtèrent de respirer en réalisant qu’il s’agissait de Sallah Telgar, morte si vaillamment pour sauver la colonie.",111471,14.0,mourir,sallah
217.0,Sallah Telgar-Andiyar | Telgar-Andiyar | Sallah,Le choc de la mort de Sallah Telgar fut ressenti sur tout le continent.,6618,1.0,mort,sallah
217.0,Sallah Telgar-Andiyar | Telgar-Andiyar | Sallah,"Depuis la mort de Sallah, c’était la première fois que Telgar se mêlait aux autres.",7990,1.0,mort,sallah
217.0,Sallah Telgar-Andiyar | Telgar-Andiyar | Sallah,"Telgar se leva brusquement, et Bay, se demandant si quelque chose dans ses paroles avait pu lui rappeler la mort de Sallah, se reprocha mentalement d’avoir parlé sans réfléchir.",10455,1.0,mort,sallah
217.0,Sallah Telgar-Andiyar | Telgar-Andiyar | Sallah,"Tous s’arrêtèrent de respirer en réalisant qu’il s’agissait de Sallah Telgar, morte si vaillamment pour sauver la colonie.",111471,14.0,mourir,sallah
225.0,Sharra,"Heureusement, il était presque mort quand Meer et Talla le déposèrent aux pieds de Sharra.",96005,12.0,mort,sharra
225.0,Sharra,"— Qui est mort de la tête de feu pour vous attrister ainsi, Sharra ?",102135,13.0,mourir,sharra
225.0,Sharra,"— Cet homme est mort depuis longtemps, dit Sharra, frissonnant en tâtant sa joue glacée.",117893,14.0,mort,sharra
226.0,Sharra Sharrie | Sharrie | Sharra,"Heureusement, il était presque mort quand Meer et Talla le déposèrent aux pieds de Sharra.",96005,12.0,mort,sharra
226.0,Sharra Sharrie | Sharrie | Sharra,"— Qui est mort de la tête de feu pour vous attrister ainsi, Sharra ?",102135,13.0,mourir,sharra
226.0,Sharra Sharrie | Sharrie | Sharra,"— Cet homme est mort depuis longtemps, dit Sharra, frissonnant en tâtant sa joue glacée.",117893,14.0,mort,sharra
232.0,Silvina,"— C’est sa mort qui va provoquer encore plus de problèmes, Silvina.",93919,12.0,mort,silvina
239.0,Sorka,"— Il meurt de faim, Sean, dit Sorka, cherchant à tâtons son paquet de sandwiches.",1897,1.0,mourir,sorka
243.0,Suriana,"— C’est la première fois qu’il assiste à une Fête, danse, chante, enfin la première fois qu’il est lui-même depuis la mort de Suriana.",28458,4.0,mort,suriana
243.0,Suriana,"En proie à cette déception cruelle, je sais que je perdis ma cause en balbutiant tout à trac que j’avais été mise en tutelle avec Suriana – l’épouse d’Alessan morte à la suite d’une chute malheureuse lorsque son coureur s’était emballé – et que j’étais donc sa sœur adoptive.",37538,5.0,mort,suriana
243.0,Suriana,Dire qu’une partie de moi-même était morte avec Suriana n’était pas une exagération.,37590,5.0,mourir,suriana
243.0,Suriana,"Mais Suriana était morte, et même cette faible lueur d’espoir s’était éteinte, comme elle s’était éteinte elle-même après être tombée du coureur sur lequel elle chevauchait.",37647,5.0,mourir,suriana
243.0,Suriana,"Je ne connaissais que les détails rendus publics : Suriana s’était cassé la colonne vertébrale en montant un coureur, et était morte sans avoir repris connaissance, malgré les soins du Maître Guérisseur convoqué à la hâte.",37650,5.0,mourir,suriana
243.0,Suriana,"La tour des tambours de l’Atelier des Harpistes vibrait encore de l’ordre de quarantaine imposé par Capiam, m’apprenant la nouvelle tragédie ruathienne exactement à la même heure que j’avais appris la mort de Suriana, ce qui me déchira le cœur.",37653,5.0,mort,suriana
243.0,Suriana,"Je ne pouvais plus me cacher qu’Alessan avait toujours occupé mon esprit et mon cœur depuis le jour où il avait épousé ma chère Suriana, de même que Ruatha était le havre qui m’avait été dénié d’abord par sa mort prématurée, puis par la décision arbitraire de mes parents au moment de la Fête.",40003,5.0,mort,suriana
247.0,T’bor,"Car c’était l’association de lord Meron avec la dame du weyr de T’bor, Kylara, qui avait causé la mort de la reine dragon de Kylara, Pridenth, et de Wirenth, celle de Brekke.",95201,12.0,mort,t’bor
252.0,Tellani,Que Berchar et le nouveau-né de Tellani étaient morts.,32987,4.0,mort,tellani
256.0,Tisha,"Tisha, il est à moitié gelé et mort de faim, ajouta le jeune chevalier bleu, traînant la haute silhouette emmaillotée de fourrures vers la cheminée la plus proche et l’asseyant sur une chaise.",21496,3.0,mort,tisha
256.0,Tisha,"Une question discrète à Tisha lui avait appris qu’un chevalier bronze, Clim, était le père de l’enfant, la mère étant morte peu après la naissance.",25358,3.0,mourir,tisha
269.0,Zulaya,"Tandis qu’il glissait dans l’inconscience, P’tero se demanda comment Zulaya était arrivée ici et s’il allait mourir.",26202,3.0,mourir,zulaya
269.0,Zulaya,"— Elle mourait d’envie de nous prendre toutes sous son aile, chuchota Zulaya à K’vin quand la Dame du Weyr de Fort tourna la tête vers son compagnon qui faisait nerveusement les cent pas.",26896,3.0,mourir,zulaya
276.0,Alessan,"— Seigneur Alessan, Vander est mort !",30422,4.0,mort,alessan
276.0,Alessan,"– et ne pouvait pas être dans la terre du champ de courses et des piquets où tant de bêtes étaient mortes, mais Alessan ne voulait pas risquer les rares étalons inestimables que Dag avait emmenés en toute hâte le lendemain de cette maudite Fête.",34474,4.0,mourir,alessan
276.0,Alessan,"Pessimiste, Alessan avait pensé que tous les jeunes étaient morts de la maladie ou que les femelles avaient avorté, car il ne restait plus au Fort que des mâles châtrés et des femelles stériles.",35070,4.0,mort,alessan
276.0,Alessan,"Et à accepter également les bûchers mortuaires qui avaient consumé les coureurs morts, vainqueurs et vaincus confondus, des dix courses qui les avaient attirés à Ruatha en cette fatale journée. Impitoyablement critique, elle se dit un instant qu’Alessan aurait pu trouver le temps de faire enlever les débris pathétiques des chariots bâchés, des malles et des échoppes de la Fête qu’on voyait encore dans les champs et au bord de la route.",35295,4.0,mort,alessan
276.0,Alessan,"En proie à cette déception cruelle, je sais que je perdis ma cause en balbutiant tout à trac que j’avais été mise en tutelle avec Suriana – l’épouse d’Alessan morte à la suite d’une chute malheureuse lorsque son coureur s’était emballé – et que j’étais donc sa sœur adoptive.",37538,5.0,mort,alessan
276.0,Alessan,"Alessan ne pouvait pas l’avoir pleurée plus que moi, car cette mort m’avait enlevé une vie que je chérissais plus que la mienne.",37589,5.0,mort,alessan
276.0,Alessan,"Beaucoup de vassaux sont morts, et bien qu’Alessan ait l’intention de donner leurs forts à des sans-abri, j’aimerais mieux garder autour de nous des gens que nous connaissons et aimons.",39228,5.0,mort,alessan
276.0,Alessan,"Je suis grande, mais pas autant qu’Alessan ou Tuero, et pas assez forte pour déplacer toute seule le poids mort d’Alessan endormi.",39465,5.0,mort,alessan
276.0,Alessan,qu’Alessan eût perçu la mort de Moreta.,39756,5.0,mort,alessan
276.0,Alessan,"Dix jours après la mort de Moreta, à notre sinistre repas du soir, Alessan se leva, et tout le monde se tut instantanément.",39920,5.0,mort,alessan
276.0,Alessan,"Je ne pouvais plus me cacher qu’Alessan avait toujours occupé mon esprit et mon cœur depuis le jour où il avait épousé ma chère Suriana, de même que Ruatha était le havre qui m’avait été dénié d’abord par sa mort prématurée, puis par la décision arbitraire de mes parents au moment de la Fête.",40003,5.0,mort,alessan
283.0,Armald,"— Eh bien, Armald est mort maintenant, tu as bien fait ta part, et tu dis que ta tante et le quatrième homme qui l’a vue ce jour-là ont failli être tués aussi.",44243,6.0,mort,armald
283.0,Armald,"Jayge était animé d’émotions contradictoires, dont la principale était le désir de venger les morts d’Armald et de ses autres amis, et de compenser les pertes pécuniaires infligées à la caravane par l’attaque de Thella.",44837,6.0,mort,armald
288.0,Asgenar,"Un silence de mort s’abattit sur l’assemblée tandis que F’lar et Lessa remettaient des paquets ronds enveloppés de feutre au Seigneur Asgenar et à sa fiancée, Dame Famira.",75153,9.0,mort,asgenar
295.0,B’ner,"attendait à ce que K’vin devienne le Chef du Weyr après la mort de B’ner, survenue neuf mois plus tôt.",18902,3.0,mort,b’ner
295.0,B’ner,"Elle était gentille, l’assistait dans sa tâche, faisait des suggestions constructives quand ils discutaient des programmes d’entraînement, mais tellement… impersonnelle… que K’vin en concluait qu’elle n’avait pas encore surmonté la mort de B’ner.",18947,3.0,mort,b’ner
298.0,B’zon,si B’zon ne meurt pas.,103214,13.0,mourir,b’zon
306.0,Bargen,"ne s’étaient jamais réunis en Conseil pour confirmer sa succession au gouvernement des Hautes Terres, usurpant la place de Bargen, seul fils survivant du vieux Seigneur – si toutefois il n’était pas mort.",58962,7.0,mort,bargen
307.0,Barly,"Barly (décédé) : guérisseur, Weyr des Hautes Terres.",50193,6.0,deceder,barly
309.0,Bart Lemos | Lemos | Bart,"Et que les coureurs en provenance de Keroon et destinés à Benden, Lemos, Bitra et Nerat soient ou morts de la maladie ou aient été expédiés par voie de terre.",32673,4.0,mort,lemos
322.0,Berchar Berch | Berchar | Berch,Que Berchar et le nouveau-né de Tellani étaient morts.,32987,4.0,mort,berchar
345.0,Brare,"Tout le monde pleurait bien haut la mort du marin sans pied, Brare, tout en le traitant tout bas de tricheur, coquin, escroc et pervers.",44862,6.0,mort,brare
363.0,C’gan,"C’gan était le seul mort, mais quatre dragons de plus avaient été gravement blessés à Keroon, et sept hommes sérieusement brûlés, immobilisés pour des mois.",67281,8.0,mort,c’gan
363.0,C’gan,"Après la mort de C’gan, on avait suspendu son instrument dans la Salle du Conseil, en attendant le choix d’un nouveau Troubadour du Weyr.",67911,8.0,mort,c’gan
363.0,C’gan,"Les paroles du vieux C’gan, l’instructeur des Aspirants, mort depuis sept Révolutions, résonnaient encore dans l’esprit de F’lar.",75555,9.0,mort,c’gan
370.0,Caesar Galliani | Galliani | Caesar,Marco Galliani et son dragon Duluth sont morts hier dans un regrettable accident.,9695,1.0,mort,galliani
370.0,Caesar Galliani | Galliani | Caesar,"— Ainsi, la mort du jeune Galliani a agi comme un catalyseur ?",9785,1.0,mort,galliani
370.0,Caesar Galliani | Galliani | Caesar,Marco Galliani est mort à Kahrain avec son brun Duluth.,10236,1.0,mourir,galliani
377.0,Capiam,"Il était mince, avec un long visage osseux, un nez et des lèvres pincés, de petits yeux profondément enfoncés dans les orbites, et Capiam se dit qu’il avait l’air considérablement plus mal en point que les malades en train de mourir à l’infirmerie.",28889,4.0,mourir,capiam
377.0,Capiam,"— Deux sont morts de la maladie inconnue qui les a frappés, dit lentement Capiam, répugnant à exposer les conclusions terrifiantes auxquelles il était arrivé avant d’être terrassé par l’épuisement.",28890,4.0,mort,capiam
377.0,Capiam,"Si K’lon avait souffert de la maladie diagnostiquée par Maître Capiam, pourquoi avait-il guéri alors que tout le monde en mourait dans le Sud-Est de Pern ?",29803,4.0,mourir,capiam
377.0,Capiam,"– pour les Chefs des Weyrs d’Igen et de Telgar au sujet de la mort de… Capiam fut secoué d’une nouvelle quinte de toux, qui le laissa hors d’haleine et épuisé.",31902,4.0,mort,capiam
377.0,Capiam,"Si seulement il était mort sur le bateau, succombant de faim et d’épuisement – sort qui menaçait Capiam en ce moment – avant qu’il ait contaminé personne d’autre que les marins !",32191,4.0,mourir,capiam
377.0,Capiam,Capiam essaya d’écarter de son esprit l’idée pénible que les chevaliers-dragons pouvaient mourir aussi facilement que le commun des mortels.,32239,4.0,mourir,capiam
377.0,Capiam,"Capiam se redressa, calculant mentalement le nombre des morts d’Igen et celui des malades.",32722,4.0,mort,capiam
377.0,Capiam,"La tour des tambours de l’Atelier des Harpistes vibrait encore de l’ordre de quarantaine imposé par Capiam, m’apprenant la nouvelle tragédie ruathienne exactement à la même heure que j’avais appris la mort de Suriana, ce qui me déchira le cœur.",37653,5.0,mort,capiam
379.0,Ch’mon,"Ch’mon, chevalier bronze d’Igen, était mort de la fièvre, et son dragon, Helith, s’était promptement suicidé dans l’Interstice.",31752,4.0,mourir,ch’mon
379.0,Ch’mon,— Mais Ch’mon est mort !,31776,4.0,mort,ch’mon
382.0,Chalkin,Chalkin n’avait pas le droit de mort sur ses vassaux sans juste cause et (ou) jugement par jury.,23858,3.0,mort,chalkin
382.0,Chalkin,Chalkin de mourir de sa belle mort.,25185,3.0,mort | mourir,chalkin
394.0,Clim,"Une question discrète à Tisha lui avait appris qu’un chevalier bronze, Clim, était le père de l’enfant, la mère étant morte peu après la naissance.",25358,3.0,mourir,clim
405.0,Crenden Cren | Crenden | Cren,"— Drôle de « survie », Cren, avec sept morts et la plupart de nos chariots perdus !",41246,6.0,mort,cren
415.0,D’ram,"Le jeune maître de Ruth y était venu la première fois quand il était à la recherche de D’ram, qui, après la mort de Fanna, avait renoncé à sa charge de Chef du Weyr et avait disparu.",46609,6.0,mort,d’ram
415.0,D’ram,"— D’ailleurs, quand la nouvelle reine sera en âge de faire son premier vol nuptial, ajouta D’ram, tous leurs bronzes seront sans doute morts.",98948,13.0,mort,d’ram
415.0,D’ram,"Si habitué qu’il fût à la fatalité, l’attachement de D’ram à sa Dame et son désespoir muet à sa mort lui faisaient monter les larmes aux yeux.",100263,13.0,mort,d’ram
415.0,D’ram,"Ce fut D’ram qui les trouva, car Zair avait rendu le dernier soupir avec lui, le suivant dans la mort comme les dragons faisaient pour leur maître.",119458,14.0,mort,d’ram
415.0,D’ram,"Quand D’ram et Lytol arrivèrent, Stinar les escorta jusqu’au mort et demanda à Tunge de raconter exactement ce qu’il avait vu.",131371,15.0,mort,d’ram
418.0,Dag,"– et ne pouvait pas être dans la terre du champ de courses et des piquets où tant de bêtes étaient mortes, mais Alessan ne voulait pas risquer les rares étalons inestimables que Dag avait emmenés en toute hâte le lendemain de cette maudite Fête.",34474,4.0,mourir,dag
418.0,Dag,"Il se leva sur ses étriers, tenaillé par la peur que Dag eût apporté la maladie avec lui et fût mort avec toutes les bêtes.",35059,4.0,mort,dag
418.0,Dag,"— Comme c’est triste, tous ces morts, dit Dag, levant sa coupe à leur mémoire.",36693,4.0,mort,dag
422.0,Deckter,"— Pour développer le message laconique de Belle, dit Sebell, sans passer par les préambules habituels de harpiste, car Toric était un homme au langage direct et appréciait la réciproque, Meron est mort et son successeur, lord Deckter, souhaite clairement faire savoir qu’il ne se sent en aucune manière lié par de précédents engagements.",96198,12.0,mort,deckter
436.0,Dorse,"Il n’ajouta pas que Dorse et ses amis, depuis l’accident, lui rappelaient sans cesse la mort du jeune aspirant-chevalier, tombé dans la montagne pour avoir trop surmené son jeune dragon.",97111,13.0,mort,dorse
436.0,Dorse,"Dorse lui avait parlé de sa curieuse obsession, concernant le fait que le Maître Harpiste avait été retrouvé mort dans la salle de Siav, à peu près au même moment où l’Abomination s’était sabordée.",130478,15.0,mort,dorse
439.0,Dushik,"— Trois morts parce que tu ne connais pas ta force, Dushik, ça fait un de trop.",40412,6.0,mort,dushik
441.0,Elgion,Ils ne me laissaient même pas chanter dans la grande salle de peur que le harpiste Elgion comprenne que c’était moi qui avait donné des leçons aux enfants après la mort de Petiron.,90316,11.0,mort,elgion
447.0,Esselin,Esselin ne se remit pas du choc et mourut quelques jours plus tard d’une hémorragie cérébrale.,131400,15.0,mourir,esselin
450.0,Ezra Keroon | Keroon | Ezra,"— À Keroon, neuf malades sur dix sont morts !",32603,4.0,mort,keroon
450.0,Ezra Keroon | Keroon | Ezra,"Et ceux qu’il avait soignés à Keroon et Igen, déjà tous morts ?",32620,4.0,mort,keroon
450.0,Ezra Keroon | Keroon | Ezra,"Et que les coureurs en provenance de Keroon et destinés à Benden, Lemos, Bitra et Nerat soient ou morts de la maladie ou aient été expédiés par voie de terre.",32673,4.0,mort,keroon
450.0,Ezra Keroon | Keroon | Ezra,Je fus forcée d’endurer des répétitions – demandes de Keroon et Telgar qui suppliaient qu’on leur envoie des guérisseurs pour remplacer ceux morts de la maladie qu’ils avaient essayé de guérir.,38003,5.0,mort,keroon
450.0,Ezra Keroon | Keroon | Ezra,"Mon père n’avait-il pas entendu un seul des messages annonçant les milliers de morts à Keroon, Ista, Igen, Telgar et Ruatha ?",38578,5.0,mort,keroon
450.0,Ezra Keroon | Keroon | Ezra,"C’gan était le seul mort, mais quatre dragons de plus avaient été gravement blessés à Keroon, et sept hommes sérieusement brûlés, immobilisés pour des mois.",67281,8.0,mort,keroon
453.0,F’lar Falla Fallarnon | Falla Fallarnon | F’lar Fallarnon | F’lar Falla | Fallarnon | Falla | F’lar,"Au printemps de la Révolution suivante, Fax trouve la mort dans un duel avec F’lar, maître du bronze M’nementh, et le Weyr de Benden part en quête d’une femme capable de conférer l’Empreinte au dernier œuf de reine qui durcit sur l’Aire d’Éclosion.",40655,6.0,mort,f’lar
453.0,F’lar Falla Fallarnon | Falla Fallarnon | F’lar Fallarnon | F’lar Falla | Fallarnon | Falla | F’lar,— F’lar est mort ?,46513,6.0,mort,f’lar
453.0,F’lar Falla Fallarnon | Falla Fallarnon | F’lar Fallarnon | F’lar Falla | Fallarnon | Falla | F’lar,"— C’est vrai, mais si l’on diffuse partout la façon dont Thella est morte… cela dissuadera les hésitants et nous donnera le temps de respirer, dit F’lar, regardant Piemur d’un air entendu.",49450,6.0,mourir,f’lar
453.0,F’lar Falla Fallarnon | Falla Fallarnon | F’lar Fallarnon | F’lar Falla | Fallarnon | Falla | F’lar,Larna était morte deux jours après la naissance de Fallarnon.,58706,7.0,mourir,fallarnon
453.0,F’lar Falla Fallarnon | Falla Fallarnon | F’lar Fallarnon | F’lar Falla | Fallarnon | Falla | F’lar,"— J’avais entendu dire que Jora était morte, répliqua Fax, renonçant à la troisième personne, comme si F’lar avait passé une sorte d’épreuve en n’y prêtant pas attention.",61858,8.0,mourir,f’lar
453.0,F’lar Falla Fallarnon | Falla Fallarnon | F’lar Fallarnon | F’lar Falla | Fallarnon | Falla | F’lar,"— Le Fort vient juste de se lever de table, Seigneur F’lar, si… suggéra Fax, dont la voix mourut devant le sourire de refus de F’lar.",61896,8.0,mourir,f’lar
453.0,F’lar Falla Fallarnon | Falla Fallarnon | F’lar Fallarnon | F’lar Falla | Fallarnon | Falla | F’lar,"— Et mourir de faim le reste de l’année, remarqua ironiquement F’lar, laissant son regard errer sur la vallée.",62322,8.0,mourir,f’lar
453.0,F’lar Falla Fallarnon | Falla Fallarnon | F’lar Fallarnon | F’lar Falla | Fallarnon | Falla | F’lar,"F’lar allait vertement répondre, mais sa réplique mourut sur ses lèvres, comme il les regardait, souffle coupé.",65519,8.0,mourir,f’lar
453.0,F’lar Falla Fallarnon | Falla Fallarnon | F’lar Fallarnon | F’lar Falla | Fallarnon | Falla | F’lar,"Si lui, F’lar, avait seulement eu quelques années de plus quand F’lon, son père, était mort…",65779,8.0,mort,f’lar
453.0,F’lar Falla Fallarnon | Falla Fallarnon | F’lar Fallarnon | F’lar Falla | Fallarnon | Falla | F’lar,"Maintenant, ses pensées le ramenaient inéluctablement à ce jour d’été où Hath, le dragon-bronze de R’gul, avait pris son vol pour s’accoupler à la grotesque Nemorth, et où R’gul était devenu Chef du Weyr à la place de F’lon, le père décédé de F’lar.",66355,8.0,deceder,f’lar
453.0,F’lar Falla Fallarnon | Falla Fallarnon | F’lar Fallarnon | F’lar Falla | Fallarnon | Falla | F’lar,Sa voix mourut sous le regard accusateur et froid de F’lar.,66871,8.0,mourir,f’lar
453.0,F’lar Falla Fallarnon | Falla Fallarnon | F’lar Fallarnon | F’lar Falla | Fallarnon | Falla | F’lar,F’lar regarda d’un air significatif les Seigneurs qui s’étaient partagé les dépouilles des sept Forts de Fax après sa mort.,67804,8.0,mort,f’lar
453.0,F’lar Falla Fallarnon | Falla Fallarnon | F’lar Fallarnon | F’lar Falla | Fallarnon | Falla | F’lar,"Le Maître Harpiste trouva F’lar assis devant la table, pâle comme un mort, les yeux fixés sur le Weyr vide.",68618,8.0,mort,f’lar
453.0,F’lar Falla Fallarnon | Falla Fallarnon | F’lar Fallarnon | F’lar Falla | Fallarnon | Falla | F’lar,"— Dans l’Interstice, il n’y a rien, dit F’lar d’une voix morte.",68665,8.0,mort,f’lar
453.0,F’lar Falla Fallarnon | Falla Fallarnon | F’lar Fallarnon | F’lar Falla | Fallarnon | Falla | F’lar,"Fax était mort de la main de F’lar, et elle était partie pour le Weyr de Benden.",68893,8.0,mourir,f’lar
453.0,F’lar Falla Fallarnon | Falla Fallarnon | F’lar Fallarnon | F’lar Falla | Fallarnon | Falla | F’lar,"Un silence de mort s’abattit sur l’assemblée tandis que F’lar et Lessa remettaient des paquets ronds enveloppés de feutre au Seigneur Asgenar et à sa fiancée, Dame Famira.",75153,9.0,mort,f’lar
453.0,F’lar Falla Fallarnon | Falla Fallarnon | F’lar Fallarnon | F’lar Falla | Fallarnon | Falla | F’lar,"F’lar sentait le soleil cuisant sur sa nuque, les pierres dures sous ses pieds, le silence de mort de la grande Cour, les odeurs des fleurs de fellis écrasées, des vins renversés, de la friture, de la sueur – et de la peur.",75527,9.0,mort,f’lar
453.0,F’lar Falla Fallarnon | Falla Fallarnon | F’lar Fallarnon | F’lar Falla | Fallarnon | Falla | F’lar,Et la mort publique de F’lar laisserait les Seigneurs Modernes sans aucun Chef de Weyr sympathique à leur cause.,75548,9.0,mort,f’lar
453.0,F’lar Falla Fallarnon | Falla Fallarnon | F’lar Fallarnon | F’lar Falla | Fallarnon | Falla | F’lar,"Les paroles du vieux C’gan, l’instructeur des Aspirants, mort depuis sept Révolutions, résonnaient encore dans l’esprit de F’lar.",75555,9.0,mort,f’lar
453.0,F’lar Falla Fallarnon | Falla Fallarnon | F’lar Fallarnon | F’lar Falla | Fallarnon | Falla | F’lar,"Il était toujours l’individu crucial, le plus âgé des Anciens qui restaient, et, s’il s’était refroidi après les événements tumultueux de la veille et avait changé d’avis en dormant, la proposition qu’allait faire F’lar pourrait bien mourir dans l’œuf.",76102,9.0,mourir,f’lar
453.0,F’lar Falla Fallarnon | Falla Fallarnon | F’lar Fallarnon | F’lar Falla | Fallarnon | Falla | F’lar,L’homme qui a attaqué F’lar est mort.,103164,13.0,mort,f’lar
453.0,F’lar Falla Fallarnon | Falla Fallarnon | F’lar Fallarnon | F’lar Falla | Fallarnon | Falla | F’lar,"— T’kul est mort, et F’lar n’est pas blessé ?",103165,13.0,mort,f’lar
453.0,F’lar Falla Fallarnon | Falla Fallarnon | F’lar Fallarnon | F’lar Falla | Fallarnon | Falla | F’lar,"Et elles ont failli en mourir, dit F’lar.",116258,14.0,mourir,f’lar
453.0,F’lar Falla Fallarnon | Falla Fallarnon | F’lar Fallarnon | F’lar Falla | Fallarnon | Falla | F’lar,"— Les connaissances qu’il nous a prodiguées ne mourront pas, dit F’lar, s’écartant pour laisser entrer Menolly et Sebell.",119539,14.0,mourir,f’lar
453.0,F’lar Falla Fallarnon | Falla Fallarnon | F’lar Fallarnon | F’lar Falla | Fallarnon | Falla | F’lar,"Oh, F’lar, si Golanth était mort, F’lessan n’aurait pas pu lui survivre.",129707,15.0,mort,f’lar
454.0,F’lessan,"Le bois mort était abondant, de même que les pierres pour construire le foyer, et F’lessan fut bientôt confortablement assis, adossé à l’épaule de Golanth, grignotant ses rations de voyage et sirotant le vin de Benden dont il avait persuadé Manora de remplir sa gourde.",114487,14.0,mort,f’lessan
454.0,F’lessan,"— On a cru que tu étais mort, F’lessan, murmura C’reel, des larmes dans la voix.",124767,15.0,mort,f’lessan
454.0,F’lessan,F’lessan mourrait !,129507,15.0,mourir,f’lessan
454.0,F’lessan,F’lessan voudrait sûrement mourir aussi !,129522,15.0,mourir,f’lessan
454.0,F’lessan,"Pour le moment, F’lessan, presque vidé de son sang, était toujours en état de choc, et ils doutaient qu’il pût survivre à la mort de son dragon.",129643,15.0,mort,f’lessan
454.0,F’lessan,"Oh, F’lar, si Golanth était mort, F’lessan n’aurait pas pu lui survivre.",129707,15.0,mort,f’lessan
454.0,F’lessan,F’lessan n’était pas mort parce que Golanth n’était pas mort.,129728,15.0,mort | mourir,f’lessan
455.0,F’lon Falloner | Falloner | F’lon,"mais ils devaient avoir des mères différentes, puisque celle de Falloner était morte à sa naissance.",53414,7.0,mourir,falloner
455.0,F’lon Falloner | Falloner | F’lon,"Quand il pouvait, il adressait un message tambouriné au Weyr de Benden, pour demander l’aide de F’lon – et écoutait le chevalier-dragon s’extasier sur son fils, maintenant élevé par Manora, la jeune fille si pleine de dignité qu’il avait remarquée le jour où S’loner et Maidir étaient morts.",58916,7.0,mort,f’lon
455.0,F’lon Falloner | Falloner | F’lon,"Un spasme violent parcourut le corps de F’lon, et il mourut.",60091,7.0,mourir,f’lon
455.0,F’lon Falloner | Falloner | F’lon,"Si lui, F’lar, avait seulement eu quelques années de plus quand F’lon, son père, était mort…",65779,8.0,mort,f’lon
455.0,F’lon Falloner | Falloner | F’lon,"Maintenant, ses pensées le ramenaient inéluctablement à ce jour d’été où Hath, le dragon-bronze de R’gul, avait pris son vol pour s’accoupler à la grotesque Nemorth, et où R’gul était devenu Chef du Weyr à la place de F’lon, le père décédé de F’lar.",66355,8.0,deceder,f’lon
457.0,F’nor F’lor | F’lor | F’nor,"Pourquoi, se demanda soudain F’nor, alors qu’il venait seulement de réaliser la véracité de la légende des lézards de feu, souffrait-il de leur mort ?",71746,9.0,mort,f’nor
457.0,F’nor F’lor | F’lor | F’nor,"Ce n’aurait pas été un substitut à son brun mort, mais… enfin… Maintenant, ils étaient dans le corridor brillamment éclairé et nouvellement nettoyé que F’nor n’avait encore jamais vu.",76349,9.0,mort,f’nor
457.0,F’nor F’lor | F’lor | F’nor,"(Elle fit à F’nor la surprise d’un petit sourire, le premier depuis la mort de Wirenth.)",79359,9.0,mort,f’nor
457.0,F’nor F’lor | F’lor | F’nor,» C’est ce qu’avait dit Sebell : Brekke ne voulait plus vivre si Canth et F’nor mourraient.,88802,11.0,mourir,f’nor
457.0,F’nor F’lor | F’lor | F’nor,F’nor avait failli mourir dans sa tentative d’atteindre l’Étoile,109140,14.0,mourir,f’nor
464.0,Farevene,Farevene est mort.,58387,7.0,mort,farevene
467.0,Faroguy,"— Deux fois, dit-il, levant deux doigts calleux, les femmes ont dit que le Seigneur Faroguy devait être mort pour que de telles choses arrivent aux Hautes Terres.",57243,7.0,mort,faroguy
467.0,Faroguy,"— Eh bien, tout se passe comme si le Seigneur Faroguy était mort, et qu’on ne nous ait pas avertis.",57293,7.0,mort,faroguy
467.0,Faroguy,Et qu’elles croyaient que le Seigneur Faroguy était mort pour que de telles choses se produisent.,57308,7.0,mort,faroguy
467.0,Faroguy,"— Oui, parce que je sais qu’il y a aux Hautes Terres un homme très ambitieux qui réclamera la succession pour lui… quand le Seigneur Faroguy mourra.",57311,7.0,mourir,faroguy
467.0,Faroguy,Il reprit fugitivement conscience quand Melongel et Minnarden lui annoncèrent qu’ils avaient maintenant la preuve de la mort de Faroguy.,58375,7.0,mort,faroguy
468.0,Fax,"Au printemps de la Révolution suivante, Fax trouve la mort dans un duel avec F’lar, maître du bronze M’nementh, et le Weyr de Benden part en quête d’une femme capable de conférer l’Empreinte au dernier œuf de reine qui durcit sur l’Aire d’Éclosion.",40655,6.0,mort,fax
468.0,Fax,"Chez certains, la mort de Fax et l’Empreinte de la nouvelle reine ont réveillé d’anciennes nostalgies et des rêves…",40659,6.0,mort,fax
468.0,Fax,"— La mère de Fax est morte en le mettant au monde, alors, nous ne saurons jamais, n’est-ce pas ?",55114,7.0,mourir,fax
468.0,Fax,"Les hommes de Fax, mécontents que leur Dame soit morte, grommelaient, mais Fax semblait plutôt content.",61353,7.0,mourir,fax
468.0,Fax,"À l’évidence, les hommes de Fax se réjouissaient d’une bonne bagarre, couronnée par la mort de cet adversaire sans méfiance.",61407,7.0,mort,fax
468.0,Fax,Ils ne pouvaient pas manquer de comprendre que la protection de Fax était morte avec lui.,61535,7.0,mourir,fax
468.0,Fax,"— J’avais entendu dire que Jora était morte, répliqua Fax, renonçant à la troisième personne, comme si F’lar avait passé une sorte d’épreuve en n’y prêtant pas attention.",61858,8.0,mourir,fax
468.0,Fax,"— Le Fort vient juste de se lever de table, Seigneur F’lar, si… suggéra Fax, dont la voix mourut devant le sourire de refus de F’lar.",61896,8.0,mourir,fax
468.0,Fax,"Les meilleures sont mortes dans le lit de Fax, ou on les a éloignées.",62146,8.0,mort,fax
468.0,Fax,"Non qu’il eût le moins du monde regretté la mort de Fax, mais il n’aurait pas voulu qu’elle soit provoquée par l’haleine de Mnementh.",62313,8.0,mort,fax
468.0,Fax,"Pas au moment où, en provoquant la mort de Fax, elle pouvait non seulement venger les torts qu’on lui avait faits, mais aussi ceux faits à Dame Gemma.",62944,8.0,mort,fax
468.0,Fax,"L’avant-courrière de la mort sanglotait, affaissée aux pieds de Fax.",62958,8.0,mort,fax
468.0,Fax,Vous avez amené Fax à sa mort.,63260,8.0,mort,fax
468.0,Fax,"— Je n’ai jamais vu plus loin que la mort de Fax, concéda-t-elle lentement.",63263,8.0,mort,fax
468.0,Fax,"Fax mort, et Ruatha sous la protection des chevaliers-dragons, surtout de celui-là même qui avait expédié Fax en l’autre monde, le Fort serait en sécurité et pourrait prospérer sous une sage administration.",63309,8.0,mort,fax
468.0,Fax,"Au moment où l’idée lui avait été suggérée et insidieusement imposée par le chevalier-dragon, elle s’était sentie capable de tout, parce qu’elle était enfin arrivée à provoquer la mort de Fax.",63663,8.0,mort,fax
468.0,Fax,"Elle chasserait le fils de Dame Gemma et prendrait le commandement de Ruatha, comme elle aurait dû le faire à la mort de Fax.",64073,8.0,mort,fax
468.0,Fax,"À la mort de Fax, Telgar s’est mis au premier plan de l’agitation croissante.",64522,8.0,mort,fax
468.0,Fax,"Depuis la mort de Fax, tous les Seigneurs ont leurs gardes en armes.",64659,8.0,mort,fax
468.0,Fax,"Trop confiante en elle pour avoir provoqué la mort de Fax, elle voyait maintenant que cette même arrogance avait amené le Weyr au bord de l’abîme.",64865,8.0,mort,fax
468.0,Fax,Et la mort de Fax !,65332,8.0,mort,fax
468.0,Fax,"C’était Fax l’envahisseur, maintenant mort depuis trois Révolutions, Fax et ses hommes au moment où ils avaient lancé leur attaque, près de treize Révolutions auparavant.",66137,8.0,mort,fax
468.0,Fax,— C’est parce que je n’avais jamais réfléchi à ce que je ferais de ma vie quand je verrais Fax mort à mes pieds.,66440,8.0,mort,fax
468.0,Fax,F’lar regarda d’un air significatif les Seigneurs qui s’étaient partagé les dépouilles des sept Forts de Fax après sa mort.,67804,8.0,mort,fax
468.0,Fax,"Fax était mort de la main de F’lar, et elle était partie pour le Weyr de Benden.",68893,8.0,mourir,fax
468.0,Fax,"Un père qu’il n’avait jamais vu, une mère morte en le mettant au monde l’avaient fait Seigneur de Ruatha, bien que sa mère fût originaire du Fort de Crom, et Fax, son père, des Hautes Terres.",71946,9.0,mourir,fax
471.0,Felessan Fesselan | Felessan | Fesselan,Comment pouvait-elle oublier qu’elle avait failli mourir à la naissance de Felessan ?,70756,9.0,mourir,felessan
478.0,Fidello,"Fidello, qui possédait les terres où il voulait faire son expérience, ne les exploitait que depuis deux Révolutions, son prédécesseur étant mort pendant une chasse aux wherries sauvages.",98394,13.0,mort,fidello
497.0,G’lanar,Je pensais à la mort de G’lanar.,116638,14.0,mort,g’lanar
497.0,G’lanar,"Bien sûr, quand G’lanar est mort, il s’est suicidé dans l’Interstice.",116648,14.0,mort,g’lanar
511.0,Gardner,"De nouveau, Gardner représenta les sept prévenus, accusés « d’avoir infligé de graves dommages corporels, dont certains ayant entraîné la mort », à cinq innocents, hommes et femmes.",23854,3.0,mort,gardner
521.0,Gennell,Il pensait aussi que Maître Gennell avait fait allusion à une chose que les apprentis mouraient d’envie d’apprendre ;,54612,7.0,mourir,gennell
521.0,Gennell,"— Tu n’es pas près de nous quitter, Gennell, dit-il avec un rire désinvolte qui mourut devant l’expression de Gennell.",59110,7.0,mourir,gennell
521.0,Gennell,"L’hiver suivant, qui fut aussi très rigoureux, Maître Gennell mourut d’une défaillance cardiaque.",59258,7.0,mourir,gennell
531.0,Grogellan,"Par la Coquille, ils ont dû organiser cet assaut depuis l’annulation de la dernière Fête de Telgar, à la mort de Grogellan.",60202,7.0,mort,grogellan
532.0,Groghe,"Sangel semblait prêt à exploser, Groghe était livide de rage, Oterel était blanc comme un mort, Vendross fronçait les sourcils, le jeune Larad parvenait à prendre l’air résolu.",60728,7.0,mort,groghe
537.0,Halefor,"— En ces circonstances, il semble que la mort ait été accidentelle et non pas préméditée par les prévenus, et l’accusation de meurtre ne sera donc pas retenue, dit Jaxom, remarquant le soulagement visible d’Halefor.",118252,14.0,mort,halefor
562.0,Jaxom Jax | Jaxom | Jax,"Toutefois… puisqu’elle avait causé, quoique involontairement, la mort de sa mère et qu’elle ne pouvait pas à la fois être Dame du Weyr et gouverner un Fort, il était logique que Jaxom, fils de Dame Gemma, fût Seigneur de Ruatha.",66713,8.0,mort,jaxom
562.0,Jaxom Jax | Jaxom | Jax,"Jaxom vit Lytol fermer les siens, il vit la réalité de la perte terrible de Lytol gravée sur son visage, aussi torturé aujourd’hui qu’au jour où son Larth était mort de ses brûlures de phosphine.",78134,9.0,mourir,jaxom
562.0,Jaxom Jax | Jaxom | Jax,Le dragon serait mort si Jaxom n’avait pas brisé la coquille et ouvert le sac.,84217,10.0,mort,jaxom
562.0,Jaxom Jax | Jaxom | Jax,"Si Jaxom avait réfléchi une seconde avant de s’élancer sur le sable brûlant de l’Aire d’Éclosion de Benden pour aider le petit dragon blanc à fracasser sa dure coquille, il aurait réalisé quelle souffrance causerait sa présence au Seigneur Lytol en lui rappelant sans cesse ce qu’il avait perdu à la mort de son brun Larth.",96842,13.0,mort,jaxom
562.0,Jaxom Jax | Jaxom | Jax,"La mort de Larth était survenue plusieurs Révolutions avant la naissance de Jaxom, mais la tragédie était toujours aussi présente et douloureuse pour Lytol ;",96843,13.0,mort,jaxom
562.0,Jaxom Jax | Jaxom | Jax,"Car si Deelan ne l’avait pas mis au monde deux jours avant la naissance prématurée de Jaxom, il serait mort en quelques heures.",96910,13.0,mort,jaxom
562.0,Jaxom Jax | Jaxom | Jax,"Jaxom était venu au monde en des circonstances désastreuses, arraché au ventre de sa mère morte, avec un père mortellement blessé en duel une demi-heure plus tard.",97210,13.0,mort,jaxom
562.0,Jaxom Jax | Jaxom | Jax,"Jaxom pensa aussitôt que la reine de Fanna, Mirath, se suiciderait à la mort de sa Dame.",99610,13.0,mort,jaxom
562.0,Jaxom Jax | Jaxom | Jax,"Jaxom se servait rarement de ses privilèges de Seigneur, mais ne pouvait-il pas faire une exception lorsque c’était une question de vie ou de mort ?",108236,14.0,mort,jaxom
562.0,Jaxom Jax | Jaxom | Jax,"— Il est ivre mort, Jaxom, dit Sebell avec un grand sourire.",113537,14.0,mort,jaxom
562.0,Jaxom Jax | Jaxom | Jax,"— En ces circonstances, il semble que la mort ait été accidentelle et non pas préméditée par les prévenus, et l’accusation de meurtre ne sera donc pas retenue, dit Jaxom, remarquant le soulagement visible d’Halefor.",118252,14.0,mort,jaxom
562.0,Jaxom Jax | Jaxom | Jax,"Seulement alors Jaxom remarqua que l’écran était éteint, aussi mort que la première fois qu’il était entré dans cette salle.",119506,14.0,mort,jaxom
562.0,Jaxom Jax | Jaxom | Jax,"Faisant signe à ses amis de l’accompagner, Jaxom s’avança dans la foule qui s’écarta devant lui et s’arrêta devant les portes abattues sur le sol, les conversations mourant peu à peu maintenant que quelqu’un prenait le commandement des opérations.",128437,15.0,mourir,jaxom
562.0,Jaxom Jax | Jaxom | Jax,"Jaxom conservait peu de bons souvenirs de son frère de lait, mais il lui avait toujours donné le bénéfice du doute, longtemps après la mort de sa mère adoptive.",128743,15.0,mort,jaxom
563.0,Jaxom,"Toutefois… puisqu’elle avait causé, quoique involontairement, la mort de sa mère et qu’elle ne pouvait pas à la fois être Dame du Weyr et gouverner un Fort, il était logique que Jaxom, fils de Dame Gemma, fût Seigneur de Ruatha.",66713,8.0,mort,jaxom
563.0,Jaxom,"Jaxom vit Lytol fermer les siens, il vit la réalité de la perte terrible de Lytol gravée sur son visage, aussi torturé aujourd’hui qu’au jour où son Larth était mort de ses brûlures de phosphine.",78134,9.0,mourir,jaxom
563.0,Jaxom,Le dragon serait mort si Jaxom n’avait pas brisé la coquille et ouvert le sac.,84217,10.0,mort,jaxom
563.0,Jaxom,"Si Jaxom avait réfléchi une seconde avant de s’élancer sur le sable brûlant de l’Aire d’Éclosion de Benden pour aider le petit dragon blanc à fracasser sa dure coquille, il aurait réalisé quelle souffrance causerait sa présence au Seigneur Lytol en lui rappelant sans cesse ce qu’il avait perdu à la mort de son brun Larth.",96842,13.0,mort,jaxom
563.0,Jaxom,"La mort de Larth était survenue plusieurs Révolutions avant la naissance de Jaxom, mais la tragédie était toujours aussi présente et douloureuse pour Lytol ;",96843,13.0,mort,jaxom
563.0,Jaxom,"Car si Deelan ne l’avait pas mis au monde deux jours avant la naissance prématurée de Jaxom, il serait mort en quelques heures.",96910,13.0,mort,jaxom
563.0,Jaxom,"Jaxom était venu au monde en des circonstances désastreuses, arraché au ventre de sa mère morte, avec un père mortellement blessé en duel une demi-heure plus tard.",97210,13.0,mort,jaxom
563.0,Jaxom,"Jaxom pensa aussitôt que la reine de Fanna, Mirath, se suiciderait à la mort de sa Dame.",99610,13.0,mort,jaxom
563.0,Jaxom,"Jaxom se servait rarement de ses privilèges de Seigneur, mais ne pouvait-il pas faire une exception lorsque c’était une question de vie ou de mort ?",108236,14.0,mort,jaxom
563.0,Jaxom,"— Il est ivre mort, Jaxom, dit Sebell avec un grand sourire.",113537,14.0,mort,jaxom
563.0,Jaxom,"— En ces circonstances, il semble que la mort ait été accidentelle et non pas préméditée par les prévenus, et l’accusation de meurtre ne sera donc pas retenue, dit Jaxom, remarquant le soulagement visible d’Halefor.",118252,14.0,mort,jaxom
563.0,Jaxom,"Seulement alors Jaxom remarqua que l’écran était éteint, aussi mort que la première fois qu’il était entré dans cette salle.",119506,14.0,mort,jaxom
563.0,Jaxom,"Faisant signe à ses amis de l’accompagner, Jaxom s’avança dans la foule qui s’écarta devant lui et s’arrêta devant les portes abattues sur le sol, les conversations mourant peu à peu maintenant que quelqu’un prenait le commandement des opérations.",128437,15.0,mourir,jaxom
563.0,Jaxom,"Jaxom conservait peu de bons souvenirs de son frère de lait, mais il lui avait toujours donné le bénéfice du doute, longtemps après la mort de sa mère adoptive.",128743,15.0,mort,jaxom
564.0,Jayge Lilcamp | Lilcamp | Jayge,"Tante Bedda berçait quelque chose dans ses bras, et Jayge n’eut pas le courage d’aller voir si son cousin nouveau-né était blessé ou mort.",41133,6.0,mort,jayge
564.0,Jayge Lilcamp | Lilcamp | Jayge,"Mais elle mourut avant l’été, pendant que tous les hommes valides, Jayge compris, étaient dehors avec les équipes au sol.",41280,6.0,mourir,jayge
564.0,Jayge Lilcamp | Lilcamp | Jayge,"Maudissant sa malchance, Jayge redescendit, enjambant des bandits morts jusqu’au dernier chariot.",43987,6.0,mort,jayge
564.0,Jayge Lilcamp | Lilcamp | Jayge,"Jayge et Tino ne purent pas déplacer leurs poids morts, mais enduisirent de baume calmant les coupures des survivants, puis leur firent avaler du fellis, espérant que cela calmerait leurs souffrances.",44005,6.0,mort,jayge
564.0,Jayge Lilcamp | Lilcamp | Jayge,"Le soir, Jayge repassait mentalement ces visages dans sa tête, sauf ceux des six morts.",44163,6.0,mort,jayge
564.0,Jayge Lilcamp | Lilcamp | Jayge,"— Seulement les morts, dit Jayge.",44178,6.0,mort,jayge
564.0,Jayge Lilcamp | Lilcamp | Jayge,"Jayge était animé d’émotions contradictoires, dont la principale était le désir de venger les morts d’Armald et de ses autres amis, et de compenser les pertes pécuniaires infligées à la caravane par l’attaque de Thella.",44837,6.0,mort,jayge
564.0,Jayge Lilcamp | Lilcamp | Jayge,"Jayge avait l’habitude de veiller la nuit, mais il aurait voulu qu’un chevalier-dragon se pose assez près pour qu’il puisse l’appeler au besoin, ou qu’il ose allumer un feu sans être certain que Thella était morte.",45775,6.0,mourir,jayge
573.0,Jim Tillek James | Tillek James | Jim Tillek | Jim James | Tillek | James | Jim,L’un des contes préférés de Kibbe était celui que racontait fièrement la Tillek : la façon dont les dauphins avaient honoré ceux qui étaient morts lorsqu’un astronef avait été endommagé dans la mer-ciel.,10868,2.0,mort,tillek
573.0,Jim Tillek James | Tillek James | Jim Tillek | Jim James | Tillek | James | Jim,– Tillek est mort.,12690,2.0,mort,tillek
577.0,Joël Lilienkamp Joel / Lili | Lilienkamp Joel / Lili | Joël Joel / Lili | Joël Lilienkamp | Joel / Lili | Lilienkamp | Joël,Joël et sa femme étaient prostrés après la mort de leurs fils.,4287,1.0,mort,joel
580.0,K’dall,"Mais K’dall du Weyr de Telgar est mort, et son dragon bleu aussi.",32663,4.0,mort,k’dall
583.0,K’lon,"Si K’lon avait souffert de la maladie diagnostiquée par Maître Capiam, pourquoi avait-il guéri alors que tout le monde en mourait dans le Sud-Est de Pern ?",29803,4.0,mourir,k’lon
583.0,K’lon,"Même si les gens des Forts mouraient, K’lon, le chevalier-dragon, avait survécu.",29847,4.0,mourir,k’lon
583.0,K’lon,"Mais, mieux encore, dit K’lon, dont la fatigue semblait s’envoler à mesure qu’il parlait, il affirme que ce n’est pas la maladie ellemême qui provoque la mort.",32488,4.0,mort,k’lon
583.0,K’lon,"Le roulement du chariot des morts, tiré par deux bêtes récalcitrantes, stupéfia K’lon.",33436,4.0,mort,k’lon
583.0,K’lon,K’lon mérite d’être fouetté à mort !,36107,4.0,mort,k’lon
583.0,K’lon,"K’lon fut si atterré à l’idée de voir mourir Leri sous ses yeux qu’il la saisit par les épaules et la secoua violemment, ce qui permit à l’air d’entrer dans ses poumons.",37179,4.0,mourir,k’lon
583.0,K’lon,"Pendant que K’lon berçait Leri dans ses bras, les dragons s’assemblaient respectueusement à l’entrée de l’Aire d’Éclosion, baissant leurs immenses têtes, les yeux gris de douleur, partageant la souffrance d’un dragon qui ne pouvait pas suivre sa maîtresse dans la mort, retenu par ses œufs en train de durcir.",37206,4.0,mort,k’lon
583.0,K’lon,"— Elle voulait mourir, balbutia K’lon, levant les mains en un geste d’excuse.",37215,4.0,mourir,k’lon
587.0,K’vin Kev | K’vin | Kev,"attendait à ce que K’vin devienne le Chef du Weyr après la mort de B’ner, survenue neuf mois plus tôt.",18902,3.0,mort,k’vin
587.0,K’vin Kev | K’vin | Kev,"Elle était gentille, l’assistait dans sa tâche, faisait des suggestions constructives quand ils discutaient des programmes d’entraînement, mais tellement… impersonnelle… que K’vin en concluait qu’elle n’avait pas encore surmonté la mort de B’ner.",18947,3.0,mort,k’vin
587.0,K’vin Kev | K’vin | Kev,"— Elle mourait d’envie de nous prendre toutes sous son aile, chuchota Zulaya à K’vin quand la Dame du Weyr de Fort tourna la tête vers son compagnon qui faisait nerveusement les cent pas.",26896,3.0,mourir,k’vin
589.0,Kale,— Je ne savais pas que le Seigneur Kale était mort.,40301,6.0,mort,kale
589.0,Kale,"C’est que ces hommes n’auraient aucun scrupule à tuer Dowell, et alors, qui la protégerait maintenant que son parent, le Seigneur Kale, était mort ?",40326,6.0,mort,kale
595.0,Kashman,"Kashman serait peut-être un bon allié, bien qu’il n’ait été qu’un enfant à la mort du bien-aimé Robinton.",131687,15.0,mort,kashman
608.0,L’mal,"Tout le monde pensait que L’mal vivrait jusqu’à la fin du Passage, de sorte que sa maladie et sa mort subites avaient été une grande perte.",27362,4.0,mort,l’mal
608.0,L’mal,L’mal (décédé) : ancien Chef du Weyr de Fort ;,50304,6.0,deceder,l’mal
612.0,L’tol Lytol Lytonal | Lytol Lytonal | L’tol Lytonal | L’tol Lytol | Lytonal | Lytol | L’tol,"Jaxom vit Lytol fermer les siens, il vit la réalité de la perte terrible de Lytol gravée sur son visage, aussi torturé aujourd’hui qu’au jour où son Larth était mort de ses brûlures de phosphine.",78134,9.0,mourir,lytol
612.0,L’tol Lytol Lytonal | Lytol Lytonal | L’tol Lytonal | L’tol Lytol | Lytonal | Lytol | L’tol,"Si Jaxom avait réfléchi une seconde avant de s’élancer sur le sable brûlant de l’Aire d’Éclosion de Benden pour aider le petit dragon blanc à fracasser sa dure coquille, il aurait réalisé quelle souffrance causerait sa présence au Seigneur Lytol en lui rappelant sans cesse ce qu’il avait perdu à la mort de son brun Larth.",96842,13.0,mort,lytol
612.0,L’tol Lytol Lytonal | Lytol Lytonal | L’tol Lytonal | L’tol Lytol | Lytonal | Lytol | L’tol,"La mort de Larth était survenue plusieurs Révolutions avant la naissance de Jaxom, mais la tragédie était toujours aussi présente et douloureuse pour Lytol ;",96843,13.0,mort,lytol
612.0,L’tol Lytol Lytonal | Lytol Lytonal | L’tol Lytonal | L’tol Lytol | Lytonal | Lytol | L’tol,"Non, en toute justice, pour gouverner Ruatha, il lui faudrait attendre que Lytol, qui jouissait d’une très bonne santé, meure de mort naturelle.",97743,13.0,mort | mourir,lytol
612.0,L’tol Lytol Lytonal | Lytol Lytonal | L’tol Lytonal | L’tol Lytol | Lytonal | Lytol | L’tol,"Lytol, le visage douloureux, pensait visiblement à la mort de son propre dragon.",99613,13.0,mort,lytol
612.0,L’tol Lytol Lytonal | Lytol Lytonal | L’tol Lytonal | L’tol Lytol | Lytonal | Lytol | L’tol,"— En ma présence, Oterel a rétracté cette déclaration deux septaines avant de mourir, annonça-t-il quand Lytol lui eut donné la parole d’un signe de tête.",113140,14.0,mourir,lytol
612.0,L’tol Lytol Lytonal | Lytol Lytonal | L’tol Lytonal | L’tol Lytol | Lytonal | Lytol | L’tol,"— Il faudra choisir avec soin, dit Lytol, car beaucoup pensent que la seule vue d’un Fil est suivie d’une mort terrible.",115162,14.0,mort,lytol
612.0,L’tol Lytol Lytonal | Lytol Lytonal | L’tol Lytonal | L’tol Lytol | Lytonal | Lytol | L’tol,"Quand D’ram et Lytol arrivèrent, Stinar les escorta jusqu’au mort et demanda à Tunge de raconter exactement ce qu’il avait vu.",131371,15.0,mort,lytol
618.0,Larad,"Ou, peut-être, ainsi que le suggérait la mère de Larad, le Seigneur Tarathel avait-il accordé un traitement spécial à cette fille parce que sa mère était morte en la mettant au monde.",40710,6.0,mourir,larad
618.0,Larad,"— Mais il est mort, dit Larad d’une voix brisée.",60102,7.0,mort,larad
618.0,Larad,"Sangel semblait prêt à exploser, Groghe était livide de rage, Oterel était blanc comme un mort, Vendross fronçait les sourcils, le jeune Larad parvenait à prendre l’air résolu.",60728,7.0,mort,larad
627.0,Léo Léopol | Léopol | Léo,– mais Léopol passa ce détail sous silence – à persuader Sith et Ormonth que leurs maîtres ne mourraient pas,26246,3.0,mourir,leopol
640.0,M’leng,M’leng était-il donc si sûr que P’tero allait mourir ?,21995,3.0,mourir,m’leng
641.0,M’odon,"M’odon, le plus vieux de ses chevaliers, mourut paisiblement dans son sommeil.",59014,7.0,mourir,m’odon
647.0,M’shall,"Il fait mauvais temps à Bitra, et les gens meurent de froid parce qu’ils ne veulent pas franchir les frontières, annonça M’shall.",22808,3.0,mourir,m’shall
647.0,M’shall,"— Oui, et certains en sont morts, dit M’shall.",23365,3.0,mort,m’shall
653.0,Maidir,"Robinton ne sut jamais à quel moment le Seigneur Maidir et S’loner avaient quitté la table, car la nuit était tombée, et, bien qu’il y eût de nombreux paniers de brandons autour du Bassin, il y avait tant de gens qui allaient et venaient – pour aller chercher du vin ou satisfaire un besoin naturel –, et il avait tant de choses à surveiller en sa qualité de Harpiste, qu’il ne remarqua leur absence que lorsque Dame Hayara se leva, fuyant une Jora ivre morte qui s’était effondrée sur la table.",55842,7.0,mourir,maidir
653.0,Maidir,Entraînant le Seigneur Maidir dans une mort tragique.,56193,7.0,mort,maidir
653.0,Maidir,"Quand il pouvait, il adressait un message tambouriné au Weyr de Benden, pour demander l’aide de F’lon – et écoutait le chevalier-dragon s’extasier sur son fils, maintenant élevé par Manora, la jeune fille si pleine de dignité qu’il avait remarquée le jour où S’loner et Maidir étaient morts.",58916,7.0,mort,maidir
660.0,Marco Galliani | Galliani | Marco,Marco Galliani et son dragon Duluth sont morts hier dans un regrettable accident.,9695,1.0,mort,marco galliani
660.0,Marco Galliani | Galliani | Marco,"— Ainsi, la mort du jeune Galliani a agi comme un catalyseur ?",9785,1.0,mort,galliani
660.0,Marco Galliani | Galliani | Marco,"— Je crois, commença-t-il, choisissant ses mots avec soin, que nous avons tous paniqué à voir Marco et Duluth mourir comme ça.",10136,1.0,mourir,marco
660.0,Marco Galliani | Galliani | Marco,Marco Galliani est mort à Kahrain avec son brun Duluth.,10236,1.0,mourir,marco galliani
669.0,Melongel,Il reprit fugitivement conscience quand Melongel et Minnarden lui annoncèrent qu’ils avaient maintenant la preuve de la mort de Faroguy.,58375,7.0,mort,melongel
671.0,Meron,Et Meron était mort.,42344,6.0,mort,meron
671.0,Meron,"Il connaissait les restrictions imposées au commerce entre le Nord et le Sud, savait jusqu’où on tolérait tacitement le transport des médicaments du Sud vers le Nord, et était au courant, par expérience, du commerce illicite auquel se livraient les Anciens et le Seigneur Meron de Nabol, jusqu’à ce que la mort de ce dernier y mît un terme.",43752,6.0,mort,meron
671.0,Meron,Meron est déjà mort et personne ne sait qui est son héritier.,94487,12.0,mort,meron
671.0,Meron,"Si l’allure de lord Meron démentait les rumeurs selon lesquelles l’homme était mort ou mourant, les yeux perçants de Sebell remarquèrent que le seigneur du fort avait besoin du support des deux hommes qui marchaient à ses côtés en lui tenant les bras.",94761,12.0,mort,meron
671.0,Meron,"Car c’était l’association de lord Meron avec la dame du weyr de T’bor, Kylara, qui avait causé la mort de la reine dragon de Kylara, Pridenth, et de Wirenth, celle de Brekke.",95201,12.0,mort,meron
671.0,Meron,Lord Meron était-il mort ?,95224,12.0,mort,meron
671.0,Meron,"Au moment même où Kimi revenait avec un message de Toric répondant à la requête du harpiste au sujet des nouveaux venus au Sud, le tambour apporta la nouvelle de la mort de lord Meron.",95536,12.0,mort,meron
671.0,Meron,"Assurez-vous que Toric fasse savoir aux Anciens, si vous ne pouvez pas leur porter le message vous-mêmes, que Meron est mort et que son successeur soutient le weyr de Benden.",95776,12.0,mort,meron
671.0,Meron,"— Pour développer le message laconique de Belle, dit Sebell, sans passer par les préambules habituels de harpiste, car Toric était un homme au langage direct et appréciait la réciproque, Meron est mort et son successeur, lord Deckter, souhaite clairement faire savoir qu’il ne se sent en aucune manière lié par de précédents engagements.",96198,12.0,mort,meron
671.0,Meron,"— La mort de lord Meron ne va pas les gêner – Toric fit un signe de tête en direction du weyr Méridional –, pendant un certain temps.",96276,12.0,mort,meron
675.0,Minnarden,Il reprit fugitivement conscience quand Melongel et Minnarden lui annoncèrent qu’ils avaient maintenant la preuve de la mort de Faroguy.,58375,7.0,mort,minnarden
689.0,N’ton,"Robinton fit une pause, repensant au réveil de désirs qu’il avait crus morts depuis longtemps, haussa les épaules, et rencontra le regard compréhensif de N’ton.",99092,13.0,mort,n’ton
690.0,Nabhi Nabol | Nabhi | Nabol,"Il connaissait les restrictions imposées au commerce entre le Nord et le Sud, savait jusqu’où on tolérait tacitement le transport des médicaments du Sud vers le Nord, et était au courant, par expérience, du commerce illicite auquel se livraient les Anciens et le Seigneur Meron de Nabol, jusqu’à ce que la mort de ce dernier y mît un terme.",43752,6.0,mort,nabol
690.0,Nabhi Nabol | Nabhi | Nabol,"Le fort de Nabol ne devait pas sombrer dans la pagaille, pas quand les plus jeunes fils du seigneur étaient impatients de se battre à mort pour s’emparer d’un fort même aussi mal géré que celui-ci.",95160,12.0,mort,nabol
694.0,Ned Tubberman | Tubberman | Ned,"Profondément blessé mentalement aussi bien que physiquement après la première Chute et la mort tragique de Lucy Tubberman, le jeune homme s’était retiré dans sa coquille, en proie à des remords continuels.",7787,1.0,mort,tubberman
694.0,Ned Tubberman | Tubberman | Ned,"Bay savait qu’elle était indulgente, tolérante et compréhensive, mais si Ted Tubberman était mort, elle en serait immensément soulagée.",8991,1.0,mort,tubberman
701.0,Norman,"Quand il aurait un peu dormi, il en parlerait à Norman, pour voir si l’on savait de quoi était mort le coureur de Vander.",29961,4.0,mourir,norman
701.0,Norman,"— Quatre coureurs de Vander sont morts, dit Norman à voix basse, et un autre est mourant.",30003,4.0,mort,norman
701.0,Norman,"Quatre animaux morts, un autre mourant, et, d’après Norman, dix-neuf autres qui toussaient, le tout en vingt-quatre heures ?",30155,4.0,mort,norman
701.0,Norman,Au-dessus de la dépression où il avait dit à Norman de brûler les bêtes mortes planait un nuage de fumée noire.,30418,4.0,mort,norman
701.0,Norman,La liste des animaux morts que Norman avait commencé à tenir avait été perdue quand l’hôpital temporaire du champ de courses avait été abandonné.,35047,4.0,mort,norman
701.0,Norman,"Le fils avait travaillé dur pour aider Norman, le régisseur du champ de courses, avant qu’eux aussi ne meurent, terrassés par l’infection.",39395,5.0,mourir,norman
706.0,Oldive,"Il avait l’air d’un mort réchauffé, dit Oldive.",60706,7.0,mort,oldive
706.0,Oldive,"— Il lui a fallu huit jours pour mourir, dit le harpiste après un long soupir, alors que maître Oldive ne lui en donnait qu’un.",95537,12.0,mourir,oldive
709.0,Ongola,"— Kenjo est mort et Ongola grièvement blessé, dit Paul.",6063,1.0,mort,ongola
709.0,Ongola,"Au Terminus, la mort de Kenjo et l’état grave d’Ongola étaient connus de tous, mais on n’avait rien annoncé officiellement.",6554,1.0,mort,ongola
709.0,Ongola,"— Aucun mort à déplorer, dit Ongola, rassurant.",10302,1.0,mort,ongola
711.0,Oterel,"Oterel, confirmé au Conclave qui suivit la mort de son père, multiplia les postes de garde à ses frontières.",59516,7.0,mort,oterel
711.0,Oterel,"Sangel semblait prêt à exploser, Groghe était livide de rage, Oterel était blanc comme un mort, Vendross fronçait les sourcils, le jeune Larad parvenait à prendre l’air résolu.",60728,7.0,mort,oterel
711.0,Oterel,"— En ma présence, Oterel a rétracté cette déclaration deux septaines avant de mourir, annonça-t-il quand Lytol lui eut donné la parole d’un signe de tête.",113140,14.0,mourir,oterel
716.0,P’tero,M’leng était-il donc si sûr que P’tero allait mourir ?,21995,3.0,mourir,p’tero
716.0,P’tero,"Tandis qu’il glissait dans l’inconscience, P’tero se demanda comment Zulaya était arrivée ici et s’il allait mourir.",26202,3.0,mourir,p’tero
716.0,P’tero,"Les autres chevaliers-dragons étaient tout aussi excités, et P’tero s’irrita de voir qu’ils savaient tous ce que c’était et mouraient d’impatience de voir sa réaction.",26341,3.0,mourir,p’tero
723.0,Patrice de Broglie | Patrice Broglie | de Broglie | Patrice de | Broglie | Patrice | de,La mort de ses parents lui avait donné le droit de s’inscrire pour l’expédition en tant que membre commanditaire.,488,1.0,mort,de
723.0,Patrice de Broglie | Patrice Broglie | de Broglie | Patrice de | Broglie | Patrice | de,"Elle parlait avec douceur, sachant que Kenjo avait plusieurs fois frôlé la mort pendant la guerre de Nathi.",770,1.0,mort,de
723.0,Patrice de Broglie | Patrice Broglie | de Broglie | Patrice de | Broglie | Patrice | de,"Personne n’avait jamais posé le pied sur Pern, sauf les membres de l’EEE, morts depuis longtemps.",901,1.0,mort,de
723.0,Patrice de Broglie | Patrice Broglie | de Broglie | Patrice de | Broglie | Patrice | de,"— Il meurt de faim, Sean, dit Sorka, cherchant à tâtons son paquet de sandwiches.",1897,1.0,mourir,de
723.0,Patrice de Broglie | Patrice Broglie | de Broglie | Patrice de | Broglie | Patrice | de,"— C’est parce qu’il mourait de faim après l’éclosion, répondit-elle pensivement.",2088,1.0,mourir,de
723.0,Patrice de Broglie | Patrice Broglie | de Broglie | Patrice de | Broglie | Patrice | de,"Le tremblement de terre dura le temps d’un battement de cœur, mais fut suivi d’un silence de mort.",2511,1.0,mort,de
723.0,Patrice de Broglie | Patrice Broglie | de Broglie | Patrice de | Broglie | Patrice | de,Ce qui provoque beaucoup de morts par étouffement.,2927,1.0,mort,de
723.0,Patrice de Broglie | Patrice Broglie | de Broglie | Patrice de | Broglie | Patrice | de,"Gênée par les feuilles et les branches mortes, elle se mit à courir, rencontrant une variété décourageante d’épineux et de plantes piquantes.",3040,1.0,mort,de
723.0,Patrice de Broglie | Patrice Broglie | de Broglie | Patrice de | Broglie | Patrice | de,"D’autres, comme de grands yeux morts",3453,1.0,mort,de
723.0,Patrice de Broglie | Patrice Broglie | de Broglie | Patrice de | Broglie | Patrice | de,"Il restait sceptique quant à la couleur et au sexe, quoiqu’il ait pu constater de ses yeux, trois jours plus tôt, que le premier cheval de trait destiné au groupe de son père avait exactement les caractéristiques désirées : c’était une solide jument baie aux paturons et au chanfrein blancs, qui pesait soixante-dix kilos à la naissance et serait le portrait craché de l’étalon Shire, mort depuis longtemps, et dont le sperme l’avait engendrée.",3515,1.0,mort,de
723.0,Patrice de Broglie | Patrice Broglie | de Broglie | Patrice de | Broglie | Patrice | de,Ce silence de mort était effrayant.,3798,1.0,mort,de
723.0,Patrice de Broglie | Patrice Broglie | de Broglie | Patrice de | Broglie | Patrice | de,"Il n’y a plus un brin de verdure, toutes les bêtes sont mortes.",4181,1.0,mourir,de
723.0,Patrice de Broglie | Patrice Broglie | de Broglie | Patrice de | Broglie | Patrice | de,Joël et sa femme étaient prostrés après la mort de leurs fils.,4287,1.0,mort,de
723.0,Patrice de Broglie | Patrice Broglie | de Broglie | Patrice de | Broglie | Patrice | de,"Cette épaisse coquille semblait se former peu avant la fin, car on en avait trouvé beaucoup sur des aires rocheuses où l’organisme était mort de faim.",4319,1.0,mourir,de
723.0,Patrice de Broglie | Patrice Broglie | de Broglie | Patrice de | Broglie | Patrice | de,"Un silence de mort accueillit sa suggestion, et les assistants se regardèrent, mi-étonnés, mi-gênés.",4328,1.0,mort,de
723.0,Patrice de Broglie | Patrice Broglie | de Broglie | Patrice de | Broglie | Patrice | de,"— Et déterminer pourquoi tous ses pareils sont morts après cette première infestation, ajouta Phas Radamanth, sortant des photos de l’EEE du tas de documents amoncelés devant lui.",4348,1.0,mort,de
723.0,Patrice de Broglie | Patrice Broglie | de Broglie | Patrice de | Broglie | Patrice | de,"Avec des masques et de gros gants de travail, les colons entreprirent de balayer les coquilles puantes des Fils morts.",4353,1.0,mort,de
723.0,Patrice de Broglie | Patrice Broglie | de Broglie | Patrice de | Broglie | Patrice | de,Je ne crois pas que tous les Fils sont morts de faim.,4480,1.0,mort,de
723.0,Patrice de Broglie | Patrice Broglie | de Broglie | Patrice de | Broglie | Patrice | de,"Vers le milieu de la Chute, Paul Benden se rendit compte que ses équipes au sol étaient trop espacées pour être efficaces, même si les Fils tombaient souvent sur des roches ou des terres pauvres où ils dépérissaient et mouraient rapidement.",5093,1.0,mourir,de
723.0,Patrice de Broglie | Patrice Broglie | de Broglie | Patrice de | Broglie | Patrice | de,"Une demi-heure plus tard, des enfants qui jouaient à la limite du terrain d’atterrissage revinrent en hurlant annoncer la présence de deux morts.",6026,1.0,mort,de
723.0,Patrice de Broglie | Patrice Broglie | de Broglie | Patrice de | Broglie | Patrice | de,"Au Terminus, la mort de Kenjo et l’état grave d’Ongola étaient connus de tous, mais on n’avait rien annoncé officiellement.",6554,1.0,mort,de
723.0,Patrice de Broglie | Patrice Broglie | de Broglie | Patrice de | Broglie | Patrice | de,Le choc de la mort de Sallah Telgar fut ressenti sur tout le continent.,6618,1.0,mort,de
723.0,Patrice de Broglie | Patrice Broglie | de Broglie | Patrice de | Broglie | Patrice | de,— Polenth dit qu’il meurt de faim.,7500,1.0,mourir,de
723.0,Patrice de Broglie | Patrice Broglie | de Broglie | Patrice de | Broglie | Patrice | de,"Profondément blessé mentalement aussi bien que physiquement après la première Chute et la mort tragique de Lucy Tubberman, le jeune homme s’était retiré dans sa coquille, en proie à des remords continuels.",7787,1.0,mort,de
723.0,Patrice de Broglie | Patrice Broglie | de Broglie | Patrice de | Broglie | Patrice | de,"Depuis la mort de Sallah, c’était la première fois que Telgar se mêlait aux autres.",7990,1.0,mort,de
723.0,Patrice de Broglie | Patrice Broglie | de Broglie | Patrice de | Broglie | Patrice | de,Le choc de ces morts inattendues avait traumatisé tout le monde.,9495,1.0,mort,de
723.0,Patrice de Broglie | Patrice Broglie | de Broglie | Patrice de | Broglie | Patrice | de,"Telgar se leva brusquement, et Bay, se demandant si quelque chose dans ses paroles avait pu lui rappeler la mort de Sallah, se reprocha mentalement d’avoir parlé sans réfléchir.",10455,1.0,mort,de
723.0,Patrice de Broglie | Patrice Broglie | de Broglie | Patrice de | Broglie | Patrice | de,"Il les considéra un moment, médusé, réalisant seulement qu’il était mort de fatigue et de froid.",10722,1.0,mourir,de
723.0,Patrice de Broglie | Patrice Broglie | de Broglie | Patrice de | Broglie | Patrice | de,L’un des contes préférés de Kibbe était celui que racontait fièrement la Tillek : la façon dont les dauphins avaient honoré ceux qui étaient morts lorsqu’un astronef avait été endommagé dans la mer-ciel.,10868,2.0,mort,de
723.0,Patrice de Broglie | Patrice Broglie | de Broglie | Patrice de | Broglie | Patrice | de,"Et l’homme recommencerait à soigner les blessés, et empêcherait de mourir ceux qui s’étaient échoués.",12142,2.0,mourir,de
723.0,Patrice de Broglie | Patrice Broglie | de Broglie | Patrice de | Broglie | Patrice | de,"La réaction de Durras l’avait surpris, mais, durant son long apprentissage, il avait connu de nombreux cas de règles interrompues où la femme avait souffert par la suite de douleurs abdominales violentes et ininterrompues – dont plusieurs cas où la femme était morte, et où son seul recours avait été des applications massives de baume analgésique pour calmer ses souffrances.",13875,2.0,mourir,de
723.0,Patrice de Broglie | Patrice Broglie | de Broglie | Patrice de | Broglie | Patrice | de,"Bit pourra peutêtre me dire ce qu’elle a. Sinon, elle risque de mourir.",14694,2.0,mourir,de
723.0,Patrice de Broglie | Patrice Broglie | de Broglie | Patrice de | Broglie | Patrice | de,Je me rappelle avoir trouvé un jour six dauphins morts dans une baie au nord de Nerat.,14941,2.0,mort,de
723.0,Patrice de Broglie | Patrice Broglie | de Broglie | Patrice de | Broglie | Patrice | de,"— Je mourrai d’un rhume attrapé en parlant aux dauphins, dit T’lion, essorant le devant de sa chemise.",15019,2.0,mourir,de
723.0,Patrice de Broglie | Patrice Broglie | de Broglie | Patrice de | Broglie | Patrice | de,"L’une de ses sœurs était morte d’un de ces brusques accès de fièvre, mais elle était plus jeune que Readis et beaucoup moins vigoureuse.",15171,2.0,mourir,de
723.0,Patrice de Broglie | Patrice Broglie | de Broglie | Patrice de | Broglie | Patrice | de,"Avant d’arriver sur le porche, il entendit sa mère pleurer, pas aussi bruyamment que lorsqu’elle avait appris la mort de grand-père, mais doucement, comme en proie à un chagrin insondable.",15439,2.0,mort,de
723.0,Patrice de Broglie | Patrice Broglie | de Broglie | Patrice de | Broglie | Patrice | de,"Il savait que les dragons mouraient en même temps que leurs cavaliers, mais, aucun propriétaire de lézards de feu n’étant mort à la Rivière Paradis, il n’était pas sûr de leurs réactions.",15488,2.0,mort | mourir,de
723.0,Patrice de Broglie | Patrice Broglie | de Broglie | Patrice de | Broglie | Patrice | de,C’est un grand homme qui vient de mourir !,15598,2.0,mourir,de
723.0,Patrice de Broglie | Patrice Broglie | de Broglie | Patrice de | Broglie | Patrice | de,Il put appliquer le nouveau programme uniquement parce que Maître Robinton l’avait proposé aux Maîtres de l’Atelier avant sa mort.,15630,2.0,mort,de
723.0,Patrice de Broglie | Patrice Broglie | de Broglie | Patrice de | Broglie | Patrice | de,Un silence de mort tomba sur la pièce.,17121,2.0,mort,de
723.0,Patrice de Broglie | Patrice Broglie | de Broglie | Patrice de | Broglie | Patrice | de,"il y avait des détritus à enlever partout, et l’on avait besoin de bras pour protéger les provisions, inspecter les dommages soufferts par les caisses et les conteneurs, mettre les vêtements à sécher, dépecer le bétail mort.",17138,2.0,mort,de
723.0,Patrice de Broglie | Patrice Broglie | de Broglie | Patrice de | Broglie | Patrice | de,Il mourait d’envie de goûter ce blanc pétillant.,18828,3.0,mourir,de
723.0,Patrice de Broglie | Patrice Broglie | de Broglie | Patrice de | Broglie | Patrice | de,"attendait à ce que K’vin devienne le Chef du Weyr après la mort de B’ner, survenue neuf mois plus tôt.",18902,3.0,mort,de
723.0,Patrice de Broglie | Patrice Broglie | de Broglie | Patrice de | Broglie | Patrice | de,"Elle était gentille, l’assistait dans sa tâche, faisait des suggestions constructives quand ils discutaient des programmes d’entraînement, mais tellement… impersonnelle… que K’vin en concluait qu’elle n’avait pas encore surmonté la mort de B’ner.",18947,3.0,mort,de
723.0,Patrice de Broglie | Patrice Broglie | de Broglie | Patrice de | Broglie | Patrice | de,"Dans les premiers temps, les archives mentionnaient cinq dragonets qui n’avaient pas trouvé de personnalité compatible et dont la mort subséquente avait à tel point bouleversé le Weyr que tous les efforts avaient été faits pour éviter la répétition de cette tragédie, y compris l’acceptation d’un spectateur si le dragonet le choisissait.",20323,3.0,mort,de
723.0,Patrice de Broglie | Patrice Broglie | de Broglie | Patrice de | Broglie | Patrice | de,"— Il est mort depuis longtemps, dit son père, pas trop content du choix de son fils.",20363,3.0,mort,de
723.0,Patrice de Broglie | Patrice Broglie | de Broglie | Patrice de | Broglie | Patrice | de,"À toutes les tables où il s’arrêta, il entendit d’autres hypothèses sur l’arrivée tardive de Debera… avec déjà des fioritures dont l’une prétendait que le père avait saigné à mort.",20373,3.0,mort,de
723.0,Patrice de Broglie | Patrice Broglie | de Broglie | Patrice de | Broglie | Patrice | de,Mais cet esprit de misérabilisme régnait dans la maison depuis la mort de sa mère.,20475,3.0,mort,de
723.0,Patrice de Broglie | Patrice Broglie | de Broglie | Patrice de | Broglie | Patrice | de,Mais Milla était morte avant de communiquer cette science à sa fille.,20561,3.0,mourir,de
723.0,Patrice de Broglie | Patrice Broglie | de Broglie | Patrice de | Broglie | Patrice | de,Elle avait longtemps vécu solitaire et sans affection – depuis la mort de sa mère et le départ de l’aîné de ses vrais frères.,20908,3.0,mort,de
723.0,Patrice de Broglie | Patrice Broglie | de Broglie | Patrice de | Broglie | Patrice | de,"Tisha, il est à moitié gelé et mort de faim, ajouta le jeune chevalier bleu, traînant la haute silhouette emmaillotée de fourrures vers la cheminée la plus proche et l’asseyant sur une chaise.",21496,3.0,mort,de
723.0,Patrice de Broglie | Patrice Broglie | de Broglie | Patrice de | Broglie | Patrice | de,Les fourrures qui l’avaient empêché de geler à mort furent mises à sécher devant le feu ;,21538,3.0,mort,de
723.0,Patrice de Broglie | Patrice Broglie | de Broglie | Patrice de | Broglie | Patrice | de,"Un jour de plus, et il était mort.",21563,3.0,mort,de
723.0,Patrice de Broglie | Patrice Broglie | de Broglie | Patrice de | Broglie | Patrice | de,"Il fait mauvais temps à Bitra, et les gens meurent de froid parce qu’ils ne veulent pas franchir les frontières, annonça M’shall.",22808,3.0,mourir,de
723.0,Patrice de Broglie | Patrice Broglie | de Broglie | Patrice de | Broglie | Patrice | de,"Encore une nuit pareille, et ces gens seront morts de froid et de faim.",22827,3.0,mort,de
723.0,Patrice de Broglie | Patrice Broglie | de Broglie | Patrice de | Broglie | Patrice | de,"Pas comme on vide une maison après la mort de son occupant, mais comme pour prouver que personne n’avait jamais habité là.",22924,3.0,mort,de
723.0,Patrice de Broglie | Patrice Broglie | de Broglie | Patrice de | Broglie | Patrice | de,"Certains avaient été dépouillés de tous leurs vêtements à part leur slip, et leurs camarades les entouraient pour les empêcher de geler à mort.",22970,3.0,mort,de
723.0,Patrice de Broglie | Patrice Broglie | de Broglie | Patrice de | Broglie | Patrice | de,"Il prit sa cuillère et se mit à manger, réalisant seulement qu’il mourait de faim.",23010,3.0,mourir,de
723.0,Patrice de Broglie | Patrice Broglie | de Broglie | Patrice de | Broglie | Patrice | de,"Sinon, la plupart de ces gens auraient été morts au matin.",23059,3.0,mourir,de
723.0,Patrice de Broglie | Patrice Broglie | de Broglie | Patrice de | Broglie | Patrice | de,Ses gens seraient morts de froid aux frontières de Bitra la nuit dernière !,23216,3.0,mort,de
723.0,Patrice de Broglie | Patrice Broglie | de Broglie | Patrice de | Broglie | Patrice | de,"C’est l’hiver làhaut, et ils seraient en danger de mourir de froid.",23364,3.0,mourir,de
723.0,Patrice de Broglie | Patrice Broglie | de Broglie | Patrice de | Broglie | Patrice | de,"D’ailleurs ils sont morts de froid, malgré tout ce qu’a pu faire le Weyr de Benden pour les ranimer.",23432,3.0,mort,de
723.0,Patrice de Broglie | Patrice Broglie | de Broglie | Patrice de | Broglie | Patrice | de,"De nouveau, Gardner représenta les sept prévenus, accusés « d’avoir infligé de graves dommages corporels, dont certains ayant entraîné la mort », à cinq innocents, hommes et femmes.",23854,3.0,mort,de
723.0,Patrice de Broglie | Patrice Broglie | de Broglie | Patrice de | Broglie | Patrice | de,"Mais on lui opposa que des moyens inutilement sévères avaient été utilisés pour les retenir, et avaient causé la mort de personnes à qui l’on n’aurait pas dû refuser le droit « légal » d’émigrer, ni l’exercice de la liberté de mouvement garantie par la Charte.",23856,3.0,mort,de
723.0,Patrice de Broglie | Patrice Broglie | de Broglie | Patrice de | Broglie | Patrice | de,Chalkin n’avait pas le droit de mort sur ses vassaux sans juste cause et (ou) jugement par jury.,23858,3.0,mort,de
723.0,Patrice de Broglie | Patrice Broglie | de Broglie | Patrice de | Broglie | Patrice | de,"Une chose est certaine, il n’a pas envie de mourir.",24274,3.0,mourir,de
723.0,Patrice de Broglie | Patrice Broglie | de Broglie | Patrice de | Broglie | Patrice | de,Chalkin de mourir de sa belle mort.,25185,3.0,mort | mourir,de
723.0,Patrice de Broglie | Patrice Broglie | de Broglie | Patrice de | Broglie | Patrice | de,"Une question discrète à Tisha lui avait appris qu’un chevalier bronze, Clim, était le père de l’enfant, la mère étant morte peu après la naissance.",25358,3.0,mourir,de
723.0,Patrice de Broglie | Patrice Broglie | de Broglie | Patrice de | Broglie | Patrice | de,"Le ténor, par un magnifique contrôle du souffle, laissa la dernière note mourir graduellement, comme perdue dans l’immensité séparant les vaisseaux de la planète.",25503,3.0,mourir,de
723.0,Patrice de Broglie | Patrice Broglie | de Broglie | Patrice de | Broglie | Patrice | de,"Les autres chevaliers-dragons étaient tout aussi excités, et P’tero s’irrita de voir qu’ils savaient tous ce que c’était et mouraient d’impatience de voir sa réaction.",26341,3.0,mourir,de
723.0,Patrice de Broglie | Patrice Broglie | de Broglie | Patrice de | Broglie | Patrice | de,"Les volets des fenêtres supérieures étaient déjà fermés, et la façade n’était plus festonnée de vigne vierge morte.",26475,3.0,mourir,de
723.0,Patrice de Broglie | Patrice Broglie | de Broglie | Patrice de | Broglie | Patrice | de,"— Elle mourait d’envie de nous prendre toutes sous son aile, chuchota Zulaya à K’vin quand la Dame du Weyr de Fort tourna la tête vers son compagnon qui faisait nerveusement les cent pas.",26896,3.0,mourir,de
723.0,Patrice de Broglie | Patrice Broglie | de Broglie | Patrice de | Broglie | Patrice | de,"De nouveau, les Pernais remerciaient leurs ancêtres, morts depuis des générations, de leur avoir légué les dragons, dont l’haleine embrasée calcinait les Fils en plein ciel.",27176,4.0,mort,de
723.0,Patrice de Broglie | Patrice Broglie | de Broglie | Patrice de | Broglie | Patrice | de,"Tout le monde pensait que L’mal vivrait jusqu’à la fin du Passage, de sorte que sa maladie et sa mort subites avaient été une grande perte.",27362,4.0,mort,de
723.0,Patrice de Broglie | Patrice Broglie | de Broglie | Patrice de | Broglie | Patrice | de,"Respirant leur arôme, Moreta réalisa qu’elle mourait de faim.",28225,4.0,mourir,de
723.0,Patrice de Broglie | Patrice Broglie | de Broglie | Patrice de | Broglie | Patrice | de,"— C’est la première fois qu’il assiste à une Fête, danse, chante, enfin la première fois qu’il est lui-même depuis la mort de Suriana.",28458,4.0,mort,de
723.0,Patrice de Broglie | Patrice Broglie | de Broglie | Patrice de | Broglie | Patrice | de,Je meurs d’envie de danser.,28528,4.0,mourir,de
723.0,Patrice de Broglie | Patrice Broglie | de Broglie | Patrice de | Broglie | Patrice | de,"Parfois, les chevaliers verts et bleus se laissaient aller à des figures acrobatiques, surtout quand ils s’étaient enivrés après une mauvaise chute ou la mort d’un dragon et de son maître, mais Moreta redoutait ces séances.",28566,4.0,mort,de
723.0,Patrice de Broglie | Patrice Broglie | de Broglie | Patrice de | Broglie | Patrice | de,"Le rôti est excellent, et je meurs de faim.",28765,4.0,mourir,de
723.0,Patrice de Broglie | Patrice Broglie | de Broglie | Patrice de | Broglie | Patrice | de,"Il était mince, avec un long visage osseux, un nez et des lèvres pincés, de petits yeux profondément enfoncés dans les orbites, et Capiam se dit qu’il avait l’air considérablement plus mal en point que les malades en train de mourir à l’infirmerie.",28889,4.0,mourir,de
723.0,Patrice de Broglie | Patrice Broglie | de Broglie | Patrice de | Broglie | Patrice | de,"— Deux sont morts de la maladie inconnue qui les a frappés, dit lentement Capiam, répugnant à exposer les conclusions terrifiantes auxquelles il était arrivé avant d’être terrassé par l’épuisement.",28890,4.0,mort,de
723.0,Patrice de Broglie | Patrice Broglie | de Broglie | Patrice de | Broglie | Patrice | de,"J’y ai trouvé quarante morts, dont trois marins qui avaient tiré cet animal de la mer.",28920,4.0,mort,de
723.0,Patrice de Broglie | Patrice Broglie | de Broglie | Patrice de | Broglie | Patrice | de,"Toutes les bêtes étaient mortes, de même que leurs soigneurs et vingt autres personnes.",28938,4.0,mourir,de
723.0,Patrice de Broglie | Patrice Broglie | de Broglie | Patrice de | Broglie | Patrice | de,Mais il n’avait pas parlé d’épidémie ni de morts.,29306,4.0,mort,de
723.0,Patrice de Broglie | Patrice Broglie | de Broglie | Patrice de | Broglie | Patrice | de,Le coureur était-il très contagieux au moment de sa mort,29311,4.0,mort,de
723.0,Patrice de Broglie | Patrice Broglie | de Broglie | Patrice de | Broglie | Patrice | de,Je suppose qu’il s’est remis de la mort de son épouse.,29469,4.0,mort,de
723.0,Patrice de Broglie | Patrice Broglie | de Broglie | Patrice de | Broglie | Patrice | de,"Si K’lon avait souffert de la maladie diagnostiquée par Maître Capiam, pourquoi avait-il guéri alors que tout le monde en mourait dans le Sud-Est de Pern ?",29803,4.0,mourir,de
723.0,Patrice de Broglie | Patrice Broglie | de Broglie | Patrice de | Broglie | Patrice | de,"Il y avait une Chute le lendemain, et la journée de la veille avait été si agréable, à part la mort du coureur.",29851,4.0,mort,de
723.0,Patrice de Broglie | Patrice Broglie | de Broglie | Patrice de | Broglie | Patrice | de,"Quand il aurait un peu dormi, il en parlerait à Norman, pour voir si l’on savait de quoi était mort le coureur de Vander.",29961,4.0,mourir,de
723.0,Patrice de Broglie | Patrice Broglie | de Broglie | Patrice de | Broglie | Patrice | de,"— Quatre coureurs de Vander sont morts, dit Norman à voix basse, et un autre est mourant.",30003,4.0,mort,de
723.0,Patrice de Broglie | Patrice Broglie | de Broglie | Patrice de | Broglie | Patrice | de,"Je ne voudrais pas être alarmiste, mais quatre coureurs sont morts, et de nombreux autres toussent…",30060,4.0,mort,de
723.0,Patrice de Broglie | Patrice Broglie | de Broglie | Patrice de | Broglie | Patrice | de,"Brûlez les animaux morts là-bas, dit-il, montrant une dépression dans un champ éloigné, hors de vue de l’avant-cour et sous le vent.",30257,4.0,mort,de
723.0,Patrice de Broglie | Patrice Broglie | de Broglie | Patrice de | Broglie | Patrice | de,Au-dessus de la dépression où il avait dit à Norman de brûler les bêtes mortes planait un nuage de fumée noire.,30418,4.0,mort,de
723.0,Patrice de Broglie | Patrice Broglie | de Broglie | Patrice de | Broglie | Patrice | de,"C’était la routine, familière, et même réconfortante si l’on considérait que, partout ailleurs sur Pern, hommes et bêtes étaient sans doute en train de mourir du fléau.",30985,4.0,mourir,de
723.0,Patrice de Broglie | Patrice Broglie | de Broglie | Patrice de | Broglie | Patrice | de,"Ch’mon, chevalier bronze d’Igen, était mort de la fièvre, et son dragon, Helith, s’était promptement suicidé dans l’Interstice.",31752,4.0,mourir,de
723.0,Patrice de Broglie | Patrice Broglie | de Broglie | Patrice de | Broglie | Patrice | de,"– pour les Chefs des Weyrs d’Igen et de Telgar au sujet de la mort de… Capiam fut secoué d’une nouvelle quinte de toux, qui le laissa hors d’haleine et épuisé.",31902,4.0,mort,de
723.0,Patrice de Broglie | Patrice Broglie | de Broglie | Patrice de | Broglie | Patrice | de,Combien de chevaliers sont-ils morts ?,31916,4.0,mort,de
723.0,Patrice de Broglie | Patrice Broglie | de Broglie | Patrice de | Broglie | Patrice | de,"— Comme nos Dames du Weyr nous l’ont représenté, nous ne pouvons publier le nombre de nos morts et de nos malades.",32002,4.0,mort,de
723.0,Patrice de Broglie | Patrice Broglie | de Broglie | Patrice de | Broglie | Patrice | de,"Si seulement il était mort sur le bateau, succombant de faim et d’épuisement – sort qui menaçait Capiam en ce moment – avant qu’il ait contaminé personne d’autre que les marins !",32191,4.0,mourir,de
723.0,Patrice de Broglie | Patrice Broglie | de Broglie | Patrice de | Broglie | Patrice | de,Capiam essaya d’écarter de son esprit l’idée pénible que les chevaliers-dragons pouvaient mourir aussi facilement que le commun des mortels.,32239,4.0,mourir,de
723.0,Patrice de Broglie | Patrice Broglie | de Broglie | Patrice de | Broglie | Patrice | de,"En revanche, les chevaliers-dragons n’auraient pas dû mourir de ce fléau.",32248,4.0,mourir,de
723.0,Patrice de Broglie | Patrice Broglie | de Broglie | Patrice de | Broglie | Patrice | de,"Il était maintenant certain que la maladie elle-même ne tuait pas, mais les vivants devaient affronter un autre genre de mort, la mort de l’espoir et des amitiés, et les regrets de ce qu’aurait pu être l’avenir de ceux dont la vie s’était si brusquement interrompue.",32621,4.0,mort,de
723.0,Patrice de Broglie | Patrice Broglie | de Broglie | Patrice de | Broglie | Patrice | de,"Mais K’dall du Weyr de Telgar est mort, et son dragon bleu aussi.",32663,4.0,mort,de
723.0,Patrice de Broglie | Patrice Broglie | de Broglie | Patrice de | Broglie | Patrice | de,"Et que les coureurs en provenance de Keroon et destinés à Benden, Lemos, Bitra et Nerat soient ou morts de la maladie ou aient été expédiés par voie de terre.",32673,4.0,mort,de
723.0,Patrice de Broglie | Patrice Broglie | de Broglie | Patrice de | Broglie | Patrice | de,"Il pensa à Talpan, si plein de promesses qu’il ne réaliserait jamais, au Maître Éleveur Trume, au capitaine du Fend-la-Brise, à tous ses guérisseurs morts, si pleins de qualités, tous victimes de cette maladie mortelle.",32691,4.0,mort,de
723.0,Patrice de Broglie | Patrice Broglie | de Broglie | Patrice de | Broglie | Patrice | de,Que Berchar et le nouveau-né de Tellani étaient morts.,32987,4.0,mort,de
723.0,Patrice de Broglie | Patrice Broglie | de Broglie | Patrice de | Broglie | Patrice | de,Elle mourait de faim !,33049,4.0,mourir,de
723.0,Patrice de Broglie | Patrice Broglie | de Broglie | Patrice de | Broglie | Patrice | de,"D’ailleurs, Orlith est si forte et elle a tant besoin de vous que vous n’aviez pas une chance de mourir !",33107,4.0,mourir,de
723.0,Patrice de Broglie | Patrice Broglie | de Broglie | Patrice de | Broglie | Patrice | de,Nous avons donc dit aux autres reines de surveiller les malades et de ne pas laisser les chevaliers mourir.,33109,4.0,mourir,de
723.0,Patrice de Broglie | Patrice Broglie | de Broglie | Patrice de | Broglie | Patrice | de,C’est ridicule que des chevaliers-dragons meurent de cet agent viral.,33111,4.0,mourir,de
723.0,Patrice de Broglie | Patrice Broglie | de Broglie | Patrice de | Broglie | Patrice | de,"Elle regrettait leur mort, sans conteste, car elle aimait bien sa mère, plusieurs de ses frères et sœurs, et un oncle paternel ;",33177,4.0,mort,de
723.0,Patrice de Broglie | Patrice Broglie | de Broglie | Patrice de | Broglie | Patrice | de,"L’odeur de mort régnant dans le froid corridor le dérangeait, bien qu’il fût immunisé contre la maladie qui ravageait les Forts.",33250,4.0,mort,de
723.0,Patrice de Broglie | Patrice Broglie | de Broglie | Patrice de | Broglie | Patrice | de,Il y a peu de morts et de malades.,33385,4.0,mort,de
723.0,Patrice de Broglie | Patrice Broglie | de Broglie | Patrice de | Broglie | Patrice | de,"— Emmène-nous loin d’ici, dit-il à Rogeth, profondément déprimé par la vue de l’épidémie, de la mort et de la désolation.",33437,4.0,mort,de
723.0,Patrice de Broglie | Patrice Broglie | de Broglie | Patrice de | Broglie | Patrice | de,"La vieille lui dit que les guérisseurs du Weyr étaient morts, et que les deux nouveaux ne savaient absolument rien des dragons, mais étaient pleins de bonne volonté.",33838,4.0,mort,de
723.0,Patrice de Broglie | Patrice Broglie | de Broglie | Patrice de | Broglie | Patrice | de,"Tolocamp leur a permis, à elle et sa famille, d’entrer dans le Fort par les crêtes de feu, et pourtant il abandonne guérisseurs et harpistes à la mort dans son camp !",34000,4.0,mort,de
723.0,Patrice de Broglie | Patrice Broglie | de Broglie | Patrice de | Broglie | Patrice | de,"Je ne dirai pas que j’ai rempli toutes ces étagères, mais mes sœurs mortes avant moi ne me refuseraient pas le fruit de leur travail.",34032,4.0,mort,de
723.0,Patrice de Broglie | Patrice Broglie | de Broglie | Patrice de | Broglie | Patrice | de,"Pour le moment, vous n’êtes qu’un serviteur accablé sous votre fardeau et avançant à regret vers le périmètre, terrifié de tomber malade et de mourir comme tout le monde dans le camp.",34097,4.0,mourir,de
723.0,Patrice de Broglie | Patrice Broglie | de Broglie | Patrice de | Broglie | Patrice | de,"Sa voix mourut, et elle montra la blessée de la main",34259,4.0,mourir,de
723.0,Patrice de Broglie | Patrice Broglie | de Broglie | Patrice de | Broglie | Patrice | de,Ce dragon est en train de saigner à mort !,34281,4.0,mort,de
723.0,Patrice de Broglie | Patrice Broglie | de Broglie | Patrice de | Broglie | Patrice | de,"Et même alors, personne n’amènera d’animaux, car trop de bêtes sont mortes ici.",34467,4.0,mort,de
723.0,Patrice de Broglie | Patrice Broglie | de Broglie | Patrice de | Broglie | Patrice | de,"– et ne pouvait pas être dans la terre du champ de courses et des piquets où tant de bêtes étaient mortes, mais Alessan ne voulait pas risquer les rares étalons inestimables que Dag avait emmenés en toute hâte le lendemain de cette maudite Fête.",34474,4.0,mourir,de
723.0,Patrice de Broglie | Patrice Broglie | de Broglie | Patrice de | Broglie | Patrice | de,"J’avais raison de penser qu’ils ne voulaient pas envoyer leurs meilleures bêtes à la mort, malgré ce que j’étais prêt à payer.",34524,4.0,mort,de
723.0,Patrice de Broglie | Patrice Broglie | de Broglie | Patrice de | Broglie | Patrice | de,La liste des animaux morts que Norman avait commencé à tenir avait été perdue quand l’hôpital temporaire du champ de courses avait été abandonné.,35047,4.0,mort,de
723.0,Patrice de Broglie | Patrice Broglie | de Broglie | Patrice de | Broglie | Patrice | de,"Pessimiste, Alessan avait pensé que tous les jeunes étaient morts de la maladie ou que les femelles avaient avorté, car il ne restait plus au Fort que des mâles châtrés et des femelles stériles.",35070,4.0,mort,de
723.0,Patrice de Broglie | Patrice Broglie | de Broglie | Patrice de | Broglie | Patrice | de,"Moreta se força à regarder les grossiers tumulus funéraires, et à accepter l’idée de tant de morts parmi les hôtes venus dans leurs plus beaux atours.",35294,4.0,mort,de
723.0,Patrice de Broglie | Patrice Broglie | de Broglie | Patrice de | Broglie | Patrice | de,"Et à accepter également les bûchers mortuaires qui avaient consumé les coureurs morts, vainqueurs et vaincus confondus, des dix courses qui les avaient attirés à Ruatha en cette fatale journée. Impitoyablement critique, elle se dit un instant qu’Alessan aurait pu trouver le temps de faire enlever les débris pathétiques des chariots bâchés, des malles et des échoppes de la Fête qu’on voyait encore dans les champs et au bord de la route.",35295,4.0,mort,de
723.0,Patrice de Broglie | Patrice Broglie | de Broglie | Patrice de | Broglie | Patrice | de,"Ce qui a poussé l’équipage à transporter cet animal dans le Nord sans défense, nous ne le saurons jamais, car tous les témoins de cette décision répréhensible sont morts.",35381,4.0,mort,de
723.0,Patrice de Broglie | Patrice Broglie | de Broglie | Patrice de | Broglie | Patrice | de,"— Si vous considérez la justice comme le fondement de votre vie, alors, vous pouvez considérer que justice est faite – car le capitaine, l’équipage et les prises sont morts.",35390,4.0,mort,de
723.0,Patrice de Broglie | Patrice Broglie | de Broglie | Patrice de | Broglie | Patrice | de,"— Tant de morts, Moreta, tant de morts.",36439,4.0,mort,de
723.0,Patrice de Broglie | Patrice Broglie | de Broglie | Patrice de | Broglie | Patrice | de,Vous essayez de mourir ?,37178,4.0,mourir,de
723.0,Patrice de Broglie | Patrice Broglie | de Broglie | Patrice de | Broglie | Patrice | de,"K’lon fut si atterré à l’idée de voir mourir Leri sous ses yeux qu’il la saisit par les épaules et la secoua violemment, ce qui permit à l’air d’entrer dans ses poumons.",37179,4.0,mourir,de
723.0,Patrice de Broglie | Patrice Broglie | de Broglie | Patrice de | Broglie | Patrice | de,"Si Holth était morte, elle avait le droit de mourir, elle aussi.",37185,4.0,mourir,de
723.0,Patrice de Broglie | Patrice Broglie | de Broglie | Patrice de | Broglie | Patrice | de,"Pendant que K’lon berçait Leri dans ses bras, les dragons s’assemblaient respectueusement à l’entrée de l’Aire d’Éclosion, baissant leurs immenses têtes, les yeux gris de douleur, partageant la souffrance d’un dragon qui ne pouvait pas suivre sa maîtresse dans la mort, retenu par ses œufs en train de durcir.",37206,4.0,mort,de
723.0,Patrice de Broglie | Patrice Broglie | de Broglie | Patrice de | Broglie | Patrice | de,Certains disaient qu’il se sentait douloureusement responsable de ce que Moreta soit morte en travaillant pour son Atelier.,37357,4.0,mort,de
723.0,Patrice de Broglie | Patrice Broglie | de Broglie | Patrice de | Broglie | Patrice | de,Lui aussi avait changé de façon spectaculaire depuis la mort de Moreta.,37389,4.0,mort,de
723.0,Patrice de Broglie | Patrice Broglie | de Broglie | Patrice de | Broglie | Patrice | de,"Je me suis finalement réconciliée avec l’idée de la mort, du moins je le crois.",37515,5.0,mort,de
723.0,Patrice de Broglie | Patrice Broglie | de Broglie | Patrice de | Broglie | Patrice | de,Dire qu’une partie de moi-même était morte avec Suriana n’était pas une exagération.,37590,5.0,mourir,de
723.0,Patrice de Broglie | Patrice Broglie | de Broglie | Patrice de | Broglie | Patrice | de,"En fait, quand Papa mourra, tout continuera sans doute comme avant, et il y aura peu de changement dans mes devoirs, à moi, Nerilka.",37618,5.0,mourir,de
723.0,Patrice de Broglie | Patrice Broglie | de Broglie | Patrice de | Broglie | Patrice | de,"La tour des tambours de l’Atelier des Harpistes vibrait encore de l’ordre de quarantaine imposé par Capiam, m’apprenant la nouvelle tragédie ruathienne exactement à la même heure que j’avais appris la mort de Suriana, ce qui me déchira le cœur.",37653,5.0,mort,de
723.0,Patrice de Broglie | Patrice Broglie | de Broglie | Patrice de | Broglie | Patrice | de,— En espérant que Maître Tirone soit bloqué par la quarantaine ou meure de la maladie…,37677,5.0,mourir,de
723.0,Patrice de Broglie | Patrice Broglie | de Broglie | Patrice de | Broglie | Patrice | de,"Les tambours transmirent encore l’annonce de nouvelles morts à Telgar, Ista, Igen et Boll Sud, et des demandes de nouvelles de Forts et d’Ateliers lointains.",37799,5.0,mort,de
723.0,Patrice de Broglie | Patrice Broglie | de Broglie | Patrice de | Broglie | Patrice | de,"J’étais au milieu du Champ quand les premiers rapports codés arrivèrent du Weyr de Telgar : on déplorait la mort de plusieurs chevaliers-dragons, et le suicide consécutif de leurs dragons.",37802,5.0,mort,de
723.0,Patrice de Broglie | Patrice Broglie | de Broglie | Patrice de | Broglie | Patrice | de,"Je rentrai, sachant maintenant que des centaines de personnes étaient en train de mourir dans ce Fort martyr, et que plusieurs petits vassaux ne répondaient plus à l’appel des tambours.",37843,5.0,mourir,de
723.0,Patrice de Broglie | Patrice Broglie | de Broglie | Patrice de | Broglie | Patrice | de,Je fus forcée d’endurer des répétitions – demandes de Keroon et Telgar qui suppliaient qu’on leur envoie des guérisseurs pour remplacer ceux morts de la maladie qu’ils avaient essayé de guérir.,38003,5.0,mort,de
723.0,Patrice de Broglie | Patrice Broglie | de Broglie | Patrice de | Broglie | Patrice | de,"À l’aube, je n’entendis donc que trop bien les tambours annoncer la mort de ma mère, puis celle de mes sœurs.",38007,5.0,mort,de
723.0,Patrice de Broglie | Patrice Broglie | de Broglie | Patrice de | Broglie | Patrice | de,"Si vous attrapez la peste, vous nous contaminerez tous avant de mourir.",38215,5.0,mourir,de
723.0,Patrice de Broglie | Patrice Broglie | de Broglie | Patrice de | Broglie | Patrice | de,Tous les malades atteints de cette peste n’en meurent pas.,38320,5.0,mourir,de
723.0,Patrice de Broglie | Patrice Broglie | de Broglie | Patrice de | Broglie | Patrice | de,"Je rentrai immédiatement au Fort, soulagée de n’avoir plus à redouter la mort d’autres parents.",38444,5.0,mort,de
723.0,Patrice de Broglie | Patrice Broglie | de Broglie | Patrice de | Broglie | Patrice | de,"Je savais que les deux Chefs de Weyrs avaient été malades et avaient guéri, car l’Atelier des Guérisseurs leur avait envoyé Jallora en toute hâte quand le guérisseur du Weyr était mort.",38535,5.0,mort,de
723.0,Patrice de Broglie | Patrice Broglie | de Broglie | Patrice de | Broglie | Patrice | de,"Mon père n’avait-il pas entendu un seul des messages annonçant les milliers de morts à Keroon, Ista, Igen, Telgar et Ruatha ?",38578,5.0,mort,de
723.0,Patrice de Broglie | Patrice Broglie | de Broglie | Patrice de | Broglie | Patrice | de,"Tolocamp leur a permis, à elle et sa famille, de pénétrer dans son cher Fort par les crêtes de feu, tandis qu’il laisse mourir les guérisseurs et les harpistes sans soins dans son camp maudit !",38624,5.0,mourir,de
723.0,Patrice de Broglie | Patrice Broglie | de Broglie | Patrice de | Broglie | Patrice | de,"Pour le moment, vous n’êtes qu’un domestique, lourdement chargé et vous dirigeant à contrecœur vers le périmètre, terrifié d’attraper la maladie et de mourir comme tous ceux du camp.",38709,5.0,mourir,de
723.0,Patrice de Broglie | Patrice Broglie | de Broglie | Patrice de | Broglie | Patrice | de,"Eh bien, je pouvais soigner les malades, gouverner les activités domestiques, et faire tout ce que je pourrais pour expier les remords que je gardais toujours par suite de la mort prématurée de ma mère et de mes sœurs.",38891,5.0,mort,de
723.0,Patrice de Broglie | Patrice Broglie | de Broglie | Patrice de | Broglie | Patrice | de,"Bien que jeune, il avait droit à tous les honneurs et politesses dus à un chevalier-dragon, et c’est pourquoi, devant du klah et un excellent gâteau de Dame Gana, il nous apprit que les coureurs mouraient de la peste, eux aussi, et devaient être inoculés.",38918,5.0,mourir,de
723.0,Patrice de Broglie | Patrice Broglie | de Broglie | Patrice de | Broglie | Patrice | de,"— La plupart des bêtes sélectionnées par mon père sont mortes de la maladie, dit-il d’un ton détaché, nous indiquant ainsi la conduite à suivre.",39044,5.0,mourir,de
723.0,Patrice de Broglie | Patrice Broglie | de Broglie | Patrice de | Broglie | Patrice | de,"— Oh, ton mari est mort de la maladie ?",39222,5.0,mourir,de
723.0,Patrice de Broglie | Patrice Broglie | de Broglie | Patrice de | Broglie | Patrice | de,"Beaucoup de vassaux sont morts, et bien qu’Alessan ait l’intention de donner leurs forts à des sans-abri, j’aimerais mieux garder autour de nous des gens que nous connaissons et aimons.",39228,5.0,mort,de
723.0,Patrice de Broglie | Patrice Broglie | de Broglie | Patrice de | Broglie | Patrice | de,"Tuero avait pu établir que la fille de Dame Gana était morte parmi les premières, soignée par la servante qui avait aussi succombé à la maladie.",39393,5.0,mourir,de
723.0,Patrice de Broglie | Patrice Broglie | de Broglie | Patrice de | Broglie | Patrice | de,"Le fils avait travaillé dur pour aider Norman, le régisseur du champ de courses, avant qu’eux aussi ne meurent, terrassés par l’infection.",39395,5.0,mourir,de
723.0,Patrice de Broglie | Patrice Broglie | de Broglie | Patrice de | Broglie | Patrice | de,qu’Alessan eût perçu la mort de Moreta.,39756,5.0,mort,de
723.0,Patrice de Broglie | Patrice Broglie | de Broglie | Patrice de | Broglie | Patrice | de,"Tous les chevaliers-dragons et la plupart des gens des Weyrs avaient instantanément perçu les deux morts, celle de Moreta et celle de Holth.",39758,5.0,mort,de
723.0,Patrice de Broglie | Patrice Broglie | de Broglie | Patrice de | Broglie | Patrice | de,mais vous n’avez pas le droit de mourir !,39820,5.0,mourir,de
723.0,Patrice de Broglie | Patrice Broglie | de Broglie | Patrice de | Broglie | Patrice | de,"Mais pensant qu’elle était morte et qu’il souffrait tant de la perte de Moreta, mes larmes se remirent à couler.",39872,5.0,mort,de
723.0,Patrice de Broglie | Patrice Broglie | de Broglie | Patrice de | Broglie | Patrice | de,— Tolocamp a mis Anella dans son lit une heure après avoir appris la mort de ma mère.,39884,5.0,mort,de
723.0,Patrice de Broglie | Patrice Broglie | de Broglie | Patrice de | Broglie | Patrice | de,"— Celui qui vient de goûter à la mort a besoin d’amour pour lui rappeler ce qu’est la vie, Nerilka.",39893,5.0,mort,de
723.0,Patrice de Broglie | Patrice Broglie | de Broglie | Patrice de | Broglie | Patrice | de,"Tout le monde fut grandement soulagé de le voir reprendre ses activités, mais j’étais la seule à savoir qu’il mettait ses affaires en ordre en prévision de sa mort.",39908,5.0,mort,de
723.0,Patrice de Broglie | Patrice Broglie | de Broglie | Patrice de | Broglie | Patrice | de,"Dix jours après la mort de Moreta, à notre sinistre repas du soir, Alessan se leva, et tout le monde se tut instantanément.",39920,5.0,mort,de
723.0,Patrice de Broglie | Patrice Broglie | de Broglie | Patrice de | Broglie | Patrice | de,"Je ne pouvais plus me cacher qu’Alessan avait toujours occupé mon esprit et mon cœur depuis le jour où il avait épousé ma chère Suriana, de même que Ruatha était le havre qui m’avait été dénié d’abord par sa mort prématurée, puis par la décision arbitraire de mes parents au moment de la Fête.",40003,5.0,mort,de
723.0,Patrice de Broglie | Patrice Broglie | de Broglie | Patrice de | Broglie | Patrice | de,Son Dorianth a couvert Pelianth au cours du vol nuptial ayant suivi la mort de Moreta.,40158,5.0,mort,de
723.0,Patrice de Broglie | Patrice Broglie | de Broglie | Patrice de | Broglie | Patrice | de,"Barla était sincèrement terrifiée, pour elle-même, pour son bébé, pour Dowell, et pour tous ceux qui avaient péri de mort violente.",40355,6.0,mort,de
723.0,Patrice de Broglie | Patrice Broglie | de Broglie | Patrice de | Broglie | Patrice | de,"Trois morts dans des rixes, quelles que fussent les circonstances, cela signifiait aussi qu’il avait peu de chances d’être accueilli dans un autre Fort.",40385,6.0,mort,de
723.0,Patrice de Broglie | Patrice Broglie | de Broglie | Patrice de | Broglie | Patrice | de,"— Trois morts parce que tu ne connais pas ta force, Dushik, ça fait un de trop.",40412,6.0,mort,de
723.0,Patrice de Broglie | Patrice Broglie | de Broglie | Patrice de | Broglie | Patrice | de,"Au printemps de la Révolution suivante, Fax trouve la mort dans un duel avec F’lar, maître du bronze M’nementh, et le Weyr de Benden part en quête d’une femme capable de conférer l’Empreinte au dernier œuf de reine qui durcit sur l’Aire d’Éclosion.",40655,6.0,mort,de
723.0,Patrice de Broglie | Patrice Broglie | de Broglie | Patrice de | Broglie | Patrice | de,"tous les Seigneurs Régnants poussent un soupir de soulagement à la mort du tyran, cette résurgence des chevaliers-dragons les inquiète.",40657,6.0,mort,de
723.0,Patrice de Broglie | Patrice Broglie | de Broglie | Patrice de | Broglie | Patrice | de,"Chez certains, la mort de Fax et l’Empreinte de la nouvelle reine ont réveillé d’anciennes nostalgies et des rêves…",40659,6.0,mort,de
723.0,Patrice de Broglie | Patrice Broglie | de Broglie | Patrice de | Broglie | Patrice | de,"Ou, peut-être, ainsi que le suggérait la mère de Larad, le Seigneur Tarathel avait-il accordé un traitement spécial à cette fille parce que sa mère était morte en la mettant au monde.",40710,6.0,mourir,de
723.0,Patrice de Broglie | Patrice Broglie | de Broglie | Patrice de | Broglie | Patrice | de,"Sa petite sœur devait être morte, elle aussi, de même que ses plus jeunes cousins.",41140,6.0,mort,de
723.0,Patrice de Broglie | Patrice Broglie | de Broglie | Patrice de | Broglie | Patrice | de,Challer était mort en essayant de protéger son précieux attelage.,41242,6.0,mourir,de
723.0,Patrice de Broglie | Patrice Broglie | de Broglie | Patrice de | Broglie | Patrice | de,"— Drôle de « survie », Cren, avec sept morts et la plupart de nos chariots perdus !",41246,6.0,mort,de
723.0,Patrice de Broglie | Patrice Broglie | de Broglie | Patrice de | Broglie | Patrice | de,"Tous les hommes, femmes et enfants de Pern, sauvés d’une mort certaine par ces renforts, les avaient triomphalement accueillis.",41710,6.0,mort,de
723.0,Patrice de Broglie | Patrice Broglie | de Broglie | Patrice de | Broglie | Patrice | de,"Toric avait choqué la sensibilité du harpiste en remarquant que les chevaliers-dragons mourraient bientôt les uns après les autres, de préférence avant que sa patience soit épuisée.",41783,6.0,mourir,de
723.0,Patrice de Broglie | Patrice Broglie | de Broglie | Patrice de | Broglie | Patrice | de,"Il est quand même parvenu à atterrir, mais le harnais de vol s’était profondément imprimé dans son cuir, et il s’est posé si brutalement qu’on a bien pensé qu’il était mort.",41916,6.0,mort,de
723.0,Patrice de Broglie | Patrice Broglie | de Broglie | Patrice de | Broglie | Patrice | de,"Il avait vu beaucoup de vaillants chevaliers-dragons au Weyr de Telgar pendant ces trois dernières Révolutions, dont l’attitude démentait celle des Anciens, de sorte qu’il ressentait la mort d’un dragon comme une perte douloureuse.",41920,6.0,mort,de
723.0,Patrice de Broglie | Patrice Broglie | de Broglie | Patrice de | Broglie | Patrice | de,"Elle ne veut toujours pas venir ici, bien que papa soit mort depuis plus de trois Révolutions.",41949,6.0,mort,de
723.0,Patrice de Broglie | Patrice Broglie | de Broglie | Patrice de | Broglie | Patrice | de,"— Plutôt mourir que d’avouer à Mardra, maîtresse de Loranth, qu’il y avait bien quelqu’un dans ce maudit sac !",42240,6.0,mourir,de
723.0,Patrice de Broglie | Patrice Broglie | de Broglie | Patrice de | Broglie | Patrice | de,"Après tout, c’était une précaution assez sage, et il ne ralentissait jamais leur avance, même chargé de ce poids mort.",42292,6.0,mort,de
723.0,Patrice de Broglie | Patrice Broglie | de Broglie | Patrice de | Broglie | Patrice | de,Celle qui voulait devenir Dame Régnante à la mort de Tarathel.,43434,6.0,mort,de
723.0,Patrice de Broglie | Patrice Broglie | de Broglie | Patrice de | Broglie | Patrice | de,"Il connaissait les restrictions imposées au commerce entre le Nord et le Sud, savait jusqu’où on tolérait tacitement le transport des médicaments du Sud vers le Nord, et était au courant, par expérience, du commerce illicite auquel se livraient les Anciens et le Seigneur Meron de Nabol, jusqu’à ce que la mort de ce dernier y mît un terme.",43752,6.0,mort,de
723.0,Patrice de Broglie | Patrice Broglie | de Broglie | Patrice de | Broglie | Patrice | de,"De l’attelage du grand chariot, les deux bêtes de flanc étaient mortes, la colonne vertébrale brisée en plusieurs endroits.",44002,6.0,mourir,de
723.0,Patrice de Broglie | Patrice Broglie | de Broglie | Patrice de | Broglie | Patrice | de,"Jayge et Tino ne purent pas déplacer leurs poids morts, mais enduisirent de baume calmant les coupures des survivants, puis leur firent avaler du fellis, espérant que cela calmerait leurs souffrances.",44005,6.0,mort,de
723.0,Patrice de Broglie | Patrice Broglie | de Broglie | Patrice de | Broglie | Patrice | de,"Je ne sais pas exactement combien nous avons de morts, mais nous avons perdu presque toutes nos bêtes de bât.",44057,6.0,mort,de
723.0,Patrice de Broglie | Patrice Broglie | de Broglie | Patrice de | Broglie | Patrice | de,"d’autres encore, dont deux se trouvaient parmi les morts de la journée.",44115,6.0,mort,de
723.0,Patrice de Broglie | Patrice Broglie | de Broglie | Patrice de | Broglie | Patrice | de,Remplacer leurs bêtes mortes devrait attendre le printemps et leur coûterait la presque totalité de leurs marks.,44148,6.0,mort,de
723.0,Patrice de Broglie | Patrice Broglie | de Broglie | Patrice de | Broglie | Patrice | de,"Il supposa qu’un des blessés avait lâché le rouleau, et cela l’amusa de penser qu’après tout, les morts pouvaient parler.",44159,6.0,mort,de
723.0,Patrice de Broglie | Patrice Broglie | de Broglie | Patrice de | Broglie | Patrice | de,"Elle n’a pas tué souvent ni dernièrement au cours de ses raids, mais tu n’es pas le seul à désirer sa mort.",44216,6.0,mort,de
723.0,Patrice de Broglie | Patrice Broglie | de Broglie | Patrice de | Broglie | Patrice | de,"Les chevaliers-dragons surgirent dans l’air glacé des montagnes à l’aube, au moment où la sentinelle à demi morte de froid s’endormait.",44567,6.0,mort,de
723.0,Patrice de Broglie | Patrice Broglie | de Broglie | Patrice de | Broglie | Patrice | de,"Jayge était animé d’émotions contradictoires, dont la principale était le désir de venger les morts d’Armald et de ses autres amis, et de compenser les pertes pécuniaires infligées à la caravane par l’attaque de Thella.",44837,6.0,mort,de
723.0,Patrice de Broglie | Patrice Broglie | de Broglie | Patrice de | Broglie | Patrice | de,"À sa vive contrariété, il apprit qu’on venait de trouver mort, la nuque brisée, les meilleurs « yeux et oreilles » de l’endroit.",44861,6.0,mort,de
723.0,Patrice de Broglie | Patrice Broglie | de Broglie | Patrice de | Broglie | Patrice | de,"Tout le monde pleurait bien haut la mort du marin sans pied, Brare, tout en le traitant tout bas de tricheur, coquin, escroc et pervers.",44862,6.0,mort,de
723.0,Patrice de Broglie | Patrice Broglie | de Broglie | Patrice de | Broglie | Patrice | de,"Jayge avait l’habitude de veiller la nuit, mais il aurait voulu qu’un chevalier-dragon se pose assez près pour qu’il puisse l’appeler au besoin, ou qu’il ose allumer un feu sans être certain que Thella était morte.",45775,6.0,mourir,de
723.0,Patrice de Broglie | Patrice Broglie | de Broglie | Patrice de | Broglie | Patrice | de,"À la mort de T’ron, T’kul avait revendiqué la charge de Chef du Weyr, et la situation au Weyr Méridional s’était rapidement détériorée.",45874,6.0,mort,de
723.0,Patrice de Broglie | Patrice Broglie | de Broglie | Patrice de | Broglie | Patrice | de,"Seule la reine de Mardra est au weyr, plus morte",45877,6.0,mort,de
723.0,Patrice de Broglie | Patrice Broglie | de Broglie | Patrice de | Broglie | Patrice | de,"C’était le genre de bruit qui fait dresser les cheveux sur la tête, la lamentation que Saneter connaissait trop bien, les dragons annonçant la mort d’un des leurs.",46480,6.0,mort,de
723.0,Patrice de Broglie | Patrice Broglie | de Broglie | Patrice de | Broglie | Patrice | de,Il pleure la mort de T’kul comme tous les chevaliers-dragons.,46516,6.0,mort,de
723.0,Patrice de Broglie | Patrice Broglie | de Broglie | Patrice de | Broglie | Patrice | de,"— Je ne peux pas dire que la mort de T’kul me désole, répondit Toric, veillant soigneusement à parler d’un ton détaché, ni celle de Salth.",46518,6.0,mort,de
723.0,Patrice de Broglie | Patrice Broglie | de Broglie | Patrice de | Broglie | Patrice | de,Ils étaient tous les deux devenus fous et incontrôlables depuis la mort de T’ron – et de Fidranth.,46519,6.0,mort,de
723.0,Patrice de Broglie | Patrice Broglie | de Broglie | Patrice de | Broglie | Patrice | de,"— Les dragons, Piemur – les dragons ont empêché Maître Robinton de mourir !",46588,6.0,mourir,de
723.0,Patrice de Broglie | Patrice Broglie | de Broglie | Patrice de | Broglie | Patrice | de,Les dragons l’ont empêché de mourir !,46590,6.0,mourir,de
723.0,Patrice de Broglie | Patrice Broglie | de Broglie | Patrice de | Broglie | Patrice | de,"Le jeune maître de Ruth y était venu la première fois quand il était à la recherche de D’ram, qui, après la mort de Fanna, avait renoncé à sa charge de Chef du Weyr et avait disparu.",46609,6.0,mort,de
723.0,Patrice de Broglie | Patrice Broglie | de Broglie | Patrice de | Broglie | Patrice | de,Mais tu étais à côté de ta coquille de revenir là pour mourir !,46612,6.0,mourir,de
723.0,Patrice de Broglie | Patrice Broglie | de Broglie | Patrice de | Broglie | Patrice | de,le vieil homme qui paraissait étonnamment robuste pour un malade que la moitié de Pern croyait à l’article de la mort.,47151,6.0,mort,de
723.0,Patrice de Broglie | Patrice Broglie | de Broglie | Patrice de | Broglie | Patrice | de,"Cinq personnes ont survécu à la tempête, mais l’une est morte de ses blessures avant qu’ils aient appris son nom et deux autres moururent de la tête de feu le printemps suivant.",47973,6.0,mourir,de
723.0,Patrice de Broglie | Patrice Broglie | de Broglie | Patrice de | Broglie | Patrice | de,"Mais une fois au fond de la fosse, la fille était autant dire morte.",48134,6.0,mort,de
723.0,Patrice de Broglie | Patrice Broglie | de Broglie | Patrice de | Broglie | Patrice | de,"Un quatrième se mit à rassembler à coups de pied les feuilles mortes autour de l’arbre, et s’agenouilla pour les allumer.",49306,6.0,mort,de
723.0,Patrice de Broglie | Patrice Broglie | de Broglie | Patrice de | Broglie | Patrice | de,"— C’est vrai, mais si l’on diffuse partout la façon dont Thella est morte… cela dissuadera les hésitants et nous donnera le temps de respirer, dit F’lar, regardant Piemur d’un air entendu.",49450,6.0,mourir,de
723.0,Patrice de Broglie | Patrice Broglie | de Broglie | Patrice de | Broglie | Patrice | de,L’mal (décédé) : ancien Chef du Weyr de Fort ;,50304,6.0,deceder,de
723.0,Patrice de Broglie | Patrice Broglie | de Broglie | Patrice de | Broglie | Patrice | de,"Trelbin : guérisseur de la Haute Colline, cru mort.",50431,6.0,mort,de
723.0,Patrice de Broglie | Patrice Broglie | de Broglie | Patrice de | Broglie | Patrice | de,Betrice respira en voyant Ginia et le flacon de liquide clair qui pouvait faire la différence entre la vie et la mort pour la jeune mère.,50510,7.0,mort,de
723.0,Patrice de Broglie | Patrice Broglie | de Broglie | Patrice de | Broglie | Patrice | de,— Elle croit qu’elle est en train de mourir.,50539,7.0,mourir,de
723.0,Patrice de Broglie | Patrice Broglie | de Broglie | Patrice de | Broglie | Patrice | de,"Non seulement elle avait un contrôle respiratoire parfait pour soutenir sa voix de colorature, mais elle mettait tant d’émotion dans son interprétation que beaucoup avaient les larmes aux yeux quand sa voix mourut, lors du dernier et fatal transfert dans l’Interstice de Moreta et de son dragon.",50620,7.0,mourir,de
723.0,Patrice de Broglie | Patrice Broglie | de Broglie | Patrice de | Broglie | Patrice | de,Petiron fut reçu chaleureusement par l’oncle et la tante qui avaient élevé Merelan après la mort de ses parents au cours d’une des violentes tempêtes d’automne qui se déchaînaient périodiquement sur le littoral occidental.,50863,7.0,mort,de
723.0,Patrice de Broglie | Patrice Broglie | de Broglie | Patrice de | Broglie | Patrice | de,"Sa protestation mourut sur ses lèvres quand il réalisa que les dragons s’approchaient de l’Atelier des Harpistes, et non du Fort où ils atterrissaient d’habitude.",52093,7.0,mourir,de
723.0,Patrice de Broglie | Patrice Broglie | de Broglie | Patrice de | Broglie | Patrice | de,"Robinton laissa sa voix mourir, la tristesse du sourire l’avertissant qu’il ferait mieux de ne pas demander la raison de leur départ précipité.",52741,7.0,mourir,de
723.0,Patrice de Broglie | Patrice Broglie | de Broglie | Patrice de | Broglie | Patrice | de,Un silence de mort s’abattit sur la salle frappée de stupeur quand Robinton laissa mourir la dernière note et que sa mère abaissa sa flûte.,53113,7.0,mort | mourir,de
723.0,Patrice de Broglie | Patrice Broglie | de Broglie | Patrice de | Broglie | Patrice | de,"mais ils devaient avoir des mères différentes, puisque celle de Falloner était morte à sa naissance.",53414,7.0,mourir,de
723.0,Patrice de Broglie | Patrice Broglie | de Broglie | Patrice de | Broglie | Patrice | de,"Mais la mélodie convenait à sa tessiture, et son phrasé fut excellent, de même que sa technique vocale quand il tint longtemps la dernière note, la laissant mourir doucement.",53844,7.0,mourir,de
723.0,Patrice de Broglie | Patrice Broglie | de Broglie | Patrice de | Broglie | Patrice | de,"— La mère de Fax est morte en le mettant au monde, alors, nous ne saurons jamais, n’est-ce pas ?",55114,7.0,mourir,de
723.0,Patrice de Broglie | Patrice Broglie | de Broglie | Patrice de | Broglie | Patrice | de,"La mort d’un dragon mettait toujours le Weyr en état de choc, mais la perte d’une reine était désastreuse.",55175,7.0,mort,de
723.0,Patrice de Broglie | Patrice Broglie | de Broglie | Patrice de | Broglie | Patrice | de,"Trois jours avant la fin de la Révolution, la Dame du Weyr mourut, après avoir combattu vaillamment la maladie.",55204,7.0,mourir,de
723.0,Patrice de Broglie | Patrice Broglie | de Broglie | Patrice de | Broglie | Patrice | de,"À cet instant, Simanith, qui avait étonné Robinton en marchant jusqu’au bout de la grande cour des Hautes Terres, le fit presque mourir de peur en se laissant tomber de la falaise vers le fond de la vallée.",55231,7.0,mourir,de
723.0,Patrice de Broglie | Patrice Broglie | de Broglie | Patrice de | Broglie | Patrice | de,"C’était stupide de se sentir écrasé par la roche, alors qu’il avait passé toute sa vie dans des falaises évidées, et que la plupart des gens vivaient jusqu’à leur mort sans se plaindre dans les couloirs intérieurs des grands Forts et Ateliers, mais il aimait pouvoir regarder dehors quand ça lui plaisait.",55638,7.0,mort,de
723.0,Patrice de Broglie | Patrice Broglie | de Broglie | Patrice de | Broglie | Patrice | de,"Robinton ne sut jamais à quel moment le Seigneur Maidir et S’loner avaient quitté la table, car la nuit était tombée, et, bien qu’il y eût de nombreux paniers de brandons autour du Bassin, il y avait tant de gens qui allaient et venaient – pour aller chercher du vin ou satisfaire un besoin naturel –, et il avait tant de choses à surveiller en sa qualité de Harpiste, qu’il ne remarqua leur absence que lorsque Dame Hayara se leva, fuyant une Jora ivre morte qui s’était effondrée sur la table.",55842,7.0,mourir,de
723.0,Patrice de Broglie | Patrice Broglie | de Broglie | Patrice de | Broglie | Patrice | de,Comment prend-il la mort de son père ?,56031,7.0,mort,de
723.0,Patrice de Broglie | Patrice Broglie | de Broglie | Patrice de | Broglie | Patrice | de,"Il était mort de fatigue, répondit Robinton.",56157,7.0,mourir,de
723.0,Patrice de Broglie | Patrice Broglie | de Broglie | Patrice de | Broglie | Patrice | de,"Robinton faisait de son mieux pour adoucir les diktats du jeune Seigneur, insinuant qu’il était encore sous le coup de la mort tragique de son père, mais que, quoique bien formé et compétent, il lui manquait encore le doigté que seule l’expérience lui donnerait.",56277,7.0,mort,de
723.0,Patrice de Broglie | Patrice Broglie | de Broglie | Patrice de | Broglie | Patrice | de,Mais ses paroles de bienvenue moururent sur ses lèvres avant qu’il les ait prononcées.,56309,7.0,mourir,de
723.0,Patrice de Broglie | Patrice Broglie | de Broglie | Patrice de | Broglie | Patrice | de,"La Révolution précédente, son fiancé avait trouvé une mort tragique au cours d’une tempête au large de Nerat, un demi-mois avant leur mariage.",56731,7.0,mort,de
723.0,Patrice de Broglie | Patrice Broglie | de Broglie | Patrice de | Broglie | Patrice | de,"— Deux fois, dit-il, levant deux doigts calleux, les femmes ont dit que le Seigneur Faroguy devait être mort pour que de telles choses arrivent aux Hautes Terres.",57243,7.0,mort,de
723.0,Patrice de Broglie | Patrice Broglie | de Broglie | Patrice de | Broglie | Patrice | de,Et qu’elles croyaient que le Seigneur Faroguy était mort pour que de telles choses se produisent.,57308,7.0,mort,de
723.0,Patrice de Broglie | Patrice Broglie | de Broglie | Patrice de | Broglie | Patrice | de,"Et quand la dernière note de Merelan mourut doucement – comme son espoir –, il lança la harpe par-dessus bord, pour qu’elle rejoigne le corps de son épouse qui s’enfonçait lentement.",58263,7.0,mourir,de
723.0,Patrice de Broglie | Patrice Broglie | de Broglie | Patrice de | Broglie | Patrice | de,Il reprit fugitivement conscience quand Melongel et Minnarden lui annoncèrent qu’ils avaient maintenant la preuve de la mort de Faroguy.,58375,7.0,mort,de
723.0,Patrice de Broglie | Patrice Broglie | de Broglie | Patrice de | Broglie | Patrice | de,"C’était la première fois qu’il ressentait cela, neuf mois après la mort de Kasia.",58617,7.0,mort,de
723.0,Patrice de Broglie | Patrice Broglie | de Broglie | Patrice de | Broglie | Patrice | de,Larna était morte deux jours après la naissance de Fallarnon.,58706,7.0,mourir,de
723.0,Patrice de Broglie | Patrice Broglie | de Broglie | Patrice de | Broglie | Patrice | de,"S’il avait trouvé affreux les jours ayant suivi la mort de son épouse, ceux qu’il vécut pendant que sa mère perdait lentement ses forces, puis jusqu’à son souffle, furent encore pires.",58845,7.0,mort,de
723.0,Patrice de Broglie | Patrice Broglie | de Broglie | Patrice de | Broglie | Patrice | de,"Robinton regarda l’homme qui était son père, et pensa que Petiron prenait la mort de sa femme comme un affront personnel.",58865,7.0,mort,de
723.0,Patrice de Broglie | Patrice Broglie | de Broglie | Patrice de | Broglie | Patrice | de,"Puis il se remit à sangloter, tellement anéanti par la mort de Merelan que Robinton, sans réfléchir, contourna le lit et prit son père dans ses bras pour le réconforter.",58884,7.0,mort,de
723.0,Patrice de Broglie | Patrice Broglie | de Broglie | Patrice de | Broglie | Patrice | de,Sa mort le métamorphosa sans doute comme elle aurait souhaité qu’il se métamorphose de son vivant.,58887,7.0,mort,de
723.0,Patrice de Broglie | Patrice Broglie | de Broglie | Patrice de | Broglie | Patrice | de,"Quand il pouvait, il adressait un message tambouriné au Weyr de Benden, pour demander l’aide de F’lon – et écoutait le chevalier-dragon s’extasier sur son fils, maintenant élevé par Manora, la jeune fille si pleine de dignité qu’il avait remarquée le jour où S’loner et Maidir étaient morts.",58916,7.0,mort,de
723.0,Patrice de Broglie | Patrice Broglie | de Broglie | Patrice de | Broglie | Patrice | de,"ne s’étaient jamais réunis en Conseil pour confirmer sa succession au gouvernement des Hautes Terres, usurpant la place de Bargen, seul fils survivant du vieux Seigneur – si toutefois il n’était pas mort.",58962,7.0,mort,de
723.0,Patrice de Broglie | Patrice Broglie | de Broglie | Patrice de | Broglie | Patrice | de,"M’odon, le plus vieux de ses chevaliers, mourut paisiblement dans son sommeil.",59014,7.0,mourir,de
723.0,Patrice de Broglie | Patrice Broglie | de Broglie | Patrice de | Broglie | Patrice | de,"Vingt-quatre chevaliers moururent de la fièvre, et le Weyr retentit des lamentations funèbres des dragons survivants.",59016,7.0,mourir,de
723.0,Patrice de Broglie | Patrice Broglie | de Broglie | Patrice de | Broglie | Patrice | de,"– d’une force qu’il ne s’imaginait pas capable de ressentir, beaucoup plus profonde et plus primitive que celle qui l’avait étreint après la mort de Kasia.",59073,7.0,mort,de
723.0,Patrice de Broglie | Patrice Broglie | de Broglie | Patrice de | Broglie | Patrice | de,"— Tu n’es pas près de nous quitter, Gennell, dit-il avec un rire désinvolte qui mourut devant l’expression de Gennell.",59110,7.0,mourir,de
723.0,Patrice de Broglie | Patrice Broglie | de Broglie | Patrice de | Broglie | Patrice | de,"Il mourut deux jours plus tard, dans des souffrances terribles que des doses massives de fellis et des applications de pommade analgésique sur l’abdomen ne parvinrent pas à adoucir.",59245,7.0,mourir,de
723.0,Patrice de Broglie | Patrice Broglie | de Broglie | Patrice de | Broglie | Patrice | de,"— Pas de mutilation, pas de viol, juste la mort, murmura Ginia, quittant avec lassitude le théâtre de cette tragédie.",59246,7.0,mort,de
723.0,Patrice de Broglie | Patrice Broglie | de Broglie | Patrice de | Broglie | Patrice | de,"Elle avait le bon sens de ne jamais parler de la tristesse qui persistait dans ses yeux, mais il savait que le souvenir de Kasia ne s’était pas estompé depuis dix Révolutions qu’elle était morte.",59268,7.0,mourir,de
723.0,Patrice de Broglie | Patrice Broglie | de Broglie | Patrice de | Broglie | Patrice | de,Robinton lui était redevable pour le soutien qu’elle lui avait apporté après la mort de Kasia.,59450,7.0,mort,de
723.0,Patrice de Broglie | Patrice Broglie | de Broglie | Patrice de | Broglie | Patrice | de,"Oterel, confirmé au Conclave qui suivit la mort de son père, multiplia les postes de garde à ses frontières.",59516,7.0,mort,de
723.0,Patrice de Broglie | Patrice Broglie | de Broglie | Patrice de | Broglie | Patrice | de,"Un spasme violent parcourut le corps de F’lon, et il mourut.",60091,7.0,mourir,de
723.0,Patrice de Broglie | Patrice Broglie | de Broglie | Patrice de | Broglie | Patrice | de,Un silence de mort s’abattit sur la Fête.,60093,7.0,mort,de
723.0,Patrice de Broglie | Patrice Broglie | de Broglie | Patrice de | Broglie | Patrice | de,"Par la Coquille, ils ont dû organiser cet assaut depuis l’annulation de la dernière Fête de Telgar, à la mort de Grogellan.",60202,7.0,mort,de
723.0,Patrice de Broglie | Patrice Broglie | de Broglie | Patrice de | Broglie | Patrice | de,"Il y avait des rixes parmi ses gardes, qui se soldaient généralement par plusieurs morts, souvent de ses capitaines et intendants les plus brutaux.",60511,7.0,mort,de
723.0,Patrice de Broglie | Patrice Broglie | de Broglie | Patrice de | Broglie | Patrice | de,De longues traînées rouges attestaient que les morts avaient été tirés hors du Fort et sur les marches du perron avant d’arriver là.,60631,7.0,mort,de
723.0,Patrice de Broglie | Patrice Broglie | de Broglie | Patrice de | Broglie | Patrice | de,"Sangel semblait prêt à exploser, Groghe était livide de rage, Oterel était blanc comme un mort, Vendross fronçait les sourcils, le jeune Larad parvenait à prendre l’air résolu.",60728,7.0,mort,de
723.0,Patrice de Broglie | Patrice Broglie | de Broglie | Patrice de | Broglie | Patrice | de,"Et moi, je meurs de faim.",60755,7.0,mourir,de
723.0,Patrice de Broglie | Patrice Broglie | de Broglie | Patrice de | Broglie | Patrice | de,Repensant à la façon dont Jora se gorgeait de nourriture à la dernière Éclosion – qui remontait maintenant à des Révolutions – Robinton avait cru sans mal qu’elle était morte d’indigestion.,60948,7.0,mourir,de
723.0,Patrice de Broglie | Patrice Broglie | de Broglie | Patrice de | Broglie | Patrice | de,Il y avait eu si peu de couvées et d’Empreintes depuis la mort de S’loner…,60959,7.0,mort,de
723.0,Patrice de Broglie | Patrice Broglie | de Broglie | Patrice de | Broglie | Patrice | de,"Les hommes de Fax, mécontents que leur Dame soit morte, grommelaient, mais Fax semblait plutôt content.",61353,7.0,mourir,de
723.0,Patrice de Broglie | Patrice Broglie | de Broglie | Patrice de | Broglie | Patrice | de,"À l’évidence, les hommes de Fax se réjouissaient d’une bonne bagarre, couronnée par la mort de cet adversaire sans méfiance.",61407,7.0,mort,de
723.0,Patrice de Broglie | Patrice Broglie | de Broglie | Patrice de | Broglie | Patrice | de,"— Je ne sais pour toi, mais je meurs de faim et… tiens, voici du pain…",61492,7.0,mourir,de
723.0,Patrice de Broglie | Patrice Broglie | de Broglie | Patrice de | Broglie | Patrice | de,Ils ne pouvaient pas manquer de comprendre que la protection de Fax était morte avec lui.,61535,7.0,mourir,de
723.0,Patrice de Broglie | Patrice Broglie | de Broglie | Patrice de | Broglie | Patrice | de,"Et il est vigoureux, dit la sage-femme, bien qu’il soit prématuré et qu’on l’ait sorti en force du ventre de sa mère déjà morte.",61593,7.0,mourir,de
723.0,Patrice de Broglie | Patrice Broglie | de Broglie | Patrice de | Broglie | Patrice | de,"Il devait bien rester quelque chose de mangeable sur la carcasse rôtie, et il avait l’intention d’en profiter avant de mourir d’inanition.",61604,7.0,mourir,de
723.0,Patrice de Broglie | Patrice Broglie | de Broglie | Patrice de | Broglie | Patrice | de,"— Le Fort vient juste de se lever de table, Seigneur F’lar, si… suggéra Fax, dont la voix mourut devant le sourire de refus de F’lar.",61896,8.0,mourir,de
723.0,Patrice de Broglie | Patrice Broglie | de Broglie | Patrice de | Broglie | Patrice | de,"Personne n’y commettait jamais de maladresse en voyageant dans l’Interstice pour y disparaître à jamais, et aucune bête ne mourait, obligeant un homme sans dragon à s’exiler du Weyr, une partie de lui-même définitivement morte.",62064,8.0,mourir,de
723.0,Patrice de Broglie | Patrice Broglie | de Broglie | Patrice de | Broglie | Patrice | de,"Un de ses camarades avait piqué pour rattraper le chevalier, mais le dragon vert, le corps brûlé, l’aile gauche carbonisée, était mort du choc et de l’empoisonnement provoqué par la phosphine.",62070,8.0,mourir,de
723.0,Patrice de Broglie | Patrice Broglie | de Broglie | Patrice de | Broglie | Patrice | de,"Alors, il s’arrange pour qu’elle soit toujours enceinte, espérant qu’elle mourra en couches un de ces jours.",62127,8.0,mourir,de
723.0,Patrice de Broglie | Patrice Broglie | de Broglie | Patrice de | Broglie | Patrice | de,"Les meilleures sont mortes dans le lit de Fax, ou on les a éloignées.",62146,8.0,mort,de
723.0,Patrice de Broglie | Patrice Broglie | de Broglie | Patrice de | Broglie | Patrice | de,"Eh bien, chevalier-bronze, apprenez que tout le sang de Ruath est mort.",62162,8.0,mort,de
723.0,Patrice de Broglie | Patrice Broglie | de Broglie | Patrice de | Broglie | Patrice | de,— Les conscrits de Ruatha meurent de maladies étranges.,62172,8.0,mourir,de
723.0,Patrice de Broglie | Patrice Broglie | de Broglie | Patrice de | Broglie | Patrice | de,"Non qu’il eût le moins du monde regretté la mort de Fax, mais il n’aurait pas voulu qu’elle soit provoquée par l’haleine de Mnementh.",62313,8.0,mort,de
723.0,Patrice de Broglie | Patrice Broglie | de Broglie | Patrice de | Broglie | Patrice | de,"— Et mourir de faim le reste de l’année, remarqua ironiquement F’lar, laissant son regard errer sur la vallée.",62322,8.0,mourir,de
723.0,Patrice de Broglie | Patrice Broglie | de Broglie | Patrice de | Broglie | Patrice | de,"Il avait accompli beaucoup plus de choses que les autres, et Lessa avait sincèrement regretté la nécessité de sa mort.",62444,8.0,mort,de
723.0,Patrice de Broglie | Patrice Broglie | de Broglie | Patrice de | Broglie | Patrice | de,"Sa phrase mourut sur ses lèvres, et ses yeux s’arrondirent de frayeur.",62638,8.0,mourir,de
723.0,Patrice de Broglie | Patrice Broglie | de Broglie | Patrice de | Broglie | Patrice | de,"Tout l’honneur de Pern était-il mort, étouffé sous les herbes ?",62811,8.0,mort,de
723.0,Patrice de Broglie | Patrice Broglie | de Broglie | Patrice de | Broglie | Patrice | de,"Sa colère était telle qu’elle en avait oublié toute discrétion, mais cela n’avait pas d’importance, car cette femme était près de mourir.",62902,8.0,mourir,de
723.0,Patrice de Broglie | Patrice Broglie | de Broglie | Patrice de | Broglie | Patrice | de,"Pas au moment où, en provoquant la mort de Fax, elle pouvait non seulement venger les torts qu’on lui avait faits, mais aussi ceux faits à Dame Gemma.",62944,8.0,mort,de
723.0,Patrice de Broglie | Patrice Broglie | de Broglie | Patrice de | Broglie | Patrice | de,"Un sourire, assez semblable à celui de la morte, se dessina sur les lèvres de Lessa, comme elle se hâtait de descendre vers le Hall.",62954,8.0,mort,de
723.0,Patrice de Broglie | Patrice Broglie | de Broglie | Patrice de | Broglie | Patrice | de,"L’avant-courrière de la mort sanglotait, affaissée aux pieds de Fax.",62958,8.0,mort,de
723.0,Patrice de Broglie | Patrice Broglie | de Broglie | Patrice de | Broglie | Patrice | de,"— Oui, et c’est un bébé vigoureux, dit la femme, surtout pour un enfant prématuré qu’on a retiré de force du ventre de sa mère morte.",63157,8.0,mourir,de
723.0,Patrice de Broglie | Patrice Broglie | de Broglie | Patrice de | Broglie | Patrice | de,"Quelque chose dans son attitude lui apprit qu’elle regrettait la mort de Dame Gemma, qu’elle en avait été profondément affectée.",63193,8.0,mort,de
723.0,Patrice de Broglie | Patrice Broglie | de Broglie | Patrice de | Broglie | Patrice | de,"Vous êtes arrivée à vos fins : une conquête sans profit, et la mort de son conquérant.",63196,8.0,mort,de
723.0,Patrice de Broglie | Patrice Broglie | de Broglie | Patrice de | Broglie | Patrice | de,"— Je n’ai jamais vu plus loin que la mort de Fax, concéda-t-elle lentement.",63263,8.0,mort,de
723.0,Patrice de Broglie | Patrice Broglie | de Broglie | Patrice de | Broglie | Patrice | de,"Et pourtant, si jeune, elle s’était fixé un but, et elle avait réussi à survivre, à la fois à la brutalité et à la détection, assez longtemps pour assurer la mort de l’usurpateur.",63269,8.0,mort,de
723.0,Patrice de Broglie | Patrice Broglie | de Broglie | Patrice de | Broglie | Patrice | de,"Fax mort, et Ruatha sous la protection des chevaliers-dragons, surtout de celui-là même qui avait expédié Fax en l’autre monde, le Fort serait en sécurité et pourrait prospérer sous une sage administration.",63309,8.0,mort,de
723.0,Patrice de Broglie | Patrice Broglie | de Broglie | Patrice de | Broglie | Patrice | de,"Tous les dragons émirent en même temps la note aiguë, mystérieuse, terrifiante, et presque inaudible par laquelle ils annonçaient la mort de leurs pairs.",63366,8.0,mort,de
723.0,Patrice de Broglie | Patrice Broglie | de Broglie | Patrice de | Broglie | Patrice | de,Mnementh lui dit avec hauteur qu’il était convenable et décent de saluer la mort d’une personnalité loyale et sacrifiée.,63426,8.0,mort,de
723.0,Patrice de Broglie | Patrice Broglie | de Broglie | Patrice de | Broglie | Patrice | de,Et en deuil pour la mort de Dame Gemma.,63454,8.0,mort,de
723.0,Patrice de Broglie | Patrice Broglie | de Broglie | Patrice de | Broglie | Patrice | de,Nemorth est à un cheveu de la mort.,63473,8.0,mort,de
723.0,Patrice de Broglie | Patrice Broglie | de Broglie | Patrice de | Broglie | Patrice | de,"Au moment où l’idée lui avait été suggérée et insidieusement imposée par le chevalier-dragon, elle s’était sentie capable de tout, parce qu’elle était enfin arrivée à provoquer la mort de Fax.",63663,8.0,mort,de
723.0,Patrice de Broglie | Patrice Broglie | de Broglie | Patrice de | Broglie | Patrice | de,"Elle chasserait le fils de Dame Gemma et prendrait le commandement de Ruatha, comme elle aurait dû le faire à la mort de Fax.",64073,8.0,mort,de
723.0,Patrice de Broglie | Patrice Broglie | de Broglie | Patrice de | Broglie | Patrice | de,"Quand son maître mourait, un dragon disparaissait dans l’Interstice, ce néant glacé à travers lequel un dragon passait, avec son maître, instantanément, d’un point de Pern à l’autre.",64081,8.0,mourir,de
723.0,Patrice de Broglie | Patrice Broglie | de Broglie | Patrice de | Broglie | Patrice | de,Lessa qu’elle mourait de faim.,64387,8.0,mourir,de
723.0,Patrice de Broglie | Patrice Broglie | de Broglie | Patrice de | Broglie | Patrice | de,"À la mort de Fax, Telgar s’est mis au premier plan de l’agitation croissante.",64522,8.0,mort,de
723.0,Patrice de Broglie | Patrice Broglie | de Broglie | Patrice de | Broglie | Patrice | de,"Depuis la mort de Fax, tous les Seigneurs ont leurs gardes en armes.",64659,8.0,mort,de
723.0,Patrice de Broglie | Patrice Broglie | de Broglie | Patrice de | Broglie | Patrice | de,"Trop confiante en elle pour avoir provoqué la mort de Fax, elle voyait maintenant que cette même arrogance avait amené le Weyr au bord de l’abîme.",64865,8.0,mort,de
723.0,Patrice de Broglie | Patrice Broglie | de Broglie | Patrice de | Broglie | Patrice | de,Et la mort de Fax !,65332,8.0,mort,de
723.0,Patrice de Broglie | Patrice Broglie | de Broglie | Patrice de | Broglie | Patrice | de,Le temps de l’Alerte a sonné : Que les Fils de mort soient calcinés.,65549,8.0,mort,de
723.0,Patrice de Broglie | Patrice Broglie | de Broglie | Patrice de | Broglie | Patrice | de,"Si lui, F’lar, avait seulement eu quelques années de plus quand F’lon, son père, était mort…",65779,8.0,mort,de
723.0,Patrice de Broglie | Patrice Broglie | de Broglie | Patrice de | Broglie | Patrice | de,"C’était Fax l’envahisseur, maintenant mort depuis trois Révolutions, Fax et ses hommes au moment où ils avaient lancé leur attaque, près de treize Révolutions auparavant.",66137,8.0,mort,de
723.0,Patrice de Broglie | Patrice Broglie | de Broglie | Patrice de | Broglie | Patrice | de,"Maintenant, ses pensées le ramenaient inéluctablement à ce jour d’été où Hath, le dragon-bronze de R’gul, avait pris son vol pour s’accoupler à la grotesque Nemorth, et où R’gul était devenu Chef du Weyr à la place de F’lon, le père décédé de F’lar.",66355,8.0,deceder,de
723.0,Patrice de Broglie | Patrice Broglie | de Broglie | Patrice de | Broglie | Patrice | de,"Y compris le fait très improbable qu’une enfant de onze Révolutions, morte de peur, complote la vengeance de sa famille, et, contre toute attente, réussisse.",66418,8.0,mort,de
723.0,Patrice de Broglie | Patrice Broglie | de Broglie | Patrice de | Broglie | Patrice | de,— C’est parce que je n’avais jamais réfléchi à ce que je ferais de ma vie quand je verrais Fax mort à mes pieds.,66440,8.0,mort,de
723.0,Patrice de Broglie | Patrice Broglie | de Broglie | Patrice de | Broglie | Patrice | de,"La seule façon de partir dans l’Interstice pour toujours, c’est de mourir, d’accord ?",66507,8.0,mourir,de
723.0,Patrice de Broglie | Patrice Broglie | de Broglie | Patrice de | Broglie | Patrice | de,"Donc, il s’agit d’une vision de mort, soigneusement enregistrée par le petit-fils, qui ne savait pas très bien écrire.",66509,8.0,mort,de
723.0,Patrice de Broglie | Patrice Broglie | de Broglie | Patrice de | Broglie | Patrice | de,"— Et pour le reste, après les trois mots sans queue ni tête, comme toutes les visions de mort, cela « explique » ce que tout le monde a toujours su.",66512,8.0,mort,de
723.0,Patrice de Broglie | Patrice Broglie | de Broglie | Patrice de | Broglie | Patrice | de,"Toutefois… puisqu’elle avait causé, quoique involontairement, la mort de sa mère et qu’elle ne pouvait pas à la fois être Dame du Weyr et gouverner un Fort, il était logique que Jaxom, fils de Dame Gemma, fût Seigneur de Ruatha.",66713,8.0,mort,de
723.0,Patrice de Broglie | Patrice Broglie | de Broglie | Patrice de | Broglie | Patrice | de,Sa voix mourut sous le regard accusateur et froid de F’lar.,66871,8.0,mourir,de
723.0,Patrice de Broglie | Patrice Broglie | de Broglie | Patrice de | Broglie | Patrice | de,"Était-ce bien judicieux de les envoyer tous à une mort possible dans l’Interstice, dans cet effort pour devancer les Fils à Nerat ?",67008,8.0,mort,de
723.0,Patrice de Broglie | Patrice Broglie | de Broglie | Patrice de | Broglie | Patrice | de,"Un silence de mort s’était abattu sur le Weyr, rompu seulement par les battements des ailes de Ramoth.",67226,8.0,mort,de
723.0,Patrice de Broglie | Patrice Broglie | de Broglie | Patrice de | Broglie | Patrice | de,Combien d’autres mourraient au cours de cette cruelle Révolution ?,67259,8.0,mourir,de
723.0,Patrice de Broglie | Patrice Broglie | de Broglie | Patrice de | Broglie | Patrice | de,"C’gan était le seul mort, mais quatre dragons de plus avaient été gravement blessés à Keroon, et sept hommes sérieusement brûlés, immobilisés pour des mois.",67281,8.0,mort,de
723.0,Patrice de Broglie | Patrice Broglie | de Broglie | Patrice de | Broglie | Patrice | de,"nous ne sommes plus que des ombres, comme des hommes sans dragon, une part de nous-mêmes morte à jamais.",67475,8.0,mort,de
723.0,Patrice de Broglie | Patrice Broglie | de Broglie | Patrice de | Broglie | Patrice | de,F’lar regarda d’un air significatif les Seigneurs qui s’étaient partagé les dépouilles des sept Forts de Fax après sa mort.,67804,8.0,mort,de
723.0,Patrice de Broglie | Patrice Broglie | de Broglie | Patrice de | Broglie | Patrice | de,"Après la mort de C’gan, on avait suspendu son instrument dans la Salle du Conseil, en attendant le choix d’un nouveau Troubadour du Weyr.",67911,8.0,mort,de
723.0,Patrice de Broglie | Patrice Broglie | de Broglie | Patrice de | Broglie | Patrice | de,"— Dans les Archives de Benden, il n’est pas question de maladie, mort, feu ou désastre quelconque, pas un mot d’explication pour la cessation soudaine des rapports normaux avec les autres Weyrs.",67942,8.0,mort,de
723.0,Patrice de Broglie | Patrice Broglie | de Broglie | Patrice de | Broglie | Patrice | de,"J’ai failli mourir de rire, remarqua Robinton avec un grand sourire.",67959,8.0,mourir,de
723.0,Patrice de Broglie | Patrice Broglie | de Broglie | Patrice de | Broglie | Patrice | de,Combien de jeunes arbres vont encore mourir dans ce seul verger ?,68266,8.0,mourir,de
723.0,Patrice de Broglie | Patrice Broglie | de Broglie | Patrice de | Broglie | Patrice | de,"Tous, dragons, chevaliers, gens du Weyr, ils ne sont pas morts de mort subite au même instant sans même laisser une seule carcasse pourrir au soleil !",68378,8.0,mort,de
723.0,Patrice de Broglie | Patrice Broglie | de Broglie | Patrice de | Broglie | Patrice | de,"Froid comme la mort, Porteur de mort et comme elle glacé, Sans guide aucun, reste et meurs,",68574,8.0,mort,de
723.0,Patrice de Broglie | Patrice Broglie | de Broglie | Patrice de | Broglie | Patrice | de,"Maintenant, cela faisait près de quatre mois qu’ils devaient se contenter des patrouilles de routine dont la monotonie les ennuyait à mourir.",68799,8.0,mourir,de
723.0,Patrice de Broglie | Patrice Broglie | de Broglie | Patrice de | Broglie | Patrice | de,"J’en ai déjà assez de la vie tranquille que nous autres, chevaliers-dragons devons mener après que l’Étoile Rouge a fini son Passage, jusqu’à ce que nous allions mourir dans l’Interstice dans notre vieillesse.",68847,8.0,mourir,de
723.0,Patrice de Broglie | Patrice Broglie | de Broglie | Patrice de | Broglie | Patrice | de,"Fax était mort de la main de F’lar, et elle était partie pour le Weyr de Benden.",68893,8.0,mourir,de
723.0,Patrice de Broglie | Patrice Broglie | de Broglie | Patrice de | Broglie | Patrice | de,"– cinquante jours de danger pleuvant des cieux – et, de nouveau, les Pernais bénirent leurs ancêtres, maintenant morts depuis des générations, pour leur avoir légué les dragons brûlant en plein ciel de leur haleine enflammée les Fils tombant de l’Étoile Rouge.",69314,9.0,mort,de
723.0,Patrice de Broglie | Patrice Broglie | de Broglie | Patrice de | Broglie | Patrice | de,"Les cinq Weyrs, voyant que l’avenir ne leur promettait que le déclin de leur prestige, s’ennuyaient à mourir d’inaction après une vie entière de combats exaltants.",69363,9.0,mourir,de
723.0,Patrice de Broglie | Patrice Broglie | de Broglie | Patrice de | Broglie | Patrice | de,"Il était pratiquement impossible de contrôler un dragon fou, et la mort d’un dragon bouleversait son Weyr tout entier.",69906,9.0,mort,de
723.0,Patrice de Broglie | Patrice Broglie | de Broglie | Patrice de | Broglie | Patrice | de,Comment pouvait-elle oublier qu’elle avait failli mourir à la naissance de Felessan ?,70756,9.0,mourir,de
723.0,Patrice de Broglie | Patrice Broglie | de Broglie | Patrice de | Broglie | Patrice | de,Et les excuses de Lessa moururent dans sa bouche comme elle se retournait pour saisir un pot de baume.,71119,9.0,mourir,de
723.0,Patrice de Broglie | Patrice Broglie | de Broglie | Patrice de | Broglie | Patrice | de,"Pourquoi, se demanda soudain F’nor, alors qu’il venait seulement de réaliser la véracité de la légende des lézards de feu, souffrait-il de leur mort ?",71746,9.0,mort,de
723.0,Patrice de Broglie | Patrice Broglie | de Broglie | Patrice de | Broglie | Patrice | de,"Un père qu’il n’avait jamais vu, une mère morte en le mettant au monde l’avaient fait Seigneur de Ruatha, bien que sa mère fût originaire du Fort de Crom, et Fax, son père, des Hautes Terres.",71946,9.0,mourir,de
723.0,Patrice de Broglie | Patrice Broglie | de Broglie | Patrice de | Broglie | Patrice | de,qu’un homme perdait la moitié de son âme quand son dragon mourait et qu’il demeurait seul parmi les vivants.,71961,9.0,mourir,de
723.0,Patrice de Broglie | Patrice Broglie | de Broglie | Patrice de | Broglie | Patrice | de,Ni le Maître ni moi ne tenons aux secrets cabalistiques et inviolables qu’un père transmet à son fils sur son lit de mort…,73486,9.0,mort,de
723.0,Patrice de Broglie | Patrice Broglie | de Broglie | Patrice de | Broglie | Patrice | de,"Ils se sont levés trop souvent pour répondre aux alarmes, ils ont vu trop d’amis et de dragons mourir, brûlés par les Fils.",73519,9.0,mourir,de
723.0,Patrice de Broglie | Patrice Broglie | de Broglie | Patrice de | Broglie | Patrice | de,"Un silence de mort s’abattit sur l’assemblée tandis que F’lar et Lessa remettaient des paquets ronds enveloppés de feutre au Seigneur Asgenar et à sa fiancée, Dame Famira.",75153,9.0,mort,de
723.0,Patrice de Broglie | Patrice Broglie | de Broglie | Patrice de | Broglie | Patrice | de,"Car il s’agissait d’un duel à mort, et son issue pouvait très bien décider du sort de Pern.",75522,9.0,mort,de
723.0,Patrice de Broglie | Patrice Broglie | de Broglie | Patrice de | Broglie | Patrice | de,"F’lar sentait le soleil cuisant sur sa nuque, les pierres dures sous ses pieds, le silence de mort de la grande Cour, les odeurs des fleurs de fellis écrasées, des vins renversés, de la friture, de la sueur – et de la peur.",75527,9.0,mort,de
723.0,Patrice de Broglie | Patrice Broglie | de Broglie | Patrice de | Broglie | Patrice | de,Et la mort publique de F’lar laisserait les Seigneurs Modernes sans aucun Chef de Weyr sympathique à leur cause.,75548,9.0,mort,de
723.0,Patrice de Broglie | Patrice Broglie | de Broglie | Patrice de | Broglie | Patrice | de,"Les paroles du vieux C’gan, l’instructeur des Aspirants, mort depuis sept Révolutions, résonnaient encore dans l’esprit de F’lar.",75555,9.0,mort,de
723.0,Patrice de Broglie | Patrice Broglie | de Broglie | Patrice de | Broglie | Patrice | de,"Il était toujours l’individu crucial, le plus âgé des Anciens qui restaient, et, s’il s’était refroidi après les événements tumultueux de la veille et avait changé d’avis en dormant, la proposition qu’allait faire F’lar pourrait bien mourir dans l’œuf.",76102,9.0,mourir,de
723.0,Patrice de Broglie | Patrice Broglie | de Broglie | Patrice de | Broglie | Patrice | de,"Poussant un sifflement à cette trahison, elle fut incapable de réaliser que Canth, en fait, tentait de la sauver d’une mort certaine sur les hautes montagnes dangereusement proches.",76736,9.0,mort,de
723.0,Patrice de Broglie | Patrice Broglie | de Broglie | Patrice de | Broglie | Patrice | de,Le cri de mort de Wirenth s’arrêta quand l’air commença à lui manquer.,76739,9.0,mort,de
723.0,Patrice de Broglie | Patrice Broglie | de Broglie | Patrice de | Broglie | Patrice | de,Que tout Pern était encore frappé de stupeur au combat et à la mort des deux Reines.,77022,9.0,mort,de
723.0,Patrice de Broglie | Patrice Broglie | de Broglie | Patrice de | Broglie | Patrice | de,"Robinton admira l’aplomb de cet homme, qui apparaissait en public à peine six jours après avoir été compromis dans la mort de deux Reines dragons.",77152,9.0,mort,de
723.0,Patrice de Broglie | Patrice Broglie | de Broglie | Patrice de | Broglie | Patrice | de,La mort d’un dragon se voit-elle vraiment compensée par quelques aunes de tissu ou un bouc étique ?,77450,9.0,mort,de
723.0,Patrice de Broglie | Patrice Broglie | de Broglie | Patrice de | Broglie | Patrice | de,Comment savons-nous si nous ne trouverons pas dans les taches noires de la planète les os de dragons et de chevaliers morts depuis longtemps ?,77457,9.0,mort,de
723.0,Patrice de Broglie | Patrice Broglie | de Broglie | Patrice de | Broglie | Patrice | de,"Pourtant (et elle poussa un soupir théâtral), nous avons été bien tentés de le punir pour le rôle qu’il a joué dans la mort des deux Reines.",77518,9.0,mort,de
723.0,Patrice de Broglie | Patrice Broglie | de Broglie | Patrice de | Broglie | Patrice | de,"Elle a causé la mort de deux Reines, et vous ne faites rien…",77528,9.0,mort,de
723.0,Patrice de Broglie | Patrice Broglie | de Broglie | Patrice de | Broglie | Patrice | de,"Mais il était un enfant logique, et la mort des deux Reines n’était pas survenue à Ruatha, ni au-dessus du Weyr de Fort, dont le Fort de Ruatha était vassal.",77902,9.0,mort,de
723.0,Patrice de Broglie | Patrice Broglie | de Broglie | Patrice de | Broglie | Patrice | de,"Jaxom vit Lytol fermer les siens, il vit la réalité de la perte terrible de Lytol gravée sur son visage, aussi torturé aujourd’hui qu’au jour où son Larth était mort de ses brûlures de phosphine.",78134,9.0,mourir,de
723.0,Patrice de Broglie | Patrice Broglie | de Broglie | Patrice de | Broglie | Patrice | de,"– s’était arrangé pour se saouler à mort grâce aux soins attentifs de Robinton, qui avait suivi le train, verre pour verre.",78427,9.0,mort,de
723.0,Patrice de Broglie | Patrice Broglie | de Broglie | Patrice de | Broglie | Patrice | de,Les chevaliersdragons n’infligent pas la peine de mort !,79066,9.0,mort,de
723.0,Patrice de Broglie | Patrice Broglie | de Broglie | Patrice de | Broglie | Patrice | de,"Si vous ne revenez pas, nous chanterons des hymnes funèbres en l’honneur de votre mort.",79275,9.0,mort,de
723.0,Patrice de Broglie | Patrice Broglie | de Broglie | Patrice de | Broglie | Patrice | de,"(Elle fit à F’nor la surprise d’un petit sourire, le premier depuis la mort de Wirenth.)",79359,9.0,mort,de
723.0,Patrice de Broglie | Patrice Broglie | de Broglie | Patrice de | Broglie | Patrice | de,Elle avait retenu ses larmes depuis la mort du harpiste parce qu’elle savait qu’elle devrait être capable de chanter son élégie et qu’il est impossible de chanter quand les pleurs vous étouffent la gorge.,80130,10.0,mort,de
723.0,Patrice de Broglie | Patrice Broglie | de Broglie | Patrice de | Broglie | Patrice | de,À présent le maître harpiste devait être averti de la mort de Petiron et avait sans doute dépêché un nouveau harpiste.,80471,10.0,mort,de
723.0,Patrice de Broglie | Patrice Broglie | de Broglie | Patrice de | Broglie | Patrice | de,Elle le porta en bas des marches tandis qu’il se plaignait de gens qui étaient morts avant qu’elle ne vit le jour.,80829,10.0,mort,de
723.0,Patrice de Broglie | Patrice Broglie | de Broglie | Patrice de | Broglie | Patrice | de,Les tantes se tournèrent alors vers Menolly et l’engagèrent à le gaver afin de lui assurer une mort prématurée.,80885,10.0,mort,de
723.0,Patrice de Broglie | Patrice Broglie | de Broglie | Patrice de | Broglie | Patrice | de,"Si les lézards morts étaient à ce point formés, les œufs étaient proches de l’éclosion.",81386,10.0,mort,de
723.0,Patrice de Broglie | Patrice Broglie | de Broglie | Patrice de | Broglie | Patrice | de,Bon nombre de cavaliers avaient été blessés à mort ainsi que leurs dragons.,81526,10.0,mort,de
723.0,Patrice de Broglie | Patrice Broglie | de Broglie | Patrice de | Broglie | Patrice | de,"Les petites bêtes paraissaient encore mourir de faim, criant, fouillant les pinces et les carapaces en essayant de trouver quelques lambeaux oubliés.",81813,10.0,mourir,de
723.0,Patrice de Broglie | Patrice Broglie | de Broglie | Patrice de | Broglie | Patrice | de,Elle partageait d’autant plus les pensées affamées de tous les lézards qu’elle-même mourait de faim.,81822,10.0,mourir,de
723.0,Patrice de Broglie | Patrice Broglie | de Broglie | Patrice de | Broglie | Patrice | de,Dommage que le vieil homme fût mort avant d’avoir reçu le message de Robinton.,82012,10.0,mort,de
723.0,Patrice de Broglie | Patrice Broglie | de Broglie | Patrice de | Broglie | Patrice | de,Elle avait passé beaucoup de temps à faire sécher des algues et ramasser des buissons morts de baies de marais pour en faire du combustible.,82122,10.0,mort,de
723.0,Patrice de Broglie | Patrice Broglie | de Broglie | Patrice de | Broglie | Patrice | de,"Elle avait cru, comme tout le monde lui semblait-il, qu’être à découvert lors d’une chute de Fils équivalait à une mort certaine.",82145,10.0,mort,de
723.0,Patrice de Broglie | Patrice Broglie | de Broglie | Patrice de | Broglie | Patrice | de,"La manière de penser du fort s’était figée en un verdict implacable : ne pas avoir d’abri pendant une chute de Fils, c’était la mort.",82147,10.0,mort,de
723.0,Patrice de Broglie | Patrice Broglie | de Broglie | Patrice de | Broglie | Patrice | de,Elle quêta le long de la côte des poissons morts et trouva un packtail échoué pendant la nuit.,82176,10.0,mort,de
723.0,Patrice de Broglie | Patrice Broglie | de Broglie | Patrice de | Broglie | Patrice | de,Ceci doit avoir été composé par cet adopté qui est parti à la mort de Petiron.,82317,10.0,mort,de
723.0,Patrice de Broglie | Patrice Broglie | de Broglie | Patrice de | Broglie | Patrice | de,Tu dois mourir de faim…,83150,10.0,mourir,de
723.0,Patrice de Broglie | Patrice Broglie | de Broglie | Patrice de | Broglie | Patrice | de,) C’était à mourir de rire.,83271,10.0,mourir,de
723.0,Patrice de Broglie | Patrice Broglie | de Broglie | Patrice de | Broglie | Patrice | de,"Cela me fend le cœur de la voir étendue là, affalée comme une morte vivante.",83862,10.0,mort,de
723.0,Patrice de Broglie | Patrice Broglie | de Broglie | Patrice de | Broglie | Patrice | de,"Cette enfant meurt de faim, Felena.",84160,10.0,mourir,de
723.0,Patrice de Broglie | Patrice Broglie | de Broglie | Patrice de | Broglie | Patrice | de,qu’il y en a assez pour un homme qui meurt de faim ?,84164,10.0,mourir,de
723.0,Patrice de Broglie | Patrice Broglie | de Broglie | Patrice de | Broglie | Patrice | de,"Nous nous sommes fait beaucoup de souci pour elle, depuis la mort de la reine.",84719,11.0,mort,de
723.0,Patrice de Broglie | Patrice Broglie | de Broglie | Patrice de | Broglie | Patrice | de,"Les apprentis répétaient la mélodie complexe par cœur, tout comme elle l’avait appris aux jeunes du fort de Mer du Demi-Cercle quand Petiron était tombé malade et, plus tard, après qu’il soit mort.",84826,11.0,mort,de
723.0,Patrice de Broglie | Patrice Broglie | de Broglie | Patrice de | Broglie | Patrice | de,"Menolly acquiesça, réduite un moment au silence, se reprochant, durant ces longs jours de chagrin solitaire après la mort de Petiron, d’avoir douté qu’il ait fait ce qu’il avait dit qu’il ferait.",85334,11.0,mort,de
723.0,Patrice de Broglie | Patrice Broglie | de Broglie | Patrice de | Broglie | Patrice | de,Elle avait espéré l’épouser après la mort de Merelan.,85437,11.0,mort,de
723.0,Patrice de Broglie | Patrice Broglie | de Broglie | Patrice de | Broglie | Patrice | de,Comme si Petiron avait pu prendre femme après la mort de Merelan !,85444,11.0,mort,de
723.0,Patrice de Broglie | Patrice Broglie | de Broglie | Patrice de | Broglie | Patrice | de,"— On ne meurt pas de faim à l’atelier de harpe, dit-il avec un large sourire.",85759,11.0,mourir,de
723.0,Patrice de Broglie | Patrice Broglie | de Broglie | Patrice de | Broglie | Patrice | de,Serait-ce avisé de dire maintenant aux harpistes qu’elle avait enseigné aux enfants après la mort de Petiron et avant l’arrivée du nouveau harpiste ?,87556,11.0,mort,de
723.0,Patrice de Broglie | Patrice Broglie | de Broglie | Patrice de | Broglie | Patrice | de,"Puis, bien sûr, et Menolly sentait aujourd’hui une boule de chagrin dans sa gorge, elle avait assumé l’ensemble des cours à la mort de Petiron car Yanus, qui connaissait son devoir envers le weyr, s’était alors rendu compte que les jeunes ne devaient pas oublier leurs Ballades d’Enseignement et leurs Chansons et qu’elle était la seule personne au fort dont on pouvait se passer pour la pêche.",87569,11.0,mort,de
723.0,Patrice de Broglie | Patrice Broglie | de Broglie | Patrice de | Broglie | Patrice | de,des cavaliers meurent de leurs efforts pour accomplir leur tâche.,87802,11.0,mourir,de
723.0,Patrice de Broglie | Patrice Broglie | de Broglie | Patrice de | Broglie | Patrice | de,"Ce qui a effrayé Menolly a aussi alerté le dragon de guet, et même les morts ont dû entendre ce wherry de garde hululer.",88160,11.0,mort,de
723.0,Patrice de Broglie | Patrice Broglie | de Broglie | Patrice de | Broglie | Patrice | de,"— Ça pourrait bien être la meilleure chose qui soit arrivée depuis que les reines sont mortes, dit-elle en essuyant des larmes de joie.",88454,11.0,mourir,de
723.0,Patrice de Broglie | Patrice Broglie | de Broglie | Patrice de | Broglie | Patrice | de,"Si je me rappelle les leçons de Shonagar, tu dois mourir de faim.",88636,11.0,mourir,de
723.0,Patrice de Broglie | Patrice Broglie | de Broglie | Patrice de | Broglie | Patrice | de,Je mourais de terreur que l’on me renvoie de l’atelier…,88670,11.0,mourir,de
723.0,Patrice de Broglie | Patrice Broglie | de Broglie | Patrice de | Broglie | Patrice | de,J’ai été tiré d’un profond sommeil et manqué mourir de peur.,89074,11.0,mourir,de
723.0,Patrice de Broglie | Patrice Broglie | de Broglie | Patrice de | Broglie | Patrice | de,il est mort de fatigue.,89116,11.0,mourir,de
723.0,Patrice de Broglie | Patrice Broglie | de Broglie | Patrice de | Broglie | Patrice | de,Ils ne me laissaient même pas chanter dans la grande salle de peur que le harpiste Elgion comprenne que c’était moi qui avait donné des leçons aux enfants après la mort de Petiron.,90316,11.0,mort,de
723.0,Patrice de Broglie | Patrice Broglie | de Broglie | Patrice de | Broglie | Patrice | de,J’aurais préféré mourir sous les Fils que passer une nuit de plus au Demi-Cercle…,90320,11.0,mourir,de
723.0,Patrice de Broglie | Patrice Broglie | de Broglie | Patrice de | Broglie | Patrice | de,"J’y ai à peine jeté un coup d’œil, alors que Piemur… La voix étonnée de l’apprenti mourut tandis que Piemur, lentement, pouvant à peine forcer ses pieds à se mouvoir, quittait la salle de chorale et se dirigeait vers le bureau de maître Shonagar, de l’autre côté de la cour.",91609,12.0,mourir,de
723.0,Patrice de Broglie | Patrice Broglie | de Broglie | Patrice de | Broglie | Patrice | de,Je meurs d’envie de goûter à mon klah et c’est toi que je nourris en premier.,91807,12.0,mourir,de
723.0,Patrice de Broglie | Patrice Broglie | de Broglie | Patrice de | Broglie | Patrice | de,"La tour des tambours était toujours occupée, à l’exception du « temps mort » : quatre heures au plus profond de la nuit, quand la partie orientale du continent était encore endormie et que la partie occidentale venait de se coucher.",92249,12.0,mort,de
723.0,Patrice de Broglie | Patrice Broglie | de Broglie | Patrice de | Broglie | Patrice | de,"Au cours de son éducation d’apprenti, il avait dû apprendre les battements d’identification des forts et ateliers les plus importants, ainsi que les signaux d’urgence, comme « chute de Fils », « feu », « mort »",92251,12.0,mort,de
723.0,Patrice de Broglie | Patrice Broglie | de Broglie | Patrice de | Broglie | Patrice | de,Assez pour charger à mort une bête de bât.,92354,12.0,mort,de
723.0,Patrice de Broglie | Patrice Broglie | de Broglie | Patrice de | Broglie | Patrice | de,Mais qui se préoccupe de sa mort après ce qu’il a fait à Pern ?,92796,12.0,mort,de
723.0,Patrice de Broglie | Patrice Broglie | de Broglie | Patrice de | Broglie | Patrice | de,"— Elle a été adoptée par Brekke, et Manora a toujours dit que ce sont les soins dévoués de Mirrim qui ont aidé Brekke à vivre après la mort de sa reine.",93242,12.0,mort,de
723.0,Patrice de Broglie | Patrice Broglie | de Broglie | Patrice de | Broglie | Patrice | de,La moitié des invités venant de l’Ouest va être morte de sommeil et aura besoin d’un petit déjeuner…,93258,12.0,mourir,de
723.0,Patrice de Broglie | Patrice Broglie | de Broglie | Patrice de | Broglie | Patrice | de,— Il est en train de mourir.,93914,12.0,mourir,de
723.0,Patrice de Broglie | Patrice Broglie | de Broglie | Patrice de | Broglie | Patrice | de,"— C’est sa mort qui va provoquer encore plus de problèmes, Silvina.",93919,12.0,mort,de
723.0,Patrice de Broglie | Patrice Broglie | de Broglie | Patrice de | Broglie | Patrice | de,Je meurs de faim.,94039,12.0,mourir,de
723.0,Patrice de Broglie | Patrice Broglie | de Broglie | Patrice de | Broglie | Patrice | de,"Si l’allure de lord Meron démentait les rumeurs selon lesquelles l’homme était mort ou mourant, les yeux perçants de Sebell remarquèrent que le seigneur du fort avait besoin du support des deux hommes qui marchaient à ses côtés en lui tenant les bras.",94761,12.0,mort,de
723.0,Patrice de Broglie | Patrice Broglie | de Broglie | Patrice de | Broglie | Patrice | de,"Je pense souvent que cela n’est que justice, ajouta-t-il dans un murmure prudent, en retour des souffrances qu’il a infligées aux autres, mais c’est une terrible façon de mourir.",95061,12.0,mourir,de
723.0,Patrice de Broglie | Patrice Broglie | de Broglie | Patrice de | Broglie | Patrice | de,— Je mourrai avant de l’avoir fait.,95139,12.0,mourir,de
723.0,Patrice de Broglie | Patrice Broglie | de Broglie | Patrice de | Broglie | Patrice | de,"Le fort de Nabol ne devait pas sombrer dans la pagaille, pas quand les plus jeunes fils du seigneur étaient impatients de se battre à mort pour s’emparer d’un fort même aussi mal géré que celui-ci.",95160,12.0,mort,de
723.0,Patrice de Broglie | Patrice Broglie | de Broglie | Patrice de | Broglie | Patrice | de,"Car c’était l’association de lord Meron avec la dame du weyr de T’bor, Kylara, qui avait causé la mort de la reine dragon de Kylara, Pridenth, et de Wirenth, celle de Brekke.",95201,12.0,mort,de
723.0,Patrice de Broglie | Patrice Broglie | de Broglie | Patrice de | Broglie | Patrice | de,"Cependant, au tréfonds de son âme, la terreur était plus lente à admettre que le danger était passé, et il resta à l’abri du surplomb jusqu’à ce que la marée se fût retirée, le laissant échoué comme un poisson mort sur cette partie du récif.",95402,12.0,mort,de
723.0,Patrice de Broglie | Patrice Broglie | de Broglie | Patrice de | Broglie | Patrice | de,"Au moment même où Kimi revenait avec un message de Toric répondant à la requête du harpiste au sujet des nouveaux venus au Sud, le tambour apporta la nouvelle de la mort de lord Meron.",95536,12.0,mort,de
723.0,Patrice de Broglie | Patrice Broglie | de Broglie | Patrice de | Broglie | Patrice | de,Farli pépia et se frotta contre lui avant d’aller commencer son repas sur le corps de la bête morte.,95694,12.0,mort,de
723.0,Patrice de Broglie | Patrice Broglie | de Broglie | Patrice de | Broglie | Patrice | de,"Assurez-vous que Toric fasse savoir aux Anciens, si vous ne pouvez pas leur porter le message vous-mêmes, que Meron est mort et que son successeur soutient le weyr de Benden.",95776,12.0,mort,de
723.0,Patrice de Broglie | Patrice Broglie | de Broglie | Patrice de | Broglie | Patrice | de,"Il ne pouvait pas déplacer la clairière qu’il avait créée, mais il traîna les pieds dans la terre tassée et répandit des branches mortes çà et là de manière à ce qu’elle parût naturelle en cas d’examen superficiel.",95839,12.0,mort,de
723.0,Patrice de Broglie | Patrice Broglie | de Broglie | Patrice de | Broglie | Patrice | de,"Heureusement, il était presque mort quand Meer et Talla le déposèrent aux pieds de Sharra.",96005,12.0,mort,de
723.0,Patrice de Broglie | Patrice Broglie | de Broglie | Patrice de | Broglie | Patrice | de,"— Pour développer le message laconique de Belle, dit Sebell, sans passer par les préambules habituels de harpiste, car Toric était un homme au langage direct et appréciait la réciproque, Meron est mort et son successeur, lord Deckter, souhaite clairement faire savoir qu’il ne se sent en aucune manière lié par de précédents engagements.",96198,12.0,mort,de
723.0,Patrice de Broglie | Patrice Broglie | de Broglie | Patrice de | Broglie | Patrice | de,"— La mort de lord Meron ne va pas les gêner – Toric fit un signe de tête en direction du weyr Méridional –, pendant un certain temps.",96276,12.0,mort,de
723.0,Patrice de Broglie | Patrice Broglie | de Broglie | Patrice de | Broglie | Patrice | de,"– cinquante jours de danger pleuvant des cieux – et, de nouveau, les Pernais bénirent leurs ancêtres, morts depuis des générations, pour leur avoir légué les dragons brûlant en plein ciel de leur haleine enflammée les Fils tombant de l’Étoile Rouge.",96646,13.0,mort,de
723.0,Patrice de Broglie | Patrice Broglie | de Broglie | Patrice de | Broglie | Patrice | de,"À cette époque, les cinq Weyrs, voyant que l’avenir ne leur promettait que le déclin de leur prestige, s’ennuyaient à mourir d’inaction après une vie entière de combats exaltants",96696,13.0,mourir,de
723.0,Patrice de Broglie | Patrice Broglie | de Broglie | Patrice de | Broglie | Patrice | de,Ils firent un saut immense dans l’Interstice et manquèrent mourir dans l’atmosphère turbulente de l’Étoile Rouge.,96774,13.0,mourir,de
723.0,Patrice de Broglie | Patrice Broglie | de Broglie | Patrice de | Broglie | Patrice | de,"Mais Brekke, qui, affectivement, ne pouvait se passer de leur présence, les rappela, les sauvant ainsi d’une mort certaine.",96775,13.0,mort,de
723.0,Patrice de Broglie | Patrice Broglie | de Broglie | Patrice de | Broglie | Patrice | de,Il devait rester Seigneur du Fort de Ruatha ou tous les cadets des plus grands Seigneurs lutteraient à mort pour prendre sa place.,96840,13.0,mort,de
723.0,Patrice de Broglie | Patrice Broglie | de Broglie | Patrice de | Broglie | Patrice | de,"Si Jaxom avait réfléchi une seconde avant de s’élancer sur le sable brûlant de l’Aire d’Éclosion de Benden pour aider le petit dragon blanc à fracasser sa dure coquille, il aurait réalisé quelle souffrance causerait sa présence au Seigneur Lytol en lui rappelant sans cesse ce qu’il avait perdu à la mort de son brun Larth.",96842,13.0,mort,de
723.0,Patrice de Broglie | Patrice Broglie | de Broglie | Patrice de | Broglie | Patrice | de,"La mort de Larth était survenue plusieurs Révolutions avant la naissance de Jaxom, mais la tragédie était toujours aussi présente et douloureuse pour Lytol ;",96843,13.0,mort,de
723.0,Patrice de Broglie | Patrice Broglie | de Broglie | Patrice de | Broglie | Patrice | de,"Car si Deelan ne l’avait pas mis au monde deux jours avant la naissance prématurée de Jaxom, il serait mort en quelques heures.",96910,13.0,mort,de
723.0,Patrice de Broglie | Patrice Broglie | de Broglie | Patrice de | Broglie | Patrice | de,"Jaxom était venu au monde en des circonstances désastreuses, arraché au ventre de sa mère morte, avec un père mortellement blessé en duel une demi-heure plus tard.",97210,13.0,mort,de
723.0,Patrice de Broglie | Patrice Broglie | de Broglie | Patrice de | Broglie | Patrice | de,– et Deelan avait répété une fois de plus que l’Atelier des Forgerons laissait mourir de faim ses visiteurs.,97689,13.0,mourir,de
723.0,Patrice de Broglie | Patrice Broglie | de Broglie | Patrice de | Broglie | Patrice | de,"Non, en toute justice, pour gouverner Ruatha, il lui faudrait attendre que Lytol, qui jouissait d’une très bonne santé, meure de mort naturelle.",97743,13.0,mort | mourir,de
723.0,Patrice de Broglie | Patrice Broglie | de Broglie | Patrice de | Broglie | Patrice | de,Il s’était convaincu qu’on l’initiait à ces connaissances pour lui donner un centre d’intérêt dans la vie après la mort de Ruth.,97985,13.0,mort,de
723.0,Patrice de Broglie | Patrice Broglie | de Broglie | Patrice de | Broglie | Patrice | de,"Sa naissance avait été aussi bizarre que l’Éclosion de Ruth lui sortant du ventre de sa mère morte, Ruth sortant d’une coquille trop dure pour son petit bec.",98188,13.0,mort,de
723.0,Patrice de Broglie | Patrice Broglie | de Broglie | Patrice de | Broglie | Patrice | de,"— D’ailleurs, quand la nouvelle reine sera en âge de faire son premier vol nuptial, ajouta D’ram, tous leurs bronzes seront sans doute morts.",98948,13.0,mort,de
723.0,Patrice de Broglie | Patrice Broglie | de Broglie | Patrice de | Broglie | Patrice | de,"Mais si huit de leurs bêtes sont mortes au cours de la dernière Révolution, j’en conclus qu’il reste deux cent quarante-huit chevaliers-dragons, et seulement cinq bronzes.",98996,13.0,mourir,de
723.0,Patrice de Broglie | Patrice Broglie | de Broglie | Patrice de | Broglie | Patrice | de,"Robinton fit une pause, repensant au réveil de désirs qu’il avait crus morts depuis longtemps, haussa les épaules, et rencontra le regard compréhensif de N’ton.",99092,13.0,mort,de
723.0,Patrice de Broglie | Patrice Broglie | de Broglie | Patrice de | Broglie | Patrice | de,Il crut mourir de fatigue et de souffrance avant que Ruth se trouve assez propre pour un dernier plongeon.,99441,13.0,mourir,de
723.0,Patrice de Broglie | Patrice Broglie | de Broglie | Patrice de | Broglie | Patrice | de,Il est peu probable qu’il reste Chef de Weyr quand Fanna mourra.,99608,13.0,mourir,de
723.0,Patrice de Broglie | Patrice Broglie | de Broglie | Patrice de | Broglie | Patrice | de,"Jaxom pensa aussitôt que la reine de Fanna, Mirath, se suiciderait à la mort de sa Dame.",99610,13.0,mort,de
723.0,Patrice de Broglie | Patrice Broglie | de Broglie | Patrice de | Broglie | Patrice | de,"Lytol, le visage douloureux, pensait visiblement à la mort de son propre dragon.",99613,13.0,mort,de
723.0,Patrice de Broglie | Patrice Broglie | de Broglie | Patrice de | Broglie | Patrice | de,Son tuteur serait bouleversé par la mort de Fanna et le suicide de sa reine.,100131,13.0,mort,de
723.0,Patrice de Broglie | Patrice Broglie | de Broglie | Patrice de | Broglie | Patrice | de,"Si habitué qu’il fût à la fatalité, l’attachement de D’ram à sa Dame et son désespoir muet à sa mort lui faisaient monter les larmes aux yeux.",100263,13.0,mort,de
723.0,Patrice de Broglie | Patrice Broglie | de Broglie | Patrice de | Broglie | Patrice | de,"Il lui avait demandé ce qu’elle trouvait là-dedans de si drôle, et elle s’était contentée de secouer la tête, morte de rire.",100618,13.0,mort,de
723.0,Patrice de Broglie | Patrice Broglie | de Broglie | Patrice de | Broglie | Patrice | de,"— Qui est mort de la tête de feu pour vous attrister ainsi, Sharra ?",102135,13.0,mourir,de
723.0,Patrice de Broglie | Patrice Broglie | de Broglie | Patrice de | Broglie | Patrice | de,Méridional ne devait pourtant pas être insupportable au point que T’kul permît de sang-froid à son dragon de courtiser la mort plutôt que de continuer à y vivre.,102648,13.0,mort,de
723.0,Patrice de Broglie | Patrice Broglie | de Broglie | Patrice de | Broglie | Patrice | de,Pas le hululement de la mort !,102674,13.0,mort,de
723.0,Patrice de Broglie | Patrice Broglie | de Broglie | Patrice de | Broglie | Patrice | de,"qu’il lut sur son visage, le Harpiste comprit que cette fois, le dragon de T’kul étant mort, le Chef du Weyr de Benden achèverait son assaillant.",102762,13.0,mort,de
723.0,Patrice de Broglie | Patrice Broglie | de Broglie | Patrice de | Broglie | Patrice | de,"Alors, c’est cela qu’on ressent à l’approche de la mort ?",102938,13.0,mort,de
723.0,Patrice de Broglie | Patrice Broglie | de Broglie | Patrice de | Broglie | Patrice | de,Les dragons m’empêchent de mourir ?,102945,13.0,mourir,de
723.0,Patrice de Broglie | Patrice Broglie | de Broglie | Patrice de | Broglie | Patrice | de,Comme ils sont bons : je n’avais pas envie de mourir maintenant.,102946,13.0,mourir,de
723.0,Patrice de Broglie | Patrice Broglie | de Broglie | Patrice de | Broglie | Patrice | de,"— Maintenant, beaucoup sont morts, et les autres attendent de mourir.",103933,13.0,mort | mourir,de
723.0,Patrice de Broglie | Patrice Broglie | de Broglie | Patrice de | Broglie | Patrice | de,"À la voir, on aurait cru que vous vous étiez levé de votre lit de mort pour aller combattre les Fils !",105236,13.0,mort,de
723.0,Patrice de Broglie | Patrice Broglie | de Broglie | Patrice de | Broglie | Patrice | de,Les dragons l’ont empêché de mourir.,107994,14.0,mourir,de
723.0,Patrice de Broglie | Patrice Broglie | de Broglie | Patrice de | Broglie | Patrice | de,"Jaxom se servait rarement de ses privilèges de Seigneur, mais ne pouvait-il pas faire une exception lorsque c’était une question de vie ou de mort ?",108236,14.0,mort,de
723.0,Patrice de Broglie | Patrice Broglie | de Broglie | Patrice de | Broglie | Patrice | de,"— Et d’autant plus qu’elle meurt d’envie elle-même de suivre les leçons des guérisseurs, dit Jancis.",110867,14.0,mourir,de
723.0,Patrice de Broglie | Patrice Broglie | de Broglie | Patrice de | Broglie | Patrice | de,"Tous s’arrêtèrent de respirer en réalisant qu’il s’agissait de Sallah Telgar, morte si vaillamment pour sauver la colonie.",111471,14.0,mourir,de
723.0,Patrice de Broglie | Patrice Broglie | de Broglie | Patrice de | Broglie | Patrice | de,J’ai failli mourir de peur !,111666,14.0,mourir,de
723.0,Patrice de Broglie | Patrice Broglie | de Broglie | Patrice de | Broglie | Patrice | de,"Retournons au Terminus avant de mourir de froid, Ruth.",111963,14.0,mourir,de
723.0,Patrice de Broglie | Patrice Broglie | de Broglie | Patrice de | Broglie | Patrice | de,— Peut-on rentrer avant d’être morts de froid ?,111964,14.0,mort,de
723.0,Patrice de Broglie | Patrice Broglie | de Broglie | Patrice de | Broglie | Patrice | de,"Quand meurt le dernier de la Lignée, un combat singulier doit décider du nouveau Seigneur.",112928,14.0,mourir,de
723.0,Patrice de Broglie | Patrice Broglie | de Broglie | Patrice de | Broglie | Patrice | de,"— En ma présence, Oterel a rétracté cette déclaration deux septaines avant de mourir, annonça-t-il quand Lytol lui eut donné la parole d’un signe de tête.",113140,14.0,mourir,de
723.0,Patrice de Broglie | Patrice Broglie | de Broglie | Patrice de | Broglie | Patrice | de,Ils croient toujours mourir de faim après l’Éclosion.,114257,14.0,mourir,de
723.0,Patrice de Broglie | Patrice Broglie | de Broglie | Patrice de | Broglie | Patrice | de,"— Nous avons un autre site à visiter, Golanth, dit-il brusquement, secouant la mélancolie que lui inspirait le souvenir de ces ancêtres morts depuis si longtemps.",114445,14.0,mort,de
723.0,Patrice de Broglie | Patrice Broglie | de Broglie | Patrice de | Broglie | Patrice | de,"Le bois mort était abondant, de même que les pierres pour construire le foyer, et F’lessan fut bientôt confortablement assis, adossé à l’épaule de Golanth, grignotant ses rations de voyage et sirotant le vin de Benden dont il avait persuadé Manora de remplir sa gourde.",114487,14.0,mort,de
723.0,Patrice de Broglie | Patrice Broglie | de Broglie | Patrice de | Broglie | Patrice | de,Avant que je sois mort de peur !,115993,14.0,mort,de
723.0,Patrice de Broglie | Patrice Broglie | de Broglie | Patrice de | Broglie | Patrice | de,"Et quand tu mourras, tu t’envoleras Vers des Ateliers de gloire et de beauté.",116455,14.0,mourir,de
723.0,Patrice de Broglie | Patrice Broglie | de Broglie | Patrice de | Broglie | Patrice | de,C’était vous – et ce nabot blanc qui aurait dû mourir au moment de l’Éclosion !,116547,14.0,mourir,de
723.0,Patrice de Broglie | Patrice Broglie | de Broglie | Patrice de | Broglie | Patrice | de,Je pensais à la mort de G’lanar.,116638,14.0,mort,de
723.0,Patrice de Broglie | Patrice Broglie | de Broglie | Patrice de | Broglie | Patrice | de,Je ne savais pas qu’on pouvait mourir de honte.,116937,14.0,mourir,de
723.0,Patrice de Broglie | Patrice Broglie | de Broglie | Patrice de | Broglie | Patrice | de,J’ai pensé mourir de faim pendant la dernière session que Siav nous a imposée.,116944,14.0,mourir,de
723.0,Patrice de Broglie | Patrice Broglie | de Broglie | Patrice de | Broglie | Patrice | de,et Lamoth est mort de honte que son maître ait pu s’en prendre à la vie d’un autre chevalier-dragon.,117290,14.0,mourir,de
723.0,Patrice de Broglie | Patrice Broglie | de Broglie | Patrice de | Broglie | Patrice | de,", mes collègues viennent de me communiquer leurs conclusions quant aux causes de la mort de l’homme substitué.",118246,14.0,mort,de
723.0,Patrice de Broglie | Patrice Broglie | de Broglie | Patrice de | Broglie | Patrice | de,"— En ces circonstances, il semble que la mort ait été accidentelle et non pas préméditée par les prévenus, et l’accusation de meurtre ne sera donc pas retenue, dit Jaxom, remarquant le soulagement visible d’Halefor.",118252,14.0,mort,de
723.0,Patrice de Broglie | Patrice Broglie | de Broglie | Patrice de | Broglie | Patrice | de,"— Il semble bien ingrat de condamner à mort ces vaisseaux, murmura Lessa.",119320,14.0,mort,de
723.0,Patrice de Broglie | Patrice Broglie | de Broglie | Patrice de | Broglie | Patrice | de,Siav avait-il mis fin à son existence avant ou après la mort de Robinton ?,119565,14.0,mort,de
723.0,Patrice de Broglie | Patrice Broglie | de Broglie | Patrice de | Broglie | Patrice | de,Il n’avait jamais vraiment su pourquoi le Maître Harpiste avait été trouvé mort dans la salle de l’Abomination.,119762,15.0,mort,de
723.0,Patrice de Broglie | Patrice Broglie | de Broglie | Patrice de | Broglie | Patrice | de,— J’ai entendu dire que le Maître Harpiste était mort dans la salle de ce Siav.,119919,15.0,mort,de
723.0,Patrice de Broglie | Patrice Broglie | de Broglie | Patrice de | Broglie | Patrice | de,"— Après, il n’a plus jamais été le même, acquiesça Deux, qui avait sincèrement pleuré sa mort, comme tout le reste de la planète.",119930,15.0,mort,de
723.0,Patrice de Broglie | Patrice Broglie | de Broglie | Patrice de | Broglie | Patrice | de,"Cinq ne reparla plus jamais de la simultanéité de la mort du Maître Harpiste et de l’Abomination, mais cette petite rumeur attacha bien des gens à la cause, qui sinon n’y auraient guère adhéré.",119966,15.0,mort,de
723.0,Patrice de Broglie | Patrice Broglie | de Broglie | Patrice de | Broglie | Patrice | de,"Maître Robinton avait été très populaire et si – si – l’Abomination était responsable de sa mort, c’était une raison suffisante pour s’allier contre elle.",119967,15.0,mort,de
723.0,Patrice de Broglie | Patrice Broglie | de Broglie | Patrice de | Broglie | Patrice | de,"J’ai trouvé ses initiales à plusieurs endroits du fortin, et pourtant le journal qu’Ita Fusaiyuki a tenu pendant plusieurs mois après la mort de Kenjo ne parle pas de lui.",120411,15.0,mort,de
723.0,Patrice de Broglie | Patrice Broglie | de Broglie | Patrice de | Broglie | Patrice | de,Toric n’était pas du tout convaincu que Siav savait ce qu’il faisait : imaginer de déplacer l’orbite de toute une planète avec des trucs qui restaient dans des moteurs morts depuis des siècles !,121104,15.0,mourir,de
723.0,Patrice de Broglie | Patrice Broglie | de Broglie | Patrice de | Broglie | Patrice | de,"Rien que des choses insignifiantes à mourir d’ennui, et le Conseil insistant pour qu’on respecte les « intentions originelles » de la Charte !",121131,15.0,mourir,de
723.0,Patrice de Broglie | Patrice Broglie | de Broglie | Patrice de | Broglie | Patrice | de,. Ton propre grand-père est mort d’un appendice éclaté alors que le Maître Guérisseur de l’époque aurait pu l’opérer.,121893,15.0,mourir,de
723.0,Patrice de Broglie | Patrice Broglie | de Broglie | Patrice de | Broglie | Patrice | de,"— Il faudra davantage que les quelques Révolutions écoulées depuis la mort de Siav pour tout expliquer à ceux qui doivent savoir, dit Sebell.",122359,15.0,mort,de
723.0,Patrice de Broglie | Patrice Broglie | de Broglie | Patrice de | Broglie | Patrice | de,"cria Zaranth, obliquant sur sa gauche, et remontant le plateau vers le premier prédateur qu’elles avaient vu et qui, inconscient de la mort de son partenaire de chasse, se rapprochait maintenant d’un bovin.",122979,15.0,mort,de
723.0,Patrice de Broglie | Patrice Broglie | de Broglie | Patrice de | Broglie | Patrice | de,"Mortes, certes, mais elle ne pourrait pas hisser de tels poids sur son dragon.",123000,15.0,mort,de
723.0,Patrice de Broglie | Patrice Broglie | de Broglie | Patrice de | Broglie | Patrice | de,Ou était-ce l’absence de repère qui avait causé sa mort ?,124219,15.0,mort,de
723.0,Patrice de Broglie | Patrice Broglie | de Broglie | Patrice de | Broglie | Patrice | de,"— Pars avant de mourir d’une bronchite et d’être frustré de ta retraite, dit Lessa avec sérieux.",126259,15.0,mourir,de
723.0,Patrice de Broglie | Patrice Broglie | de Broglie | Patrice de | Broglie | Patrice | de,"Faisant signe à ses amis de l’accompagner, Jaxom s’avança dans la foule qui s’écarta devant lui et s’arrêta devant les portes abattues sur le sol, les conversations mourant peu à peu maintenant que quelqu’un prenait le commandement des opérations.",128437,15.0,mourir,de
723.0,Patrice de Broglie | Patrice Broglie | de Broglie | Patrice de | Broglie | Patrice | de,"Jaxom conservait peu de bons souvenirs de son frère de lait, mais il lui avait toujours donné le bénéfice du doute, longtemps après la mort de sa mère adoptive.",128743,15.0,mort,de
723.0,Patrice de Broglie | Patrice Broglie | de Broglie | Patrice de | Broglie | Patrice | de,De sorte que le Fort était redevenu tel qu’il était avant la mort de Robinton.,128804,15.0,mort,de
723.0,Patrice de Broglie | Patrice Broglie | de Broglie | Patrice de | Broglie | Patrice | de,"Pour le moment, F’lessan, presque vidé de son sang, était toujours en état de choc, et ils doutaient qu’il pût survivre à la mort de son dragon.",129643,15.0,mort,de
723.0,Patrice de Broglie | Patrice Broglie | de Broglie | Patrice de | Broglie | Patrice | de,"Moi non plus, je ne survivrais pas à la mort de Ramoth, pensa Lessa, désespérée, malgré l’assurance et le calme apparents qu’elle affectait en public.",129644,15.0,mort,de
723.0,Patrice de Broglie | Patrice Broglie | de Broglie | Patrice de | Broglie | Patrice | de,Comme pour la mort de Moreta.,129725,15.0,mort,de
723.0,Patrice de Broglie | Patrice Broglie | de Broglie | Patrice de | Broglie | Patrice | de,"dit-elle, craignant que cette nouvelle capacité ne s’activât qu’en danger de mort.",130003,15.0,mort,de
723.0,Patrice de Broglie | Patrice Broglie | de Broglie | Patrice de | Broglie | Patrice | de,Les fils de Sangel sont morts pendant l’épidémie et il n’y a plus d’héritier mâle en ligne directe.,130228,15.0,mort,de
723.0,Patrice de Broglie | Patrice Broglie | de Broglie | Patrice de | Broglie | Patrice | de,"Dorse lui avait parlé de sa curieuse obsession, concernant le fait que le Maître Harpiste avait été retrouvé mort dans la salle de Siav, à peu près au même moment où l’Abomination s’était sabordée.",130478,15.0,mort,de
723.0,Patrice de Broglie | Patrice Broglie | de Broglie | Patrice de | Broglie | Patrice | de,— Mais les seules études anatomiques disponibles sont celles faites par les zoologues des Ancêtres sur des lézards de feu mort-nés.,130734,15.0,mort,de
723.0,Patrice de Broglie | Patrice Broglie | de Broglie | Patrice de | Broglie | Patrice | de,Il était mort avant de toucher le sol.,131359,15.0,mort,de
723.0,Patrice de Broglie | Patrice Broglie | de Broglie | Patrice de | Broglie | Patrice | de,"Quand D’ram et Lytol arrivèrent, Stinar les escorta jusqu’au mort et demanda à Tunge de raconter exactement ce qu’il avait vu.",131371,15.0,mort,de
723.0,Patrice de Broglie | Patrice Broglie | de Broglie | Patrice de | Broglie | Patrice | de,"Lui, il avait perdu son dragon depuis de nombreuses Révolutions : depuis que son brun Larth était mort au cours d’un entraînement de routine à Benden, durant lequel R’gul avait laissé son dragon mastiquer la pierre de feu et cracher les flammes.",131751,15.0,mort,de
723.0,Patrice de Broglie | Patrice Broglie | de Broglie | Patrice de | Broglie | Patrice | de,"Courageux jusqu’à son dernier souffle, le dragon était parvenu à déposer son maître au sol avant de mourir.",131753,15.0,mourir,de
725.0,Paul Benden | Benden | Paul,"La navette atterrirait sans problème, mais l’amiral Benden mourrait à l’arrivée sur la terre promise.",926,1.0,mourir,benden
725.0,Paul Benden | Benden | Paul,"Vers le milieu de la Chute, Paul Benden se rendit compte que ses équipes au sol étaient trop espacées pour être efficaces, même si les Fils tombaient souvent sur des roches ou des terres pauvres où ils dépérissaient et mouraient rapidement.",5093,1.0,mourir,paul benden
725.0,Paul Benden | Benden | Paul,"— Kenjo est mort et Ongola grièvement blessé, dit Paul.",6063,1.0,mort,paul
725.0,Paul Benden | Benden | Paul,"D’ailleurs ils sont morts de froid, malgré tout ce qu’a pu faire le Weyr de Benden pour les ranimer.",23432,3.0,mort,benden
725.0,Paul Benden | Benden | Paul,"Et que les coureurs en provenance de Keroon et destinés à Benden, Lemos, Bitra et Nerat soient ou morts de la maladie ou aient été expédiés par voie de terre.",32673,4.0,mort,benden
725.0,Paul Benden | Benden | Paul,"Au printemps de la Révolution suivante, Fax trouve la mort dans un duel avec F’lar, maître du bronze M’nementh, et le Weyr de Benden part en quête d’une femme capable de conférer l’Empreinte au dernier œuf de reine qui durcit sur l’Aire d’Éclosion.",40655,6.0,mort,benden
725.0,Paul Benden | Benden | Paul,"Furieuse qu’on ait laissé croire à Benden qu’Aramina était morte, Lessa ne demandait quand même pas mieux que d’apprendre ce qu’elle avait dit au Harpiste.",48045,6.0,mourir,benden
725.0,Paul Benden | Benden | Paul,"Quand il pouvait, il adressait un message tambouriné au Weyr de Benden, pour demander l’aide de F’lon – et écoutait le chevalier-dragon s’extasier sur son fils, maintenant élevé par Manora, la jeune fille si pleine de dignité qu’il avait remarquée le jour où S’loner et Maidir étaient morts.",58916,7.0,mort,benden
725.0,Paul Benden | Benden | Paul,"— Dans les Archives de Benden, il n’est pas question de maladie, mort, feu ou désastre quelconque, pas un mot d’explication pour la cessation soudaine des rapports normaux avec les autres Weyrs.",67942,8.0,mort,benden
725.0,Paul Benden | Benden | Paul,"Fax était mort de la main de F’lar, et elle était partie pour le Weyr de Benden.",68893,8.0,mourir,benden
725.0,Paul Benden | Benden | Paul,"Assurez-vous que Toric fasse savoir aux Anciens, si vous ne pouvez pas leur porter le message vous-mêmes, que Meron est mort et que son successeur soutient le weyr de Benden.",95776,12.0,mort,benden
725.0,Paul Benden | Benden | Paul,"Si Jaxom avait réfléchi une seconde avant de s’élancer sur le sable brûlant de l’Aire d’Éclosion de Benden pour aider le petit dragon blanc à fracasser sa dure coquille, il aurait réalisé quelle souffrance causerait sa présence au Seigneur Lytol en lui rappelant sans cesse ce qu’il avait perdu à la mort de son brun Larth.",96842,13.0,mort,benden
725.0,Paul Benden | Benden | Paul,"qu’il lut sur son visage, le Harpiste comprit que cette fois, le dragon de T’kul étant mort, le Chef du Weyr de Benden achèverait son assaillant.",102762,13.0,mort,benden
725.0,Paul Benden | Benden | Paul,"Le bois mort était abondant, de même que les pierres pour construire le foyer, et F’lessan fut bientôt confortablement assis, adossé à l’épaule de Golanth, grignotant ses rations de voyage et sirotant le vin de Benden dont il avait persuadé Manora de remplir sa gourde.",114487,14.0,mort,benden
725.0,Paul Benden | Benden | Paul,"Lui, il avait perdu son dragon depuis de nombreuses Révolutions : depuis que son brun Larth était mort au cours d’un entraînement de routine à Benden, durant lequel R’gul avait laissé son dragon mastiquer la pierre de feu et cracher les flammes.",131751,15.0,mort,benden
726.0,Paul Logorides | Logorides | Paul,"Vers le milieu de la Chute, Paul Benden se rendit compte que ses équipes au sol étaient trop espacées pour être efficaces, même si les Fils tombaient souvent sur des roches ou des terres pauvres où ils dépérissaient et mouraient rapidement.",5093,1.0,mourir,paul
726.0,Paul Logorides | Logorides | Paul,"— Kenjo est mort et Ongola grièvement blessé, dit Paul.",6063,1.0,mort,paul
738.0,Petiron,Petiron fut reçu chaleureusement par l’oncle et la tante qui avaient élevé Merelan après la mort de ses parents au cours d’une des violentes tempêtes d’automne qui se déchaînaient périodiquement sur le littoral occidental.,50863,7.0,mort,petiron
738.0,Petiron,"Robinton regarda l’homme qui était son père, et pensa que Petiron prenait la mort de sa femme comme un affront personnel.",58865,7.0,mort,petiron
738.0,Petiron,À présent le maître harpiste devait être averti de la mort de Petiron et avait sans doute dépêché un nouveau harpiste.,80471,10.0,mort,petiron
738.0,Petiron,Ceci doit avoir été composé par cet adopté qui est parti à la mort de Petiron.,82317,10.0,mort,petiron
738.0,Petiron,"Les apprentis répétaient la mélodie complexe par cœur, tout comme elle l’avait appris aux jeunes du fort de Mer du Demi-Cercle quand Petiron était tombé malade et, plus tard, après qu’il soit mort.",84826,11.0,mort,petiron
738.0,Petiron,"Menolly acquiesça, réduite un moment au silence, se reprochant, durant ces longs jours de chagrin solitaire après la mort de Petiron, d’avoir douté qu’il ait fait ce qu’il avait dit qu’il ferait.",85334,11.0,mort,petiron
738.0,Petiron,Comme si Petiron avait pu prendre femme après la mort de Merelan !,85444,11.0,mort,petiron
738.0,Petiron,Serait-ce avisé de dire maintenant aux harpistes qu’elle avait enseigné aux enfants après la mort de Petiron et avant l’arrivée du nouveau harpiste ?,87556,11.0,mort,petiron
738.0,Petiron,"Puis, bien sûr, et Menolly sentait aujourd’hui une boule de chagrin dans sa gorge, elle avait assumé l’ensemble des cours à la mort de Petiron car Yanus, qui connaissait son devoir envers le weyr, s’était alors rendu compte que les jeunes ne devaient pas oublier leurs Ballades d’Enseignement et leurs Chansons et qu’elle était la seule personne au fort dont on pouvait se passer pour la pêche.",87569,11.0,mort,petiron
738.0,Petiron,Et je crois aussi que tu as dû être terriblement perdue quand le vieux Petiron est mort.,87968,11.0,mort,petiron
738.0,Petiron,Ils ne me laissaient même pas chanter dans la grande salle de peur que le harpiste Elgion comprenne que c’était moi qui avait donné des leçons aux enfants après la mort de Petiron.,90316,11.0,mort,petiron
738.0,Petiron,"— Petiron, mais quand il est mort…",90343,11.0,mort,petiron
739.0,Phas Radamanth | Radamanth | Phas,"— Et déterminer pourquoi tous ses pareils sont morts après cette première infestation, ajouta Phas Radamanth, sortant des photos de l’EEE du tas de documents amoncelés devant lui.",4348,1.0,mort,phas radamanth
740.0,Piemur,"— Les dragons, Piemur – les dragons ont empêché Maître Robinton de mourir !",46588,6.0,mourir,piemur
740.0,Piemur,"— C’est vrai, mais si l’on diffuse partout la façon dont Thella est morte… cela dissuadera les hésitants et nous donnera le temps de respirer, dit F’lar, regardant Piemur d’un air entendu.",49450,6.0,mourir,piemur
740.0,Piemur,"J’y ai à peine jeté un coup d’œil, alors que Piemur… La voix étonnée de l’apprenti mourut tandis que Piemur, lentement, pouvant à peine forcer ses pieds à se mouvoir, quittait la salle de chorale et se dirigeait vers le bureau de maître Shonagar, de l’autre côté de la cour.",91609,12.0,mourir,piemur
740.0,Piemur,Piemur voulut savoir ce qui se passerait si une urgence survenait pendant ce temps mort et on lui répondit sèchement que la plupart des tambours étaient si accoutumés aux messages qui arrivaient que même dans les quartiers protégés les vibrations les mettaient en alerte.,92250,12.0,mort,piemur
740.0,Piemur,"Ce fut Piemur qui découvrit que ce n’était pas Robinton, mais un homme habillé exactement comme lui – un mort.",117890,14.0,mort,piemur
741.0,Piemur,"— Les dragons, Piemur – les dragons ont empêché Maître Robinton de mourir !",46588,6.0,mourir,piemur
741.0,Piemur,"— C’est vrai, mais si l’on diffuse partout la façon dont Thella est morte… cela dissuadera les hésitants et nous donnera le temps de respirer, dit F’lar, regardant Piemur d’un air entendu.",49450,6.0,mourir,piemur
741.0,Piemur,"J’y ai à peine jeté un coup d’œil, alors que Piemur… La voix étonnée de l’apprenti mourut tandis que Piemur, lentement, pouvant à peine forcer ses pieds à se mouvoir, quittait la salle de chorale et se dirigeait vers le bureau de maître Shonagar, de l’autre côté de la cour.",91609,12.0,mourir,piemur
741.0,Piemur,Piemur voulut savoir ce qui se passerait si une urgence survenait pendant ce temps mort et on lui répondit sèchement que la plupart des tambours étaient si accoutumés aux messages qui arrivaient que même dans les quartiers protégés les vibrations les mettaient en alerte.,92250,12.0,mort,piemur
741.0,Piemur,"Ce fut Piemur qui découvrit que ce n’était pas Robinton, mais un homme habillé exactement comme lui – un mort.",117890,14.0,mort,piemur
742.0,Pierre de Courcis | Pierre Courcis | de Courcis | Pierre de | Courcis | Pierre | de,La mort de ses parents lui avait donné le droit de s’inscrire pour l’expédition en tant que membre commanditaire.,488,1.0,mort,de
742.0,Pierre de Courcis | Pierre Courcis | de Courcis | Pierre de | Courcis | Pierre | de,"Elle parlait avec douceur, sachant que Kenjo avait plusieurs fois frôlé la mort pendant la guerre de Nathi.",770,1.0,mort,de
742.0,Pierre de Courcis | Pierre Courcis | de Courcis | Pierre de | Courcis | Pierre | de,"Personne n’avait jamais posé le pied sur Pern, sauf les membres de l’EEE, morts depuis longtemps.",901,1.0,mort,de
742.0,Pierre de Courcis | Pierre Courcis | de Courcis | Pierre de | Courcis | Pierre | de,"— Il meurt de faim, Sean, dit Sorka, cherchant à tâtons son paquet de sandwiches.",1897,1.0,mourir,de
742.0,Pierre de Courcis | Pierre Courcis | de Courcis | Pierre de | Courcis | Pierre | de,"— C’est parce qu’il mourait de faim après l’éclosion, répondit-elle pensivement.",2088,1.0,mourir,de
742.0,Pierre de Courcis | Pierre Courcis | de Courcis | Pierre de | Courcis | Pierre | de,"Le tremblement de terre dura le temps d’un battement de cœur, mais fut suivi d’un silence de mort.",2511,1.0,mort,de
742.0,Pierre de Courcis | Pierre Courcis | de Courcis | Pierre de | Courcis | Pierre | de,Ce qui provoque beaucoup de morts par étouffement.,2927,1.0,mort,de
742.0,Pierre de Courcis | Pierre Courcis | de Courcis | Pierre de | Courcis | Pierre | de,"Gênée par les feuilles et les branches mortes, elle se mit à courir, rencontrant une variété décourageante d’épineux et de plantes piquantes.",3040,1.0,mort,de
742.0,Pierre de Courcis | Pierre Courcis | de Courcis | Pierre de | Courcis | Pierre | de,"D’autres, comme de grands yeux morts",3453,1.0,mort,de
742.0,Pierre de Courcis | Pierre Courcis | de Courcis | Pierre de | Courcis | Pierre | de,"Il restait sceptique quant à la couleur et au sexe, quoiqu’il ait pu constater de ses yeux, trois jours plus tôt, que le premier cheval de trait destiné au groupe de son père avait exactement les caractéristiques désirées : c’était une solide jument baie aux paturons et au chanfrein blancs, qui pesait soixante-dix kilos à la naissance et serait le portrait craché de l’étalon Shire, mort depuis longtemps, et dont le sperme l’avait engendrée.",3515,1.0,mort,de
742.0,Pierre de Courcis | Pierre Courcis | de Courcis | Pierre de | Courcis | Pierre | de,Ce silence de mort était effrayant.,3798,1.0,mort,de
742.0,Pierre de Courcis | Pierre Courcis | de Courcis | Pierre de | Courcis | Pierre | de,"Il n’y a plus un brin de verdure, toutes les bêtes sont mortes.",4181,1.0,mourir,de
742.0,Pierre de Courcis | Pierre Courcis | de Courcis | Pierre de | Courcis | Pierre | de,Joël et sa femme étaient prostrés après la mort de leurs fils.,4287,1.0,mort,de
742.0,Pierre de Courcis | Pierre Courcis | de Courcis | Pierre de | Courcis | Pierre | de,"Cette épaisse coquille semblait se former peu avant la fin, car on en avait trouvé beaucoup sur des aires rocheuses où l’organisme était mort de faim.",4319,1.0,mourir,de
742.0,Pierre de Courcis | Pierre Courcis | de Courcis | Pierre de | Courcis | Pierre | de,"Un silence de mort accueillit sa suggestion, et les assistants se regardèrent, mi-étonnés, mi-gênés.",4328,1.0,mort,de
742.0,Pierre de Courcis | Pierre Courcis | de Courcis | Pierre de | Courcis | Pierre | de,"— Et déterminer pourquoi tous ses pareils sont morts après cette première infestation, ajouta Phas Radamanth, sortant des photos de l’EEE du tas de documents amoncelés devant lui.",4348,1.0,mort,de
742.0,Pierre de Courcis | Pierre Courcis | de Courcis | Pierre de | Courcis | Pierre | de,"Avec des masques et de gros gants de travail, les colons entreprirent de balayer les coquilles puantes des Fils morts.",4353,1.0,mort,de
742.0,Pierre de Courcis | Pierre Courcis | de Courcis | Pierre de | Courcis | Pierre | de,Je ne crois pas que tous les Fils sont morts de faim.,4480,1.0,mort,de
742.0,Pierre de Courcis | Pierre Courcis | de Courcis | Pierre de | Courcis | Pierre | de,"Vers le milieu de la Chute, Paul Benden se rendit compte que ses équipes au sol étaient trop espacées pour être efficaces, même si les Fils tombaient souvent sur des roches ou des terres pauvres où ils dépérissaient et mouraient rapidement.",5093,1.0,mourir,de
742.0,Pierre de Courcis | Pierre Courcis | de Courcis | Pierre de | Courcis | Pierre | de,"Une demi-heure plus tard, des enfants qui jouaient à la limite du terrain d’atterrissage revinrent en hurlant annoncer la présence de deux morts.",6026,1.0,mort,de
742.0,Pierre de Courcis | Pierre Courcis | de Courcis | Pierre de | Courcis | Pierre | de,"Au Terminus, la mort de Kenjo et l’état grave d’Ongola étaient connus de tous, mais on n’avait rien annoncé officiellement.",6554,1.0,mort,de
742.0,Pierre de Courcis | Pierre Courcis | de Courcis | Pierre de | Courcis | Pierre | de,Le choc de la mort de Sallah Telgar fut ressenti sur tout le continent.,6618,1.0,mort,de
742.0,Pierre de Courcis | Pierre Courcis | de Courcis | Pierre de | Courcis | Pierre | de,— Polenth dit qu’il meurt de faim.,7500,1.0,mourir,de
742.0,Pierre de Courcis | Pierre Courcis | de Courcis | Pierre de | Courcis | Pierre | de,"Profondément blessé mentalement aussi bien que physiquement après la première Chute et la mort tragique de Lucy Tubberman, le jeune homme s’était retiré dans sa coquille, en proie à des remords continuels.",7787,1.0,mort,de
742.0,Pierre de Courcis | Pierre Courcis | de Courcis | Pierre de | Courcis | Pierre | de,"Depuis la mort de Sallah, c’était la première fois que Telgar se mêlait aux autres.",7990,1.0,mort,de
742.0,Pierre de Courcis | Pierre Courcis | de Courcis | Pierre de | Courcis | Pierre | de,Le choc de ces morts inattendues avait traumatisé tout le monde.,9495,1.0,mort,de
742.0,Pierre de Courcis | Pierre Courcis | de Courcis | Pierre de | Courcis | Pierre | de,"Telgar se leva brusquement, et Bay, se demandant si quelque chose dans ses paroles avait pu lui rappeler la mort de Sallah, se reprocha mentalement d’avoir parlé sans réfléchir.",10455,1.0,mort,de
742.0,Pierre de Courcis | Pierre Courcis | de Courcis | Pierre de | Courcis | Pierre | de,"Il les considéra un moment, médusé, réalisant seulement qu’il était mort de fatigue et de froid.",10722,1.0,mourir,de
742.0,Pierre de Courcis | Pierre Courcis | de Courcis | Pierre de | Courcis | Pierre | de,L’un des contes préférés de Kibbe était celui que racontait fièrement la Tillek : la façon dont les dauphins avaient honoré ceux qui étaient morts lorsqu’un astronef avait été endommagé dans la mer-ciel.,10868,2.0,mort,de
742.0,Pierre de Courcis | Pierre Courcis | de Courcis | Pierre de | Courcis | Pierre | de,"Et l’homme recommencerait à soigner les blessés, et empêcherait de mourir ceux qui s’étaient échoués.",12142,2.0,mourir,de
742.0,Pierre de Courcis | Pierre Courcis | de Courcis | Pierre de | Courcis | Pierre | de,"La réaction de Durras l’avait surpris, mais, durant son long apprentissage, il avait connu de nombreux cas de règles interrompues où la femme avait souffert par la suite de douleurs abdominales violentes et ininterrompues – dont plusieurs cas où la femme était morte, et où son seul recours avait été des applications massives de baume analgésique pour calmer ses souffrances.",13875,2.0,mourir,de
742.0,Pierre de Courcis | Pierre Courcis | de Courcis | Pierre de | Courcis | Pierre | de,"Bit pourra peutêtre me dire ce qu’elle a. Sinon, elle risque de mourir.",14694,2.0,mourir,de
742.0,Pierre de Courcis | Pierre Courcis | de Courcis | Pierre de | Courcis | Pierre | de,Je me rappelle avoir trouvé un jour six dauphins morts dans une baie au nord de Nerat.,14941,2.0,mort,de
742.0,Pierre de Courcis | Pierre Courcis | de Courcis | Pierre de | Courcis | Pierre | de,"— Je mourrai d’un rhume attrapé en parlant aux dauphins, dit T’lion, essorant le devant de sa chemise.",15019,2.0,mourir,de
742.0,Pierre de Courcis | Pierre Courcis | de Courcis | Pierre de | Courcis | Pierre | de,"L’une de ses sœurs était morte d’un de ces brusques accès de fièvre, mais elle était plus jeune que Readis et beaucoup moins vigoureuse.",15171,2.0,mourir,de
742.0,Pierre de Courcis | Pierre Courcis | de Courcis | Pierre de | Courcis | Pierre | de,"Avant d’arriver sur le porche, il entendit sa mère pleurer, pas aussi bruyamment que lorsqu’elle avait appris la mort de grand-père, mais doucement, comme en proie à un chagrin insondable.",15439,2.0,mort,de
742.0,Pierre de Courcis | Pierre Courcis | de Courcis | Pierre de | Courcis | Pierre | de,"Il savait que les dragons mouraient en même temps que leurs cavaliers, mais, aucun propriétaire de lézards de feu n’étant mort à la Rivière Paradis, il n’était pas sûr de leurs réactions.",15488,2.0,mort | mourir,de
742.0,Pierre de Courcis | Pierre Courcis | de Courcis | Pierre de | Courcis | Pierre | de,C’est un grand homme qui vient de mourir !,15598,2.0,mourir,de
742.0,Pierre de Courcis | Pierre Courcis | de Courcis | Pierre de | Courcis | Pierre | de,Il put appliquer le nouveau programme uniquement parce que Maître Robinton l’avait proposé aux Maîtres de l’Atelier avant sa mort.,15630,2.0,mort,de
742.0,Pierre de Courcis | Pierre Courcis | de Courcis | Pierre de | Courcis | Pierre | de,Un silence de mort tomba sur la pièce.,17121,2.0,mort,de
742.0,Pierre de Courcis | Pierre Courcis | de Courcis | Pierre de | Courcis | Pierre | de,"il y avait des détritus à enlever partout, et l’on avait besoin de bras pour protéger les provisions, inspecter les dommages soufferts par les caisses et les conteneurs, mettre les vêtements à sécher, dépecer le bétail mort.",17138,2.0,mort,de
742.0,Pierre de Courcis | Pierre Courcis | de Courcis | Pierre de | Courcis | Pierre | de,Il mourait d’envie de goûter ce blanc pétillant.,18828,3.0,mourir,de
742.0,Pierre de Courcis | Pierre Courcis | de Courcis | Pierre de | Courcis | Pierre | de,"attendait à ce que K’vin devienne le Chef du Weyr après la mort de B’ner, survenue neuf mois plus tôt.",18902,3.0,mort,de
742.0,Pierre de Courcis | Pierre Courcis | de Courcis | Pierre de | Courcis | Pierre | de,"Elle était gentille, l’assistait dans sa tâche, faisait des suggestions constructives quand ils discutaient des programmes d’entraînement, mais tellement… impersonnelle… que K’vin en concluait qu’elle n’avait pas encore surmonté la mort de B’ner.",18947,3.0,mort,de
742.0,Pierre de Courcis | Pierre Courcis | de Courcis | Pierre de | Courcis | Pierre | de,"Dans les premiers temps, les archives mentionnaient cinq dragonets qui n’avaient pas trouvé de personnalité compatible et dont la mort subséquente avait à tel point bouleversé le Weyr que tous les efforts avaient été faits pour éviter la répétition de cette tragédie, y compris l’acceptation d’un spectateur si le dragonet le choisissait.",20323,3.0,mort,de
742.0,Pierre de Courcis | Pierre Courcis | de Courcis | Pierre de | Courcis | Pierre | de,"— Il est mort depuis longtemps, dit son père, pas trop content du choix de son fils.",20363,3.0,mort,de
742.0,Pierre de Courcis | Pierre Courcis | de Courcis | Pierre de | Courcis | Pierre | de,"À toutes les tables où il s’arrêta, il entendit d’autres hypothèses sur l’arrivée tardive de Debera… avec déjà des fioritures dont l’une prétendait que le père avait saigné à mort.",20373,3.0,mort,de
742.0,Pierre de Courcis | Pierre Courcis | de Courcis | Pierre de | Courcis | Pierre | de,Mais cet esprit de misérabilisme régnait dans la maison depuis la mort de sa mère.,20475,3.0,mort,de
742.0,Pierre de Courcis | Pierre Courcis | de Courcis | Pierre de | Courcis | Pierre | de,Mais Milla était morte avant de communiquer cette science à sa fille.,20561,3.0,mourir,de
742.0,Pierre de Courcis | Pierre Courcis | de Courcis | Pierre de | Courcis | Pierre | de,Elle avait longtemps vécu solitaire et sans affection – depuis la mort de sa mère et le départ de l’aîné de ses vrais frères.,20908,3.0,mort,de
742.0,Pierre de Courcis | Pierre Courcis | de Courcis | Pierre de | Courcis | Pierre | de,"Tisha, il est à moitié gelé et mort de faim, ajouta le jeune chevalier bleu, traînant la haute silhouette emmaillotée de fourrures vers la cheminée la plus proche et l’asseyant sur une chaise.",21496,3.0,mort,de
742.0,Pierre de Courcis | Pierre Courcis | de Courcis | Pierre de | Courcis | Pierre | de,Les fourrures qui l’avaient empêché de geler à mort furent mises à sécher devant le feu ;,21538,3.0,mort,de
742.0,Pierre de Courcis | Pierre Courcis | de Courcis | Pierre de | Courcis | Pierre | de,"Un jour de plus, et il était mort.",21563,3.0,mort,de
742.0,Pierre de Courcis | Pierre Courcis | de Courcis | Pierre de | Courcis | Pierre | de,"Il fait mauvais temps à Bitra, et les gens meurent de froid parce qu’ils ne veulent pas franchir les frontières, annonça M’shall.",22808,3.0,mourir,de
742.0,Pierre de Courcis | Pierre Courcis | de Courcis | Pierre de | Courcis | Pierre | de,"Encore une nuit pareille, et ces gens seront morts de froid et de faim.",22827,3.0,mort,de
742.0,Pierre de Courcis | Pierre Courcis | de Courcis | Pierre de | Courcis | Pierre | de,"Pas comme on vide une maison après la mort de son occupant, mais comme pour prouver que personne n’avait jamais habité là.",22924,3.0,mort,de
742.0,Pierre de Courcis | Pierre Courcis | de Courcis | Pierre de | Courcis | Pierre | de,"Certains avaient été dépouillés de tous leurs vêtements à part leur slip, et leurs camarades les entouraient pour les empêcher de geler à mort.",22970,3.0,mort,de
742.0,Pierre de Courcis | Pierre Courcis | de Courcis | Pierre de | Courcis | Pierre | de,"Il prit sa cuillère et se mit à manger, réalisant seulement qu’il mourait de faim.",23010,3.0,mourir,de
742.0,Pierre de Courcis | Pierre Courcis | de Courcis | Pierre de | Courcis | Pierre | de,"Sinon, la plupart de ces gens auraient été morts au matin.",23059,3.0,mourir,de
742.0,Pierre de Courcis | Pierre Courcis | de Courcis | Pierre de | Courcis | Pierre | de,Ses gens seraient morts de froid aux frontières de Bitra la nuit dernière !,23216,3.0,mort,de
742.0,Pierre de Courcis | Pierre Courcis | de Courcis | Pierre de | Courcis | Pierre | de,"C’est l’hiver làhaut, et ils seraient en danger de mourir de froid.",23364,3.0,mourir,de
742.0,Pierre de Courcis | Pierre Courcis | de Courcis | Pierre de | Courcis | Pierre | de,"D’ailleurs ils sont morts de froid, malgré tout ce qu’a pu faire le Weyr de Benden pour les ranimer.",23432,3.0,mort,de
742.0,Pierre de Courcis | Pierre Courcis | de Courcis | Pierre de | Courcis | Pierre | de,"De nouveau, Gardner représenta les sept prévenus, accusés « d’avoir infligé de graves dommages corporels, dont certains ayant entraîné la mort », à cinq innocents, hommes et femmes.",23854,3.0,mort,de
742.0,Pierre de Courcis | Pierre Courcis | de Courcis | Pierre de | Courcis | Pierre | de,"Mais on lui opposa que des moyens inutilement sévères avaient été utilisés pour les retenir, et avaient causé la mort de personnes à qui l’on n’aurait pas dû refuser le droit « légal » d’émigrer, ni l’exercice de la liberté de mouvement garantie par la Charte.",23856,3.0,mort,de
742.0,Pierre de Courcis | Pierre Courcis | de Courcis | Pierre de | Courcis | Pierre | de,Chalkin n’avait pas le droit de mort sur ses vassaux sans juste cause et (ou) jugement par jury.,23858,3.0,mort,de
742.0,Pierre de Courcis | Pierre Courcis | de Courcis | Pierre de | Courcis | Pierre | de,"Une chose est certaine, il n’a pas envie de mourir.",24274,3.0,mourir,de
742.0,Pierre de Courcis | Pierre Courcis | de Courcis | Pierre de | Courcis | Pierre | de,Chalkin de mourir de sa belle mort.,25185,3.0,mort | mourir,de
742.0,Pierre de Courcis | Pierre Courcis | de Courcis | Pierre de | Courcis | Pierre | de,"Une question discrète à Tisha lui avait appris qu’un chevalier bronze, Clim, était le père de l’enfant, la mère étant morte peu après la naissance.",25358,3.0,mourir,de
742.0,Pierre de Courcis | Pierre Courcis | de Courcis | Pierre de | Courcis | Pierre | de,"Le ténor, par un magnifique contrôle du souffle, laissa la dernière note mourir graduellement, comme perdue dans l’immensité séparant les vaisseaux de la planète.",25503,3.0,mourir,de
742.0,Pierre de Courcis | Pierre Courcis | de Courcis | Pierre de | Courcis | Pierre | de,"Les autres chevaliers-dragons étaient tout aussi excités, et P’tero s’irrita de voir qu’ils savaient tous ce que c’était et mouraient d’impatience de voir sa réaction.",26341,3.0,mourir,de
742.0,Pierre de Courcis | Pierre Courcis | de Courcis | Pierre de | Courcis | Pierre | de,"Les volets des fenêtres supérieures étaient déjà fermés, et la façade n’était plus festonnée de vigne vierge morte.",26475,3.0,mourir,de
742.0,Pierre de Courcis | Pierre Courcis | de Courcis | Pierre de | Courcis | Pierre | de,"— Elle mourait d’envie de nous prendre toutes sous son aile, chuchota Zulaya à K’vin quand la Dame du Weyr de Fort tourna la tête vers son compagnon qui faisait nerveusement les cent pas.",26896,3.0,mourir,de
742.0,Pierre de Courcis | Pierre Courcis | de Courcis | Pierre de | Courcis | Pierre | de,"De nouveau, les Pernais remerciaient leurs ancêtres, morts depuis des générations, de leur avoir légué les dragons, dont l’haleine embrasée calcinait les Fils en plein ciel.",27176,4.0,mort,de
742.0,Pierre de Courcis | Pierre Courcis | de Courcis | Pierre de | Courcis | Pierre | de,"Tout le monde pensait que L’mal vivrait jusqu’à la fin du Passage, de sorte que sa maladie et sa mort subites avaient été une grande perte.",27362,4.0,mort,de
742.0,Pierre de Courcis | Pierre Courcis | de Courcis | Pierre de | Courcis | Pierre | de,"Respirant leur arôme, Moreta réalisa qu’elle mourait de faim.",28225,4.0,mourir,de
742.0,Pierre de Courcis | Pierre Courcis | de Courcis | Pierre de | Courcis | Pierre | de,"— C’est la première fois qu’il assiste à une Fête, danse, chante, enfin la première fois qu’il est lui-même depuis la mort de Suriana.",28458,4.0,mort,de
742.0,Pierre de Courcis | Pierre Courcis | de Courcis | Pierre de | Courcis | Pierre | de,Je meurs d’envie de danser.,28528,4.0,mourir,de
742.0,Pierre de Courcis | Pierre Courcis | de Courcis | Pierre de | Courcis | Pierre | de,"Parfois, les chevaliers verts et bleus se laissaient aller à des figures acrobatiques, surtout quand ils s’étaient enivrés après une mauvaise chute ou la mort d’un dragon et de son maître, mais Moreta redoutait ces séances.",28566,4.0,mort,de
742.0,Pierre de Courcis | Pierre Courcis | de Courcis | Pierre de | Courcis | Pierre | de,"Le rôti est excellent, et je meurs de faim.",28765,4.0,mourir,de
742.0,Pierre de Courcis | Pierre Courcis | de Courcis | Pierre de | Courcis | Pierre | de,"Il était mince, avec un long visage osseux, un nez et des lèvres pincés, de petits yeux profondément enfoncés dans les orbites, et Capiam se dit qu’il avait l’air considérablement plus mal en point que les malades en train de mourir à l’infirmerie.",28889,4.0,mourir,de
742.0,Pierre de Courcis | Pierre Courcis | de Courcis | Pierre de | Courcis | Pierre | de,"— Deux sont morts de la maladie inconnue qui les a frappés, dit lentement Capiam, répugnant à exposer les conclusions terrifiantes auxquelles il était arrivé avant d’être terrassé par l’épuisement.",28890,4.0,mort,de
742.0,Pierre de Courcis | Pierre Courcis | de Courcis | Pierre de | Courcis | Pierre | de,"J’y ai trouvé quarante morts, dont trois marins qui avaient tiré cet animal de la mer.",28920,4.0,mort,de
742.0,Pierre de Courcis | Pierre Courcis | de Courcis | Pierre de | Courcis | Pierre | de,"Toutes les bêtes étaient mortes, de même que leurs soigneurs et vingt autres personnes.",28938,4.0,mourir,de
742.0,Pierre de Courcis | Pierre Courcis | de Courcis | Pierre de | Courcis | Pierre | de,Mais il n’avait pas parlé d’épidémie ni de morts.,29306,4.0,mort,de
742.0,Pierre de Courcis | Pierre Courcis | de Courcis | Pierre de | Courcis | Pierre | de,Le coureur était-il très contagieux au moment de sa mort,29311,4.0,mort,de
742.0,Pierre de Courcis | Pierre Courcis | de Courcis | Pierre de | Courcis | Pierre | de,Je suppose qu’il s’est remis de la mort de son épouse.,29469,4.0,mort,de
742.0,Pierre de Courcis | Pierre Courcis | de Courcis | Pierre de | Courcis | Pierre | de,"Si K’lon avait souffert de la maladie diagnostiquée par Maître Capiam, pourquoi avait-il guéri alors que tout le monde en mourait dans le Sud-Est de Pern ?",29803,4.0,mourir,de
742.0,Pierre de Courcis | Pierre Courcis | de Courcis | Pierre de | Courcis | Pierre | de,"Il y avait une Chute le lendemain, et la journée de la veille avait été si agréable, à part la mort du coureur.",29851,4.0,mort,de
742.0,Pierre de Courcis | Pierre Courcis | de Courcis | Pierre de | Courcis | Pierre | de,"Quand il aurait un peu dormi, il en parlerait à Norman, pour voir si l’on savait de quoi était mort le coureur de Vander.",29961,4.0,mourir,de
742.0,Pierre de Courcis | Pierre Courcis | de Courcis | Pierre de | Courcis | Pierre | de,"— Quatre coureurs de Vander sont morts, dit Norman à voix basse, et un autre est mourant.",30003,4.0,mort,de
742.0,Pierre de Courcis | Pierre Courcis | de Courcis | Pierre de | Courcis | Pierre | de,"Je ne voudrais pas être alarmiste, mais quatre coureurs sont morts, et de nombreux autres toussent…",30060,4.0,mort,de
742.0,Pierre de Courcis | Pierre Courcis | de Courcis | Pierre de | Courcis | Pierre | de,"Brûlez les animaux morts là-bas, dit-il, montrant une dépression dans un champ éloigné, hors de vue de l’avant-cour et sous le vent.",30257,4.0,mort,de
742.0,Pierre de Courcis | Pierre Courcis | de Courcis | Pierre de | Courcis | Pierre | de,Au-dessus de la dépression où il avait dit à Norman de brûler les bêtes mortes planait un nuage de fumée noire.,30418,4.0,mort,de
742.0,Pierre de Courcis | Pierre Courcis | de Courcis | Pierre de | Courcis | Pierre | de,"C’était la routine, familière, et même réconfortante si l’on considérait que, partout ailleurs sur Pern, hommes et bêtes étaient sans doute en train de mourir du fléau.",30985,4.0,mourir,de
742.0,Pierre de Courcis | Pierre Courcis | de Courcis | Pierre de | Courcis | Pierre | de,"Ch’mon, chevalier bronze d’Igen, était mort de la fièvre, et son dragon, Helith, s’était promptement suicidé dans l’Interstice.",31752,4.0,mourir,de
742.0,Pierre de Courcis | Pierre Courcis | de Courcis | Pierre de | Courcis | Pierre | de,"– pour les Chefs des Weyrs d’Igen et de Telgar au sujet de la mort de… Capiam fut secoué d’une nouvelle quinte de toux, qui le laissa hors d’haleine et épuisé.",31902,4.0,mort,de
742.0,Pierre de Courcis | Pierre Courcis | de Courcis | Pierre de | Courcis | Pierre | de,Combien de chevaliers sont-ils morts ?,31916,4.0,mort,de
742.0,Pierre de Courcis | Pierre Courcis | de Courcis | Pierre de | Courcis | Pierre | de,"— Comme nos Dames du Weyr nous l’ont représenté, nous ne pouvons publier le nombre de nos morts et de nos malades.",32002,4.0,mort,de
742.0,Pierre de Courcis | Pierre Courcis | de Courcis | Pierre de | Courcis | Pierre | de,"Si seulement il était mort sur le bateau, succombant de faim et d’épuisement – sort qui menaçait Capiam en ce moment – avant qu’il ait contaminé personne d’autre que les marins !",32191,4.0,mourir,de
742.0,Pierre de Courcis | Pierre Courcis | de Courcis | Pierre de | Courcis | Pierre | de,Capiam essaya d’écarter de son esprit l’idée pénible que les chevaliers-dragons pouvaient mourir aussi facilement que le commun des mortels.,32239,4.0,mourir,de
742.0,Pierre de Courcis | Pierre Courcis | de Courcis | Pierre de | Courcis | Pierre | de,"En revanche, les chevaliers-dragons n’auraient pas dû mourir de ce fléau.",32248,4.0,mourir,de
742.0,Pierre de Courcis | Pierre Courcis | de Courcis | Pierre de | Courcis | Pierre | de,"Il était maintenant certain que la maladie elle-même ne tuait pas, mais les vivants devaient affronter un autre genre de mort, la mort de l’espoir et des amitiés, et les regrets de ce qu’aurait pu être l’avenir de ceux dont la vie s’était si brusquement interrompue.",32621,4.0,mort,de
742.0,Pierre de Courcis | Pierre Courcis | de Courcis | Pierre de | Courcis | Pierre | de,"Mais K’dall du Weyr de Telgar est mort, et son dragon bleu aussi.",32663,4.0,mort,de
742.0,Pierre de Courcis | Pierre Courcis | de Courcis | Pierre de | Courcis | Pierre | de,"Et que les coureurs en provenance de Keroon et destinés à Benden, Lemos, Bitra et Nerat soient ou morts de la maladie ou aient été expédiés par voie de terre.",32673,4.0,mort,de
742.0,Pierre de Courcis | Pierre Courcis | de Courcis | Pierre de | Courcis | Pierre | de,"Il pensa à Talpan, si plein de promesses qu’il ne réaliserait jamais, au Maître Éleveur Trume, au capitaine du Fend-la-Brise, à tous ses guérisseurs morts, si pleins de qualités, tous victimes de cette maladie mortelle.",32691,4.0,mort,de
742.0,Pierre de Courcis | Pierre Courcis | de Courcis | Pierre de | Courcis | Pierre | de,Que Berchar et le nouveau-né de Tellani étaient morts.,32987,4.0,mort,de
742.0,Pierre de Courcis | Pierre Courcis | de Courcis | Pierre de | Courcis | Pierre | de,Elle mourait de faim !,33049,4.0,mourir,de
742.0,Pierre de Courcis | Pierre Courcis | de Courcis | Pierre de | Courcis | Pierre | de,"D’ailleurs, Orlith est si forte et elle a tant besoin de vous que vous n’aviez pas une chance de mourir !",33107,4.0,mourir,de
742.0,Pierre de Courcis | Pierre Courcis | de Courcis | Pierre de | Courcis | Pierre | de,Nous avons donc dit aux autres reines de surveiller les malades et de ne pas laisser les chevaliers mourir.,33109,4.0,mourir,de
742.0,Pierre de Courcis | Pierre Courcis | de Courcis | Pierre de | Courcis | Pierre | de,C’est ridicule que des chevaliers-dragons meurent de cet agent viral.,33111,4.0,mourir,de
742.0,Pierre de Courcis | Pierre Courcis | de Courcis | Pierre de | Courcis | Pierre | de,"Elle regrettait leur mort, sans conteste, car elle aimait bien sa mère, plusieurs de ses frères et sœurs, et un oncle paternel ;",33177,4.0,mort,de
742.0,Pierre de Courcis | Pierre Courcis | de Courcis | Pierre de | Courcis | Pierre | de,"L’odeur de mort régnant dans le froid corridor le dérangeait, bien qu’il fût immunisé contre la maladie qui ravageait les Forts.",33250,4.0,mort,de
742.0,Pierre de Courcis | Pierre Courcis | de Courcis | Pierre de | Courcis | Pierre | de,Il y a peu de morts et de malades.,33385,4.0,mort,de
742.0,Pierre de Courcis | Pierre Courcis | de Courcis | Pierre de | Courcis | Pierre | de,"— Emmène-nous loin d’ici, dit-il à Rogeth, profondément déprimé par la vue de l’épidémie, de la mort et de la désolation.",33437,4.0,mort,de
742.0,Pierre de Courcis | Pierre Courcis | de Courcis | Pierre de | Courcis | Pierre | de,"La vieille lui dit que les guérisseurs du Weyr étaient morts, et que les deux nouveaux ne savaient absolument rien des dragons, mais étaient pleins de bonne volonté.",33838,4.0,mort,de
742.0,Pierre de Courcis | Pierre Courcis | de Courcis | Pierre de | Courcis | Pierre | de,"Tolocamp leur a permis, à elle et sa famille, d’entrer dans le Fort par les crêtes de feu, et pourtant il abandonne guérisseurs et harpistes à la mort dans son camp !",34000,4.0,mort,de
742.0,Pierre de Courcis | Pierre Courcis | de Courcis | Pierre de | Courcis | Pierre | de,"Je ne dirai pas que j’ai rempli toutes ces étagères, mais mes sœurs mortes avant moi ne me refuseraient pas le fruit de leur travail.",34032,4.0,mort,de
742.0,Pierre de Courcis | Pierre Courcis | de Courcis | Pierre de | Courcis | Pierre | de,"Pour le moment, vous n’êtes qu’un serviteur accablé sous votre fardeau et avançant à regret vers le périmètre, terrifié de tomber malade et de mourir comme tout le monde dans le camp.",34097,4.0,mourir,de
742.0,Pierre de Courcis | Pierre Courcis | de Courcis | Pierre de | Courcis | Pierre | de,"Sa voix mourut, et elle montra la blessée de la main",34259,4.0,mourir,de
742.0,Pierre de Courcis | Pierre Courcis | de Courcis | Pierre de | Courcis | Pierre | de,Ce dragon est en train de saigner à mort !,34281,4.0,mort,de
742.0,Pierre de Courcis | Pierre Courcis | de Courcis | Pierre de | Courcis | Pierre | de,"Et même alors, personne n’amènera d’animaux, car trop de bêtes sont mortes ici.",34467,4.0,mort,de
742.0,Pierre de Courcis | Pierre Courcis | de Courcis | Pierre de | Courcis | Pierre | de,"– et ne pouvait pas être dans la terre du champ de courses et des piquets où tant de bêtes étaient mortes, mais Alessan ne voulait pas risquer les rares étalons inestimables que Dag avait emmenés en toute hâte le lendemain de cette maudite Fête.",34474,4.0,mourir,de
742.0,Pierre de Courcis | Pierre Courcis | de Courcis | Pierre de | Courcis | Pierre | de,"J’avais raison de penser qu’ils ne voulaient pas envoyer leurs meilleures bêtes à la mort, malgré ce que j’étais prêt à payer.",34524,4.0,mort,de
742.0,Pierre de Courcis | Pierre Courcis | de Courcis | Pierre de | Courcis | Pierre | de,La liste des animaux morts que Norman avait commencé à tenir avait été perdue quand l’hôpital temporaire du champ de courses avait été abandonné.,35047,4.0,mort,de
742.0,Pierre de Courcis | Pierre Courcis | de Courcis | Pierre de | Courcis | Pierre | de,"Pessimiste, Alessan avait pensé que tous les jeunes étaient morts de la maladie ou que les femelles avaient avorté, car il ne restait plus au Fort que des mâles châtrés et des femelles stériles.",35070,4.0,mort,de
742.0,Pierre de Courcis | Pierre Courcis | de Courcis | Pierre de | Courcis | Pierre | de,"Moreta se força à regarder les grossiers tumulus funéraires, et à accepter l’idée de tant de morts parmi les hôtes venus dans leurs plus beaux atours.",35294,4.0,mort,de
742.0,Pierre de Courcis | Pierre Courcis | de Courcis | Pierre de | Courcis | Pierre | de,"Et à accepter également les bûchers mortuaires qui avaient consumé les coureurs morts, vainqueurs et vaincus confondus, des dix courses qui les avaient attirés à Ruatha en cette fatale journée. Impitoyablement critique, elle se dit un instant qu’Alessan aurait pu trouver le temps de faire enlever les débris pathétiques des chariots bâchés, des malles et des échoppes de la Fête qu’on voyait encore dans les champs et au bord de la route.",35295,4.0,mort,de
742.0,Pierre de Courcis | Pierre Courcis | de Courcis | Pierre de | Courcis | Pierre | de,"Ce qui a poussé l’équipage à transporter cet animal dans le Nord sans défense, nous ne le saurons jamais, car tous les témoins de cette décision répréhensible sont morts.",35381,4.0,mort,de
742.0,Pierre de Courcis | Pierre Courcis | de Courcis | Pierre de | Courcis | Pierre | de,"— Si vous considérez la justice comme le fondement de votre vie, alors, vous pouvez considérer que justice est faite – car le capitaine, l’équipage et les prises sont morts.",35390,4.0,mort,de
742.0,Pierre de Courcis | Pierre Courcis | de Courcis | Pierre de | Courcis | Pierre | de,"— Tant de morts, Moreta, tant de morts.",36439,4.0,mort,de
742.0,Pierre de Courcis | Pierre Courcis | de Courcis | Pierre de | Courcis | Pierre | de,Vous essayez de mourir ?,37178,4.0,mourir,de
742.0,Pierre de Courcis | Pierre Courcis | de Courcis | Pierre de | Courcis | Pierre | de,"K’lon fut si atterré à l’idée de voir mourir Leri sous ses yeux qu’il la saisit par les épaules et la secoua violemment, ce qui permit à l’air d’entrer dans ses poumons.",37179,4.0,mourir,de
742.0,Pierre de Courcis | Pierre Courcis | de Courcis | Pierre de | Courcis | Pierre | de,"Si Holth était morte, elle avait le droit de mourir, elle aussi.",37185,4.0,mourir,de
742.0,Pierre de Courcis | Pierre Courcis | de Courcis | Pierre de | Courcis | Pierre | de,"Pendant que K’lon berçait Leri dans ses bras, les dragons s’assemblaient respectueusement à l’entrée de l’Aire d’Éclosion, baissant leurs immenses têtes, les yeux gris de douleur, partageant la souffrance d’un dragon qui ne pouvait pas suivre sa maîtresse dans la mort, retenu par ses œufs en train de durcir.",37206,4.0,mort,de
742.0,Pierre de Courcis | Pierre Courcis | de Courcis | Pierre de | Courcis | Pierre | de,Certains disaient qu’il se sentait douloureusement responsable de ce que Moreta soit morte en travaillant pour son Atelier.,37357,4.0,mort,de
742.0,Pierre de Courcis | Pierre Courcis | de Courcis | Pierre de | Courcis | Pierre | de,Lui aussi avait changé de façon spectaculaire depuis la mort de Moreta.,37389,4.0,mort,de
742.0,Pierre de Courcis | Pierre Courcis | de Courcis | Pierre de | Courcis | Pierre | de,"Je me suis finalement réconciliée avec l’idée de la mort, du moins je le crois.",37515,5.0,mort,de
742.0,Pierre de Courcis | Pierre Courcis | de Courcis | Pierre de | Courcis | Pierre | de,Dire qu’une partie de moi-même était morte avec Suriana n’était pas une exagération.,37590,5.0,mourir,de
742.0,Pierre de Courcis | Pierre Courcis | de Courcis | Pierre de | Courcis | Pierre | de,"En fait, quand Papa mourra, tout continuera sans doute comme avant, et il y aura peu de changement dans mes devoirs, à moi, Nerilka.",37618,5.0,mourir,de
742.0,Pierre de Courcis | Pierre Courcis | de Courcis | Pierre de | Courcis | Pierre | de,"La tour des tambours de l’Atelier des Harpistes vibrait encore de l’ordre de quarantaine imposé par Capiam, m’apprenant la nouvelle tragédie ruathienne exactement à la même heure que j’avais appris la mort de Suriana, ce qui me déchira le cœur.",37653,5.0,mort,de
742.0,Pierre de Courcis | Pierre Courcis | de Courcis | Pierre de | Courcis | Pierre | de,— En espérant que Maître Tirone soit bloqué par la quarantaine ou meure de la maladie…,37677,5.0,mourir,de
742.0,Pierre de Courcis | Pierre Courcis | de Courcis | Pierre de | Courcis | Pierre | de,"Les tambours transmirent encore l’annonce de nouvelles morts à Telgar, Ista, Igen et Boll Sud, et des demandes de nouvelles de Forts et d’Ateliers lointains.",37799,5.0,mort,de
742.0,Pierre de Courcis | Pierre Courcis | de Courcis | Pierre de | Courcis | Pierre | de,"J’étais au milieu du Champ quand les premiers rapports codés arrivèrent du Weyr de Telgar : on déplorait la mort de plusieurs chevaliers-dragons, et le suicide consécutif de leurs dragons.",37802,5.0,mort,de
742.0,Pierre de Courcis | Pierre Courcis | de Courcis | Pierre de | Courcis | Pierre | de,"Je rentrai, sachant maintenant que des centaines de personnes étaient en train de mourir dans ce Fort martyr, et que plusieurs petits vassaux ne répondaient plus à l’appel des tambours.",37843,5.0,mourir,de
742.0,Pierre de Courcis | Pierre Courcis | de Courcis | Pierre de | Courcis | Pierre | de,Je fus forcée d’endurer des répétitions – demandes de Keroon et Telgar qui suppliaient qu’on leur envoie des guérisseurs pour remplacer ceux morts de la maladie qu’ils avaient essayé de guérir.,38003,5.0,mort,de
742.0,Pierre de Courcis | Pierre Courcis | de Courcis | Pierre de | Courcis | Pierre | de,"À l’aube, je n’entendis donc que trop bien les tambours annoncer la mort de ma mère, puis celle de mes sœurs.",38007,5.0,mort,de
742.0,Pierre de Courcis | Pierre Courcis | de Courcis | Pierre de | Courcis | Pierre | de,"Si vous attrapez la peste, vous nous contaminerez tous avant de mourir.",38215,5.0,mourir,de
742.0,Pierre de Courcis | Pierre Courcis | de Courcis | Pierre de | Courcis | Pierre | de,Tous les malades atteints de cette peste n’en meurent pas.,38320,5.0,mourir,de
742.0,Pierre de Courcis | Pierre Courcis | de Courcis | Pierre de | Courcis | Pierre | de,"Je rentrai immédiatement au Fort, soulagée de n’avoir plus à redouter la mort d’autres parents.",38444,5.0,mort,de
742.0,Pierre de Courcis | Pierre Courcis | de Courcis | Pierre de | Courcis | Pierre | de,"Je savais que les deux Chefs de Weyrs avaient été malades et avaient guéri, car l’Atelier des Guérisseurs leur avait envoyé Jallora en toute hâte quand le guérisseur du Weyr était mort.",38535,5.0,mort,de
742.0,Pierre de Courcis | Pierre Courcis | de Courcis | Pierre de | Courcis | Pierre | de,"Mon père n’avait-il pas entendu un seul des messages annonçant les milliers de morts à Keroon, Ista, Igen, Telgar et Ruatha ?",38578,5.0,mort,de
742.0,Pierre de Courcis | Pierre Courcis | de Courcis | Pierre de | Courcis | Pierre | de,"Tolocamp leur a permis, à elle et sa famille, de pénétrer dans son cher Fort par les crêtes de feu, tandis qu’il laisse mourir les guérisseurs et les harpistes sans soins dans son camp maudit !",38624,5.0,mourir,de
742.0,Pierre de Courcis | Pierre Courcis | de Courcis | Pierre de | Courcis | Pierre | de,"Pour le moment, vous n’êtes qu’un domestique, lourdement chargé et vous dirigeant à contrecœur vers le périmètre, terrifié d’attraper la maladie et de mourir comme tous ceux du camp.",38709,5.0,mourir,de
742.0,Pierre de Courcis | Pierre Courcis | de Courcis | Pierre de | Courcis | Pierre | de,"Eh bien, je pouvais soigner les malades, gouverner les activités domestiques, et faire tout ce que je pourrais pour expier les remords que je gardais toujours par suite de la mort prématurée de ma mère et de mes sœurs.",38891,5.0,mort,de
742.0,Pierre de Courcis | Pierre Courcis | de Courcis | Pierre de | Courcis | Pierre | de,"Bien que jeune, il avait droit à tous les honneurs et politesses dus à un chevalier-dragon, et c’est pourquoi, devant du klah et un excellent gâteau de Dame Gana, il nous apprit que les coureurs mouraient de la peste, eux aussi, et devaient être inoculés.",38918,5.0,mourir,de
742.0,Pierre de Courcis | Pierre Courcis | de Courcis | Pierre de | Courcis | Pierre | de,"— La plupart des bêtes sélectionnées par mon père sont mortes de la maladie, dit-il d’un ton détaché, nous indiquant ainsi la conduite à suivre.",39044,5.0,mourir,de
742.0,Pierre de Courcis | Pierre Courcis | de Courcis | Pierre de | Courcis | Pierre | de,"— Oh, ton mari est mort de la maladie ?",39222,5.0,mourir,de
742.0,Pierre de Courcis | Pierre Courcis | de Courcis | Pierre de | Courcis | Pierre | de,"Beaucoup de vassaux sont morts, et bien qu’Alessan ait l’intention de donner leurs forts à des sans-abri, j’aimerais mieux garder autour de nous des gens que nous connaissons et aimons.",39228,5.0,mort,de
742.0,Pierre de Courcis | Pierre Courcis | de Courcis | Pierre de | Courcis | Pierre | de,"Tuero avait pu établir que la fille de Dame Gana était morte parmi les premières, soignée par la servante qui avait aussi succombé à la maladie.",39393,5.0,mourir,de
742.0,Pierre de Courcis | Pierre Courcis | de Courcis | Pierre de | Courcis | Pierre | de,"Le fils avait travaillé dur pour aider Norman, le régisseur du champ de courses, avant qu’eux aussi ne meurent, terrassés par l’infection.",39395,5.0,mourir,de
742.0,Pierre de Courcis | Pierre Courcis | de Courcis | Pierre de | Courcis | Pierre | de,qu’Alessan eût perçu la mort de Moreta.,39756,5.0,mort,de
742.0,Pierre de Courcis | Pierre Courcis | de Courcis | Pierre de | Courcis | Pierre | de,"Tous les chevaliers-dragons et la plupart des gens des Weyrs avaient instantanément perçu les deux morts, celle de Moreta et celle de Holth.",39758,5.0,mort,de
742.0,Pierre de Courcis | Pierre Courcis | de Courcis | Pierre de | Courcis | Pierre | de,mais vous n’avez pas le droit de mourir !,39820,5.0,mourir,de
742.0,Pierre de Courcis | Pierre Courcis | de Courcis | Pierre de | Courcis | Pierre | de,"Mais pensant qu’elle était morte et qu’il souffrait tant de la perte de Moreta, mes larmes se remirent à couler.",39872,5.0,mort,de
742.0,Pierre de Courcis | Pierre Courcis | de Courcis | Pierre de | Courcis | Pierre | de,— Tolocamp a mis Anella dans son lit une heure après avoir appris la mort de ma mère.,39884,5.0,mort,de
742.0,Pierre de Courcis | Pierre Courcis | de Courcis | Pierre de | Courcis | Pierre | de,"— Celui qui vient de goûter à la mort a besoin d’amour pour lui rappeler ce qu’est la vie, Nerilka.",39893,5.0,mort,de
742.0,Pierre de Courcis | Pierre Courcis | de Courcis | Pierre de | Courcis | Pierre | de,"Tout le monde fut grandement soulagé de le voir reprendre ses activités, mais j’étais la seule à savoir qu’il mettait ses affaires en ordre en prévision de sa mort.",39908,5.0,mort,de
742.0,Pierre de Courcis | Pierre Courcis | de Courcis | Pierre de | Courcis | Pierre | de,"Dix jours après la mort de Moreta, à notre sinistre repas du soir, Alessan se leva, et tout le monde se tut instantanément.",39920,5.0,mort,de
742.0,Pierre de Courcis | Pierre Courcis | de Courcis | Pierre de | Courcis | Pierre | de,"Je ne pouvais plus me cacher qu’Alessan avait toujours occupé mon esprit et mon cœur depuis le jour où il avait épousé ma chère Suriana, de même que Ruatha était le havre qui m’avait été dénié d’abord par sa mort prématurée, puis par la décision arbitraire de mes parents au moment de la Fête.",40003,5.0,mort,de
742.0,Pierre de Courcis | Pierre Courcis | de Courcis | Pierre de | Courcis | Pierre | de,Son Dorianth a couvert Pelianth au cours du vol nuptial ayant suivi la mort de Moreta.,40158,5.0,mort,de
742.0,Pierre de Courcis | Pierre Courcis | de Courcis | Pierre de | Courcis | Pierre | de,"Barla était sincèrement terrifiée, pour elle-même, pour son bébé, pour Dowell, et pour tous ceux qui avaient péri de mort violente.",40355,6.0,mort,de
742.0,Pierre de Courcis | Pierre Courcis | de Courcis | Pierre de | Courcis | Pierre | de,"Trois morts dans des rixes, quelles que fussent les circonstances, cela signifiait aussi qu’il avait peu de chances d’être accueilli dans un autre Fort.",40385,6.0,mort,de
742.0,Pierre de Courcis | Pierre Courcis | de Courcis | Pierre de | Courcis | Pierre | de,"— Trois morts parce que tu ne connais pas ta force, Dushik, ça fait un de trop.",40412,6.0,mort,de
742.0,Pierre de Courcis | Pierre Courcis | de Courcis | Pierre de | Courcis | Pierre | de,"Au printemps de la Révolution suivante, Fax trouve la mort dans un duel avec F’lar, maître du bronze M’nementh, et le Weyr de Benden part en quête d’une femme capable de conférer l’Empreinte au dernier œuf de reine qui durcit sur l’Aire d’Éclosion.",40655,6.0,mort,de
742.0,Pierre de Courcis | Pierre Courcis | de Courcis | Pierre de | Courcis | Pierre | de,"tous les Seigneurs Régnants poussent un soupir de soulagement à la mort du tyran, cette résurgence des chevaliers-dragons les inquiète.",40657,6.0,mort,de
742.0,Pierre de Courcis | Pierre Courcis | de Courcis | Pierre de | Courcis | Pierre | de,"Chez certains, la mort de Fax et l’Empreinte de la nouvelle reine ont réveillé d’anciennes nostalgies et des rêves…",40659,6.0,mort,de
742.0,Pierre de Courcis | Pierre Courcis | de Courcis | Pierre de | Courcis | Pierre | de,"Ou, peut-être, ainsi que le suggérait la mère de Larad, le Seigneur Tarathel avait-il accordé un traitement spécial à cette fille parce que sa mère était morte en la mettant au monde.",40710,6.0,mourir,de
742.0,Pierre de Courcis | Pierre Courcis | de Courcis | Pierre de | Courcis | Pierre | de,"Sa petite sœur devait être morte, elle aussi, de même que ses plus jeunes cousins.",41140,6.0,mort,de
742.0,Pierre de Courcis | Pierre Courcis | de Courcis | Pierre de | Courcis | Pierre | de,Challer était mort en essayant de protéger son précieux attelage.,41242,6.0,mourir,de
742.0,Pierre de Courcis | Pierre Courcis | de Courcis | Pierre de | Courcis | Pierre | de,"— Drôle de « survie », Cren, avec sept morts et la plupart de nos chariots perdus !",41246,6.0,mort,de
742.0,Pierre de Courcis | Pierre Courcis | de Courcis | Pierre de | Courcis | Pierre | de,"Tous les hommes, femmes et enfants de Pern, sauvés d’une mort certaine par ces renforts, les avaient triomphalement accueillis.",41710,6.0,mort,de
742.0,Pierre de Courcis | Pierre Courcis | de Courcis | Pierre de | Courcis | Pierre | de,"Toric avait choqué la sensibilité du harpiste en remarquant que les chevaliers-dragons mourraient bientôt les uns après les autres, de préférence avant que sa patience soit épuisée.",41783,6.0,mourir,de
742.0,Pierre de Courcis | Pierre Courcis | de Courcis | Pierre de | Courcis | Pierre | de,"Il est quand même parvenu à atterrir, mais le harnais de vol s’était profondément imprimé dans son cuir, et il s’est posé si brutalement qu’on a bien pensé qu’il était mort.",41916,6.0,mort,de
742.0,Pierre de Courcis | Pierre Courcis | de Courcis | Pierre de | Courcis | Pierre | de,"Il avait vu beaucoup de vaillants chevaliers-dragons au Weyr de Telgar pendant ces trois dernières Révolutions, dont l’attitude démentait celle des Anciens, de sorte qu’il ressentait la mort d’un dragon comme une perte douloureuse.",41920,6.0,mort,de
742.0,Pierre de Courcis | Pierre Courcis | de Courcis | Pierre de | Courcis | Pierre | de,"Elle ne veut toujours pas venir ici, bien que papa soit mort depuis plus de trois Révolutions.",41949,6.0,mort,de
742.0,Pierre de Courcis | Pierre Courcis | de Courcis | Pierre de | Courcis | Pierre | de,"— Plutôt mourir que d’avouer à Mardra, maîtresse de Loranth, qu’il y avait bien quelqu’un dans ce maudit sac !",42240,6.0,mourir,de
742.0,Pierre de Courcis | Pierre Courcis | de Courcis | Pierre de | Courcis | Pierre | de,"Après tout, c’était une précaution assez sage, et il ne ralentissait jamais leur avance, même chargé de ce poids mort.",42292,6.0,mort,de
742.0,Pierre de Courcis | Pierre Courcis | de Courcis | Pierre de | Courcis | Pierre | de,Celle qui voulait devenir Dame Régnante à la mort de Tarathel.,43434,6.0,mort,de
742.0,Pierre de Courcis | Pierre Courcis | de Courcis | Pierre de | Courcis | Pierre | de,"Il connaissait les restrictions imposées au commerce entre le Nord et le Sud, savait jusqu’où on tolérait tacitement le transport des médicaments du Sud vers le Nord, et était au courant, par expérience, du commerce illicite auquel se livraient les Anciens et le Seigneur Meron de Nabol, jusqu’à ce que la mort de ce dernier y mît un terme.",43752,6.0,mort,de
742.0,Pierre de Courcis | Pierre Courcis | de Courcis | Pierre de | Courcis | Pierre | de,"De l’attelage du grand chariot, les deux bêtes de flanc étaient mortes, la colonne vertébrale brisée en plusieurs endroits.",44002,6.0,mourir,de
742.0,Pierre de Courcis | Pierre Courcis | de Courcis | Pierre de | Courcis | Pierre | de,"Jayge et Tino ne purent pas déplacer leurs poids morts, mais enduisirent de baume calmant les coupures des survivants, puis leur firent avaler du fellis, espérant que cela calmerait leurs souffrances.",44005,6.0,mort,de
742.0,Pierre de Courcis | Pierre Courcis | de Courcis | Pierre de | Courcis | Pierre | de,"Je ne sais pas exactement combien nous avons de morts, mais nous avons perdu presque toutes nos bêtes de bât.",44057,6.0,mort,de
742.0,Pierre de Courcis | Pierre Courcis | de Courcis | Pierre de | Courcis | Pierre | de,"d’autres encore, dont deux se trouvaient parmi les morts de la journée.",44115,6.0,mort,de
742.0,Pierre de Courcis | Pierre Courcis | de Courcis | Pierre de | Courcis | Pierre | de,Remplacer leurs bêtes mortes devrait attendre le printemps et leur coûterait la presque totalité de leurs marks.,44148,6.0,mort,de
742.0,Pierre de Courcis | Pierre Courcis | de Courcis | Pierre de | Courcis | Pierre | de,"Il supposa qu’un des blessés avait lâché le rouleau, et cela l’amusa de penser qu’après tout, les morts pouvaient parler.",44159,6.0,mort,de
742.0,Pierre de Courcis | Pierre Courcis | de Courcis | Pierre de | Courcis | Pierre | de,"Elle n’a pas tué souvent ni dernièrement au cours de ses raids, mais tu n’es pas le seul à désirer sa mort.",44216,6.0,mort,de
742.0,Pierre de Courcis | Pierre Courcis | de Courcis | Pierre de | Courcis | Pierre | de,"Les chevaliers-dragons surgirent dans l’air glacé des montagnes à l’aube, au moment où la sentinelle à demi morte de froid s’endormait.",44567,6.0,mort,de
742.0,Pierre de Courcis | Pierre Courcis | de Courcis | Pierre de | Courcis | Pierre | de,"Jayge était animé d’émotions contradictoires, dont la principale était le désir de venger les morts d’Armald et de ses autres amis, et de compenser les pertes pécuniaires infligées à la caravane par l’attaque de Thella.",44837,6.0,mort,de
742.0,Pierre de Courcis | Pierre Courcis | de Courcis | Pierre de | Courcis | Pierre | de,"À sa vive contrariété, il apprit qu’on venait de trouver mort, la nuque brisée, les meilleurs « yeux et oreilles » de l’endroit.",44861,6.0,mort,de
742.0,Pierre de Courcis | Pierre Courcis | de Courcis | Pierre de | Courcis | Pierre | de,"Tout le monde pleurait bien haut la mort du marin sans pied, Brare, tout en le traitant tout bas de tricheur, coquin, escroc et pervers.",44862,6.0,mort,de
742.0,Pierre de Courcis | Pierre Courcis | de Courcis | Pierre de | Courcis | Pierre | de,"Jayge avait l’habitude de veiller la nuit, mais il aurait voulu qu’un chevalier-dragon se pose assez près pour qu’il puisse l’appeler au besoin, ou qu’il ose allumer un feu sans être certain que Thella était morte.",45775,6.0,mourir,de
742.0,Pierre de Courcis | Pierre Courcis | de Courcis | Pierre de | Courcis | Pierre | de,"À la mort de T’ron, T’kul avait revendiqué la charge de Chef du Weyr, et la situation au Weyr Méridional s’était rapidement détériorée.",45874,6.0,mort,de
742.0,Pierre de Courcis | Pierre Courcis | de Courcis | Pierre de | Courcis | Pierre | de,"Seule la reine de Mardra est au weyr, plus morte",45877,6.0,mort,de
742.0,Pierre de Courcis | Pierre Courcis | de Courcis | Pierre de | Courcis | Pierre | de,"C’était le genre de bruit qui fait dresser les cheveux sur la tête, la lamentation que Saneter connaissait trop bien, les dragons annonçant la mort d’un des leurs.",46480,6.0,mort,de
742.0,Pierre de Courcis | Pierre Courcis | de Courcis | Pierre de | Courcis | Pierre | de,Il pleure la mort de T’kul comme tous les chevaliers-dragons.,46516,6.0,mort,de
742.0,Pierre de Courcis | Pierre Courcis | de Courcis | Pierre de | Courcis | Pierre | de,"— Je ne peux pas dire que la mort de T’kul me désole, répondit Toric, veillant soigneusement à parler d’un ton détaché, ni celle de Salth.",46518,6.0,mort,de
742.0,Pierre de Courcis | Pierre Courcis | de Courcis | Pierre de | Courcis | Pierre | de,Ils étaient tous les deux devenus fous et incontrôlables depuis la mort de T’ron – et de Fidranth.,46519,6.0,mort,de
742.0,Pierre de Courcis | Pierre Courcis | de Courcis | Pierre de | Courcis | Pierre | de,"— Les dragons, Piemur – les dragons ont empêché Maître Robinton de mourir !",46588,6.0,mourir,de
742.0,Pierre de Courcis | Pierre Courcis | de Courcis | Pierre de | Courcis | Pierre | de,Les dragons l’ont empêché de mourir !,46590,6.0,mourir,de
742.0,Pierre de Courcis | Pierre Courcis | de Courcis | Pierre de | Courcis | Pierre | de,"Le jeune maître de Ruth y était venu la première fois quand il était à la recherche de D’ram, qui, après la mort de Fanna, avait renoncé à sa charge de Chef du Weyr et avait disparu.",46609,6.0,mort,de
742.0,Pierre de Courcis | Pierre Courcis | de Courcis | Pierre de | Courcis | Pierre | de,Mais tu étais à côté de ta coquille de revenir là pour mourir !,46612,6.0,mourir,de
742.0,Pierre de Courcis | Pierre Courcis | de Courcis | Pierre de | Courcis | Pierre | de,le vieil homme qui paraissait étonnamment robuste pour un malade que la moitié de Pern croyait à l’article de la mort.,47151,6.0,mort,de
742.0,Pierre de Courcis | Pierre Courcis | de Courcis | Pierre de | Courcis | Pierre | de,"Cinq personnes ont survécu à la tempête, mais l’une est morte de ses blessures avant qu’ils aient appris son nom et deux autres moururent de la tête de feu le printemps suivant.",47973,6.0,mourir,de
742.0,Pierre de Courcis | Pierre Courcis | de Courcis | Pierre de | Courcis | Pierre | de,"Mais une fois au fond de la fosse, la fille était autant dire morte.",48134,6.0,mort,de
742.0,Pierre de Courcis | Pierre Courcis | de Courcis | Pierre de | Courcis | Pierre | de,"Un quatrième se mit à rassembler à coups de pied les feuilles mortes autour de l’arbre, et s’agenouilla pour les allumer.",49306,6.0,mort,de
742.0,Pierre de Courcis | Pierre Courcis | de Courcis | Pierre de | Courcis | Pierre | de,"— C’est vrai, mais si l’on diffuse partout la façon dont Thella est morte… cela dissuadera les hésitants et nous donnera le temps de respirer, dit F’lar, regardant Piemur d’un air entendu.",49450,6.0,mourir,de
742.0,Pierre de Courcis | Pierre Courcis | de Courcis | Pierre de | Courcis | Pierre | de,L’mal (décédé) : ancien Chef du Weyr de Fort ;,50304,6.0,deceder,de
742.0,Pierre de Courcis | Pierre Courcis | de Courcis | Pierre de | Courcis | Pierre | de,"Trelbin : guérisseur de la Haute Colline, cru mort.",50431,6.0,mort,de
742.0,Pierre de Courcis | Pierre Courcis | de Courcis | Pierre de | Courcis | Pierre | de,Betrice respira en voyant Ginia et le flacon de liquide clair qui pouvait faire la différence entre la vie et la mort pour la jeune mère.,50510,7.0,mort,de
742.0,Pierre de Courcis | Pierre Courcis | de Courcis | Pierre de | Courcis | Pierre | de,— Elle croit qu’elle est en train de mourir.,50539,7.0,mourir,de
742.0,Pierre de Courcis | Pierre Courcis | de Courcis | Pierre de | Courcis | Pierre | de,"Non seulement elle avait un contrôle respiratoire parfait pour soutenir sa voix de colorature, mais elle mettait tant d’émotion dans son interprétation que beaucoup avaient les larmes aux yeux quand sa voix mourut, lors du dernier et fatal transfert dans l’Interstice de Moreta et de son dragon.",50620,7.0,mourir,de
742.0,Pierre de Courcis | Pierre Courcis | de Courcis | Pierre de | Courcis | Pierre | de,Petiron fut reçu chaleureusement par l’oncle et la tante qui avaient élevé Merelan après la mort de ses parents au cours d’une des violentes tempêtes d’automne qui se déchaînaient périodiquement sur le littoral occidental.,50863,7.0,mort,de
742.0,Pierre de Courcis | Pierre Courcis | de Courcis | Pierre de | Courcis | Pierre | de,"Sa protestation mourut sur ses lèvres quand il réalisa que les dragons s’approchaient de l’Atelier des Harpistes, et non du Fort où ils atterrissaient d’habitude.",52093,7.0,mourir,de
742.0,Pierre de Courcis | Pierre Courcis | de Courcis | Pierre de | Courcis | Pierre | de,"Robinton laissa sa voix mourir, la tristesse du sourire l’avertissant qu’il ferait mieux de ne pas demander la raison de leur départ précipité.",52741,7.0,mourir,de
742.0,Pierre de Courcis | Pierre Courcis | de Courcis | Pierre de | Courcis | Pierre | de,Un silence de mort s’abattit sur la salle frappée de stupeur quand Robinton laissa mourir la dernière note et que sa mère abaissa sa flûte.,53113,7.0,mort | mourir,de
742.0,Pierre de Courcis | Pierre Courcis | de Courcis | Pierre de | Courcis | Pierre | de,"mais ils devaient avoir des mères différentes, puisque celle de Falloner était morte à sa naissance.",53414,7.0,mourir,de
742.0,Pierre de Courcis | Pierre Courcis | de Courcis | Pierre de | Courcis | Pierre | de,"Mais la mélodie convenait à sa tessiture, et son phrasé fut excellent, de même que sa technique vocale quand il tint longtemps la dernière note, la laissant mourir doucement.",53844,7.0,mourir,de
742.0,Pierre de Courcis | Pierre Courcis | de Courcis | Pierre de | Courcis | Pierre | de,"— La mère de Fax est morte en le mettant au monde, alors, nous ne saurons jamais, n’est-ce pas ?",55114,7.0,mourir,de
742.0,Pierre de Courcis | Pierre Courcis | de Courcis | Pierre de | Courcis | Pierre | de,"La mort d’un dragon mettait toujours le Weyr en état de choc, mais la perte d’une reine était désastreuse.",55175,7.0,mort,de
742.0,Pierre de Courcis | Pierre Courcis | de Courcis | Pierre de | Courcis | Pierre | de,"Trois jours avant la fin de la Révolution, la Dame du Weyr mourut, après avoir combattu vaillamment la maladie.",55204,7.0,mourir,de
742.0,Pierre de Courcis | Pierre Courcis | de Courcis | Pierre de | Courcis | Pierre | de,"À cet instant, Simanith, qui avait étonné Robinton en marchant jusqu’au bout de la grande cour des Hautes Terres, le fit presque mourir de peur en se laissant tomber de la falaise vers le fond de la vallée.",55231,7.0,mourir,de
742.0,Pierre de Courcis | Pierre Courcis | de Courcis | Pierre de | Courcis | Pierre | de,"C’était stupide de se sentir écrasé par la roche, alors qu’il avait passé toute sa vie dans des falaises évidées, et que la plupart des gens vivaient jusqu’à leur mort sans se plaindre dans les couloirs intérieurs des grands Forts et Ateliers, mais il aimait pouvoir regarder dehors quand ça lui plaisait.",55638,7.0,mort,de
742.0,Pierre de Courcis | Pierre Courcis | de Courcis | Pierre de | Courcis | Pierre | de,"Robinton ne sut jamais à quel moment le Seigneur Maidir et S’loner avaient quitté la table, car la nuit était tombée, et, bien qu’il y eût de nombreux paniers de brandons autour du Bassin, il y avait tant de gens qui allaient et venaient – pour aller chercher du vin ou satisfaire un besoin naturel –, et il avait tant de choses à surveiller en sa qualité de Harpiste, qu’il ne remarqua leur absence que lorsque Dame Hayara se leva, fuyant une Jora ivre morte qui s’était effondrée sur la table.",55842,7.0,mourir,de
742.0,Pierre de Courcis | Pierre Courcis | de Courcis | Pierre de | Courcis | Pierre | de,Comment prend-il la mort de son père ?,56031,7.0,mort,de
742.0,Pierre de Courcis | Pierre Courcis | de Courcis | Pierre de | Courcis | Pierre | de,"Il était mort de fatigue, répondit Robinton.",56157,7.0,mourir,de
742.0,Pierre de Courcis | Pierre Courcis | de Courcis | Pierre de | Courcis | Pierre | de,"Robinton faisait de son mieux pour adoucir les diktats du jeune Seigneur, insinuant qu’il était encore sous le coup de la mort tragique de son père, mais que, quoique bien formé et compétent, il lui manquait encore le doigté que seule l’expérience lui donnerait.",56277,7.0,mort,de
742.0,Pierre de Courcis | Pierre Courcis | de Courcis | Pierre de | Courcis | Pierre | de,Mais ses paroles de bienvenue moururent sur ses lèvres avant qu’il les ait prononcées.,56309,7.0,mourir,de
742.0,Pierre de Courcis | Pierre Courcis | de Courcis | Pierre de | Courcis | Pierre | de,"La Révolution précédente, son fiancé avait trouvé une mort tragique au cours d’une tempête au large de Nerat, un demi-mois avant leur mariage.",56731,7.0,mort,de
742.0,Pierre de Courcis | Pierre Courcis | de Courcis | Pierre de | Courcis | Pierre | de,"— Deux fois, dit-il, levant deux doigts calleux, les femmes ont dit que le Seigneur Faroguy devait être mort pour que de telles choses arrivent aux Hautes Terres.",57243,7.0,mort,de
742.0,Pierre de Courcis | Pierre Courcis | de Courcis | Pierre de | Courcis | Pierre | de,Et qu’elles croyaient que le Seigneur Faroguy était mort pour que de telles choses se produisent.,57308,7.0,mort,de
742.0,Pierre de Courcis | Pierre Courcis | de Courcis | Pierre de | Courcis | Pierre | de,"Et quand la dernière note de Merelan mourut doucement – comme son espoir –, il lança la harpe par-dessus bord, pour qu’elle rejoigne le corps de son épouse qui s’enfonçait lentement.",58263,7.0,mourir,de
742.0,Pierre de Courcis | Pierre Courcis | de Courcis | Pierre de | Courcis | Pierre | de,Il reprit fugitivement conscience quand Melongel et Minnarden lui annoncèrent qu’ils avaient maintenant la preuve de la mort de Faroguy.,58375,7.0,mort,de
742.0,Pierre de Courcis | Pierre Courcis | de Courcis | Pierre de | Courcis | Pierre | de,"C’était la première fois qu’il ressentait cela, neuf mois après la mort de Kasia.",58617,7.0,mort,de
742.0,Pierre de Courcis | Pierre Courcis | de Courcis | Pierre de | Courcis | Pierre | de,Larna était morte deux jours après la naissance de Fallarnon.,58706,7.0,mourir,de
742.0,Pierre de Courcis | Pierre Courcis | de Courcis | Pierre de | Courcis | Pierre | de,"S’il avait trouvé affreux les jours ayant suivi la mort de son épouse, ceux qu’il vécut pendant que sa mère perdait lentement ses forces, puis jusqu’à son souffle, furent encore pires.",58845,7.0,mort,de
742.0,Pierre de Courcis | Pierre Courcis | de Courcis | Pierre de | Courcis | Pierre | de,"Robinton regarda l’homme qui était son père, et pensa que Petiron prenait la mort de sa femme comme un affront personnel.",58865,7.0,mort,de
742.0,Pierre de Courcis | Pierre Courcis | de Courcis | Pierre de | Courcis | Pierre | de,"Puis il se remit à sangloter, tellement anéanti par la mort de Merelan que Robinton, sans réfléchir, contourna le lit et prit son père dans ses bras pour le réconforter.",58884,7.0,mort,de
742.0,Pierre de Courcis | Pierre Courcis | de Courcis | Pierre de | Courcis | Pierre | de,Sa mort le métamorphosa sans doute comme elle aurait souhaité qu’il se métamorphose de son vivant.,58887,7.0,mort,de
742.0,Pierre de Courcis | Pierre Courcis | de Courcis | Pierre de | Courcis | Pierre | de,"Quand il pouvait, il adressait un message tambouriné au Weyr de Benden, pour demander l’aide de F’lon – et écoutait le chevalier-dragon s’extasier sur son fils, maintenant élevé par Manora, la jeune fille si pleine de dignité qu’il avait remarquée le jour où S’loner et Maidir étaient morts.",58916,7.0,mort,de
742.0,Pierre de Courcis | Pierre Courcis | de Courcis | Pierre de | Courcis | Pierre | de,"ne s’étaient jamais réunis en Conseil pour confirmer sa succession au gouvernement des Hautes Terres, usurpant la place de Bargen, seul fils survivant du vieux Seigneur – si toutefois il n’était pas mort.",58962,7.0,mort,de
742.0,Pierre de Courcis | Pierre Courcis | de Courcis | Pierre de | Courcis | Pierre | de,"M’odon, le plus vieux de ses chevaliers, mourut paisiblement dans son sommeil.",59014,7.0,mourir,de
742.0,Pierre de Courcis | Pierre Courcis | de Courcis | Pierre de | Courcis | Pierre | de,"Vingt-quatre chevaliers moururent de la fièvre, et le Weyr retentit des lamentations funèbres des dragons survivants.",59016,7.0,mourir,de
742.0,Pierre de Courcis | Pierre Courcis | de Courcis | Pierre de | Courcis | Pierre | de,"– d’une force qu’il ne s’imaginait pas capable de ressentir, beaucoup plus profonde et plus primitive que celle qui l’avait étreint après la mort de Kasia.",59073,7.0,mort,de
742.0,Pierre de Courcis | Pierre Courcis | de Courcis | Pierre de | Courcis | Pierre | de,"— Tu n’es pas près de nous quitter, Gennell, dit-il avec un rire désinvolte qui mourut devant l’expression de Gennell.",59110,7.0,mourir,de
742.0,Pierre de Courcis | Pierre Courcis | de Courcis | Pierre de | Courcis | Pierre | de,"Il mourut deux jours plus tard, dans des souffrances terribles que des doses massives de fellis et des applications de pommade analgésique sur l’abdomen ne parvinrent pas à adoucir.",59245,7.0,mourir,de
742.0,Pierre de Courcis | Pierre Courcis | de Courcis | Pierre de | Courcis | Pierre | de,"— Pas de mutilation, pas de viol, juste la mort, murmura Ginia, quittant avec lassitude le théâtre de cette tragédie.",59246,7.0,mort,de
742.0,Pierre de Courcis | Pierre Courcis | de Courcis | Pierre de | Courcis | Pierre | de,"Elle avait le bon sens de ne jamais parler de la tristesse qui persistait dans ses yeux, mais il savait que le souvenir de Kasia ne s’était pas estompé depuis dix Révolutions qu’elle était morte.",59268,7.0,mourir,de
742.0,Pierre de Courcis | Pierre Courcis | de Courcis | Pierre de | Courcis | Pierre | de,Robinton lui était redevable pour le soutien qu’elle lui avait apporté après la mort de Kasia.,59450,7.0,mort,de
742.0,Pierre de Courcis | Pierre Courcis | de Courcis | Pierre de | Courcis | Pierre | de,"Oterel, confirmé au Conclave qui suivit la mort de son père, multiplia les postes de garde à ses frontières.",59516,7.0,mort,de
742.0,Pierre de Courcis | Pierre Courcis | de Courcis | Pierre de | Courcis | Pierre | de,"Un spasme violent parcourut le corps de F’lon, et il mourut.",60091,7.0,mourir,de
742.0,Pierre de Courcis | Pierre Courcis | de Courcis | Pierre de | Courcis | Pierre | de,Un silence de mort s’abattit sur la Fête.,60093,7.0,mort,de
742.0,Pierre de Courcis | Pierre Courcis | de Courcis | Pierre de | Courcis | Pierre | de,"Par la Coquille, ils ont dû organiser cet assaut depuis l’annulation de la dernière Fête de Telgar, à la mort de Grogellan.",60202,7.0,mort,de
742.0,Pierre de Courcis | Pierre Courcis | de Courcis | Pierre de | Courcis | Pierre | de,"Il y avait des rixes parmi ses gardes, qui se soldaient généralement par plusieurs morts, souvent de ses capitaines et intendants les plus brutaux.",60511,7.0,mort,de
742.0,Pierre de Courcis | Pierre Courcis | de Courcis | Pierre de | Courcis | Pierre | de,De longues traînées rouges attestaient que les morts avaient été tirés hors du Fort et sur les marches du perron avant d’arriver là.,60631,7.0,mort,de
742.0,Pierre de Courcis | Pierre Courcis | de Courcis | Pierre de | Courcis | Pierre | de,"Sangel semblait prêt à exploser, Groghe était livide de rage, Oterel était blanc comme un mort, Vendross fronçait les sourcils, le jeune Larad parvenait à prendre l’air résolu.",60728,7.0,mort,de
742.0,Pierre de Courcis | Pierre Courcis | de Courcis | Pierre de | Courcis | Pierre | de,"Et moi, je meurs de faim.",60755,7.0,mourir,de
742.0,Pierre de Courcis | Pierre Courcis | de Courcis | Pierre de | Courcis | Pierre | de,Repensant à la façon dont Jora se gorgeait de nourriture à la dernière Éclosion – qui remontait maintenant à des Révolutions – Robinton avait cru sans mal qu’elle était morte d’indigestion.,60948,7.0,mourir,de
742.0,Pierre de Courcis | Pierre Courcis | de Courcis | Pierre de | Courcis | Pierre | de,Il y avait eu si peu de couvées et d’Empreintes depuis la mort de S’loner…,60959,7.0,mort,de
742.0,Pierre de Courcis | Pierre Courcis | de Courcis | Pierre de | Courcis | Pierre | de,"Les hommes de Fax, mécontents que leur Dame soit morte, grommelaient, mais Fax semblait plutôt content.",61353,7.0,mourir,de
742.0,Pierre de Courcis | Pierre Courcis | de Courcis | Pierre de | Courcis | Pierre | de,"À l’évidence, les hommes de Fax se réjouissaient d’une bonne bagarre, couronnée par la mort de cet adversaire sans méfiance.",61407,7.0,mort,de
742.0,Pierre de Courcis | Pierre Courcis | de Courcis | Pierre de | Courcis | Pierre | de,"— Je ne sais pour toi, mais je meurs de faim et… tiens, voici du pain…",61492,7.0,mourir,de
742.0,Pierre de Courcis | Pierre Courcis | de Courcis | Pierre de | Courcis | Pierre | de,Ils ne pouvaient pas manquer de comprendre que la protection de Fax était morte avec lui.,61535,7.0,mourir,de
742.0,Pierre de Courcis | Pierre Courcis | de Courcis | Pierre de | Courcis | Pierre | de,"Et il est vigoureux, dit la sage-femme, bien qu’il soit prématuré et qu’on l’ait sorti en force du ventre de sa mère déjà morte.",61593,7.0,mourir,de
742.0,Pierre de Courcis | Pierre Courcis | de Courcis | Pierre de | Courcis | Pierre | de,"Il devait bien rester quelque chose de mangeable sur la carcasse rôtie, et il avait l’intention d’en profiter avant de mourir d’inanition.",61604,7.0,mourir,de
742.0,Pierre de Courcis | Pierre Courcis | de Courcis | Pierre de | Courcis | Pierre | de,"— Le Fort vient juste de se lever de table, Seigneur F’lar, si… suggéra Fax, dont la voix mourut devant le sourire de refus de F’lar.",61896,8.0,mourir,de
742.0,Pierre de Courcis | Pierre Courcis | de Courcis | Pierre de | Courcis | Pierre | de,"Personne n’y commettait jamais de maladresse en voyageant dans l’Interstice pour y disparaître à jamais, et aucune bête ne mourait, obligeant un homme sans dragon à s’exiler du Weyr, une partie de lui-même définitivement morte.",62064,8.0,mourir,de
742.0,Pierre de Courcis | Pierre Courcis | de Courcis | Pierre de | Courcis | Pierre | de,"Un de ses camarades avait piqué pour rattraper le chevalier, mais le dragon vert, le corps brûlé, l’aile gauche carbonisée, était mort du choc et de l’empoisonnement provoqué par la phosphine.",62070,8.0,mourir,de
742.0,Pierre de Courcis | Pierre Courcis | de Courcis | Pierre de | Courcis | Pierre | de,"Alors, il s’arrange pour qu’elle soit toujours enceinte, espérant qu’elle mourra en couches un de ces jours.",62127,8.0,mourir,de
742.0,Pierre de Courcis | Pierre Courcis | de Courcis | Pierre de | Courcis | Pierre | de,"Les meilleures sont mortes dans le lit de Fax, ou on les a éloignées.",62146,8.0,mort,de
742.0,Pierre de Courcis | Pierre Courcis | de Courcis | Pierre de | Courcis | Pierre | de,"Eh bien, chevalier-bronze, apprenez que tout le sang de Ruath est mort.",62162,8.0,mort,de
742.0,Pierre de Courcis | Pierre Courcis | de Courcis | Pierre de | Courcis | Pierre | de,— Les conscrits de Ruatha meurent de maladies étranges.,62172,8.0,mourir,de
742.0,Pierre de Courcis | Pierre Courcis | de Courcis | Pierre de | Courcis | Pierre | de,"Non qu’il eût le moins du monde regretté la mort de Fax, mais il n’aurait pas voulu qu’elle soit provoquée par l’haleine de Mnementh.",62313,8.0,mort,de
742.0,Pierre de Courcis | Pierre Courcis | de Courcis | Pierre de | Courcis | Pierre | de,"— Et mourir de faim le reste de l’année, remarqua ironiquement F’lar, laissant son regard errer sur la vallée.",62322,8.0,mourir,de
742.0,Pierre de Courcis | Pierre Courcis | de Courcis | Pierre de | Courcis | Pierre | de,"Il avait accompli beaucoup plus de choses que les autres, et Lessa avait sincèrement regretté la nécessité de sa mort.",62444,8.0,mort,de
742.0,Pierre de Courcis | Pierre Courcis | de Courcis | Pierre de | Courcis | Pierre | de,"Sa phrase mourut sur ses lèvres, et ses yeux s’arrondirent de frayeur.",62638,8.0,mourir,de
742.0,Pierre de Courcis | Pierre Courcis | de Courcis | Pierre de | Courcis | Pierre | de,"Tout l’honneur de Pern était-il mort, étouffé sous les herbes ?",62811,8.0,mort,de
742.0,Pierre de Courcis | Pierre Courcis | de Courcis | Pierre de | Courcis | Pierre | de,"Sa colère était telle qu’elle en avait oublié toute discrétion, mais cela n’avait pas d’importance, car cette femme était près de mourir.",62902,8.0,mourir,de
742.0,Pierre de Courcis | Pierre Courcis | de Courcis | Pierre de | Courcis | Pierre | de,"Pas au moment où, en provoquant la mort de Fax, elle pouvait non seulement venger les torts qu’on lui avait faits, mais aussi ceux faits à Dame Gemma.",62944,8.0,mort,de
742.0,Pierre de Courcis | Pierre Courcis | de Courcis | Pierre de | Courcis | Pierre | de,"Un sourire, assez semblable à celui de la morte, se dessina sur les lèvres de Lessa, comme elle se hâtait de descendre vers le Hall.",62954,8.0,mort,de
742.0,Pierre de Courcis | Pierre Courcis | de Courcis | Pierre de | Courcis | Pierre | de,"L’avant-courrière de la mort sanglotait, affaissée aux pieds de Fax.",62958,8.0,mort,de
742.0,Pierre de Courcis | Pierre Courcis | de Courcis | Pierre de | Courcis | Pierre | de,"— Oui, et c’est un bébé vigoureux, dit la femme, surtout pour un enfant prématuré qu’on a retiré de force du ventre de sa mère morte.",63157,8.0,mourir,de
742.0,Pierre de Courcis | Pierre Courcis | de Courcis | Pierre de | Courcis | Pierre | de,"Quelque chose dans son attitude lui apprit qu’elle regrettait la mort de Dame Gemma, qu’elle en avait été profondément affectée.",63193,8.0,mort,de
742.0,Pierre de Courcis | Pierre Courcis | de Courcis | Pierre de | Courcis | Pierre | de,"Vous êtes arrivée à vos fins : une conquête sans profit, et la mort de son conquérant.",63196,8.0,mort,de
742.0,Pierre de Courcis | Pierre Courcis | de Courcis | Pierre de | Courcis | Pierre | de,"— Je n’ai jamais vu plus loin que la mort de Fax, concéda-t-elle lentement.",63263,8.0,mort,de
742.0,Pierre de Courcis | Pierre Courcis | de Courcis | Pierre de | Courcis | Pierre | de,"Et pourtant, si jeune, elle s’était fixé un but, et elle avait réussi à survivre, à la fois à la brutalité et à la détection, assez longtemps pour assurer la mort de l’usurpateur.",63269,8.0,mort,de
742.0,Pierre de Courcis | Pierre Courcis | de Courcis | Pierre de | Courcis | Pierre | de,"Fax mort, et Ruatha sous la protection des chevaliers-dragons, surtout de celui-là même qui avait expédié Fax en l’autre monde, le Fort serait en sécurité et pourrait prospérer sous une sage administration.",63309,8.0,mort,de
742.0,Pierre de Courcis | Pierre Courcis | de Courcis | Pierre de | Courcis | Pierre | de,"Tous les dragons émirent en même temps la note aiguë, mystérieuse, terrifiante, et presque inaudible par laquelle ils annonçaient la mort de leurs pairs.",63366,8.0,mort,de
742.0,Pierre de Courcis | Pierre Courcis | de Courcis | Pierre de | Courcis | Pierre | de,Mnementh lui dit avec hauteur qu’il était convenable et décent de saluer la mort d’une personnalité loyale et sacrifiée.,63426,8.0,mort,de
742.0,Pierre de Courcis | Pierre Courcis | de Courcis | Pierre de | Courcis | Pierre | de,Et en deuil pour la mort de Dame Gemma.,63454,8.0,mort,de
742.0,Pierre de Courcis | Pierre Courcis | de Courcis | Pierre de | Courcis | Pierre | de,Nemorth est à un cheveu de la mort.,63473,8.0,mort,de
742.0,Pierre de Courcis | Pierre Courcis | de Courcis | Pierre de | Courcis | Pierre | de,"Au moment où l’idée lui avait été suggérée et insidieusement imposée par le chevalier-dragon, elle s’était sentie capable de tout, parce qu’elle était enfin arrivée à provoquer la mort de Fax.",63663,8.0,mort,de
742.0,Pierre de Courcis | Pierre Courcis | de Courcis | Pierre de | Courcis | Pierre | de,"Elle chasserait le fils de Dame Gemma et prendrait le commandement de Ruatha, comme elle aurait dû le faire à la mort de Fax.",64073,8.0,mort,de
742.0,Pierre de Courcis | Pierre Courcis | de Courcis | Pierre de | Courcis | Pierre | de,"Quand son maître mourait, un dragon disparaissait dans l’Interstice, ce néant glacé à travers lequel un dragon passait, avec son maître, instantanément, d’un point de Pern à l’autre.",64081,8.0,mourir,de
742.0,Pierre de Courcis | Pierre Courcis | de Courcis | Pierre de | Courcis | Pierre | de,Lessa qu’elle mourait de faim.,64387,8.0,mourir,de
742.0,Pierre de Courcis | Pierre Courcis | de Courcis | Pierre de | Courcis | Pierre | de,"À la mort de Fax, Telgar s’est mis au premier plan de l’agitation croissante.",64522,8.0,mort,de
742.0,Pierre de Courcis | Pierre Courcis | de Courcis | Pierre de | Courcis | Pierre | de,"Depuis la mort de Fax, tous les Seigneurs ont leurs gardes en armes.",64659,8.0,mort,de
742.0,Pierre de Courcis | Pierre Courcis | de Courcis | Pierre de | Courcis | Pierre | de,"Trop confiante en elle pour avoir provoqué la mort de Fax, elle voyait maintenant que cette même arrogance avait amené le Weyr au bord de l’abîme.",64865,8.0,mort,de
742.0,Pierre de Courcis | Pierre Courcis | de Courcis | Pierre de | Courcis | Pierre | de,Et la mort de Fax !,65332,8.0,mort,de
742.0,Pierre de Courcis | Pierre Courcis | de Courcis | Pierre de | Courcis | Pierre | de,Le temps de l’Alerte a sonné : Que les Fils de mort soient calcinés.,65549,8.0,mort,de
742.0,Pierre de Courcis | Pierre Courcis | de Courcis | Pierre de | Courcis | Pierre | de,"Si lui, F’lar, avait seulement eu quelques années de plus quand F’lon, son père, était mort…",65779,8.0,mort,de
742.0,Pierre de Courcis | Pierre Courcis | de Courcis | Pierre de | Courcis | Pierre | de,"C’était Fax l’envahisseur, maintenant mort depuis trois Révolutions, Fax et ses hommes au moment où ils avaient lancé leur attaque, près de treize Révolutions auparavant.",66137,8.0,mort,de
742.0,Pierre de Courcis | Pierre Courcis | de Courcis | Pierre de | Courcis | Pierre | de,"Maintenant, ses pensées le ramenaient inéluctablement à ce jour d’été où Hath, le dragon-bronze de R’gul, avait pris son vol pour s’accoupler à la grotesque Nemorth, et où R’gul était devenu Chef du Weyr à la place de F’lon, le père décédé de F’lar.",66355,8.0,deceder,de
742.0,Pierre de Courcis | Pierre Courcis | de Courcis | Pierre de | Courcis | Pierre | de,"Y compris le fait très improbable qu’une enfant de onze Révolutions, morte de peur, complote la vengeance de sa famille, et, contre toute attente, réussisse.",66418,8.0,mort,de
742.0,Pierre de Courcis | Pierre Courcis | de Courcis | Pierre de | Courcis | Pierre | de,— C’est parce que je n’avais jamais réfléchi à ce que je ferais de ma vie quand je verrais Fax mort à mes pieds.,66440,8.0,mort,de
742.0,Pierre de Courcis | Pierre Courcis | de Courcis | Pierre de | Courcis | Pierre | de,"La seule façon de partir dans l’Interstice pour toujours, c’est de mourir, d’accord ?",66507,8.0,mourir,de
742.0,Pierre de Courcis | Pierre Courcis | de Courcis | Pierre de | Courcis | Pierre | de,"Donc, il s’agit d’une vision de mort, soigneusement enregistrée par le petit-fils, qui ne savait pas très bien écrire.",66509,8.0,mort,de
742.0,Pierre de Courcis | Pierre Courcis | de Courcis | Pierre de | Courcis | Pierre | de,"— Et pour le reste, après les trois mots sans queue ni tête, comme toutes les visions de mort, cela « explique » ce que tout le monde a toujours su.",66512,8.0,mort,de
742.0,Pierre de Courcis | Pierre Courcis | de Courcis | Pierre de | Courcis | Pierre | de,"Toutefois… puisqu’elle avait causé, quoique involontairement, la mort de sa mère et qu’elle ne pouvait pas à la fois être Dame du Weyr et gouverner un Fort, il était logique que Jaxom, fils de Dame Gemma, fût Seigneur de Ruatha.",66713,8.0,mort,de
742.0,Pierre de Courcis | Pierre Courcis | de Courcis | Pierre de | Courcis | Pierre | de,Sa voix mourut sous le regard accusateur et froid de F’lar.,66871,8.0,mourir,de
742.0,Pierre de Courcis | Pierre Courcis | de Courcis | Pierre de | Courcis | Pierre | de,"Était-ce bien judicieux de les envoyer tous à une mort possible dans l’Interstice, dans cet effort pour devancer les Fils à Nerat ?",67008,8.0,mort,de
742.0,Pierre de Courcis | Pierre Courcis | de Courcis | Pierre de | Courcis | Pierre | de,"Un silence de mort s’était abattu sur le Weyr, rompu seulement par les battements des ailes de Ramoth.",67226,8.0,mort,de
742.0,Pierre de Courcis | Pierre Courcis | de Courcis | Pierre de | Courcis | Pierre | de,Combien d’autres mourraient au cours de cette cruelle Révolution ?,67259,8.0,mourir,de
742.0,Pierre de Courcis | Pierre Courcis | de Courcis | Pierre de | Courcis | Pierre | de,"C’gan était le seul mort, mais quatre dragons de plus avaient été gravement blessés à Keroon, et sept hommes sérieusement brûlés, immobilisés pour des mois.",67281,8.0,mort,de
742.0,Pierre de Courcis | Pierre Courcis | de Courcis | Pierre de | Courcis | Pierre | de,"nous ne sommes plus que des ombres, comme des hommes sans dragon, une part de nous-mêmes morte à jamais.",67475,8.0,mort,de
742.0,Pierre de Courcis | Pierre Courcis | de Courcis | Pierre de | Courcis | Pierre | de,F’lar regarda d’un air significatif les Seigneurs qui s’étaient partagé les dépouilles des sept Forts de Fax après sa mort.,67804,8.0,mort,de
742.0,Pierre de Courcis | Pierre Courcis | de Courcis | Pierre de | Courcis | Pierre | de,"Après la mort de C’gan, on avait suspendu son instrument dans la Salle du Conseil, en attendant le choix d’un nouveau Troubadour du Weyr.",67911,8.0,mort,de
742.0,Pierre de Courcis | Pierre Courcis | de Courcis | Pierre de | Courcis | Pierre | de,"— Dans les Archives de Benden, il n’est pas question de maladie, mort, feu ou désastre quelconque, pas un mot d’explication pour la cessation soudaine des rapports normaux avec les autres Weyrs.",67942,8.0,mort,de
742.0,Pierre de Courcis | Pierre Courcis | de Courcis | Pierre de | Courcis | Pierre | de,"J’ai failli mourir de rire, remarqua Robinton avec un grand sourire.",67959,8.0,mourir,de
742.0,Pierre de Courcis | Pierre Courcis | de Courcis | Pierre de | Courcis | Pierre | de,Combien de jeunes arbres vont encore mourir dans ce seul verger ?,68266,8.0,mourir,de
742.0,Pierre de Courcis | Pierre Courcis | de Courcis | Pierre de | Courcis | Pierre | de,"Tous, dragons, chevaliers, gens du Weyr, ils ne sont pas morts de mort subite au même instant sans même laisser une seule carcasse pourrir au soleil !",68378,8.0,mort,de
742.0,Pierre de Courcis | Pierre Courcis | de Courcis | Pierre de | Courcis | Pierre | de,"Froid comme la mort, Porteur de mort et comme elle glacé, Sans guide aucun, reste et meurs,",68574,8.0,mort,de
742.0,Pierre de Courcis | Pierre Courcis | de Courcis | Pierre de | Courcis | Pierre | de,"Maintenant, cela faisait près de quatre mois qu’ils devaient se contenter des patrouilles de routine dont la monotonie les ennuyait à mourir.",68799,8.0,mourir,de
742.0,Pierre de Courcis | Pierre Courcis | de Courcis | Pierre de | Courcis | Pierre | de,"J’en ai déjà assez de la vie tranquille que nous autres, chevaliers-dragons devons mener après que l’Étoile Rouge a fini son Passage, jusqu’à ce que nous allions mourir dans l’Interstice dans notre vieillesse.",68847,8.0,mourir,de
742.0,Pierre de Courcis | Pierre Courcis | de Courcis | Pierre de | Courcis | Pierre | de,"Fax était mort de la main de F’lar, et elle était partie pour le Weyr de Benden.",68893,8.0,mourir,de
742.0,Pierre de Courcis | Pierre Courcis | de Courcis | Pierre de | Courcis | Pierre | de,"– cinquante jours de danger pleuvant des cieux – et, de nouveau, les Pernais bénirent leurs ancêtres, maintenant morts depuis des générations, pour leur avoir légué les dragons brûlant en plein ciel de leur haleine enflammée les Fils tombant de l’Étoile Rouge.",69314,9.0,mort,de
742.0,Pierre de Courcis | Pierre Courcis | de Courcis | Pierre de | Courcis | Pierre | de,"Les cinq Weyrs, voyant que l’avenir ne leur promettait que le déclin de leur prestige, s’ennuyaient à mourir d’inaction après une vie entière de combats exaltants.",69363,9.0,mourir,de
742.0,Pierre de Courcis | Pierre Courcis | de Courcis | Pierre de | Courcis | Pierre | de,"Il était pratiquement impossible de contrôler un dragon fou, et la mort d’un dragon bouleversait son Weyr tout entier.",69906,9.0,mort,de
742.0,Pierre de Courcis | Pierre Courcis | de Courcis | Pierre de | Courcis | Pierre | de,Comment pouvait-elle oublier qu’elle avait failli mourir à la naissance de Felessan ?,70756,9.0,mourir,de
742.0,Pierre de Courcis | Pierre Courcis | de Courcis | Pierre de | Courcis | Pierre | de,Et les excuses de Lessa moururent dans sa bouche comme elle se retournait pour saisir un pot de baume.,71119,9.0,mourir,de
742.0,Pierre de Courcis | Pierre Courcis | de Courcis | Pierre de | Courcis | Pierre | de,"Pourquoi, se demanda soudain F’nor, alors qu’il venait seulement de réaliser la véracité de la légende des lézards de feu, souffrait-il de leur mort ?",71746,9.0,mort,de
742.0,Pierre de Courcis | Pierre Courcis | de Courcis | Pierre de | Courcis | Pierre | de,"Un père qu’il n’avait jamais vu, une mère morte en le mettant au monde l’avaient fait Seigneur de Ruatha, bien que sa mère fût originaire du Fort de Crom, et Fax, son père, des Hautes Terres.",71946,9.0,mourir,de
742.0,Pierre de Courcis | Pierre Courcis | de Courcis | Pierre de | Courcis | Pierre | de,qu’un homme perdait la moitié de son âme quand son dragon mourait et qu’il demeurait seul parmi les vivants.,71961,9.0,mourir,de
742.0,Pierre de Courcis | Pierre Courcis | de Courcis | Pierre de | Courcis | Pierre | de,Ni le Maître ni moi ne tenons aux secrets cabalistiques et inviolables qu’un père transmet à son fils sur son lit de mort…,73486,9.0,mort,de
742.0,Pierre de Courcis | Pierre Courcis | de Courcis | Pierre de | Courcis | Pierre | de,"Ils se sont levés trop souvent pour répondre aux alarmes, ils ont vu trop d’amis et de dragons mourir, brûlés par les Fils.",73519,9.0,mourir,de
742.0,Pierre de Courcis | Pierre Courcis | de Courcis | Pierre de | Courcis | Pierre | de,"Un silence de mort s’abattit sur l’assemblée tandis que F’lar et Lessa remettaient des paquets ronds enveloppés de feutre au Seigneur Asgenar et à sa fiancée, Dame Famira.",75153,9.0,mort,de
742.0,Pierre de Courcis | Pierre Courcis | de Courcis | Pierre de | Courcis | Pierre | de,"Car il s’agissait d’un duel à mort, et son issue pouvait très bien décider du sort de Pern.",75522,9.0,mort,de
742.0,Pierre de Courcis | Pierre Courcis | de Courcis | Pierre de | Courcis | Pierre | de,"F’lar sentait le soleil cuisant sur sa nuque, les pierres dures sous ses pieds, le silence de mort de la grande Cour, les odeurs des fleurs de fellis écrasées, des vins renversés, de la friture, de la sueur – et de la peur.",75527,9.0,mort,de
742.0,Pierre de Courcis | Pierre Courcis | de Courcis | Pierre de | Courcis | Pierre | de,Et la mort publique de F’lar laisserait les Seigneurs Modernes sans aucun Chef de Weyr sympathique à leur cause.,75548,9.0,mort,de
742.0,Pierre de Courcis | Pierre Courcis | de Courcis | Pierre de | Courcis | Pierre | de,"Les paroles du vieux C’gan, l’instructeur des Aspirants, mort depuis sept Révolutions, résonnaient encore dans l’esprit de F’lar.",75555,9.0,mort,de
742.0,Pierre de Courcis | Pierre Courcis | de Courcis | Pierre de | Courcis | Pierre | de,"Il était toujours l’individu crucial, le plus âgé des Anciens qui restaient, et, s’il s’était refroidi après les événements tumultueux de la veille et avait changé d’avis en dormant, la proposition qu’allait faire F’lar pourrait bien mourir dans l’œuf.",76102,9.0,mourir,de
742.0,Pierre de Courcis | Pierre Courcis | de Courcis | Pierre de | Courcis | Pierre | de,"Poussant un sifflement à cette trahison, elle fut incapable de réaliser que Canth, en fait, tentait de la sauver d’une mort certaine sur les hautes montagnes dangereusement proches.",76736,9.0,mort,de
742.0,Pierre de Courcis | Pierre Courcis | de Courcis | Pierre de | Courcis | Pierre | de,Le cri de mort de Wirenth s’arrêta quand l’air commença à lui manquer.,76739,9.0,mort,de
742.0,Pierre de Courcis | Pierre Courcis | de Courcis | Pierre de | Courcis | Pierre | de,Que tout Pern était encore frappé de stupeur au combat et à la mort des deux Reines.,77022,9.0,mort,de
742.0,Pierre de Courcis | Pierre Courcis | de Courcis | Pierre de | Courcis | Pierre | de,"Robinton admira l’aplomb de cet homme, qui apparaissait en public à peine six jours après avoir été compromis dans la mort de deux Reines dragons.",77152,9.0,mort,de
742.0,Pierre de Courcis | Pierre Courcis | de Courcis | Pierre de | Courcis | Pierre | de,La mort d’un dragon se voit-elle vraiment compensée par quelques aunes de tissu ou un bouc étique ?,77450,9.0,mort,de
742.0,Pierre de Courcis | Pierre Courcis | de Courcis | Pierre de | Courcis | Pierre | de,Comment savons-nous si nous ne trouverons pas dans les taches noires de la planète les os de dragons et de chevaliers morts depuis longtemps ?,77457,9.0,mort,de
742.0,Pierre de Courcis | Pierre Courcis | de Courcis | Pierre de | Courcis | Pierre | de,"Pourtant (et elle poussa un soupir théâtral), nous avons été bien tentés de le punir pour le rôle qu’il a joué dans la mort des deux Reines.",77518,9.0,mort,de
742.0,Pierre de Courcis | Pierre Courcis | de Courcis | Pierre de | Courcis | Pierre | de,"Elle a causé la mort de deux Reines, et vous ne faites rien…",77528,9.0,mort,de
742.0,Pierre de Courcis | Pierre Courcis | de Courcis | Pierre de | Courcis | Pierre | de,"Mais il était un enfant logique, et la mort des deux Reines n’était pas survenue à Ruatha, ni au-dessus du Weyr de Fort, dont le Fort de Ruatha était vassal.",77902,9.0,mort,de
742.0,Pierre de Courcis | Pierre Courcis | de Courcis | Pierre de | Courcis | Pierre | de,"Jaxom vit Lytol fermer les siens, il vit la réalité de la perte terrible de Lytol gravée sur son visage, aussi torturé aujourd’hui qu’au jour où son Larth était mort de ses brûlures de phosphine.",78134,9.0,mourir,de
742.0,Pierre de Courcis | Pierre Courcis | de Courcis | Pierre de | Courcis | Pierre | de,"– s’était arrangé pour se saouler à mort grâce aux soins attentifs de Robinton, qui avait suivi le train, verre pour verre.",78427,9.0,mort,de
742.0,Pierre de Courcis | Pierre Courcis | de Courcis | Pierre de | Courcis | Pierre | de,Les chevaliersdragons n’infligent pas la peine de mort !,79066,9.0,mort,de
742.0,Pierre de Courcis | Pierre Courcis | de Courcis | Pierre de | Courcis | Pierre | de,"Si vous ne revenez pas, nous chanterons des hymnes funèbres en l’honneur de votre mort.",79275,9.0,mort,de
742.0,Pierre de Courcis | Pierre Courcis | de Courcis | Pierre de | Courcis | Pierre | de,"(Elle fit à F’nor la surprise d’un petit sourire, le premier depuis la mort de Wirenth.)",79359,9.0,mort,de
742.0,Pierre de Courcis | Pierre Courcis | de Courcis | Pierre de | Courcis | Pierre | de,Elle avait retenu ses larmes depuis la mort du harpiste parce qu’elle savait qu’elle devrait être capable de chanter son élégie et qu’il est impossible de chanter quand les pleurs vous étouffent la gorge.,80130,10.0,mort,de
742.0,Pierre de Courcis | Pierre Courcis | de Courcis | Pierre de | Courcis | Pierre | de,À présent le maître harpiste devait être averti de la mort de Petiron et avait sans doute dépêché un nouveau harpiste.,80471,10.0,mort,de
742.0,Pierre de Courcis | Pierre Courcis | de Courcis | Pierre de | Courcis | Pierre | de,Elle le porta en bas des marches tandis qu’il se plaignait de gens qui étaient morts avant qu’elle ne vit le jour.,80829,10.0,mort,de
742.0,Pierre de Courcis | Pierre Courcis | de Courcis | Pierre de | Courcis | Pierre | de,Les tantes se tournèrent alors vers Menolly et l’engagèrent à le gaver afin de lui assurer une mort prématurée.,80885,10.0,mort,de
742.0,Pierre de Courcis | Pierre Courcis | de Courcis | Pierre de | Courcis | Pierre | de,"Si les lézards morts étaient à ce point formés, les œufs étaient proches de l’éclosion.",81386,10.0,mort,de
742.0,Pierre de Courcis | Pierre Courcis | de Courcis | Pierre de | Courcis | Pierre | de,Bon nombre de cavaliers avaient été blessés à mort ainsi que leurs dragons.,81526,10.0,mort,de
742.0,Pierre de Courcis | Pierre Courcis | de Courcis | Pierre de | Courcis | Pierre | de,"Les petites bêtes paraissaient encore mourir de faim, criant, fouillant les pinces et les carapaces en essayant de trouver quelques lambeaux oubliés.",81813,10.0,mourir,de
742.0,Pierre de Courcis | Pierre Courcis | de Courcis | Pierre de | Courcis | Pierre | de,Elle partageait d’autant plus les pensées affamées de tous les lézards qu’elle-même mourait de faim.,81822,10.0,mourir,de
742.0,Pierre de Courcis | Pierre Courcis | de Courcis | Pierre de | Courcis | Pierre | de,Dommage que le vieil homme fût mort avant d’avoir reçu le message de Robinton.,82012,10.0,mort,de
742.0,Pierre de Courcis | Pierre Courcis | de Courcis | Pierre de | Courcis | Pierre | de,Elle avait passé beaucoup de temps à faire sécher des algues et ramasser des buissons morts de baies de marais pour en faire du combustible.,82122,10.0,mort,de
742.0,Pierre de Courcis | Pierre Courcis | de Courcis | Pierre de | Courcis | Pierre | de,"Elle avait cru, comme tout le monde lui semblait-il, qu’être à découvert lors d’une chute de Fils équivalait à une mort certaine.",82145,10.0,mort,de
742.0,Pierre de Courcis | Pierre Courcis | de Courcis | Pierre de | Courcis | Pierre | de,"La manière de penser du fort s’était figée en un verdict implacable : ne pas avoir d’abri pendant une chute de Fils, c’était la mort.",82147,10.0,mort,de
742.0,Pierre de Courcis | Pierre Courcis | de Courcis | Pierre de | Courcis | Pierre | de,Elle quêta le long de la côte des poissons morts et trouva un packtail échoué pendant la nuit.,82176,10.0,mort,de
742.0,Pierre de Courcis | Pierre Courcis | de Courcis | Pierre de | Courcis | Pierre | de,Ceci doit avoir été composé par cet adopté qui est parti à la mort de Petiron.,82317,10.0,mort,de
742.0,Pierre de Courcis | Pierre Courcis | de Courcis | Pierre de | Courcis | Pierre | de,Tu dois mourir de faim…,83150,10.0,mourir,de
742.0,Pierre de Courcis | Pierre Courcis | de Courcis | Pierre de | Courcis | Pierre | de,) C’était à mourir de rire.,83271,10.0,mourir,de
742.0,Pierre de Courcis | Pierre Courcis | de Courcis | Pierre de | Courcis | Pierre | de,"Cela me fend le cœur de la voir étendue là, affalée comme une morte vivante.",83862,10.0,mort,de
742.0,Pierre de Courcis | Pierre Courcis | de Courcis | Pierre de | Courcis | Pierre | de,"Cette enfant meurt de faim, Felena.",84160,10.0,mourir,de
742.0,Pierre de Courcis | Pierre Courcis | de Courcis | Pierre de | Courcis | Pierre | de,qu’il y en a assez pour un homme qui meurt de faim ?,84164,10.0,mourir,de
742.0,Pierre de Courcis | Pierre Courcis | de Courcis | Pierre de | Courcis | Pierre | de,"Nous nous sommes fait beaucoup de souci pour elle, depuis la mort de la reine.",84719,11.0,mort,de
742.0,Pierre de Courcis | Pierre Courcis | de Courcis | Pierre de | Courcis | Pierre | de,"Les apprentis répétaient la mélodie complexe par cœur, tout comme elle l’avait appris aux jeunes du fort de Mer du Demi-Cercle quand Petiron était tombé malade et, plus tard, après qu’il soit mort.",84826,11.0,mort,de
742.0,Pierre de Courcis | Pierre Courcis | de Courcis | Pierre de | Courcis | Pierre | de,"Menolly acquiesça, réduite un moment au silence, se reprochant, durant ces longs jours de chagrin solitaire après la mort de Petiron, d’avoir douté qu’il ait fait ce qu’il avait dit qu’il ferait.",85334,11.0,mort,de
742.0,Pierre de Courcis | Pierre Courcis | de Courcis | Pierre de | Courcis | Pierre | de,Elle avait espéré l’épouser après la mort de Merelan.,85437,11.0,mort,de
742.0,Pierre de Courcis | Pierre Courcis | de Courcis | Pierre de | Courcis | Pierre | de,Comme si Petiron avait pu prendre femme après la mort de Merelan !,85444,11.0,mort,de
742.0,Pierre de Courcis | Pierre Courcis | de Courcis | Pierre de | Courcis | Pierre | de,"— On ne meurt pas de faim à l’atelier de harpe, dit-il avec un large sourire.",85759,11.0,mourir,de
742.0,Pierre de Courcis | Pierre Courcis | de Courcis | Pierre de | Courcis | Pierre | de,Serait-ce avisé de dire maintenant aux harpistes qu’elle avait enseigné aux enfants après la mort de Petiron et avant l’arrivée du nouveau harpiste ?,87556,11.0,mort,de
742.0,Pierre de Courcis | Pierre Courcis | de Courcis | Pierre de | Courcis | Pierre | de,"Puis, bien sûr, et Menolly sentait aujourd’hui une boule de chagrin dans sa gorge, elle avait assumé l’ensemble des cours à la mort de Petiron car Yanus, qui connaissait son devoir envers le weyr, s’était alors rendu compte que les jeunes ne devaient pas oublier leurs Ballades d’Enseignement et leurs Chansons et qu’elle était la seule personne au fort dont on pouvait se passer pour la pêche.",87569,11.0,mort,de
742.0,Pierre de Courcis | Pierre Courcis | de Courcis | Pierre de | Courcis | Pierre | de,des cavaliers meurent de leurs efforts pour accomplir leur tâche.,87802,11.0,mourir,de
742.0,Pierre de Courcis | Pierre Courcis | de Courcis | Pierre de | Courcis | Pierre | de,"Ce qui a effrayé Menolly a aussi alerté le dragon de guet, et même les morts ont dû entendre ce wherry de garde hululer.",88160,11.0,mort,de
742.0,Pierre de Courcis | Pierre Courcis | de Courcis | Pierre de | Courcis | Pierre | de,"— Ça pourrait bien être la meilleure chose qui soit arrivée depuis que les reines sont mortes, dit-elle en essuyant des larmes de joie.",88454,11.0,mourir,de
742.0,Pierre de Courcis | Pierre Courcis | de Courcis | Pierre de | Courcis | Pierre | de,"Si je me rappelle les leçons de Shonagar, tu dois mourir de faim.",88636,11.0,mourir,de
742.0,Pierre de Courcis | Pierre Courcis | de Courcis | Pierre de | Courcis | Pierre | de,Je mourais de terreur que l’on me renvoie de l’atelier…,88670,11.0,mourir,de
742.0,Pierre de Courcis | Pierre Courcis | de Courcis | Pierre de | Courcis | Pierre | de,J’ai été tiré d’un profond sommeil et manqué mourir de peur.,89074,11.0,mourir,de
742.0,Pierre de Courcis | Pierre Courcis | de Courcis | Pierre de | Courcis | Pierre | de,il est mort de fatigue.,89116,11.0,mourir,de
742.0,Pierre de Courcis | Pierre Courcis | de Courcis | Pierre de | Courcis | Pierre | de,Ils ne me laissaient même pas chanter dans la grande salle de peur que le harpiste Elgion comprenne que c’était moi qui avait donné des leçons aux enfants après la mort de Petiron.,90316,11.0,mort,de
742.0,Pierre de Courcis | Pierre Courcis | de Courcis | Pierre de | Courcis | Pierre | de,J’aurais préféré mourir sous les Fils que passer une nuit de plus au Demi-Cercle…,90320,11.0,mourir,de
742.0,Pierre de Courcis | Pierre Courcis | de Courcis | Pierre de | Courcis | Pierre | de,"J’y ai à peine jeté un coup d’œil, alors que Piemur… La voix étonnée de l’apprenti mourut tandis que Piemur, lentement, pouvant à peine forcer ses pieds à se mouvoir, quittait la salle de chorale et se dirigeait vers le bureau de maître Shonagar, de l’autre côté de la cour.",91609,12.0,mourir,de
742.0,Pierre de Courcis | Pierre Courcis | de Courcis | Pierre de | Courcis | Pierre | de,Je meurs d’envie de goûter à mon klah et c’est toi que je nourris en premier.,91807,12.0,mourir,de
742.0,Pierre de Courcis | Pierre Courcis | de Courcis | Pierre de | Courcis | Pierre | de,"La tour des tambours était toujours occupée, à l’exception du « temps mort » : quatre heures au plus profond de la nuit, quand la partie orientale du continent était encore endormie et que la partie occidentale venait de se coucher.",92249,12.0,mort,de
742.0,Pierre de Courcis | Pierre Courcis | de Courcis | Pierre de | Courcis | Pierre | de,"Au cours de son éducation d’apprenti, il avait dû apprendre les battements d’identification des forts et ateliers les plus importants, ainsi que les signaux d’urgence, comme « chute de Fils », « feu », « mort »",92251,12.0,mort,de
742.0,Pierre de Courcis | Pierre Courcis | de Courcis | Pierre de | Courcis | Pierre | de,Assez pour charger à mort une bête de bât.,92354,12.0,mort,de
742.0,Pierre de Courcis | Pierre Courcis | de Courcis | Pierre de | Courcis | Pierre | de,Mais qui se préoccupe de sa mort après ce qu’il a fait à Pern ?,92796,12.0,mort,de
742.0,Pierre de Courcis | Pierre Courcis | de Courcis | Pierre de | Courcis | Pierre | de,"— Elle a été adoptée par Brekke, et Manora a toujours dit que ce sont les soins dévoués de Mirrim qui ont aidé Brekke à vivre après la mort de sa reine.",93242,12.0,mort,de
742.0,Pierre de Courcis | Pierre Courcis | de Courcis | Pierre de | Courcis | Pierre | de,La moitié des invités venant de l’Ouest va être morte de sommeil et aura besoin d’un petit déjeuner…,93258,12.0,mourir,de
742.0,Pierre de Courcis | Pierre Courcis | de Courcis | Pierre de | Courcis | Pierre | de,— Il est en train de mourir.,93914,12.0,mourir,de
742.0,Pierre de Courcis | Pierre Courcis | de Courcis | Pierre de | Courcis | Pierre | de,"— C’est sa mort qui va provoquer encore plus de problèmes, Silvina.",93919,12.0,mort,de
742.0,Pierre de Courcis | Pierre Courcis | de Courcis | Pierre de | Courcis | Pierre | de,Je meurs de faim.,94039,12.0,mourir,de
742.0,Pierre de Courcis | Pierre Courcis | de Courcis | Pierre de | Courcis | Pierre | de,"Si l’allure de lord Meron démentait les rumeurs selon lesquelles l’homme était mort ou mourant, les yeux perçants de Sebell remarquèrent que le seigneur du fort avait besoin du support des deux hommes qui marchaient à ses côtés en lui tenant les bras.",94761,12.0,mort,de
742.0,Pierre de Courcis | Pierre Courcis | de Courcis | Pierre de | Courcis | Pierre | de,"Je pense souvent que cela n’est que justice, ajouta-t-il dans un murmure prudent, en retour des souffrances qu’il a infligées aux autres, mais c’est une terrible façon de mourir.",95061,12.0,mourir,de
742.0,Pierre de Courcis | Pierre Courcis | de Courcis | Pierre de | Courcis | Pierre | de,— Je mourrai avant de l’avoir fait.,95139,12.0,mourir,de
742.0,Pierre de Courcis | Pierre Courcis | de Courcis | Pierre de | Courcis | Pierre | de,"Le fort de Nabol ne devait pas sombrer dans la pagaille, pas quand les plus jeunes fils du seigneur étaient impatients de se battre à mort pour s’emparer d’un fort même aussi mal géré que celui-ci.",95160,12.0,mort,de
742.0,Pierre de Courcis | Pierre Courcis | de Courcis | Pierre de | Courcis | Pierre | de,"Car c’était l’association de lord Meron avec la dame du weyr de T’bor, Kylara, qui avait causé la mort de la reine dragon de Kylara, Pridenth, et de Wirenth, celle de Brekke.",95201,12.0,mort,de
742.0,Pierre de Courcis | Pierre Courcis | de Courcis | Pierre de | Courcis | Pierre | de,"Cependant, au tréfonds de son âme, la terreur était plus lente à admettre que le danger était passé, et il resta à l’abri du surplomb jusqu’à ce que la marée se fût retirée, le laissant échoué comme un poisson mort sur cette partie du récif.",95402,12.0,mort,de
742.0,Pierre de Courcis | Pierre Courcis | de Courcis | Pierre de | Courcis | Pierre | de,"Au moment même où Kimi revenait avec un message de Toric répondant à la requête du harpiste au sujet des nouveaux venus au Sud, le tambour apporta la nouvelle de la mort de lord Meron.",95536,12.0,mort,de
742.0,Pierre de Courcis | Pierre Courcis | de Courcis | Pierre de | Courcis | Pierre | de,Farli pépia et se frotta contre lui avant d’aller commencer son repas sur le corps de la bête morte.,95694,12.0,mort,de
742.0,Pierre de Courcis | Pierre Courcis | de Courcis | Pierre de | Courcis | Pierre | de,"Assurez-vous que Toric fasse savoir aux Anciens, si vous ne pouvez pas leur porter le message vous-mêmes, que Meron est mort et que son successeur soutient le weyr de Benden.",95776,12.0,mort,de
742.0,Pierre de Courcis | Pierre Courcis | de Courcis | Pierre de | Courcis | Pierre | de,"Il ne pouvait pas déplacer la clairière qu’il avait créée, mais il traîna les pieds dans la terre tassée et répandit des branches mortes çà et là de manière à ce qu’elle parût naturelle en cas d’examen superficiel.",95839,12.0,mort,de
742.0,Pierre de Courcis | Pierre Courcis | de Courcis | Pierre de | Courcis | Pierre | de,"Heureusement, il était presque mort quand Meer et Talla le déposèrent aux pieds de Sharra.",96005,12.0,mort,de
742.0,Pierre de Courcis | Pierre Courcis | de Courcis | Pierre de | Courcis | Pierre | de,"— Pour développer le message laconique de Belle, dit Sebell, sans passer par les préambules habituels de harpiste, car Toric était un homme au langage direct et appréciait la réciproque, Meron est mort et son successeur, lord Deckter, souhaite clairement faire savoir qu’il ne se sent en aucune manière lié par de précédents engagements.",96198,12.0,mort,de
742.0,Pierre de Courcis | Pierre Courcis | de Courcis | Pierre de | Courcis | Pierre | de,"— La mort de lord Meron ne va pas les gêner – Toric fit un signe de tête en direction du weyr Méridional –, pendant un certain temps.",96276,12.0,mort,de
742.0,Pierre de Courcis | Pierre Courcis | de Courcis | Pierre de | Courcis | Pierre | de,"– cinquante jours de danger pleuvant des cieux – et, de nouveau, les Pernais bénirent leurs ancêtres, morts depuis des générations, pour leur avoir légué les dragons brûlant en plein ciel de leur haleine enflammée les Fils tombant de l’Étoile Rouge.",96646,13.0,mort,de
742.0,Pierre de Courcis | Pierre Courcis | de Courcis | Pierre de | Courcis | Pierre | de,"À cette époque, les cinq Weyrs, voyant que l’avenir ne leur promettait que le déclin de leur prestige, s’ennuyaient à mourir d’inaction après une vie entière de combats exaltants",96696,13.0,mourir,de
742.0,Pierre de Courcis | Pierre Courcis | de Courcis | Pierre de | Courcis | Pierre | de,Ils firent un saut immense dans l’Interstice et manquèrent mourir dans l’atmosphère turbulente de l’Étoile Rouge.,96774,13.0,mourir,de
742.0,Pierre de Courcis | Pierre Courcis | de Courcis | Pierre de | Courcis | Pierre | de,"Mais Brekke, qui, affectivement, ne pouvait se passer de leur présence, les rappela, les sauvant ainsi d’une mort certaine.",96775,13.0,mort,de
742.0,Pierre de Courcis | Pierre Courcis | de Courcis | Pierre de | Courcis | Pierre | de,Il devait rester Seigneur du Fort de Ruatha ou tous les cadets des plus grands Seigneurs lutteraient à mort pour prendre sa place.,96840,13.0,mort,de
742.0,Pierre de Courcis | Pierre Courcis | de Courcis | Pierre de | Courcis | Pierre | de,"Si Jaxom avait réfléchi une seconde avant de s’élancer sur le sable brûlant de l’Aire d’Éclosion de Benden pour aider le petit dragon blanc à fracasser sa dure coquille, il aurait réalisé quelle souffrance causerait sa présence au Seigneur Lytol en lui rappelant sans cesse ce qu’il avait perdu à la mort de son brun Larth.",96842,13.0,mort,de
742.0,Pierre de Courcis | Pierre Courcis | de Courcis | Pierre de | Courcis | Pierre | de,"La mort de Larth était survenue plusieurs Révolutions avant la naissance de Jaxom, mais la tragédie était toujours aussi présente et douloureuse pour Lytol ;",96843,13.0,mort,de
742.0,Pierre de Courcis | Pierre Courcis | de Courcis | Pierre de | Courcis | Pierre | de,"Car si Deelan ne l’avait pas mis au monde deux jours avant la naissance prématurée de Jaxom, il serait mort en quelques heures.",96910,13.0,mort,de
742.0,Pierre de Courcis | Pierre Courcis | de Courcis | Pierre de | Courcis | Pierre | de,"Jaxom était venu au monde en des circonstances désastreuses, arraché au ventre de sa mère morte, avec un père mortellement blessé en duel une demi-heure plus tard.",97210,13.0,mort,de
742.0,Pierre de Courcis | Pierre Courcis | de Courcis | Pierre de | Courcis | Pierre | de,– et Deelan avait répété une fois de plus que l’Atelier des Forgerons laissait mourir de faim ses visiteurs.,97689,13.0,mourir,de
742.0,Pierre de Courcis | Pierre Courcis | de Courcis | Pierre de | Courcis | Pierre | de,"Non, en toute justice, pour gouverner Ruatha, il lui faudrait attendre que Lytol, qui jouissait d’une très bonne santé, meure de mort naturelle.",97743,13.0,mort | mourir,de
742.0,Pierre de Courcis | Pierre Courcis | de Courcis | Pierre de | Courcis | Pierre | de,Il s’était convaincu qu’on l’initiait à ces connaissances pour lui donner un centre d’intérêt dans la vie après la mort de Ruth.,97985,13.0,mort,de
742.0,Pierre de Courcis | Pierre Courcis | de Courcis | Pierre de | Courcis | Pierre | de,"Sa naissance avait été aussi bizarre que l’Éclosion de Ruth lui sortant du ventre de sa mère morte, Ruth sortant d’une coquille trop dure pour son petit bec.",98188,13.0,mort,de
742.0,Pierre de Courcis | Pierre Courcis | de Courcis | Pierre de | Courcis | Pierre | de,"— D’ailleurs, quand la nouvelle reine sera en âge de faire son premier vol nuptial, ajouta D’ram, tous leurs bronzes seront sans doute morts.",98948,13.0,mort,de
742.0,Pierre de Courcis | Pierre Courcis | de Courcis | Pierre de | Courcis | Pierre | de,"Mais si huit de leurs bêtes sont mortes au cours de la dernière Révolution, j’en conclus qu’il reste deux cent quarante-huit chevaliers-dragons, et seulement cinq bronzes.",98996,13.0,mourir,de
742.0,Pierre de Courcis | Pierre Courcis | de Courcis | Pierre de | Courcis | Pierre | de,"Robinton fit une pause, repensant au réveil de désirs qu’il avait crus morts depuis longtemps, haussa les épaules, et rencontra le regard compréhensif de N’ton.",99092,13.0,mort,de
742.0,Pierre de Courcis | Pierre Courcis | de Courcis | Pierre de | Courcis | Pierre | de,Il crut mourir de fatigue et de souffrance avant que Ruth se trouve assez propre pour un dernier plongeon.,99441,13.0,mourir,de
742.0,Pierre de Courcis | Pierre Courcis | de Courcis | Pierre de | Courcis | Pierre | de,Il est peu probable qu’il reste Chef de Weyr quand Fanna mourra.,99608,13.0,mourir,de
742.0,Pierre de Courcis | Pierre Courcis | de Courcis | Pierre de | Courcis | Pierre | de,"Jaxom pensa aussitôt que la reine de Fanna, Mirath, se suiciderait à la mort de sa Dame.",99610,13.0,mort,de
742.0,Pierre de Courcis | Pierre Courcis | de Courcis | Pierre de | Courcis | Pierre | de,"Lytol, le visage douloureux, pensait visiblement à la mort de son propre dragon.",99613,13.0,mort,de
742.0,Pierre de Courcis | Pierre Courcis | de Courcis | Pierre de | Courcis | Pierre | de,Son tuteur serait bouleversé par la mort de Fanna et le suicide de sa reine.,100131,13.0,mort,de
742.0,Pierre de Courcis | Pierre Courcis | de Courcis | Pierre de | Courcis | Pierre | de,"Si habitué qu’il fût à la fatalité, l’attachement de D’ram à sa Dame et son désespoir muet à sa mort lui faisaient monter les larmes aux yeux.",100263,13.0,mort,de
742.0,Pierre de Courcis | Pierre Courcis | de Courcis | Pierre de | Courcis | Pierre | de,"Il lui avait demandé ce qu’elle trouvait là-dedans de si drôle, et elle s’était contentée de secouer la tête, morte de rire.",100618,13.0,mort,de
742.0,Pierre de Courcis | Pierre Courcis | de Courcis | Pierre de | Courcis | Pierre | de,"— Qui est mort de la tête de feu pour vous attrister ainsi, Sharra ?",102135,13.0,mourir,de
742.0,Pierre de Courcis | Pierre Courcis | de Courcis | Pierre de | Courcis | Pierre | de,Méridional ne devait pourtant pas être insupportable au point que T’kul permît de sang-froid à son dragon de courtiser la mort plutôt que de continuer à y vivre.,102648,13.0,mort,de
742.0,Pierre de Courcis | Pierre Courcis | de Courcis | Pierre de | Courcis | Pierre | de,Pas le hululement de la mort !,102674,13.0,mort,de
742.0,Pierre de Courcis | Pierre Courcis | de Courcis | Pierre de | Courcis | Pierre | de,"qu’il lut sur son visage, le Harpiste comprit que cette fois, le dragon de T’kul étant mort, le Chef du Weyr de Benden achèverait son assaillant.",102762,13.0,mort,de
742.0,Pierre de Courcis | Pierre Courcis | de Courcis | Pierre de | Courcis | Pierre | de,"Alors, c’est cela qu’on ressent à l’approche de la mort ?",102938,13.0,mort,de
742.0,Pierre de Courcis | Pierre Courcis | de Courcis | Pierre de | Courcis | Pierre | de,Les dragons m’empêchent de mourir ?,102945,13.0,mourir,de
742.0,Pierre de Courcis | Pierre Courcis | de Courcis | Pierre de | Courcis | Pierre | de,Comme ils sont bons : je n’avais pas envie de mourir maintenant.,102946,13.0,mourir,de
742.0,Pierre de Courcis | Pierre Courcis | de Courcis | Pierre de | Courcis | Pierre | de,"— Maintenant, beaucoup sont morts, et les autres attendent de mourir.",103933,13.0,mort | mourir,de
742.0,Pierre de Courcis | Pierre Courcis | de Courcis | Pierre de | Courcis | Pierre | de,"À la voir, on aurait cru que vous vous étiez levé de votre lit de mort pour aller combattre les Fils !",105236,13.0,mort,de
742.0,Pierre de Courcis | Pierre Courcis | de Courcis | Pierre de | Courcis | Pierre | de,Les dragons l’ont empêché de mourir.,107994,14.0,mourir,de
742.0,Pierre de Courcis | Pierre Courcis | de Courcis | Pierre de | Courcis | Pierre | de,"Jaxom se servait rarement de ses privilèges de Seigneur, mais ne pouvait-il pas faire une exception lorsque c’était une question de vie ou de mort ?",108236,14.0,mort,de
742.0,Pierre de Courcis | Pierre Courcis | de Courcis | Pierre de | Courcis | Pierre | de,"— Et d’autant plus qu’elle meurt d’envie elle-même de suivre les leçons des guérisseurs, dit Jancis.",110867,14.0,mourir,de
742.0,Pierre de Courcis | Pierre Courcis | de Courcis | Pierre de | Courcis | Pierre | de,"Tous s’arrêtèrent de respirer en réalisant qu’il s’agissait de Sallah Telgar, morte si vaillamment pour sauver la colonie.",111471,14.0,mourir,de
742.0,Pierre de Courcis | Pierre Courcis | de Courcis | Pierre de | Courcis | Pierre | de,J’ai failli mourir de peur !,111666,14.0,mourir,de
742.0,Pierre de Courcis | Pierre Courcis | de Courcis | Pierre de | Courcis | Pierre | de,"Retournons au Terminus avant de mourir de froid, Ruth.",111963,14.0,mourir,de
742.0,Pierre de Courcis | Pierre Courcis | de Courcis | Pierre de | Courcis | Pierre | de,— Peut-on rentrer avant d’être morts de froid ?,111964,14.0,mort,de
742.0,Pierre de Courcis | Pierre Courcis | de Courcis | Pierre de | Courcis | Pierre | de,"Quand meurt le dernier de la Lignée, un combat singulier doit décider du nouveau Seigneur.",112928,14.0,mourir,de
742.0,Pierre de Courcis | Pierre Courcis | de Courcis | Pierre de | Courcis | Pierre | de,"— En ma présence, Oterel a rétracté cette déclaration deux septaines avant de mourir, annonça-t-il quand Lytol lui eut donné la parole d’un signe de tête.",113140,14.0,mourir,de
742.0,Pierre de Courcis | Pierre Courcis | de Courcis | Pierre de | Courcis | Pierre | de,Ils croient toujours mourir de faim après l’Éclosion.,114257,14.0,mourir,de
742.0,Pierre de Courcis | Pierre Courcis | de Courcis | Pierre de | Courcis | Pierre | de,"— Nous avons un autre site à visiter, Golanth, dit-il brusquement, secouant la mélancolie que lui inspirait le souvenir de ces ancêtres morts depuis si longtemps.",114445,14.0,mort,de
742.0,Pierre de Courcis | Pierre Courcis | de Courcis | Pierre de | Courcis | Pierre | de,"Le bois mort était abondant, de même que les pierres pour construire le foyer, et F’lessan fut bientôt confortablement assis, adossé à l’épaule de Golanth, grignotant ses rations de voyage et sirotant le vin de Benden dont il avait persuadé Manora de remplir sa gourde.",114487,14.0,mort,de
742.0,Pierre de Courcis | Pierre Courcis | de Courcis | Pierre de | Courcis | Pierre | de,Avant que je sois mort de peur !,115993,14.0,mort,de
742.0,Pierre de Courcis | Pierre Courcis | de Courcis | Pierre de | Courcis | Pierre | de,"Et quand tu mourras, tu t’envoleras Vers des Ateliers de gloire et de beauté.",116455,14.0,mourir,de
742.0,Pierre de Courcis | Pierre Courcis | de Courcis | Pierre de | Courcis | Pierre | de,C’était vous – et ce nabot blanc qui aurait dû mourir au moment de l’Éclosion !,116547,14.0,mourir,de
742.0,Pierre de Courcis | Pierre Courcis | de Courcis | Pierre de | Courcis | Pierre | de,Je pensais à la mort de G’lanar.,116638,14.0,mort,de
742.0,Pierre de Courcis | Pierre Courcis | de Courcis | Pierre de | Courcis | Pierre | de,Je ne savais pas qu’on pouvait mourir de honte.,116937,14.0,mourir,de
742.0,Pierre de Courcis | Pierre Courcis | de Courcis | Pierre de | Courcis | Pierre | de,J’ai pensé mourir de faim pendant la dernière session que Siav nous a imposée.,116944,14.0,mourir,de
742.0,Pierre de Courcis | Pierre Courcis | de Courcis | Pierre de | Courcis | Pierre | de,et Lamoth est mort de honte que son maître ait pu s’en prendre à la vie d’un autre chevalier-dragon.,117290,14.0,mourir,de
742.0,Pierre de Courcis | Pierre Courcis | de Courcis | Pierre de | Courcis | Pierre | de,", mes collègues viennent de me communiquer leurs conclusions quant aux causes de la mort de l’homme substitué.",118246,14.0,mort,de
742.0,Pierre de Courcis | Pierre Courcis | de Courcis | Pierre de | Courcis | Pierre | de,"— En ces circonstances, il semble que la mort ait été accidentelle et non pas préméditée par les prévenus, et l’accusation de meurtre ne sera donc pas retenue, dit Jaxom, remarquant le soulagement visible d’Halefor.",118252,14.0,mort,de
742.0,Pierre de Courcis | Pierre Courcis | de Courcis | Pierre de | Courcis | Pierre | de,"— Il semble bien ingrat de condamner à mort ces vaisseaux, murmura Lessa.",119320,14.0,mort,de
742.0,Pierre de Courcis | Pierre Courcis | de Courcis | Pierre de | Courcis | Pierre | de,Siav avait-il mis fin à son existence avant ou après la mort de Robinton ?,119565,14.0,mort,de
742.0,Pierre de Courcis | Pierre Courcis | de Courcis | Pierre de | Courcis | Pierre | de,Il n’avait jamais vraiment su pourquoi le Maître Harpiste avait été trouvé mort dans la salle de l’Abomination.,119762,15.0,mort,de
742.0,Pierre de Courcis | Pierre Courcis | de Courcis | Pierre de | Courcis | Pierre | de,— J’ai entendu dire que le Maître Harpiste était mort dans la salle de ce Siav.,119919,15.0,mort,de
742.0,Pierre de Courcis | Pierre Courcis | de Courcis | Pierre de | Courcis | Pierre | de,"— Après, il n’a plus jamais été le même, acquiesça Deux, qui avait sincèrement pleuré sa mort, comme tout le reste de la planète.",119930,15.0,mort,de
742.0,Pierre de Courcis | Pierre Courcis | de Courcis | Pierre de | Courcis | Pierre | de,"Cinq ne reparla plus jamais de la simultanéité de la mort du Maître Harpiste et de l’Abomination, mais cette petite rumeur attacha bien des gens à la cause, qui sinon n’y auraient guère adhéré.",119966,15.0,mort,de
742.0,Pierre de Courcis | Pierre Courcis | de Courcis | Pierre de | Courcis | Pierre | de,"Maître Robinton avait été très populaire et si – si – l’Abomination était responsable de sa mort, c’était une raison suffisante pour s’allier contre elle.",119967,15.0,mort,de
742.0,Pierre de Courcis | Pierre Courcis | de Courcis | Pierre de | Courcis | Pierre | de,"J’ai trouvé ses initiales à plusieurs endroits du fortin, et pourtant le journal qu’Ita Fusaiyuki a tenu pendant plusieurs mois après la mort de Kenjo ne parle pas de lui.",120411,15.0,mort,de
742.0,Pierre de Courcis | Pierre Courcis | de Courcis | Pierre de | Courcis | Pierre | de,Toric n’était pas du tout convaincu que Siav savait ce qu’il faisait : imaginer de déplacer l’orbite de toute une planète avec des trucs qui restaient dans des moteurs morts depuis des siècles !,121104,15.0,mourir,de
742.0,Pierre de Courcis | Pierre Courcis | de Courcis | Pierre de | Courcis | Pierre | de,"Rien que des choses insignifiantes à mourir d’ennui, et le Conseil insistant pour qu’on respecte les « intentions originelles » de la Charte !",121131,15.0,mourir,de
742.0,Pierre de Courcis | Pierre Courcis | de Courcis | Pierre de | Courcis | Pierre | de,. Ton propre grand-père est mort d’un appendice éclaté alors que le Maître Guérisseur de l’époque aurait pu l’opérer.,121893,15.0,mourir,de
742.0,Pierre de Courcis | Pierre Courcis | de Courcis | Pierre de | Courcis | Pierre | de,"— Il faudra davantage que les quelques Révolutions écoulées depuis la mort de Siav pour tout expliquer à ceux qui doivent savoir, dit Sebell.",122359,15.0,mort,de
742.0,Pierre de Courcis | Pierre Courcis | de Courcis | Pierre de | Courcis | Pierre | de,"cria Zaranth, obliquant sur sa gauche, et remontant le plateau vers le premier prédateur qu’elles avaient vu et qui, inconscient de la mort de son partenaire de chasse, se rapprochait maintenant d’un bovin.",122979,15.0,mort,de
742.0,Pierre de Courcis | Pierre Courcis | de Courcis | Pierre de | Courcis | Pierre | de,"Mortes, certes, mais elle ne pourrait pas hisser de tels poids sur son dragon.",123000,15.0,mort,de
742.0,Pierre de Courcis | Pierre Courcis | de Courcis | Pierre de | Courcis | Pierre | de,Ou était-ce l’absence de repère qui avait causé sa mort ?,124219,15.0,mort,de
742.0,Pierre de Courcis | Pierre Courcis | de Courcis | Pierre de | Courcis | Pierre | de,"— Pars avant de mourir d’une bronchite et d’être frustré de ta retraite, dit Lessa avec sérieux.",126259,15.0,mourir,de
742.0,Pierre de Courcis | Pierre Courcis | de Courcis | Pierre de | Courcis | Pierre | de,"Faisant signe à ses amis de l’accompagner, Jaxom s’avança dans la foule qui s’écarta devant lui et s’arrêta devant les portes abattues sur le sol, les conversations mourant peu à peu maintenant que quelqu’un prenait le commandement des opérations.",128437,15.0,mourir,de
742.0,Pierre de Courcis | Pierre Courcis | de Courcis | Pierre de | Courcis | Pierre | de,"Jaxom conservait peu de bons souvenirs de son frère de lait, mais il lui avait toujours donné le bénéfice du doute, longtemps après la mort de sa mère adoptive.",128743,15.0,mort,de
742.0,Pierre de Courcis | Pierre Courcis | de Courcis | Pierre de | Courcis | Pierre | de,De sorte que le Fort était redevenu tel qu’il était avant la mort de Robinton.,128804,15.0,mort,de
742.0,Pierre de Courcis | Pierre Courcis | de Courcis | Pierre de | Courcis | Pierre | de,"Pour le moment, F’lessan, presque vidé de son sang, était toujours en état de choc, et ils doutaient qu’il pût survivre à la mort de son dragon.",129643,15.0,mort,de
742.0,Pierre de Courcis | Pierre Courcis | de Courcis | Pierre de | Courcis | Pierre | de,"Moi non plus, je ne survivrais pas à la mort de Ramoth, pensa Lessa, désespérée, malgré l’assurance et le calme apparents qu’elle affectait en public.",129644,15.0,mort,de
742.0,Pierre de Courcis | Pierre Courcis | de Courcis | Pierre de | Courcis | Pierre | de,Comme pour la mort de Moreta.,129725,15.0,mort,de
742.0,Pierre de Courcis | Pierre Courcis | de Courcis | Pierre de | Courcis | Pierre | de,"dit-elle, craignant que cette nouvelle capacité ne s’activât qu’en danger de mort.",130003,15.0,mort,de
742.0,Pierre de Courcis | Pierre Courcis | de Courcis | Pierre de | Courcis | Pierre | de,Les fils de Sangel sont morts pendant l’épidémie et il n’y a plus d’héritier mâle en ligne directe.,130228,15.0,mort,de
742.0,Pierre de Courcis | Pierre Courcis | de Courcis | Pierre de | Courcis | Pierre | de,"Dorse lui avait parlé de sa curieuse obsession, concernant le fait que le Maître Harpiste avait été retrouvé mort dans la salle de Siav, à peu près au même moment où l’Abomination s’était sabordée.",130478,15.0,mort,de
742.0,Pierre de Courcis | Pierre Courcis | de Courcis | Pierre de | Courcis | Pierre | de,— Mais les seules études anatomiques disponibles sont celles faites par les zoologues des Ancêtres sur des lézards de feu mort-nés.,130734,15.0,mort,de
742.0,Pierre de Courcis | Pierre Courcis | de Courcis | Pierre de | Courcis | Pierre | de,Il était mort avant de toucher le sol.,131359,15.0,mort,de
742.0,Pierre de Courcis | Pierre Courcis | de Courcis | Pierre de | Courcis | Pierre | de,"Quand D’ram et Lytol arrivèrent, Stinar les escorta jusqu’au mort et demanda à Tunge de raconter exactement ce qu’il avait vu.",131371,15.0,mort,de
742.0,Pierre de Courcis | Pierre Courcis | de Courcis | Pierre de | Courcis | Pierre | de,"Lui, il avait perdu son dragon depuis de nombreuses Révolutions : depuis que son brun Larth était mort au cours d’un entraînement de routine à Benden, durant lequel R’gul avait laissé son dragon mastiquer la pierre de feu et cracher les flammes.",131751,15.0,mort,de | pierre de
742.0,Pierre de Courcis | Pierre Courcis | de Courcis | Pierre de | Courcis | Pierre | de,"Courageux jusqu’à son dernier souffle, le dragon était parvenu à déposer son maître au sol avant de mourir.",131753,15.0,mourir,de
749.0,Quitrin,Maître Quitrin m’a fait dire que nos deux morts ont travaillé avec ces bêtes.,28957,4.0,mort,quitrin
750.0,R’gul Rangul | Rangul | R’gul,"Maintenant, ses pensées le ramenaient inéluctablement à ce jour d’été où Hath, le dragon-bronze de R’gul, avait pris son vol pour s’accoupler à la grotesque Nemorth, et où R’gul était devenu Chef du Weyr à la place de F’lon, le père décédé de F’lar.",66355,8.0,deceder,r’gul
750.0,R’gul Rangul | Rangul | R’gul,"Lui, il avait perdu son dragon depuis de nombreuses Révolutions : depuis que son brun Larth était mort au cours d’un entraînement de routine à Benden, durant lequel R’gul avait laissé son dragon mastiquer la pierre de feu et cracher les flammes.",131751,15.0,mort,r’gul
756.0,Ram Da | Ram | Da,"Le jeune maître de Ruth y était venu la première fois quand il était à la recherche de D’ram, qui, après la mort de Fanna, avait renoncé à sa charge de Chef du Weyr et avait disparu.",46609,6.0,mort,ram
756.0,Ram Da | Ram | Da,"— D’ailleurs, quand la nouvelle reine sera en âge de faire son premier vol nuptial, ajouta D’ram, tous leurs bronzes seront sans doute morts.",98948,13.0,mort,ram
756.0,Ram Da | Ram | Da,"Si habitué qu’il fût à la fatalité, l’attachement de D’ram à sa Dame et son désespoir muet à sa mort lui faisaient monter les larmes aux yeux.",100263,13.0,mort,ram
756.0,Ram Da | Ram | Da,"Ce fut D’ram qui les trouva, car Zair avait rendu le dernier soupir avec lui, le suivant dans la mort comme les dragons faisaient pour leur maître.",119458,14.0,mort,ram
756.0,Ram Da | Ram | Da,"Quand D’ram et Lytol arrivèrent, Stinar les escorta jusqu’au mort et demanda à Tunge de raconter exactement ce qu’il avait vu.",131371,15.0,mort,ram
764.0,Ratoshigan Ratoshinga | Ratoshigan | Ratoshinga,"— Ces morts ne sont qu’un début, Seigneur Ratoshigan.",28908,4.0,mort,ratoshigan
764.0,Ratoshigan Ratoshinga | Ratoshigan | Ratoshinga,Il y a eu des morts au Fort du Seigneur Ratoshigan !,29174,4.0,mort,ratoshigan
765.0,Readis,"L’une de ses sœurs était morte d’un de ces brusques accès de fièvre, mais elle était plus jeune que Readis et beaucoup moins vigoureuse.",15171,2.0,mourir,readis
772.0,Robinton Rob Robie | Robinton Robie | Robinton Rob | Rob Robie | Robinton | Robie | Rob,Maître Robinton et Zair sont morts.,15451,2.0,mort,robinton
772.0,Robinton Rob Robie | Robinton Robie | Robinton Rob | Rob Robie | Robinton | Robie | Rob,Maître Robinton ne pouvait pas mourir.,15455,2.0,mourir,robinton
772.0,Robinton Rob Robie | Robinton Robie | Robinton Rob | Rob Robie | Robinton | Robie | Rob,Il put appliquer le nouveau programme uniquement parce que Maître Robinton l’avait proposé aux Maîtres de l’Atelier avant sa mort.,15630,2.0,mort,robinton
772.0,Robinton Rob Robie | Robinton Robie | Robinton Rob | Rob Robie | Robinton | Robie | Rob,"— Les dragons, Piemur – les dragons ont empêché Maître Robinton de mourir !",46588,6.0,mourir,robinton
772.0,Robinton Rob Robie | Robinton Robie | Robinton Rob | Rob Robie | Robinton | Robie | Rob,"Robinton laissa sa voix mourir, la tristesse du sourire l’avertissant qu’il ferait mieux de ne pas demander la raison de leur départ précipité.",52741,7.0,mourir,robinton
772.0,Robinton Rob Robie | Robinton Robie | Robinton Rob | Rob Robie | Robinton | Robie | Rob,Un silence de mort s’abattit sur la salle frappée de stupeur quand Robinton laissa mourir la dernière note et que sa mère abaissa sa flûte.,53113,7.0,mort | mourir,robinton
772.0,Robinton Rob Robie | Robinton Robie | Robinton Rob | Rob Robie | Robinton | Robie | Rob,"Quand mourut la dernière note, ils se regardèrent, Merelan perplexe, Robinton angoissé.",53563,7.0,mourir,robinton
772.0,Robinton Rob Robie | Robinton Robie | Robinton Rob | Rob Robie | Robinton | Robie | Rob,"À cet instant, Simanith, qui avait étonné Robinton en marchant jusqu’au bout de la grande cour des Hautes Terres, le fit presque mourir de peur en se laissant tomber de la falaise vers le fond de la vallée.",55231,7.0,mourir,robinton
772.0,Robinton Rob Robie | Robinton Robie | Robinton Rob | Rob Robie | Robinton | Robie | Rob,"Robinton ne sut jamais à quel moment le Seigneur Maidir et S’loner avaient quitté la table, car la nuit était tombée, et, bien qu’il y eût de nombreux paniers de brandons autour du Bassin, il y avait tant de gens qui allaient et venaient – pour aller chercher du vin ou satisfaire un besoin naturel –, et il avait tant de choses à surveiller en sa qualité de Harpiste, qu’il ne remarqua leur absence que lorsque Dame Hayara se leva, fuyant une Jora ivre morte qui s’était effondrée sur la table.",55842,7.0,mourir,robinton
772.0,Robinton Rob Robie | Robinton Robie | Robinton Rob | Rob Robie | Robinton | Robie | Rob,"Il était mort de fatigue, répondit Robinton.",56157,7.0,mourir,robinton
772.0,Robinton Rob Robie | Robinton Robie | Robinton Rob | Rob Robie | Robinton | Robie | Rob,"Robinton faisait de son mieux pour adoucir les diktats du jeune Seigneur, insinuant qu’il était encore sous le coup de la mort tragique de son père, mais que, quoique bien formé et compétent, il lui manquait encore le doigté que seule l’expérience lui donnerait.",56277,7.0,mort,robinton
772.0,Robinton Rob Robie | Robinton Robie | Robinton Rob | Rob Robie | Robinton | Robie | Rob,"Robinton regarda l’homme qui était son père, et pensa que Petiron prenait la mort de sa femme comme un affront personnel.",58865,7.0,mort,robinton
772.0,Robinton Rob Robie | Robinton Robie | Robinton Rob | Rob Robie | Robinton | Robie | Rob,"Puis il se remit à sangloter, tellement anéanti par la mort de Merelan que Robinton, sans réfléchir, contourna le lit et prit son père dans ses bras pour le réconforter.",58884,7.0,mort,robinton
772.0,Robinton Rob Robie | Robinton Robie | Robinton Rob | Rob Robie | Robinton | Robie | Rob,Robinton résidait à l’Atelier quand Betrice mourut subitement d’un arrêt cardiaque.,58891,7.0,mourir,robinton
772.0,Robinton Rob Robie | Robinton Robie | Robinton Rob | Rob Robie | Robinton | Robie | Rob,Robinton lui était redevable pour le soutien qu’elle lui avait apporté après la mort de Kasia.,59450,7.0,mort,robinton
772.0,Robinton Rob Robie | Robinton Robie | Robinton Rob | Rob Robie | Robinton | Robie | Rob,Repensant à la façon dont Jora se gorgeait de nourriture à la dernière Éclosion – qui remontait maintenant à des Révolutions – Robinton avait cru sans mal qu’elle était morte d’indigestion.,60948,7.0,mourir,robinton
772.0,Robinton Rob Robie | Robinton Robie | Robinton Rob | Rob Robie | Robinton | Robie | Rob,"J’ai failli mourir de rire, remarqua Robinton avec un grand sourire.",67959,8.0,mourir,robinton
772.0,Robinton Rob Robie | Robinton Robie | Robinton Rob | Rob Robie | Robinton | Robie | Rob,"Robinton admira l’aplomb de cet homme, qui apparaissait en public à peine six jours après avoir été compromis dans la mort de deux Reines dragons.",77152,9.0,mort,robinton
772.0,Robinton Rob Robie | Robinton Robie | Robinton Rob | Rob Robie | Robinton | Robie | Rob,"– s’était arrangé pour se saouler à mort grâce aux soins attentifs de Robinton, qui avait suivi le train, verre pour verre.",78427,9.0,mort,robinton
772.0,Robinton Rob Robie | Robinton Robie | Robinton Rob | Rob Robie | Robinton | Robie | Rob,Dommage que le vieil homme fût mort avant d’avoir reçu le message de Robinton.,82012,10.0,mort,robinton
772.0,Robinton Rob Robie | Robinton Robie | Robinton Rob | Rob Robie | Robinton | Robie | Rob,"Robinton fit une pause, repensant au réveil de désirs qu’il avait crus morts depuis longtemps, haussa les épaules, et rencontra le regard compréhensif de N’ton.",99092,13.0,mort,robinton
772.0,Robinton Rob Robie | Robinton Robie | Robinton Rob | Rob Robie | Robinton | Robie | Rob,Robinton pria avec ferveur pour qu’aucun des deux vieux dragons ne mourût pendant ce vol nuptial.,102645,13.0,mourir,robinton
772.0,Robinton Rob Robie | Robinton Robie | Robinton Rob | Rob Robie | Robinton | Robie | Rob,"C’est Sebell qui l’est, parce que Maître Robinton a failli mourir d’un arrêt du cœur et a pris sa retraite.",107984,14.0,mourir,robinton
772.0,Robinton Rob Robie | Robinton Robie | Robinton Rob | Rob Robie | Robinton | Robie | Rob,"Ce fut Piemur qui découvrit que ce n’était pas Robinton, mais un homme habillé exactement comme lui – un mort.",117890,14.0,mort,robinton
772.0,Robinton Rob Robie | Robinton Robie | Robinton Rob | Rob Robie | Robinton | Robie | Rob,"Si Maître Robinton était mort, ou si Biswy n’était pas décédé d’une défaillance cardiaque, il aurait peut-être dû décider autrement.",118337,14.0,deceder | mort,robinton
772.0,Robinton Rob Robie | Robinton Robie | Robinton Rob | Rob Robie | Robinton | Robie | Rob,Siav avait-il mis fin à son existence avant ou après la mort de Robinton ?,119565,14.0,mort,robinton
772.0,Robinton Rob Robie | Robinton Robie | Robinton Rob | Rob Robie | Robinton | Robie | Rob,"Maître Robinton avait été très populaire et si – si – l’Abomination était responsable de sa mort, c’était une raison suffisante pour s’allier contre elle.",119967,15.0,mort,robinton
772.0,Robinton Rob Robie | Robinton Robie | Robinton Rob | Rob Robie | Robinton | Robie | Rob,De sorte que le Fort était redevenu tel qu’il était avant la mort de Robinton.,128804,15.0,mort,robinton
772.0,Robinton Rob Robie | Robinton Robie | Robinton Rob | Rob Robie | Robinton | Robie | Rob,"— D’après ce que je savais, il n’y avait plus rien d’opérationnel depuis que Siav et Maître Robinton étaient morts.",131374,15.0,mort,robinton
772.0,Robinton Rob Robie | Robinton Robie | Robinton Rob | Rob Robie | Robinton | Robie | Rob,"Kashman serait peut-être un bon allié, bien qu’il n’ait été qu’un enfant à la mort du bien-aimé Robinton.",131687,15.0,mort,robinton
779.0,Runel,"Le vieux Runel était mort, pensa-t-il avec regret.",35037,4.0,mort,runel
779.0,Runel,— Vous dites que Runel est mort ?,36699,4.0,mort,runel
779.0,Runel,Vous dites que Runel est mort ?,39314,5.0,mort,runel
787.0,S’loner,"Robinton ne sut jamais à quel moment le Seigneur Maidir et S’loner avaient quitté la table, car la nuit était tombée, et, bien qu’il y eût de nombreux paniers de brandons autour du Bassin, il y avait tant de gens qui allaient et venaient – pour aller chercher du vin ou satisfaire un besoin naturel –, et il avait tant de choses à surveiller en sa qualité de Harpiste, qu’il ne remarqua leur absence que lorsque Dame Hayara se leva, fuyant une Jora ivre morte qui s’était effondrée sur la table.",55842,7.0,mourir,s’loner
787.0,S’loner,"Quand il pouvait, il adressait un message tambouriné au Weyr de Benden, pour demander l’aide de F’lon – et écoutait le chevalier-dragon s’extasier sur son fils, maintenant élevé par Manora, la jeune fille si pleine de dignité qu’il avait remarquée le jour où S’loner et Maidir étaient morts.",58916,7.0,mort,s’loner
787.0,S’loner,Celle qui a gardé toute sa tête le soir où S’loner est mort ?,59884,7.0,mort,s’loner
787.0,S’loner,Il y avait eu si peu de couvées et d’Empreintes depuis la mort de S’loner…,60959,7.0,mort,s’loner
795.0,Saneter,"C’était le genre de bruit qui fait dresser les cheveux sur la tête, la lamentation que Saneter connaissait trop bien, les dragons annonçant la mort d’un des leurs.",46480,6.0,mort,saneter
796.0,Sangel,"Sangel semblait prêt à exploser, Groghe était livide de rage, Oterel était blanc comme un mort, Vendross fronçait les sourcils, le jeune Larad parvenait à prendre l’air résolu.",60728,7.0,mort,sangel
796.0,Sangel,Les fils de Sangel sont morts pendant l’épidémie et il n’y a plus d’héritier mâle en ligne directe.,130228,15.0,mort,sangel
800.0,Sean Connell O’Connell | Connell O’Connell | Sean O’Connell | Sean Connell | O’Connell | Connell | Sean,"— Il meurt de faim, Sean, dit Sorka, cherchant à tâtons son paquet de sandwiches.",1897,1.0,mourir,sean
800.0,Sean Connell O’Connell | Connell O’Connell | Sean O’Connell | Sean Connell | O’Connell | Connell | Sean,"— Des morts, c’est bien tout ce que tu pourras jamais avoir, marmonna Sean.",2874,1.0,mort,sean
801.0,Sebell Sebel Sevell | Sebell Sevell | Sebel Sevell | Sebell Sebel | Sebell | Sevell | Sebel,» C’est ce qu’avait dit Sebell : Brekke ne voulait plus vivre si Canth et F’nor mourraient.,88802,11.0,mourir,sebell
801.0,Sebell Sebel Sevell | Sebell Sevell | Sebel Sevell | Sebell Sebel | Sebell | Sevell | Sebel,"Si l’allure de lord Meron démentait les rumeurs selon lesquelles l’homme était mort ou mourant, les yeux perçants de Sebell remarquèrent que le seigneur du fort avait besoin du support des deux hommes qui marchaient à ses côtés en lui tenant les bras.",94761,12.0,mort,sebell
801.0,Sebell Sebel Sevell | Sebell Sevell | Sebel Sevell | Sebell Sebel | Sebell | Sevell | Sebel,"— Pour développer le message laconique de Belle, dit Sebell, sans passer par les préambules habituels de harpiste, car Toric était un homme au langage direct et appréciait la réciproque, Meron est mort et son successeur, lord Deckter, souhaite clairement faire savoir qu’il ne se sent en aucune manière lié par de précédents engagements.",96198,12.0,mort,sebell
801.0,Sebell Sebel Sevell | Sebell Sevell | Sebel Sevell | Sebell Sebel | Sebell | Sevell | Sebel,"C’est Sebell qui l’est, parce que Maître Robinton a failli mourir d’un arrêt du cœur et a pris sa retraite.",107984,14.0,mourir,sebell
801.0,Sebell Sebel Sevell | Sebell Sevell | Sebel Sevell | Sebell Sebel | Sebell | Sevell | Sebel,"— Il est ivre mort, Jaxom, dit Sebell avec un grand sourire.",113537,14.0,mort,sebell
801.0,Sebell Sebel Sevell | Sebell Sevell | Sebel Sevell | Sebell Sebel | Sebell | Sevell | Sebel,"— Les connaissances qu’il nous a prodiguées ne mourront pas, dit F’lar, s’écartant pour laisser entrer Menolly et Sebell.",119539,14.0,mourir,sebell
801.0,Sebell Sebel Sevell | Sebell Sevell | Sebel Sevell | Sebell Sebel | Sebell | Sevell | Sebel,"— La plupart sont morts, répondit Sebell.",122076,15.0,mort,sebell
801.0,Sebell Sebel Sevell | Sebell Sevell | Sebel Sevell | Sebell Sebel | Sebell | Sevell | Sebel,"— Il faudra davantage que les quelques Révolutions écoulées depuis la mort de Siav pour tout expliquer à ceux qui doivent savoir, dit Sebell.",122359,15.0,mort,sebell
810.0,Shankolin Glasstol de Crom | Glasstol de Crom | Shankolin,Shankolin n’avait jamais cru que ces étincelles brillantes étaient les âmes des dragons morts ;,119747,15.0,mort,shankolin
812.0,Sheledon Shel | Sheledon | Shel,"Maintenant, ils sont bien morts, dit Sheledon avec fermeté.",20767,3.0,mort,sheledon
815.0,Shonagar,"Si je me rappelle les leçons de Shonagar, tu dois mourir de faim.",88636,11.0,mourir,shonagar
815.0,Shonagar,"J’y ai à peine jeté un coup d’œil, alors que Piemur… La voix étonnée de l’apprenti mourut tandis que Piemur, lentement, pouvant à peine forcer ses pieds à se mouvoir, quittait la salle de chorale et se dirigeait vers le bureau de maître Shonagar, de l’autre côté de la cour.",91609,12.0,mourir,shonagar
830.0,Stinar,"Quand D’ram et Lytol arrivèrent, Stinar les escorta jusqu’au mort et demanda à Tunge de raconter exactement ce qu’il avait vu.",131371,15.0,mort,stinar
837.0,T’gran,"Après tout, au moment où je pensais être brûlée à mort, T’gran est apparu.",83288,10.0,mort,t’gran
840.0,T’kul,"À la mort de T’ron, T’kul avait revendiqué la charge de Chef du Weyr, et la situation au Weyr Méridional s’était rapidement détériorée.",45874,6.0,mort,t’kul
840.0,T’kul,Il pleure la mort de T’kul comme tous les chevaliers-dragons.,46516,6.0,mort,t’kul
840.0,T’kul,"— Je ne peux pas dire que la mort de T’kul me désole, répondit Toric, veillant soigneusement à parler d’un ton détaché, ni celle de Salth.",46518,6.0,mort,t’kul
840.0,T’kul,Méridional ne devait pourtant pas être insupportable au point que T’kul permît de sang-froid à son dragon de courtiser la mort plutôt que de continuer à y vivre.,102648,13.0,mort,t’kul
840.0,T’kul,"qu’il lut sur son visage, le Harpiste comprit que cette fois, le dragon de T’kul étant mort, le Chef du Weyr de Benden achèverait son assaillant.",102762,13.0,mort,t’kul
840.0,T’kul,"T’kul, les yeux exorbités, tomba mort à ses pieds.",102770,13.0,mort,t’kul
840.0,T’kul,"Et lui, il était plus vieux que T’kul, qui maintenant dormait dans la mort.",102823,13.0,mort,t’kul
840.0,T’kul,"— T’kul est mort, et F’lar n’est pas blessé ?",103165,13.0,mort,t’kul
843.0,T’lion Gaddie | Gaddie | T’lion,"— Je mourrai d’un rhume attrapé en parlant aux dauphins, dit T’lion, essorant le devant de sa chemise.",15019,2.0,mourir,t’lion
850.0,T’ron,"À la mort de T’ron, T’kul avait revendiqué la charge de Chef du Weyr, et la situation au Weyr Méridional s’était rapidement détériorée.",45874,6.0,mort,t’ron
850.0,T’ron,Ils étaient tous les deux devenus fous et incontrôlables depuis la mort de T’ron – et de Fidranth.,46519,6.0,mort,t’ron
857.0,Talpan,"Il pensa à Talpan, si plein de promesses qu’il ne réaliserait jamais, au Maître Éleveur Trume, au capitaine du Fend-la-Brise, à tous ses guérisseurs morts, si pleins de qualités, tous victimes de cette maladie mortelle.",32691,4.0,mort,talpan
859.0,Tarathel,Le Seigneur Tarathel avait même fermé les yeux quand Thella avait battu à mort une jeune servante.,40706,6.0,mort,tarathel
859.0,Tarathel,"Ou, peut-être, ainsi que le suggérait la mère de Larad, le Seigneur Tarathel avait-il accordé un traitement spécial à cette fille parce que sa mère était morte en la mettant au monde.",40710,6.0,mourir,tarathel
859.0,Tarathel,Celle qui voulait devenir Dame Régnante à la mort de Tarathel.,43434,6.0,mort,tarathel
859.0,Tarathel,— Tarathel sera mort depuis longtemps quand les Fils reviendront.,60008,7.0,mourir,tarathel
859.0,Tarathel,Tarathel mourut,60513,7.0,mourir,tarathel
864.0,Ted Tubberman Tubbermann | Tubberman Tubbermann | Ted Tubbermann | Ted Tubberman | Tubbermann | Tubberman | Ted,"Profondément blessé mentalement aussi bien que physiquement après la première Chute et la mort tragique de Lucy Tubberman, le jeune homme s’était retiré dans sa coquille, en proie à des remords continuels.",7787,1.0,mort,tubberman
864.0,Ted Tubberman Tubbermann | Tubberman Tubbermann | Ted Tubbermann | Ted Tubberman | Tubbermann | Tubberman | Ted,"Bay savait qu’elle était indulgente, tolérante et compréhensive, mais si Ted Tubberman était mort, elle en serait immensément soulagée.",8991,1.0,mort,ted tubberman
867.0,Terry,"— Tout cela, c’est très bien quand on peut compter mourir dans son lit et à une époque déterminée, mais le Maître d’Atelier et moi, nous aimerions que toutes les connaissances soient accessibles à ceux qui en ont besoin, dit Terry.",73490,9.0,mourir,terry
871.0,Théo Force | Force | Théo,"— Trois morts parce que tu ne connais pas ta force, Dushik, ça fait un de trop.",40412,6.0,mort,force
871.0,Théo Force | Force | Théo,"– d’une force qu’il ne s’imaginait pas capable de ressentir, beaucoup plus profonde et plus primitive que celle qui l’avait étreint après la mort de Kasia.",59073,7.0,mort,force
871.0,Théo Force | Force | Théo,"Et il est vigoureux, dit la sage-femme, bien qu’il soit prématuré et qu’on l’ait sorti en force du ventre de sa mère déjà morte.",61593,7.0,mourir,force
871.0,Théo Force | Force | Théo,"— Oui, et c’est un bébé vigoureux, dit la femme, surtout pour un enfant prématuré qu’on a retiré de force du ventre de sa mère morte.",63157,8.0,mourir,force
880.0,Tino,"Jayge et Tino ne purent pas déplacer leurs poids morts, mais enduisirent de baume calmant les coupures des survivants, puis leur firent avaler du fellis, espérant que cela calmerait leurs souffrances.",44005,6.0,mort,tino
882.0,Tirone,"— Tirone, je ne vais pas mourir.",32564,4.0,mourir,tirone
882.0,Tirone,— En espérant que Maître Tirone soit bloqué par la quarantaine ou meure de la maladie…,37677,5.0,mourir,tirone
883.0,Tolocamp,"Le Seigneur Tolocamp, enfermé dans son appartement, était demeuré indemne, tandis que tout Ruatha était frappé et mourait.",33395,4.0,mourir,tolocamp
883.0,Tolocamp,"Tolocamp leur a permis, à elle et sa famille, d’entrer dans le Fort par les crêtes de feu, et pourtant il abandonne guérisseurs et harpistes à la mort dans son camp !",34000,4.0,mort,tolocamp
883.0,Tolocamp,Je me demandai si l’un d’entre nous espérait que Tolocamp eût contracté la maladie dont ma mère et mes sœurs étaient mortes.,38014,5.0,mourir,tolocamp
883.0,Tolocamp,"Tolocamp leur a permis, à elle et sa famille, de pénétrer dans son cher Fort par les crêtes de feu, tandis qu’il laisse mourir les guérisseurs et les harpistes sans soins dans son camp maudit !",38624,5.0,mourir,tolocamp
883.0,Tolocamp,— Tolocamp a mis Anella dans son lit une heure après avoir appris la mort de ma mère.,39884,5.0,mort,tolocamp
886.0,Toric,"Pour Toric, les forts survivaient – et si les faibles mouraient, on n’avait pas à les leurrer.",14244,2.0,mourir,toric
886.0,Toric,"Toric avait choqué la sensibilité du harpiste en remarquant que les chevaliers-dragons mourraient bientôt les uns après les autres, de préférence avant que sa patience soit épuisée.",41783,6.0,mourir,toric
886.0,Toric,"— Je ne peux pas dire que la mort de T’kul me désole, répondit Toric, veillant soigneusement à parler d’un ton détaché, ni celle de Salth.",46518,6.0,mort,toric
886.0,Toric,"Au moment même où Kimi revenait avec un message de Toric répondant à la requête du harpiste au sujet des nouveaux venus au Sud, le tambour apporta la nouvelle de la mort de lord Meron.",95536,12.0,mort,toric
886.0,Toric,"Assurez-vous que Toric fasse savoir aux Anciens, si vous ne pouvez pas leur porter le message vous-mêmes, que Meron est mort et que son successeur soutient le weyr de Benden.",95776,12.0,mort,toric
886.0,Toric,"— Pour développer le message laconique de Belle, dit Sebell, sans passer par les préambules habituels de harpiste, car Toric était un homme au langage direct et appréciait la réciproque, Meron est mort et son successeur, lord Deckter, souhaite clairement faire savoir qu’il ne se sent en aucune manière lié par de précédents engagements.",96198,12.0,mort,toric
886.0,Toric,"— La mort de lord Meron ne va pas les gêner – Toric fit un signe de tête en direction du weyr Méridional –, pendant un certain temps.",96276,12.0,mort,toric
886.0,Toric,Toric n’était pas du tout convaincu que Siav savait ce qu’il faisait : imaginer de déplacer l’orbite de toute une planète avec des trucs qui restaient dans des moteurs morts depuis des siècles !,121104,15.0,mourir,toric
897.0,Trelbin,"Comme je ne pus leur donner aucune nouvelle d’un certain Trelbin, ils réalisèrent avec tristesse que lui aussi devait être mort.",38897,5.0,mort,trelbin
897.0,Trelbin,"Trelbin : guérisseur de la Haute Colline, cru mort.",50431,6.0,mort,trelbin
898.0,Trume,"Il pensa à Talpan, si plein de promesses qu’il ne réaliserait jamais, au Maître Éleveur Trume, au capitaine du Fend-la-Brise, à tous ses guérisseurs morts, si pleins de qualités, tous victimes de cette maladie mortelle.",32691,4.0,mort,trume
899.0,Tuero,"Tuero avait pu établir que la fille de Dame Gana était morte parmi les premières, soignée par la servante qui avait aussi succombé à la maladie.",39393,5.0,mourir,tuero
899.0,Tuero,"Je suis grande, mais pas autant qu’Alessan ou Tuero, et pas assez forte pour déplacer toute seule le poids mort d’Alessan endormi.",39465,5.0,mort,tuero
900.0,Tuero,"Tuero avait pu établir que la fille de Dame Gana était morte parmi les premières, soignée par la servante qui avait aussi succombé à la maladie.",39393,5.0,mourir,tuero
900.0,Tuero,"Je suis grande, mais pas autant qu’Alessan ou Tuero, et pas assez forte pour déplacer toute seule le poids mort d’Alessan endormi.",39465,5.0,mort,tuero
901.0,Tunge,"Quand D’ram et Lytol arrivèrent, Stinar les escorta jusqu’au mort et demanda à Tunge de raconter exactement ce qu’il avait vu.",131371,15.0,mort,tunge
913.0,Vander,"Quand il aurait un peu dormi, il en parlerait à Norman, pour voir si l’on savait de quoi était mort le coureur de Vander.",29961,4.0,mourir,vander
913.0,Vander,"— Quatre coureurs de Vander sont morts, dit Norman à voix basse, et un autre est mourant.",30003,4.0,mort,vander
913.0,Vander,"— Seigneur Alessan, Vander est mort !",30422,4.0,mort,vander
916.0,Vendross,"Sangel semblait prêt à exploser, Groghe était livide de rage, Oterel était blanc comme un mort, Vendross fronçait les sourcils, le jeune Larad parvenait à prendre l’air résolu.",60728,7.0,mort,vendross
934.0,Yanus,"Puis, bien sûr, et Menolly sentait aujourd’hui une boule de chagrin dans sa gorge, elle avait assumé l’ensemble des cours à la mort de Petiron car Yanus, qui connaissait son devoir envers le weyr, s’était alors rendu compte que les jeunes ne devaient pas oublier leurs Ballades d’Enseignement et leurs Chansons et qu’elle était la seule personne au fort dont on pouvait se passer pour la pêche.",87569,11.0,mort,yanus
938.0,Zi Ongola | Ongola | Zi,"— Kenjo est mort et Ongola grièvement blessé, dit Paul.",6063,1.0,mort,ongola
938.0,Zi Ongola | Ongola | Zi,"Au Terminus, la mort de Kenjo et l’état grave d’Ongola étaient connus de tous, mais on n’avait rien annoncé officiellement.",6554,1.0,mort,ongola
938.0,Zi Ongola | Ongola | Zi,"— Aucun mort à déplorer, dit Ongola, rassurant.",10302,1.0,mort,ongola
953.0,C’reel,"— On a cru que tu étais mort, F’lessan, murmura C’reel, des larmes dans la voix.",124767,15.0,mort,c’reel
1016.0,Shih Lao | Shih | Lao,"Lao, qui a exercé jusqu’à la fin du Premier Passage, note que des patients légèrement brûlés et guéris, sont morts du traumatisme d’avoir été brûlés.",22068,3.0,mort,lao
1027.0,Tracey Train | Tracey | Train,"Il était mince, avec un long visage osseux, un nez et des lèvres pincés, de petits yeux profondément enfoncés dans les orbites, et Capiam se dit qu’il avait l’air considérablement plus mal en point que les malades en train de mourir à l’infirmerie.",28889,4.0,mourir,train
1027.0,Tracey Train | Tracey | Train,"C’était la routine, familière, et même réconfortante si l’on considérait que, partout ailleurs sur Pern, hommes et bêtes étaient sans doute en train de mourir du fléau.",30985,4.0,mourir,train
1027.0,Tracey Train | Tracey | Train,Ce dragon est en train de saigner à mort !,34281,4.0,mort,train
1027.0,Tracey Train | Tracey | Train,"Pendant que K’lon berçait Leri dans ses bras, les dragons s’assemblaient respectueusement à l’entrée de l’Aire d’Éclosion, baissant leurs immenses têtes, les yeux gris de douleur, partageant la souffrance d’un dragon qui ne pouvait pas suivre sa maîtresse dans la mort, retenu par ses œufs en train de durcir.",37206,4.0,mort,train
1027.0,Tracey Train | Tracey | Train,"Je rentrai, sachant maintenant que des centaines de personnes étaient en train de mourir dans ce Fort martyr, et que plusieurs petits vassaux ne répondaient plus à l’appel des tambours.",37843,5.0,mourir,train
1027.0,Tracey Train | Tracey | Train,— Elle croit qu’elle est en train de mourir.,50539,7.0,mourir,train
1027.0,Tracey Train | Tracey | Train,"– s’était arrangé pour se saouler à mort grâce aux soins attentifs de Robinton, qui avait suivi le train, verre pour verre.",78427,9.0,mort,train
1027.0,Tracey Train | Tracey | Train,— Il est en train de mourir.,93914,12.0,mourir,train
