full_name,book_1,book_2,book_3,book_4,book_5,book_6,book_7,book_8,book_9,book_10,book_11,book_12,book_13,book_14,book_15
Thella 1036.0,0.0,0.0005173305742369374,0.0,0.0,0.0,0.04945054945054945,0.00015673981191222572,0.0,0.0,0.0,0.0,0.0,0.0,0.0,0.0
Varney 914.0,0.0,0.0,0.0,0.0003723701359150996,0.0,0.0,0.0,0.0,0.0,0.0,0.0,0.0,0.0,0.0,0.0
Vander 913.0,0.0,0.0,0.0,0.0053993669707689445,0.0,0.0,0.0,0.0,0.0,0.0,0.0,0.0,0.0,0.0,0.0
Trume 898.0,0.0,0.0,0.0,0.0003723701359150996,0.0,0.0,0.0,0.0,0.0,0.0,0.0,0.0,0.0,0.0,0.0
Ted Tubberman Tubbermann 864.0,0.016087331226659007,0.0,0.0012159533073929961,0.0,0.0,0.0,0.0,0.0,0.0,0.0,0.0,0.0,0.0,0.0,0.0005475451724767294
Tarathel 859.0,0.0,0.0,0.0,0.0,0.0,0.0009419152276295133,0.005799373040752351,0.0,0.0,0.0,0.0,0.0,0.0,0.0,0.0
Talpan 857.0,0.0,0.0,0.0,0.005957922174641594,0.0,0.0,0.0,0.0,0.0,0.0,0.0,0.0,0.0,0.0,0.0
T’ron 850.0,0.0,0.0,0.0,0.0,0.0,0.0006279434850863422,0.0,0.014469959106637308,0.032470743365749136,0.0,0.0,0.004914715235617231,0.0026504108136761197,0.00023934897079942556,0.0
T’kul 840.0,0.0,0.0,0.0,0.0,0.0,0.0029827315541601255,0.0,0.0,0.01021921872424592,0.0,0.0,0.0011564035848511131,0.007818711900344553,0.0,0.0
Stev Kimmer 829.0,0.011060040218328066,0.0,0.0,0.0,0.0,0.0,0.0,0.0,0.0,0.0,0.0,0.0,0.0,0.0,0.0023726957473991605
S’loner 787.0,0.0,0.0,0.0,0.0,0.0,0.0,0.009247648902821317,0.0,0.0,0.0,0.0,0.0,0.0,0.0,0.0
Runel 779.0,0.0,0.0,0.0,0.003537516291193446,0.0008116883116883117,0.0,0.0,0.0,0.0,0.0,0.0,0.0,0.0,0.0,0.0
Robinton Rob Robie 772.0,0.0,0.01215726849456803,0.0,0.0,0.0,0.03328100470957614,0.27523510971786835,0.016986473733878578,0.03395417834184935,0.017507723995880537,0.04151044456347081,0.029199190517490606,0.060561887092499336,0.05648635710866443,0.006022996897244022
Petiron 738.0,0.0,0.0007759958613554061,0.0,0.0,0.0,0.0,0.046865203761755486,0.0,0.0,0.038619979402677654,0.017675415104445636,0.0,0.0,0.0,0.0
Norman 701.0,0.0,0.0,0.0,0.005026996834853845,0.0008116883116883117,0.0,0.0,0.0,0.0,0.0,0.0,0.0,0.0,0.0,0.0
Meron 671.0,0.0,0.0,0.0,0.0,0.0,0.001098901098901099,0.0,0.008807801195344448,0.02324048129223669,0.0,0.0002678093197643278,0.031222896790980052,0.0010601643254704478,0.00011967448539971278,0.0
Matsen 663.0,0.0,0.0,0.0,0.0,0.0,0.0,0.0017241379310344827,0.0,0.0,0.0,0.0,0.0,0.0,0.0,0.0
Marco Galliani 660.0,0.004021832806664752,0.0,0.0,0.0,0.0,0.0,0.0,0.0,0.0,0.0,0.0,0.0,0.0,0.0,0.0
Maidir 653.0,0.0,0.0,0.0,0.0,0.0,0.0,0.007210031347962382,0.0,0.0,0.0,0.0,0.0,0.0,0.0,0.0
M’odon 641.0,0.0,0.0,0.0,0.0,0.0,0.0,0.0006269592476489029,0.0,0.0,0.0,0.0,0.0,0.0,0.0,0.0
L’mal 608.0,0.0,0.0,0.0,0.003723701359150996,0.0,0.0,0.0,0.0,0.0,0.0,0.0,0.0,0.0,0.0,0.0
Kale 589.0,0.0,0.0,0.0,0.0,0.0,0.0006279434850863422,0.003918495297805642,0.0,0.0,0.0,0.0,0.0,0.0,0.0,0.0
K’dall 580.0,0.0,0.0,0.0,0.0001861850679575498,0.0,0.0,0.0,0.0,0.0,0.0,0.0,0.0,0.0,0.0,0.0
Jim Tillek James 573.0,0.015512783682849756,0.02017589239524056,0.00316147859922179,0.003909886427108546,0.004058441558441558,0.001098901098901099,0.009404388714733543,0.002201950298836112,0.004615131036756222,0.0005149330587023687,0.0008034279592929834,0.0005782017924255566,0.0010601643254704478,0.004188606988989947,0.0023726957473991605
Grogellan 531.0,0.0,0.0,0.0,0.0,0.0,0.0,0.005172413793103448,0.0,0.0,0.0,0.0,0.0,0.0,0.0,0.0
Gennell 521.0,0.0,0.0,0.0,0.0,0.0,0.0,0.030407523510971788,0.0,0.0,0.0,0.0,0.0,0.0,0.0,0.0
G’lanar 497.0,0.0,0.0,0.0,0.0,0.0,0.0,0.0,0.0,0.0,0.0,0.0,0.0,0.0,0.0040689325035902345,0.0
Fax 468.0,0.001580005745475438,0.0007759958613554061,0.0,0.0,0.0,0.004395604395604396,0.03949843260188088,0.07895564642969487,0.0006593044338223175,0.0,0.0,0.0002891008962127783,0.0007951232441028359,0.0004786979415988511,0.0005475451724767294
Faroguy 467.0,0.0,0.0,0.0,0.0,0.0,0.0,0.006426332288401254,0.0,0.0,0.0,0.0,0.0,0.0,0.0,0.0
Farevene 464.0,0.0,0.0,0.0,0.0,0.0,0.0,0.0025078369905956114,0.0,0.0,0.0,0.0,0.0,0.0,0.0,0.0
F’lon Falloner 455.0,0.0,0.0,0.0,0.0,0.0,0.0,0.06849529780564263,0.002201950298836112,0.0,0.0,0.0,0.0,0.0,0.0,0.0
Esselin 447.0,0.0,0.0,0.0,0.0,0.0,0.004552590266875981,0.0,0.0,0.0,0.0,0.0,0.0,0.0,0.005265677357587362,0.005840481839751779
Ch’mon 379.0,0.0,0.0,0.0,0.0005585552038726494,0.0,0.0,0.0,0.0,0.0,0.0,0.0,0.0,0.0,0.0,0.0
Caesar Galliani 370.0,0.002010916403332376,0.0,0.0,0.0,0.0,0.0,0.0,0.0,0.0,0.0,0.0,0.0,0.0,0.0,0.0
C’gan 363.0,0.0,0.0,0.0,0.0,0.0,0.0,0.007836990595611285,0.0053475935828877,0.00032965221691115873,0.0,0.0,0.0,0.0,0.0,0.0
Brare 345.0,0.0,0.0,0.0,0.0,0.0,0.0037676609105180532,0.0,0.0,0.0,0.0,0.0,0.0,0.0,0.0,0.0
Berchar Berch 322.0,0.0,0.0,0.0,0.007447402718301992,0.0,0.0,0.0,0.0,0.0,0.0,0.0,0.0,0.0,0.0,0.0
Barly 307.0,0.0,0.0,0.0,0.0003723701359150996,0.0,0.0,0.0,0.0,0.0,0.0,0.0,0.0,0.0,0.0,0.0
B’ner 295.0,0.0,0.0,0.0024319066147859923,0.0,0.0,0.0,0.0,0.0,0.0,0.0,0.0,0.0,0.0,0.0,0.0
Armald 283.0,0.0,0.0,0.0,0.0,0.0,0.003924646781789639,0.0,0.0,0.0,0.0,0.0,0.0,0.0,0.0,0.0
Suriana 243.0,0.0,0.0,0.0,0.0007447402718301992,0.02353896103896104,0.0,0.0,0.0,0.0,0.0,0.0,0.0,0.0,0.0,0.0
Silma 230.0,0.0,0.0,0.0,0.0,0.0016233766233766235,0.0,0.0,0.0,0.0,0.0,0.0,0.0,0.0,0.0,0.0
Sallah Telgar-Andiyar 217.0,0.04222924446997989,0.0,0.0,0.0,0.0,0.00015698587127158556,0.0,0.0,0.0,0.0,0.0,0.0,0.0,0.002632838678793681,0.0
Pendra 201.0,0.0,0.0,0.0,0.002978961087320797,0.004058441558441558,0.0,0.0,0.0,0.0,0.0,0.0,0.0,0.0,0.0,0.0
Moreta Moretta 179.0,0.0,0.0,0.0,0.20815490597654068,0.033279220779220776,0.0,0.0004702194357366771,0.002201950298836112,0.00016482610845557937,0.0,0.0021424745581146223,0.0,0.0,0.0,0.0005475451724767294
Milla 175.0,0.0,0.0,0.00048638132295719845,0.0,0.0,0.0,0.00015673981191222572,0.0,0.0,0.0,0.0,0.0,0.0,0.0,0.0
Merin 172.0,0.0,0.0,0.0,0.0,0.0016233766233766235,0.0,0.0,0.0,0.0,0.0,0.0,0.0,0.0,0.0,0.0
Merelan 170.0,0.0,0.0,0.0,0.0,0.0,0.0,0.052821316614420064,0.0,0.0,0.0,0.0005356186395286556,0.0,0.0,0.0,0.0
Mercia 169.0,0.0,0.0,0.0,0.0,0.0008116883116883117,0.0,0.0,0.0,0.0,0.0,0.0,0.0,0.0,0.0,0.0
Lucy Tubberman 151.0,0.012640045963803505,0.0,0.0009727626459143969,0.0,0.0,0.0,0.0,0.0,0.0,0.0,0.0,0.0,0.0,0.0,0.0005475451724767294
Larna Lama 134.0,0.0,0.0,0.0,0.0,0.0,0.0,0.00219435736677116,0.0,0.0,0.0,0.0,0.0,0.0,0.0,0.0
Kista 124.0,0.0,0.0,0.0,0.0,0.0016233766233766235,0.0,0.0,0.0,0.0,0.0,0.0,0.0,0.0,0.0,0.0
Kasia 119.0,0.0,0.0,0.0,0.0,0.0,0.0,0.03103448275862069,0.0,0.0,0.0,0.0,0.0,0.0,0.0,0.0
Jora 111.0,0.0,0.0,0.0,0.0,0.0,0.0,0.005172413793103448,0.007549543881723813,0.0,0.0,0.0,0.0,0.0,0.0,0.0
Gledia 93.0,0.0,0.0,0.0,0.0,0.0,0.0006279434850863422,0.0,0.0,0.0,0.0,0.0,0.0,0.0,0.0,0.0
Gemma 90.0,0.0,0.0,0.0,0.0,0.0,0.00015698587127158556,0.0023510971786833857,0.017615602390688895,0.00032965221691115873,0.0,0.0,0.0,0.00026504108136761196,0.0,0.0
Fanna 79.0,0.0,0.0,0.0,0.0,0.0,0.00015698587127158556,0.0,0.0,0.0008241305422778968,0.0,0.0,0.0,0.0010601643254704478,0.0,0.0
Dowell 64.0,0.0,0.0,0.0,0.0,0.0,0.008320251177394034,0.0,0.0,0.0,0.0,0.0,0.0,0.0,0.00023934897079942556,0.0
Catherine Radelin Doyle 44.0,0.0030163746049985635,0.0002586652871184687,0.0,0.0,0.0,0.0,0.0,0.0,0.0,0.0,0.0,0.0,0.0,0.0015557683101962662,0.001825150574922431
Carola 43.0,0.0,0.0,0.0,0.0,0.0,0.0,0.0029780564263322882,0.0,0.0,0.0,0.0,0.0,0.0,0.0,0.0
Betrice 31.0,0.0,0.0,0.0,0.0,0.0,0.0,0.011442006269592476,0.0,0.0,0.0,0.0,0.0,0.0,0.0,0.0
Adessa 4.0,0.0,0.0,0.0,0.0,0.0,0.0,0.0006269592476489029,0.0,0.0,0.0,0.0,0.0,0.0,0.0,0.0
Kenjo Fusaiyuki 1.0,0.025136455041654696,0.0,0.0,0.0,0.0,0.0,0.0,0.0,0.0,0.0,0.0,0.0,0.0,0.00023934897079942556,0.002007665632414674
Z’gal 1035.0,0.0,0.0,0.0014591439688715954,0.0,0.0,0.0,0.0,0.0,0.0,0.0,0.0,0.0,0.0,0.0,0.0
Yvonne Yves 1034.0,0.0005745475438092502,0.0,0.0,0.0,0.0,0.0,0.0,0.0,0.0,0.0,0.0,0.0,0.0,0.0,0.0
Winnia 1033.0,0.0,0.0,0.0,0.0001861850679575498,0.0,0.0,0.0,0.0,0.0,0.0,0.0,0.0,0.0,0.0,0.0
W’ter 1031.0,0.0,0.0,0.0,0.0001861850679575498,0.0,0.0,0.0,0.0,0.0,0.0,0.0,0.0,0.0,0.0,0.0
Usuai 1030.0,0.00014363688595231256,0.0,0.0,0.0,0.0,0.0,0.0,0.0,0.0,0.0,0.0,0.0,0.0,0.0,0.0
Twenone 1029.0,0.0,0.0,0.0,0.0,0.0,0.0,0.00015673981191222572,0.0,0.0,0.0,0.0,0.0,0.0,0.0,0.0
Tuck 1028.0,0.0,0.0,0.0,0.0,0.0,0.0,0.0,0.0,0.0,0.0,0.0,0.0,0.0,0.0,0.0001825150574922431
Tracey Train 1027.0,0.0030163746049985635,0.0031039834454216243,0.006079766536964981,0.003537516291193446,0.008116883116883116,0.00423861852433281,0.0020376175548589342,0.006605850896508336,0.00527443547057854,0.003089598352214212,0.00241028387787895,0.0037583116507661175,0.0021203286509408957,0.0019147917663954045,0.0023726957473991605
Tomol 1026.0,0.0,0.0002586652871184687,0.0,0.0,0.0,0.0,0.0,0.0,0.0,0.0,0.0,0.0,0.0,0.0,0.0
Tomlinson 1025.0,0.0,0.0,0.0007295719844357977,0.0,0.0,0.0,0.0,0.0,0.0,0.0,0.0,0.0,0.0,0.0,0.0
Tilsit 1024.0,0.0,0.0,0.0,0.0,0.0,0.0,0.0,0.0,0.0,0.0005149330587023687,0.0,0.0,0.0,0.0,0.0
Tashkovich 1023.0,0.00014363688595231256,0.0,0.0,0.0,0.0,0.0,0.0,0.0,0.0,0.0,0.0,0.0,0.0,0.0,0.0
T’ran 1022.0,0.0,0.0,0.0,0.0,0.0,0.0,0.0,0.0,0.0,0.0,0.0,0.0,0.00013252054068380598,0.0,0.0
T’ledon 1021.0,0.0,0.0,0.0,0.0,0.0,0.0,0.0,0.0,0.0,0.0,0.0002678093197643278,0.0,0.0,0.0,0.0
T’gor 1020.0,0.0,0.0,0.0,0.0,0.0,0.0,0.0,0.0,0.00032965221691115873,0.0,0.0,0.0,0.0,0.0,0.0
T’bot 1019.0,0.0,0.0,0.0,0.0,0.0,0.00015698587127158556,0.0,0.0,0.0,0.0,0.0,0.0,0.0,0.0,0.0
Silon 1018.0,0.0,0.0,0.0,0.0,0.0,0.0,0.0,0.0,0.00016482610845557937,0.0,0.0,0.0,0.0,0.0,0.0
Sigomel 1017.0,0.0,0.0,0.0,0.0,0.0,0.0,0.0,0.0,0.0,0.0,0.0,0.0,0.00013252054068380598,0.0,0.0
Shih Lao 1016.0,0.00043091065785693766,0.0,0.00048638132295719845,0.0,0.0,0.0,0.0,0.0,0.0,0.0,0.0,0.0,0.0,0.0,0.0
Shanna 1015.0,0.0,0.0,0.0009727626459143969,0.0,0.0,0.0,0.0,0.0,0.0,0.0,0.0,0.0,0.0,0.0,0.0
Severeid 1014.0,0.0,0.0,0.0,0.0,0.0,0.0,0.00015673981191222572,0.0,0.0,0.0,0.0,0.0,0.0,0.0,0.0
S’gar 1013.0,0.0,0.0,0.0,0.0,0.0,0.0,0.0,0.0,0.0,0.0,0.0,0.0,0.0,0.00011967448539971278,0.0
S’dra 1012.0,0.0,0.0,0.0,0.0,0.0,0.0,0.0,0.0,0.0,0.0,0.0,0.0,0.0,0.0,0.0003650301149844862
Randy 1011.0,0.0,0.0,0.0,0.0,0.0,0.0,0.0,0.0,0.0,0.0,0.0002678093197643278,0.0,0.0,0.0,0.0
R’nor 1010.0,0.0,0.0,0.0,0.0,0.0,0.0,0.0,0.0,0.00016482610845557937,0.0,0.0,0.0,0.0,0.0,0.0
R’miel R’mel 1009.0,0.0,0.0,0.0,0.0,0.0,0.0,0.0,0.0,0.00016482610845557937,0.0,0.0,0.0,0.0,0.0,0.0
Peth 1007.0,0.0,0.0,0.0,0.0,0.0016233766233766235,0.0,0.0,0.0,0.0,0.0,0.0,0.0,0.0,0.0,0.0
P’leen 1006.0,0.0,0.0,0.0,0.0005585552038726494,0.0,0.0,0.0,0.0,0.0,0.0,0.0,0.0,0.0,0.0,0.0
Naylor 1005.0,0.0,0.0,0.0,0.0,0.0,0.0,0.00015673981191222572,0.0,0.0,0.0,0.0,0.0,0.0,0.0,0.0
N’bil 1004.0,0.0,0.0,0.0,0.0,0.0,0.0,0.0,0.0,0.0,0.0,0.0,0.0,0.0,0.0,0.0003650301149844862
Murolin 1003.0,0.0,0.0,0.0,0.0,0.0,0.0,0.0,0.0,0.0,0.0,0.0,0.0,0.0,0.0,0.0001825150574922431
Miskin 1002.0,0.0,0.0,0.0,0.0,0.0,0.0,0.0,0.0,0.0,0.0,0.0,0.0,0.0,0.0004786979415988511,0.0
Mibbut 1001.0,0.0,0.0,0.0,0.0001861850679575498,0.0,0.0,0.0,0.0,0.0,0.0,0.0,0.0,0.0,0.0,0.0
Marshal 1000.0,0.0,0.0,0.0,0.0,0.0,0.0,0.0,0.0,0.0,0.0,0.0002678093197643278,0.0,0.0,0.0,0.0
Marchane 999.0,0.0,0.0,0.00048638132295719845,0.0,0.0,0.0,0.0,0.0,0.0,0.0,0.0,0.0,0.0,0.0,0.0
Mairian 998.0,0.0,0.0,0.00024319066147859923,0.0,0.0,0.0,0.0,0.0,0.0,0.0,0.0,0.0,0.0,0.0,0.0
M’ling 997.0,0.0,0.0,0.0,0.0,0.0,0.0,0.0,0.0,0.0,0.0,0.0,0.0,0.0,0.0,0.0001825150574922431
M’hall 996.0,0.0,0.0,0.00024319066147859923,0.0,0.0,0.0,0.0,0.0,0.0,0.0,0.0,0.0,0.0,0.0,0.0
M’dani 995.0,0.0,0.0,0.00024319066147859923,0.0,0.0,0.0,0.0,0.0,0.0,0.0,0.0,0.0,0.0,0.0,0.0
Lesselam 994.0,0.0,0.0002586652871184687,0.0,0.0,0.0,0.0,0.0,0.0,0.0,0.0,0.0,0.0,0.0,0.0,0.0
Lechi 993.0,0.0,0.0,0.0,0.0,0.0,0.0,0.0,0.0,0.0,0.0,0.0,0.0,0.0,0.0,0.0003650301149844862
Layrence 992.0,0.0,0.0,0.00024319066147859923,0.0,0.0,0.0,0.0,0.0,0.0,0.0,0.0,0.0,0.0,0.0,0.0
L’zal 991.0,0.0,0.0,0.0,0.0,0.0,0.0,0.0,0.0,0.0,0.0,0.0,0.0,0.0,0.00011967448539971278,0.0
L’vin 990.0,0.0,0.0,0.0,0.0001861850679575498,0.0,0.0,0.0,0.0,0.0,0.0,0.0,0.0,0.0,0.0,0.0
Kurt 989.0,0.0002872737719046251,0.0,0.0,0.0,0.0,0.0,0.0,0.0,0.0,0.0,0.0,0.0,0.0,0.0,0.0
Kung 988.0,0.00014363688595231256,0.0,0.0,0.0,0.0,0.0,0.0,0.0,0.0,0.0,0.0,0.0,0.0,0.0,0.0
Ker 987.0,0.0,0.0,0.0,0.0,0.0,0.0,0.0,0.0,0.0,0.0,0.0,0.0,0.0,0.0004786979415988511,0.0
Kayla 986.0,0.0,0.0,0.0,0.0,0.0,0.0,0.0,0.0,0.0,0.0,0.0002678093197643278,0.0,0.0,0.0,0.0
K’dor 985.0,0.0,0.0,0.0,0.0,0.0,0.0,0.0,0.0,0.00016482610845557937,0.0,0.0,0.0,0.0,0.0,0.0
Jonno 984.0,0.0,0.0,0.0,0.0,0.0,0.0,0.00015673981191222572,0.0,0.0,0.0,0.0,0.0,0.0,0.0,0.0
Johnny Greene 983.0,0.00014363688595231256,0.0,0.0,0.0,0.0,0.0,0.0,0.0,0.0,0.0,0.0,0.0,0.0,0.0,0.0
Joe Millan 982.0,0.00014363688595231256,0.0,0.0,0.0,0.0,0.0,0.0,0.0,0.0,0.0,0.0,0.0,0.0,0.0,0.0
Jessuan 981.0,0.0,0.0,0.0,0.0,0.0,0.0,0.0,0.0,0.0,0.0,0.0002678093197643278,0.0,0.0,0.0,0.0
Jess 980.0,0.00014363688595231256,0.0,0.0,0.0,0.003246753246753247,0.0,0.0,0.0,0.0,0.0,0.0,0.0,0.0,0.0,0.0
J’lono 979.0,0.0,0.0,0.0,0.0,0.0,0.0,0.0,0.0,0.0,0.0,0.0,0.0,0.0,0.00011967448539971278,0.0
Irtine 978.0,0.0,0.0,0.0,0.0,0.0,0.00015698587127158556,0.0,0.0,0.0,0.0,0.0,0.0,0.0,0.0,0.0
Heinrich 977.0,0.00014363688595231256,0.0,0.0,0.0,0.0,0.0,0.0,0.0,0.0,0.0,0.0,0.0,0.0,0.0,0.0
Hedelman 976.0,0.0,0.0,0.0,0.0,0.0,0.00015698587127158556,0.0,0.0,0.0,0.0,0.0,0.0,0.0,0.0,0.0
H’redan 975.0,0.0,0.0,0.0,0.0,0.0,0.0,0.0,0.0,0.0,0.0,0.0,0.0,0.0,0.0,0.0001825150574922431
H’grave 974.0,0.0,0.0,0.0,0.0001861850679575498,0.0,0.0,0.0,0.0,0.0,0.0,0.0,0.0,0.0,0.0,0.0
H’ages 973.0,0.0,0.0,0.0,0.0,0.0,0.0,0.0,0.0,0.00032965221691115873,0.0,0.0,0.0,0.0,0.0,0.0
Greg Keating 972.0,0.00014363688595231256,0.0,0.0,0.0,0.0,0.0,0.0,0.0,0.0,0.0,0.0,0.0,0.0,0.0,0.0
Grasella 971.0,0.0,0.0,0.00048638132295719845,0.0,0.0,0.0,0.0,0.0,0.0,0.0,0.0,0.0,0.0,0.0,0.0
Gorta 970.0,0.0,0.0,0.0,0.0005585552038726494,0.0,0.0,0.0,0.0,0.0,0.0,0.0,0.0,0.0,0.0,0.0
Glay 969.0,0.0,0.0,0.0,0.0,0.0,0.00015698587127158556,0.0,0.0,0.0,0.0,0.0,0.0,0.0,0.0,0.0
Glammie 968.0,0.0,0.0,0.0,0.0,0.0,0.00015698587127158556,0.0,0.0,0.0,0.0,0.0,0.0,0.0,0.0,0.0
Galter 967.0,0.0,0.0,0.0,0.0,0.0,0.0,0.0,0.0,0.0,0.0,0.0,0.0,0.0,0.0,0.0001825150574922431
Galnich Galnish 966.0,0.0,0.0,0.0,0.0001861850679575498,0.0,0.0,0.0,0.0,0.0,0.0,0.0,0.0,0.0,0.0,0.0
Gallen 965.0,0.0,0.0,0.0,0.0,0.003246753246753247,0.0,0.0,0.0,0.0,0.0,0.0,0.0,0.0,0.0,0.0
G’rannat 964.0,0.0,0.0,0.0,0.0,0.0,0.0,0.0,0.0,0.0,0.0,0.0,0.0,0.0,0.00023934897079942556,0.0
G’bear 963.0,0.0,0.0,0.0,0.0,0.0,0.0,0.0,0.0,0.0,0.0,0.0,0.0,0.0,0.0,0.0007300602299689724
Forris 962.0,0.0,0.0,0.0,0.0,0.0,0.00015698587127158556,0.0,0.0,0.0,0.0,0.0,0.0,0.0,0.0,0.0
Farelly 961.0,0.0,0.0,0.0,0.0001861850679575498,0.0,0.0,0.0,0.0,0.0,0.0,0.0,0.0,0.0,0.0,0.0
Fabry 960.0,0.0,0.0020693222969477496,0.0,0.0,0.0,0.0,0.0,0.0,0.0,0.0,0.0,0.0,0.0,0.0,0.0
Effram 959.0,0.0002872737719046251,0.0,0.0,0.0,0.0,0.0,0.0,0.0,0.0,0.0,0.0,0.0,0.0,0.0,0.0
Durak 958.0,0.0,0.0,0.0,0.0,0.0,0.0,0.0,0.0,0.0,0.0,0.0,0.0,0.0,0.00011967448539971278,0.0
Dunegrine 957.0,0.0,0.0,0.0,0.0,0.0008116883116883117,0.0,0.0,0.0,0.0,0.0,0.0,0.0,0.0,0.0,0.0
Decker 956.0,0.0,0.0,0.0,0.0,0.0,0.0,0.0,0.0,0.0,0.0,0.0,0.0,0.0,0.00023934897079942556,0.0
Christee 955.0,0.0,0.0,0.00024319066147859923,0.0,0.0,0.0,0.0,0.0,0.0,0.0,0.0,0.0,0.0,0.0,0.0
Chris MacArdle Cooney 954.0,0.0002872737719046251,0.0,0.0,0.0,0.0,0.0,0.0,0.0,0.0,0.0,0.0,0.0,0.0,0.0,0.0
C’reel 953.0,0.0,0.0,0.0,0.0,0.0,0.0,0.0,0.0,0.0,0.0,0.0,0.0,0.0,0.0,0.005475451724767293
Brindel 952.0,0.0,0.0,0.0,0.0,0.0,0.00015698587127158556,0.0,0.0,0.0,0.0,0.0,0.0,0.0,0.0,0.0
Birto 951.0,0.0,0.0,0.0,0.0,0.0,0.0,0.0,0.0,0.00032965221691115873,0.0,0.0,0.0,0.0,0.0,0.0
Betsy 950.0,0.00014363688595231256,0.0,0.0,0.0,0.0,0.0,0.0,0.0,0.0,0.0,0.0,0.0,0.0,0.0,0.0
Ben 949.0,0.0005745475438092502,0.0002586652871184687,0.00024319066147859923,0.0,0.0,0.0,0.0,0.0,0.0,0.0,0.0002678093197643278,0.0,0.0,0.0,0.0
Bandarek 948.0,0.0,0.0,0.0,0.0,0.0,0.0,0.0,0.0,0.0,0.0,0.0,0.0,0.0,0.00011967448539971278,0.0
B’refli 947.0,0.0,0.0,0.0,0.0,0.0,0.0,0.00015673981191222572,0.0,0.0,0.0,0.0,0.0,0.0,0.0,0.0
B’greal 946.0,0.0,0.0,0.0,0.0005585552038726494,0.0,0.0,0.0,0.0,0.0,0.0,0.0,0.0,0.0,0.0,0.0
B’fol 945.0,0.0,0.0,0.0,0.0,0.0,0.0,0.0,0.0006291286568103177,0.0,0.0,0.0,0.0,0.0,0.0,0.0
Anta 944.0,0.0,0.0,0.0,0.0,0.0,0.0,0.0004702194357366771,0.0,0.0,0.0,0.0,0.0,0.0,0.0,0.0
Ander 943.0,0.0,0.0,0.0,0.0,0.0,0.00015698587127158556,0.0,0.0,0.0,0.0,0.0,0.0,0.0,0.0,0.0
Albuna 942.0,0.0,0.0,0.0,0.0,0.0,0.0,0.0,0.0,0.0,0.0,0.0,0.0002891008962127783,0.0,0.0,0.0
Aisling Hempenstahl 941.0,0.0002872737719046251,0.0,0.0,0.0,0.0,0.0,0.0,0.0,0.0,0.0,0.0,0.0,0.0,0.0,0.0
A. C. Sopers 940.0,0.00014363688595231256,0.0,0.0,0.0,0.0,0.0,0.0,0.0,0.0,0.0,0.0,0.0,0.0,0.0,0.0
Zurg 939.0,0.0,0.0,0.0,0.0,0.0,0.0,0.0,0.0028310789556464295,0.0014834349761002142,0.0,0.0,0.0,0.0,0.001077070368597415,0.0001825150574922431
Zi Ongola 938.0,0.028871014076414823,0.0,0.0,0.0,0.0,0.0,0.0,0.0,0.0,0.0,0.0,0.0,0.0,0.0,0.0
Zewe 937.0,0.0,0.0,0.0,0.0,0.0,0.0,0.0,0.0,0.0,0.0,0.0,0.0,0.0,0.0,0.0005475451724767294
Z’ran 936.0,0.0,0.0,0.00048638132295719845,0.0,0.0,0.0,0.0,0.0,0.0,0.0,0.0,0.0,0.0,0.0,0.0
Yorag 935.0,0.0,0.0,0.0,0.0,0.0,0.0,0.00015673981191222572,0.0,0.0,0.0,0.0,0.0,0.0,0.0,0.0
Yanus 934.0,0.0,0.0018106570098292809,0.0,0.0,0.0,0.0,0.0,0.0,0.0,0.05509783728115345,0.0029459025174076057,0.0,0.0,0.0,0.0
Xi Chi Yuen 933.0,0.0008618213157138753,0.0,0.0,0.0,0.0,0.0,0.0,0.0,0.0,0.0,0.0,0.0,0.0,0.0,0.0
Wyzall 932.0,0.0,0.0,0.0,0.0,0.0,0.0,0.0,0.0,0.0,0.0,0.0,0.0,0.0,0.0,0.001825150574922431
Wonegal 931.0,0.0,0.0,0.0,0.0,0.0,0.0,0.00015673981191222572,0.0,0.0,0.0,0.0,0.0,0.0,0.0,0.0
Washell Wachell Wash 930.0,0.0,0.0,0.0,0.0,0.0,0.0,0.008620689655172414,0.0,0.0,0.0,0.0,0.0,0.0,0.0,0.0
Warlow 929.0,0.0,0.0,0.0,0.0,0.0,0.0,0.0,0.0,0.0,0.0,0.0,0.0,0.0,0.0,0.0005475451724767294
Warbret 928.0,0.0,0.0002586652871184687,0.0,0.0,0.0,0.0,0.0,0.0,0.0006593044338223175,0.0,0.0,0.0,0.0014577259475218659,0.0028721876495931067,0.0001825150574922431
Wansôr 927.0,0.0,0.0,0.0,0.0,0.0,0.0,0.0,0.0,0.0,0.0,0.0002678093197643278,0.0,0.0,0.0,0.0
Wansor 926.0,0.0,0.0002586652871184687,0.0,0.0,0.0,0.0018838304552590266,0.0,0.0,0.009230262073512444,0.0,0.0002678093197643278,0.0,0.008878876225815001,0.0019147917663954045,0.014966234714363934
Wanson 925.0,0.0,0.0,0.0,0.0,0.0,0.00015698587127158556,0.0,0.0,0.00032965221691115873,0.0,0.0,0.0,0.00013252054068380598,0.0,0.0
Waine 924.0,0.0,0.0,0.0024319066147859923,0.0,0.0,0.0,0.0,0.0,0.0,0.0,0.0,0.0,0.0,0.0,0.0
Wade Lorenzo 923.0,0.001005458201666188,0.0,0.0,0.0,0.0,0.0,0.0,0.0,0.0,0.0,0.0,0.0,0.0,0.0,0.0
Vormital 922.0,0.0,0.0,0.0,0.0,0.0,0.0,0.0,0.0,0.0,0.0,0.0,0.0,0.0,0.0,0.0007300602299689724
Viredian 921.0,0.0,0.0,0.0,0.0,0.0,0.0,0.0,0.0,0.0,0.0,0.0002678093197643278,0.0,0.0,0.0,0.0
Vincet 920.0,0.0,0.0,0.0,0.0,0.0,0.002197802197802198,0.0,0.0034602076124567475,0.0008241305422778968,0.0,0.0,0.0,0.0,0.0,0.0
Vieil Oncle 919.0,0.0,0.0,0.0,0.0,0.0,0.0,0.0,0.0,0.0,0.01184346035015448,0.0005356186395286556,0.0,0.0,0.0,0.0
Viderian 918.0,0.0,0.0,0.0,0.0,0.0,0.0,0.0,0.0,0.0,0.0,0.0018746652383502945,0.0,0.0,0.0,0.0
Vergerin 917.0,0.0,0.0,0.02213035019455253,0.0,0.0,0.0,0.0,0.0,0.0,0.0,0.0,0.0,0.0,0.0,0.0
Vendross 916.0,0.0,0.0,0.0,0.0,0.0,0.0,0.001567398119122257,0.0,0.0,0.0,0.0,0.0,0.0,0.0,0.0
Venabil 915.0,0.0,0.0,0.0,0.0,0.0,0.0,0.0,0.0,0.0,0.0,0.0,0.0,0.0,0.0,0.0023726957473991605
Vandentine 912.0,0.0,0.0,0.0,0.0,0.0,0.0,0.0,0.0,0.0,0.0,0.0,0.0,0.0,0.00023934897079942556,0.0
Valrol 911.0,0.0,0.0,0.0,0.0,0.0,0.0,0.0007836990595611285,0.0,0.0,0.0,0.0,0.0,0.0,0.0,0.0
Valden 910.0,0.0,0.0,0.0,0.0,0.0,0.0,0.00031347962382445143,0.0,0.0,0.0,0.0,0.0,0.0,0.0,0.0
V’mul 909.0,0.0,0.0,0.0,0.0001861850679575498,0.0,0.0,0.0,0.0,0.0,0.0,0.0,0.0,0.0,0.0,0.0
V’line 908.0,0.0,0.0007759958613554061,0.0,0.0,0.0,0.00282574568288854,0.0,0.0,0.0,0.0,0.0,0.0,0.0,0.00023934897079942556,0.0
V’last 907.0,0.0,0.0,0.0012159533073929961,0.0,0.0,0.0,0.0,0.0,0.0,0.0,0.0,0.0,0.0,0.0,0.0
Uvor 906.0,0.0,0.0,0.0,0.0,0.0,0.0009419152276295133,0.0,0.0,0.0,0.0,0.0,0.0,0.0,0.0,0.0
Ussie 905.0,0.0,0.0,0.003404669260700389,0.0,0.0,0.0,0.0,0.0,0.0,0.0,0.0,0.0,0.0,0.0,0.0
Tuvor 904.0,0.0,0.0,0.0,0.0,0.0,0.0,0.0,0.0,0.0,0.0,0.0,0.0,0.0,0.0,0.0001825150574922431
Turvine Turving 903.0,0.0,0.0,0.0,0.0005585552038726494,0.0,0.0,0.0,0.0,0.0,0.0,0.0,0.0,0.0,0.0,0.0
Turlon 902.0,0.0,0.0,0.0,0.0,0.0,0.0,0.0,0.0,0.0,0.0005149330587023687,0.0,0.0,0.0,0.0,0.0
Tunge 901.0,0.0,0.0,0.0,0.0,0.0,0.0,0.0,0.0,0.0,0.0,0.0,0.0,0.0,0.0,0.002007665632414674
Tuero 900.0,0.0,0.0,0.0,0.015267175572519083,0.03571428571428571,0.0,0.0,0.0,0.0,0.0,0.0,0.0,0.0,0.0,0.0
Tuero 899.0,0.0,0.0,0.0,0.015267175572519083,0.03571428571428571,0.0,0.0,0.0,0.0,0.0,0.0,0.0,0.0,0.0,0.0
Trelbin 897.0,0.0,0.0,0.0,0.0,0.0008116883116883117,0.0,0.0,0.0,0.0,0.0,0.0,0.0,0.0,0.0,0.0
Tranilty 896.0,0.0,0.0,0.0,0.0,0.0,0.0,0.0,0.0,0.0,0.0005149330587023687,0.0,0.0,0.0,0.0,0.0
Traller 895.0,0.0,0.0,0.0,0.0,0.0,0.0,0.00109717868338558,0.0,0.0,0.0,0.0,0.0,0.0,0.0,0.0
Tragger 894.0,0.0,0.0,0.0,0.0,0.0,0.0007849293563579278,0.0,0.0,0.0,0.0,0.0,0.0,0.0,0.0,0.0
Tosikin 893.0,0.0,0.0,0.0,0.0,0.0,0.0,0.0,0.0,0.0,0.0,0.0,0.0,0.0,0.00023934897079942556,0.0
Tortole 892.0,0.0,0.0,0.0,0.0,0.0,0.0,0.0028213166144200625,0.0,0.0,0.0,0.0,0.0,0.0,0.0,0.0
Torsten 891.0,0.0,0.0,0.0,0.0,0.0,0.0003139717425431711,0.0,0.0,0.0,0.0,0.0,0.0,0.0,0.0,0.0
Toronas 890.0,0.0,0.0005173305742369374,0.0,0.0,0.0,0.0,0.0,0.0,0.0,0.0,0.0,0.0,0.0,0.001675442795595979,0.001825150574922431
Torlo 889.0,0.0,0.0,0.0,0.0,0.0,0.0,0.0,0.0,0.0,0.0,0.0,0.0,0.0,0.0,0.008578207702135425
Torlin 888.0,0.0,0.0,0.0,0.0,0.0,0.0,0.00031347962382445143,0.0,0.0,0.0,0.0,0.0,0.0,0.0,0.0
Torjus 887.0,0.0,0.0,0.0,0.0,0.0,0.0,0.0,0.0,0.0,0.0,0.0,0.0,0.0,0.0,0.0003650301149844862
Toric 886.0,0.0,0.026642524573202275,0.0,0.0,0.0,0.07095761381475667,0.0,0.0,0.0011537827591890555,0.0,0.0,0.0265972824515756,0.021865889212827987,0.009334609861177597,0.02938492425625114
Tordril 885.0,0.0,0.0,0.0,0.0,0.0,0.0,0.0,0.0,0.0,0.0,0.0,0.0,0.0013252054068380599,0.0,0.0
Tom Patrick 884.0,0.0008618213157138753,0.0002586652871184687,0.0,0.0,0.0,0.0,0.0,0.0,0.0,0.0,0.0,0.0,0.0,0.0,0.0001825150574922431
Tolocamp 883.0,0.0,0.0,0.0,0.023086948426736177,0.037337662337662336,0.0,0.0,0.0,0.0,0.0,0.0,0.0,0.0,0.0,0.0
Tirone 882.0,0.0,0.0,0.0,0.020852727611245576,0.022727272727272728,0.0,0.0,0.0,0.0,0.0,0.0,0.0,0.0,0.0,0.0
Tippel 881.0,0.0,0.0,0.0,0.0,0.0,0.0,0.0,0.0,0.0,0.0,0.0,0.0,0.0,0.0,0.0005475451724767294
Tino 880.0,0.0,0.0,0.0,0.0,0.0,0.0015698587127158557,0.0,0.0,0.0,0.0,0.0,0.0,0.0,0.0,0.0
Tinamon 879.0,0.0,0.0,0.0,0.0,0.0,0.0,0.00031347962382445143,0.0,0.0,0.0,0.0,0.0,0.0,0.0,0.0
Timiny Tim 878.0,0.0,0.0,0.0,0.0,0.0,0.0,0.0,0.0,0.0,0.0,0.0034815211569362613,0.0037583116507661175,0.0,0.0,0.0
Timareen 877.0,0.0,0.0,0.0,0.0,0.0,0.0,0.0,0.0,0.0,0.0,0.0002678093197643278,0.0,0.0,0.0,0.0
Tilgin 876.0,0.0,0.0,0.0,0.0,0.0,0.0,0.0,0.0,0.0,0.0,0.0,0.005203816131830009,0.0,0.0,0.0
Tilarek 875.0,0.0,0.0,0.0,0.0,0.0,0.0,0.0,0.0025165146272412707,0.0,0.0,0.0,0.0,0.0,0.0,0.0
Tikini 874.0,0.0,0.0005173305742369374,0.0,0.0,0.0,0.0,0.0,0.0,0.0,0.0,0.0,0.0,0.0,0.0,0.0
Thomas 873.0,0.0,0.0,0.0014591439688715954,0.0,0.0,0.0,0.0,0.0,0.0,0.0,0.0,0.0,0.0,0.0,0.0
Theskin 872.0,0.0,0.0,0.0,0.0,0.011363636363636364,0.0,0.0,0.0,0.0,0.0,0.0,0.0,0.0,0.0,0.0
Théo Force 871.0,0.0027291008330939384,0.004138644593895499,0.007538910505836576,0.004468441630981195,0.00487012987012987,0.004552590266875981,0.004545454545454545,0.013211701793016672,0.0032965221691115872,0.007723995880535531,0.0029459025174076057,0.006938421509106678,0.0034455340577789558,0.003231211105792245,0.005110421609782807
Theng 870.0,0.0,0.0,0.0,0.0013032954757028485,0.00974025974025974,0.0,0.0,0.0,0.0,0.0,0.0,0.0,0.0,0.0,0.0
Texur 869.0,0.0,0.0002586652871184687,0.0,0.0,0.0,0.0,0.0,0.0,0.0,0.0,0.0,0.0,0.0,0.0,0.0
Tesner 868.0,0.0,0.0,0.0,0.0,0.0,0.0,0.00031347962382445143,0.0,0.0,0.0,0.0,0.0,0.0,0.0,0.0
Terry 867.0,0.0,0.0002586652871184687,0.0,0.0,0.0,0.00015698587127158556,0.0,0.0,0.011867479808801713,0.0,0.0,0.0,0.0,0.0023934897079942556,0.0
Terentel 866.0,0.0,0.0,0.0,0.0,0.0,0.0,0.0,0.0,0.0,0.0,0.0,0.0,0.0,0.0023934897079942556,0.0
Tegger 865.0,0.0,0.0,0.0,0.0,0.0,0.0,0.0,0.0,0.0,0.0,0.0,0.0,0.0005300821627352239,0.0,0.0
Tawkin 863.0,0.0,0.0,0.0,0.0,0.0,0.0003139717425431711,0.0,0.0,0.0,0.0,0.0,0.0,0.0,0.0,0.0
Tashvi 862.0,0.0,0.0,0.010214007782101167,0.0,0.0,0.0,0.0,0.0,0.0,0.0,0.0,0.0,0.0,0.0,0.0
Tarvi Andiyar Andivar 861.0,0.011490950876185005,0.0,0.00024319066147859923,0.0,0.0,0.00015698587127158556,0.0,0.0,0.0,0.0,0.0,0.0,0.0,0.0005983724269985639,0.0
Targus 860.0,0.0,0.0,0.0,0.0,0.0,0.0,0.0028213166144200625,0.0,0.0,0.0,0.0,0.0,0.0,0.0,0.0
Tanus 858.0,0.0,0.0,0.0,0.0,0.0,0.0,0.0,0.0,0.0,0.0005149330587023687,0.0,0.0,0.0,0.0,0.0
Talmor 856.0,0.0,0.003362648732540093,0.0,0.0,0.0,0.0,0.0,0.0,0.0009889566507334763,0.0,0.01580074986609534,0.0005782017924255566,0.0,0.0,0.0
Tagetarl Tag 855.0,0.0,0.0002586652871184687,0.0,0.0,0.0,0.0,0.0,0.0,0.0009889566507334763,0.0,0.0,0.0002891008962127783,0.0,0.0020344662517951173,0.036503011498448625
T’ton 854.0,0.0,0.0,0.0,0.0,0.0,0.0003139717425431711,0.0,0.0,0.0,0.0,0.0,0.0,0.0,0.0,0.0
T’tel T’lel 853.0,0.0,0.0,0.0019455252918287938,0.0,0.0,0.0,0.0,0.0,0.0,0.0,0.0,0.0,0.0,0.0,0.0
T’sen 851.0,0.0,0.0,0.0009727626459143969,0.0,0.0,0.0,0.0,0.0,0.0,0.0,0.0,0.0,0.0,0.0,0.0
T’red 849.0,0.0,0.0,0.0007295719844357977,0.0,0.0,0.0,0.0,0.0,0.0,0.0,0.0,0.0,0.0,0.0,0.0
T’reb 848.0,0.0,0.0,0.0,0.0,0.0,0.0,0.0,0.0,0.005604087687489699,0.0,0.0,0.0,0.0,0.0,0.0
T’ral 847.0,0.0,0.0,0.0,0.0013032954757028485,0.0,0.0,0.0,0.0,0.0,0.0,0.0,0.0,0.0,0.0,0.0
T’ragel 846.0,0.0,0.0,0.0,0.0003723701359150996,0.0,0.0,0.0,0.0,0.0,0.0,0.0,0.0,0.0,0.0,0.0
T’nure 845.0,0.0,0.0,0.0,0.0003723701359150996,0.0,0.0,0.0,0.0,0.0,0.0,0.0,0.0,0.0,0.0,0.0
T’lonneg 844.0,0.0,0.0,0.0,0.0003723701359150996,0.0,0.0,0.0,0.0,0.0,0.0,0.0,0.0,0.0,0.0,0.0
T’lion Gaddie 843.0,0.0,0.12312467666839111,0.0,0.0,0.0,0.0,0.0,0.0,0.0,0.0,0.0,0.0,0.0,0.0,0.003650301149844862
T’lan 842.0,0.0,0.0,0.0009727626459143969,0.0,0.0,0.0,0.0,0.0,0.0,0.0,0.0,0.0,0.0,0.0,0.0
T’kull 841.0,0.0,0.0,0.0,0.0,0.0,0.0,0.0,0.0,0.0,0.0,0.0,0.0,0.00013252054068380598,0.0,0.0
T’kil 839.0,0.0,0.0,0.0,0.0,0.0,0.0,0.0,0.0006291286568103177,0.0,0.0,0.0,0.0,0.0,0.0,0.0
T’grel 838.0,0.0,0.0,0.0,0.0020480357475330477,0.0,0.0,0.0,0.0,0.0,0.0,0.0,0.0,0.0,0.0,0.0
T’gran 837.0,0.0,0.0,0.0,0.0,0.0,0.0,0.0,0.0,0.0,0.005149330587023687,0.0,0.0,0.0,0.0,0.0
T’gellan 836.0,0.0,0.016554578375581996,0.0,0.0,0.0,0.0032967032967032967,0.0,0.0,0.0,0.053553038105046344,0.01098018211033744,0.0005782017924255566,0.0005300821627352239,0.0031115366203925323,0.010950903449534586
T’dam 835.0,0.0,0.0,0.008268482490272374,0.0,0.0,0.0,0.0,0.0,0.0,0.0,0.0,0.0,0.0,0.0,0.0
Sufur 834.0,0.0,0.0,0.0,0.0007447402718301992,0.0,0.0,0.0,0.0,0.0,0.0,0.0,0.0,0.0,0.0,0.0
Sucho 833.0,0.0,0.0,0.0,0.0,0.0,0.0,0.0028213166144200625,0.0,0.0,0.0,0.0,0.0,0.0,0.0,0.0
Strud 832.0,0.0,0.0,0.0,0.0,0.0,0.0,0.0,0.0,0.0,0.0,0.0002678093197643278,0.0008673026886383347,0.0,0.0,0.0
Struan 831.0,0.0,0.0,0.0,0.0,0.0,0.0,0.00015673981191222572,0.0,0.0,0.0,0.0,0.0,0.0,0.0,0.0
Stinar 830.0,0.0,0.0,0.0,0.0,0.0,0.0,0.0,0.0,0.0,0.0,0.0,0.0,0.0,0.0,0.005475451724767293
St’ven 828.0,0.0,0.0,0.0,0.0,0.0,0.0,0.0,0.0,0.0,0.0,0.0,0.0,0.0,0.0,0.003650301149844862
Sparling 827.0,0.0,0.0,0.0,0.0,0.0,0.0,0.0,0.0,0.0,0.0,0.0,0.0,0.0,0.0,0.0005475451724767294
Sousmal 826.0,0.0,0.0,0.0,0.0,0.0,0.0,0.0,0.0,0.0,0.0,0.0,0.0,0.0,0.00023934897079942556,0.0001825150574922431
Soover 825.0,0.0,0.0,0.0,0.0001861850679575498,0.0,0.0,0.0,0.0,0.0,0.0,0.0,0.0,0.0,0.0,0.0
Sograny 824.0,0.0,0.0,0.0,0.0,0.0,0.0,0.0,0.0,0.0031316960606560078,0.0,0.0,0.0,0.00013252054068380598,0.0,0.0
Sneel 823.0,0.0,0.0,0.0,0.0001861850679575498,0.0,0.0,0.0,0.0,0.0,0.0,0.0,0.0,0.0,0.0,0.0
Sintary 822.0,0.0,0.0,0.0,0.0,0.0,0.0,0.0,0.0,0.0,0.0,0.0,0.0,0.0,0.0,0.004197846322321591
Silton 821.0,0.0,0.0,0.0,0.0,0.0,0.0,0.0,0.0,0.0,0.0,0.0,0.0,0.0,0.00023934897079942556,0.0
Sigomal 820.0,0.0,0.0,0.0,0.0,0.0,0.0,0.0,0.0,0.0,0.0,0.0,0.0,0.0,0.006223073240785065,0.0
Sifer 819.0,0.0,0.0,0.0,0.0,0.0,0.003453689167974882,0.00015673981191222572,0.0,0.0029668699522004283,0.0,0.0,0.0,0.0,0.00011967448539971278,0.0
Shuvin 818.0,0.0011490950876185005,0.0,0.0,0.0,0.0,0.0,0.0,0.0,0.0,0.0,0.0,0.0,0.0,0.0,0.0
Shulse 817.0,0.0,0.0,0.0009727626459143969,0.0,0.0,0.0,0.0,0.0,0.0,0.0,0.0,0.0,0.0,0.0,0.0
Shonagor 816.0,0.0,0.0,0.0,0.0,0.0,0.0,0.0,0.0,0.0,0.0,0.0002678093197643278,0.0,0.0,0.0,0.0
Shonagar 815.0,0.0,0.0,0.0,0.0,0.0,0.00015698587127158556,0.005329153605015674,0.0,0.0,0.0,0.016068559185859668,0.01011853136744724,0.0,0.00011967448539971278,0.0
Sheve 814.0,0.0,0.0,0.0,0.0,0.0,0.0,0.0006269592476489029,0.0,0.0,0.0,0.0,0.0,0.0,0.0,0.0
Sherris 813.0,0.0,0.0,0.0,0.0,0.0,0.0,0.0,0.0,0.0,0.0,0.0,0.0014455044810638912,0.0,0.0,0.0
Sheledon Shel 812.0,0.0,0.0,0.014834630350194552,0.0,0.0,0.0,0.0,0.0,0.0,0.0,0.0,0.0,0.0,0.0,0.0
Shawan 811.0,0.0,0.0,0.0,0.0,0.0,0.0,0.0,0.0,0.0,0.0,0.0,0.0,0.0,0.0005983724269985639,0.0
Shankolin Glasstol de Crom 810.0,0.0,0.0,0.0,0.0,0.0,0.0,0.0,0.0,0.0,0.0,0.0,0.0,0.0,0.0,0.00529293666727505
Shadder 809.0,0.0,0.0,0.0,0.001861850679575498,0.0,0.0,0.0,0.0,0.0,0.0,0.0,0.0,0.0,0.0,0.0
Sh’gall 808.0,0.0,0.0,0.0,0.03928504933904301,0.005681818181818182,0.0,0.0,0.0,0.0,0.0,0.0,0.0,0.0,0.0,0.0
Sev Ritecamp 807.0,0.0,0.0,0.0,0.0,0.0,0.0,0.0025078369905956114,0.0,0.0,0.0,0.0,0.0,0.0,0.0,0.0001825150574922431
Serubil 806.0,0.0,0.0,0.0,0.0,0.0,0.0,0.0,0.0,0.0,0.0,0.0,0.0,0.0,0.0,0.0012776054024457018
Semment 805.0,0.0,0.0,0.0,0.0001861850679575498,0.0,0.0,0.0,0.0,0.0,0.0,0.0,0.0,0.0,0.0,0.0
Sellel 804.0,0.0,0.0,0.0,0.0,0.0,0.0,0.0006269592476489029,0.0,0.0,0.0,0.0,0.0,0.0,0.0,0.0
Sefran 803.0,0.0,0.0,0.0,0.0,0.0,0.0,0.0,0.0,0.0,0.0,0.0002678093197643278,0.0,0.0,0.0,0.0
Sefal 802.0,0.0,0.0,0.0,0.0,0.0,0.0,0.0,0.0,0.0,0.0,0.0,0.0,0.0,0.0004786979415988511,0.0
Sebell Sebel Sevell 801.0,0.0,0.011639937920331092,0.0,0.0,0.0,0.006593406593406593,0.007680250783699059,0.0,0.0011537827591890555,0.0005149330587023687,0.05597214783074451,0.0942468921653657,0.007686191359660748,0.01926759214935376,0.027194743566344222
Sean Connell O’Connell 800.0,0.07828210284401034,0.0,0.0014591439688715954,0.0,0.0,0.0,0.0,0.0,0.0,0.0,0.0,0.0,0.0,0.00035902345619913834,0.0
Sch’gall 799.0,0.0,0.0,0.0,0.0001861850679575498,0.0,0.0,0.0,0.0,0.0,0.0,0.0,0.0,0.0,0.0,0.0
Scand 798.0,0.0,0.0,0.0,0.0020480357475330477,0.0,0.0,0.0,0.0,0.0,0.0,0.0,0.0,0.0,0.0,0.0
Scallak 797.0,0.0,0.0,0.0,0.0,0.0,0.0006279434850863422,0.0,0.0,0.0,0.0,0.0,0.0,0.0,0.0,0.0
Sangel 796.0,0.0,0.0005173305742369374,0.0,0.0,0.0,0.0006279434850863422,0.0004702194357366771,0.0,0.006428218229767595,0.0,0.0010712372790573112,0.0,0.0030479724357275377,0.0023934897079942556,0.0023726957473991605
Saneter 795.0,0.0,0.0,0.0,0.0,0.0,0.013971742543171115,0.0,0.0,0.0,0.0,0.0,0.003469210754553339,0.0,0.0,0.0
Samvel 794.0,0.0,0.0046559751681324365,0.0,0.0,0.0,0.0,0.0,0.0,0.0,0.0,0.0,0.0,0.0,0.0,0.0005475451724767294
Saltor 793.0,0.0,0.0,0.0,0.0,0.0,0.0,0.0006269592476489029,0.0,0.0,0.0,0.0,0.0,0.0,0.0,0.0
Sal 792.0,0.0005745475438092502,0.0,0.0,0.0,0.008928571428571428,0.0,0.0,0.0,0.0,0.0,0.0,0.0,0.0,0.0,0.0
S’rond 791.0,0.0,0.0,0.0,0.0,0.0,0.0,0.0,0.0,0.0,0.0,0.0,0.0,0.0,0.00011967448539971278,0.0
S’peren 790.0,0.0,0.0,0.0,0.00893688326196239,0.0016233766233766235,0.0,0.0,0.0,0.0,0.0,0.0,0.0,0.0,0.0,0.0
S’nan 789.0,0.0,0.0,0.021400778210116732,0.0,0.0,0.0,0.0,0.0,0.0,0.0,0.0,0.0,0.0,0.0,0.0
S’mon Thomas 788.0,0.0,0.0,0.00316147859922179,0.0,0.0,0.0,0.0,0.0,0.0,0.0,0.0,0.0,0.0,0.0,0.0
S’ligar 786.0,0.0,0.0,0.0,0.007633587786259542,0.0,0.0,0.0,0.0,0.0,0.0,0.0,0.0,0.0,0.0,0.0
S’len 785.0,0.0,0.0,0.0,0.0,0.0,0.0,0.0,0.0,0.0,0.0,0.0,0.0,0.0,0.0035902345619913834,0.0
S’lel 784.0,0.0,0.0,0.0,0.0,0.0,0.0,0.0014106583072100312,0.010066058508965083,0.00016482610845557937,0.0,0.0,0.0,0.0,0.0,0.0
S’lan Selessan Sellie 783.0,0.0,0.0,0.0,0.0,0.0,0.0,0.0,0.002201950298836112,0.0,0.0,0.0,0.0,0.0,0.0,0.0025552108048914036
S’goral 782.0,0.0,0.0,0.0,0.0,0.0,0.0,0.0,0.0,0.0008241305422778968,0.0,0.0,0.0,0.0,0.0,0.0
S’gor 781.0,0.0,0.0,0.0,0.005771737106684044,0.0,0.0,0.0,0.0,0.0,0.0,0.0,0.0,0.0,0.0,0.0
S’bran 780.0,0.0,0.0,0.0,0.0,0.0,0.0,0.0012539184952978057,0.0,0.0,0.0,0.0,0.0,0.0,0.0,0.0
Rulyar 778.0,0.0,0.0,0.0,0.0,0.0,0.0,0.0009404388714733542,0.0,0.0,0.0,0.0,0.0,0.0,0.0,0.0
Rudi Shwartz Rudolph 777.0,0.0018672795173800632,0.0,0.0,0.0,0.0,0.0,0.0,0.0,0.0,0.0,0.0,0.0,0.0,0.0,0.0
Ronchin 776.0,0.0,0.0,0.0,0.0,0.0,0.0,0.0,0.0,0.0,0.0,0.0,0.0,0.0,0.0,0.0005475451724767294
Rokayas 775.0,0.0,0.0,0.0,0.0,0.0,0.0,0.0,0.0,0.0,0.0,0.0,0.006938421509106678,0.0,0.0,0.0
Robse 774.0,0.0,0.002586652871184687,0.0,0.0,0.0,0.00015698587127158556,0.0,0.0,0.0,0.0,0.0,0.0,0.0,0.00023934897079942556,0.0005475451724767294
Roblyn 773.0,0.0,0.0,0.0,0.0,0.0,0.0,0.00015673981191222572,0.0,0.0,0.0,0.0,0.0,0.0,0.0,0.0
Riller 771.0,0.0,0.0,0.0,0.0,0.0,0.0,0.0,0.0,0.0,0.0,0.0,0.0,0.0,0.0,0.0005475451724767294
Richud 770.0,0.0,0.0,0.004134241245136187,0.0,0.0,0.0,0.0,0.0,0.0,0.0,0.0,0.0,0.0,0.0,0.0
Ricardy 769.0,0.0,0.0,0.0,0.0,0.0,0.0,0.00015673981191222572,0.0,0.0,0.0,0.0,0.0,0.0,0.0,0.0
René Mallibeau 768.0,0.0002872737719046251,0.0,0.0,0.0,0.0,0.0,0.0,0.0,0.0,0.0,0.0,0.0,0.0,0.0,0.0
Rency 767.0,0.0,0.0,0.0,0.0,0.0,0.0,0.0,0.0,0.0,0.0,0.0,0.0,0.0,0.0,0.002007665632414674
Red Hanrahan 766.0,0.010485492674518817,0.0,0.0012159533073929961,0.0,0.0,0.0,0.0,0.0,0.0,0.0,0.0,0.0,0.0,0.00023934897079942556,0.0
Readis 765.0,0.0,0.1288153129849974,0.0,0.0,0.0,0.018367346938775512,0.0,0.0,0.0,0.0,0.0,0.0,0.0,0.0025131641933939684,0.0007300602299689724
Ratoshigan Ratoshinga 764.0,0.0,0.0,0.0,0.008564513126047292,0.003246753246753247,0.0,0.0,0.0,0.0,0.0,0.0,0.0,0.0,0.0,0.0
Rasa 763.0,0.0,0.0,0.0,0.0,0.0,0.0,0.0004702194357366771,0.0,0.0,0.0,0.0,0.0,0.0,0.0,0.0
Rapal 762.0,0.0,0.0,0.0,0.0001861850679575498,0.0,0.0,0.0,0.0,0.0,0.0,0.0,0.0,0.0,0.0,0.0
Ranrel 761.0,0.0,0.0,0.0,0.0,0.0,0.0,0.0,0.0,0.0,0.0,0.0,0.0,0.0,0.006223073240785065,0.0014601204599379448
Ranneth 760.0,0.0,0.0,0.0,0.0,0.0,0.0,0.0,0.0,0.0,0.0,0.0,0.0,0.0,0.0,0.0007300602299689724
Ranly 759.0,0.0,0.0,0.0,0.0,0.0,0.0,0.0,0.0,0.0,0.0,0.00723085163363685,0.002023706273489448,0.0,0.0,0.0
Rampesi 758.0,0.0,0.0002586652871184687,0.0,0.0,0.0,0.004866562009419153,0.0,0.0,0.0,0.0,0.0,0.0,0.0,0.0,0.0
Rammany 757.0,0.0,0.0,0.0,0.0,0.0,0.0,0.0,0.0,0.0,0.0,0.0002678093197643278,0.0,0.0,0.0,0.0
Ram Da 756.0,0.0002872737719046251,0.0031039834454216243,0.0,0.0,0.0,0.008006279434850863,0.0,0.0034602076124567475,0.01747156749629141,0.0,0.0,0.0,0.018022793532997614,0.015198659645763524,0.0093082679321044
Raïd 755.0,0.0,0.0,0.0,0.0,0.0,0.0,0.0,0.0,0.00016482610845557937,0.0,0.0,0.0,0.0,0.0,0.0
Raid 754.0,0.0,0.0,0.0,0.0,0.0,0.0031397174254317113,0.009561128526645767,0.00031456432840515884,0.007417174880501072,0.0,0.0,0.0002891008962127783,0.00026504108136761196,0.00023934897079942556,0.0005475451724767294
R’yar 753.0,0.0,0.0,0.0,0.0,0.0,0.0,0.00031347962382445143,0.0,0.0,0.0,0.0,0.0,0.0,0.0,0.0
R’mart 752.0,0.0,0.005690636316606311,0.0,0.0,0.0,0.0003139717425431711,0.0,0.0,0.005933739904400857,0.0,0.0,0.0,0.0018552875695732839,0.0005983724269985639,0.0014601204599379448
R’limeak 751.0,0.0,0.0,0.0,0.0007447402718301992,0.0,0.0,0.0,0.0,0.0,0.0,0.0,0.0,0.0,0.0,0.0
R’gul Rangul 750.0,0.0,0.0,0.0,0.0,0.0,0.0,0.0054858934169279,0.054105064485687325,0.00016482610845557937,0.0,0.0,0.0,0.0,0.0,0.0009125752874612155
Quitrin 749.0,0.0,0.0,0.0,0.0003723701359150996,0.0,0.0,0.0,0.0,0.0,0.0,0.0,0.0,0.0,0.0,0.0
Pressen 748.0,0.0,0.0,0.0,0.007261217650344443,0.0,0.0,0.0,0.0,0.0,0.0,0.0,0.0,0.0,0.0,0.0
Pragal 747.0,0.0,0.0,0.0,0.0,0.0,0.0,0.0004702194357366771,0.0,0.0,0.0,0.0,0.0,0.0,0.0,0.0
Possil 746.0,0.0,0.0,0.0,0.0,0.0,0.0,0.0,0.0,0.0,0.0,0.0,0.0,0.0,0.0,0.0003650301149844862
Porrig Connell 745.0,0.00560183855214019,0.0,0.0007295719844357977,0.0,0.0,0.0,0.0,0.0,0.0,0.0,0.0,0.0,0.0,0.00035902345619913834,0.0
Pol Nietro 744.0,0.03346739442688883,0.0,0.0,0.0,0.013798701298701298,0.0003139717425431711,0.0,0.0,0.0,0.0,0.0,0.0,0.0,0.0,0.0
Pol 743.0,0.03160011490950876,0.0,0.0,0.0,0.013798701298701298,0.0003139717425431711,0.0,0.0,0.0,0.0,0.0,0.0,0.0,0.0,0.0
Pierre de Courcis 742.0,0.008330939385234128,0.005173305742369374,0.005107003891050584,0.004654626698938745,0.00487012987012987,0.0031397174254317113,0.0025078369905956114,0.02768166089965398,0.008735783748145706,0.007209062821833162,0.0034815211569362613,0.004047412546978896,0.010866684336072092,0.001675442795595979,0.003467786092352619
Piemur 741.0,0.0,0.0012933264355923435,0.0,0.0,0.0,0.0891679748822606,0.0,0.0,0.0,0.0,0.07659346545259775,0.21711477305579646,0.024383779485820302,0.04535662996649115,0.001825150574922431
Piemur 740.0,0.0,0.0012933264355923435,0.0,0.0,0.0,0.0891679748822606,0.0,0.0,0.0,0.0,0.07659346545259775,0.21711477305579646,0.024383779485820302,0.04535662996649115,0.001825150574922431
Phas Radamanth 739.0,0.004021832806664752,0.0,0.0,0.0,0.0,0.0,0.0,0.0,0.0,0.0,0.0,0.0,0.0,0.0,0.0
Petillo 737.0,0.0,0.0,0.0,0.0,0.0,0.0,0.0,0.0,0.0,0.0,0.0002678093197643278,0.0,0.0,0.0,0.0
Petey Pete 736.0,0.002872737719046251,0.0,0.0,0.0,0.0,0.0,0.0,0.0,0.0,0.0,0.0,0.0,0.0,0.0,0.0
Peterpar 735.0,0.0,0.0,0.0,0.003909886427108546,0.0,0.0,0.0,0.0,0.0,0.0,0.0,0.0,0.0,0.0,0.0
Peter Semling 734.0,0.005745475438092502,0.0,0.0,0.0,0.0,0.0,0.0,0.0,0.0,0.0,0.0,0.0,0.0,0.0,0.0
Petan 733.0,0.0,0.0,0.0,0.0,0.0,0.0,0.0,0.0,0.0,0.0,0.0,0.0,0.0,0.0,0.0005475451724767294
Persellan 732.0,0.0,0.02638385928608381,0.0,0.0,0.0,0.0,0.0,0.0,0.0,0.0,0.0,0.0,0.0,0.0,0.001825150574922431
Perschar Pershar 731.0,0.0,0.0002586652871184687,0.0,0.0,0.0,0.006593406593406593,0.0,0.0,0.0,0.0,0.0,0.0,0.0,0.0008377213977979895,0.0
Pergamol 730.0,0.0,0.0,0.0,0.0,0.0,0.0,0.0,0.0,0.0,0.0,0.004017139796464917,0.0,0.0,0.0,0.0
Pellomar 729.0,0.0,0.0,0.0,0.0,0.0,0.0,0.0,0.0,0.00032965221691115873,0.0,0.0,0.0,0.0,0.0,0.0
Pell 728.0,0.0,0.0,0.0,0.0,0.0,0.00015698587127158556,0.0,0.0,0.0,0.0,0.0,0.0,0.0,0.0008377213977979895,0.0
Paulin 727.0,0.0,0.0,0.061284046692607,0.0,0.0,0.0,0.0,0.0,0.0,0.0,0.0,0.0,0.0,0.0,0.0
Paul Logorides 726.0,0.05917839701235277,0.0,0.0,0.0,0.0,0.00015698587127158556,0.0,0.0,0.0,0.0005149330587023687,0.0002678093197643278,0.0002891008962127783,0.0,0.00011967448539971278,0.0001825150574922431
Paul Benden 725.0,0.06391841424877909,0.008277289187790998,0.02456225680933852,0.01005399366970769,0.006493506493506494,0.023076923076923078,0.019122257053291535,0.015728216420257943,0.037415526619416516,0.016992790937178166,0.0096411355115158,0.012720439433362244,0.020540683805989928,0.009095260890378171,0.02281438218653039
Patry 724.0,0.0,0.0,0.0,0.0,0.0,0.0,0.00015673981191222572,0.0,0.0,0.0,0.0,0.0,0.0,0.0,0.0
Patrice de Broglie 723.0,0.003590922148807814,0.0,0.0,0.0,0.0,0.0,0.0,0.0,0.0,0.0,0.0,0.0,0.0,0.0,0.0
Pat Hempenstall 722.0,0.00043091065785693766,0.0,0.0,0.0,0.0,0.0,0.0,0.0,0.0,0.0,0.0,0.0,0.0,0.0,0.0
Parren 721.0,0.0,0.0007759958613554061,0.0,0.0,0.0,0.0,0.0,0.0,0.0,0.0,0.0,0.0,0.0,0.0,0.0
Pardure 720.0,0.0,0.0018106570098292809,0.0,0.0,0.0,0.0,0.0,0.0,0.0,0.0,0.0,0.0,0.0,0.0,0.0
Pardure 719.0,0.0,0.0018106570098292809,0.0,0.0,0.0,0.0,0.0,0.0,0.0,0.0,0.0,0.0,0.0,0.0,0.0
Palim 718.0,0.0,0.0,0.0,0.0,0.0,0.0,0.0,0.0,0.0,0.0,0.0018746652383502945,0.0,0.0,0.0,0.0
P’zar 717.0,0.0,0.0,0.0,0.0,0.0,0.0,0.0,0.0,0.0016482610845557936,0.0,0.0,0.0,0.0,0.0,0.0
P’tero 716.0,0.0,0.0,0.029669260700389104,0.0,0.0,0.0,0.0,0.0,0.0,0.0,0.0,0.0,0.0,0.0,0.0
P’ratan 715.0,0.0,0.0,0.0,0.0,0.0,0.002197802197802198,0.0,0.0,0.00016482610845557937,0.0,0.0,0.0,0.0,0.0,0.0
P’nine 714.0,0.0,0.0,0.0,0.0003723701359150996,0.0,0.0,0.0,0.0,0.0,0.0,0.0,0.0,0.0,0.0,0.0
Ozzie Munson Oz 713.0,0.004452743464521689,0.0,0.0,0.0,0.0,0.0,0.0,0.0,0.0,0.0,0.0,0.0,0.0,0.0,0.0
Otto Hegelman 712.0,0.003160011490950876,0.0,0.0,0.0,0.0,0.0,0.0,0.0,0.0,0.0,0.0,0.0,0.0,0.0,0.0
Oterel 711.0,0.0,0.0015519917227108122,0.0,0.0,0.0,0.00047095761381475666,0.0014106583072100312,0.0,0.004285478819845063,0.0,0.0,0.003180109858340561,0.0,0.0046673049305887985,0.0
Osemore 710.0,0.0,0.0,0.0,0.0,0.0,0.00047095761381475666,0.0,0.0,0.0,0.0,0.0,0.0,0.0,0.0,0.0
Ongola 709.0,0.02800919276070095,0.0,0.0,0.0,0.0,0.0,0.0,0.0,0.0,0.0,0.0,0.0,0.0,0.0,0.0
Olos 708.0,0.0,0.0002586652871184687,0.0,0.0,0.0,0.0,0.0,0.0,0.0,0.0,0.0,0.0,0.0,0.00011967448539971278,0.0
Olodkey 707.0,0.0,0.0,0.0,0.0,0.0,0.0,0.0,0.0,0.0,0.0,0.0,0.005782017924255565,0.0,0.0,0.0
Oldive 706.0,0.0,0.01008794619762028,0.0,0.0,0.0,0.00141287284144427,0.00219435736677116,0.0,0.0,0.0,0.007498660953401178,0.014455044810638912,0.004903260005300822,0.01292484442316898,0.012411023909472532
Oharan 705.0,0.0,0.0,0.0,0.0,0.0,0.0,0.0,0.0,0.0,0.008238928939237899,0.0,0.0026019080659150044,0.00013252054068380598,0.0,0.0
Ogolly 704.0,0.0,0.0,0.0,0.0,0.0,0.0,0.003134796238244514,0.0,0.0,0.0,0.0,0.0,0.0,0.0,0.0
O’ney 703.0,0.0,0.0,0.0012159533073929961,0.0,0.0,0.0,0.0,0.0,0.0,0.0,0.0,0.0,0.0,0.0,0.0
Nurevin 702.0,0.0,0.0,0.0,0.0,0.0,0.0,0.0,0.0,0.0,0.0,0.0,0.0,0.0,0.0020344662517951173,0.0
Norist 700.0,0.0,0.0,0.0,0.0,0.0,0.0,0.0,0.0,0.0,0.0,0.0,0.0,0.0,0.005624700813786501,0.001642635517430188
Nip 699.0,0.0,0.0,0.0,0.0,0.0,0.0,0.0,0.0,0.0,0.0,0.0,0.0,0.0,0.0,0.0003650301149844862
Niness 698.0,0.0,0.0,0.0,0.0,0.0,0.0,0.0,0.0,0.0,0.0,0.0,0.0,0.0,0.0,0.0001825150574922431
Nielsen 697.0,0.00043091065785693766,0.0,0.0,0.0,0.0,0.0,0.0,0.0,0.0,0.0,0.0,0.0,0.0,0.0,0.0
Nicat 696.0,0.0,0.006725297465080186,0.0,0.0,0.0,0.0006279434850863422,0.0,0.0,0.00032965221691115873,0.005664263645726055,0.0008034279592929834,0.0011564035848511131,0.0055658627087198514,0.0007180469123982767,0.0
Nessel 695.0,0.0,0.0002586652871184687,0.0,0.0,0.0,0.0,0.0,0.0012582573136206354,0.0031316960606560078,0.0,0.0,0.0005782017924255566,0.00013252054068380598,0.0020344662517951173,0.0
Ned Tubberman 694.0,0.015369146796897444,0.0,0.0009727626459143969,0.0,0.0,0.0,0.0,0.0,0.0,0.0,0.0,0.0,0.0,0.0,0.0005475451724767294
Nazer 693.0,0.0,0.0023279875840662182,0.0,0.0,0.0,0.005965463108320251,0.0,0.0,0.0,0.0,0.0,0.0,0.0,0.0,0.0
Naton 692.0,0.0,0.0,0.0,0.0,0.0,0.0,0.0,0.0006291286568103177,0.0,0.0,0.0,0.0,0.0,0.0,0.0
Naprila 691.0,0.0,0.0,0.0,0.0,0.0,0.0,0.0006269592476489029,0.0,0.0,0.0,0.0,0.0,0.0,0.0,0.0
Nabhi Nabol 690.0,0.008905486929043378,0.0005173305742369374,0.0,0.002978961087320797,0.0008116883116883117,0.001098901098901099,0.0023510971786833857,0.004718464926077383,0.012032305917257293,0.0,0.0002678093197643278,0.019080659150043366,0.00026504108136761196,0.0007180469123982767,0.0
N’ton 689.0,0.0,0.0007759958613554061,0.0,0.0,0.0,0.0037676609105180532,0.0,0.0028310789556464295,0.014834349761002143,0.009783728115345005,0.0005356186395286556,0.01011853136744724,0.027564272462231646,0.008855911919578746,0.012045993794488044
N’ran N’nan 688.0,0.0,0.0,0.00048638132295719845,0.0,0.0,0.0,0.0,0.0,0.0,0.0,0.0,0.0,0.0,0.0,0.0
N’mool 687.0,0.0,0.0,0.0,0.0001861850679575498,0.0,0.0,0.0,0.0,0.0,0.0,0.0,0.0,0.0,0.0,0.0
N’men 686.0,0.0,0.0,0.0,0.0001861850679575498,0.0,0.0,0.0,0.0,0.0,0.0,0.0,0.0,0.0,0.0,0.0
N’gent 685.0,0.0,0.0,0.0,0.0001861850679575498,0.0,0.0,0.0,0.0,0.0,0.0,0.0,0.0,0.0,0.0,0.0
Murfytwen 684.0,0.0,0.0,0.0,0.0,0.0,0.0,0.00031347962382445143,0.0,0.0,0.0,0.0,0.0,0.0,0.0,0.0
Munchaun 683.0,0.0,0.0,0.0,0.0,0.011363636363636364,0.0,0.0,0.0,0.0,0.0,0.0,0.0,0.0,0.0,0.0
Mumolon 682.0,0.0,0.0,0.0,0.0,0.0,0.0,0.0017241379310344827,0.0,0.0,0.0,0.0,0.0,0.0,0.0,0.0
Mostar 681.0,0.0,0.0,0.0,0.0001861850679575498,0.005681818181818182,0.0,0.0,0.0,0.0,0.0,0.0,0.0,0.0,0.0,0.0
Mosser 680.0,0.0,0.0,0.0,0.0,0.0,0.0,0.0006269592476489029,0.0,0.0,0.0,0.0,0.0,0.0,0.0,0.0
Morshal Morshall 679.0,0.0,0.0,0.0,0.0,0.0,0.0,0.0,0.0,0.0,0.0,0.011247991430101767,0.0,0.0,0.0,0.0
Morin 678.0,0.0,0.0,0.0007295719844357977,0.0,0.0,0.0,0.0,0.0,0.0,0.0,0.0,0.0,0.0,0.0,0.0
Morilton 677.0,0.0,0.0,0.0,0.0,0.0,0.0,0.0,0.0,0.0,0.0,0.0,0.0,0.0,0.0031115366203925323,0.0027377258623836466
Morif 676.0,0.0,0.0,0.0,0.0,0.0,0.0,0.00015673981191222572,0.0,0.0,0.0,0.0,0.0,0.0,0.0,0.0
Minnarden 675.0,0.0,0.0,0.0,0.0,0.0,0.0,0.0054858934169279,0.0,0.0,0.0,0.0,0.0,0.0,0.0,0.0
Mickulin 674.0,0.0,0.0,0.0,0.0,0.0,0.0,0.0,0.0,0.0,0.0,0.0,0.0,0.0,0.0,0.0007300602299689724
Mick 673.0,0.00043091065785693766,0.0,0.0,0.0,0.0,0.0,0.0,0.0,0.0,0.0,0.0,0.0,0.0,0.0,0.0
Michael 672.0,0.00014363688595231256,0.0,0.0,0.0,0.0,0.0,0.0,0.0,0.0,0.0,0.0,0.0,0.0,0.0,0.0
Merdine 670.0,0.0,0.0,0.0,0.0,0.0,0.0,0.0007836990595611285,0.0,0.0,0.0,0.0,0.0,0.0,0.0,0.0
Melongel 669.0,0.0,0.0,0.0,0.0,0.0,0.0,0.015203761755485894,0.0,0.0,0.0,0.0,0.0,0.0,0.0,0.0
Mekelroy Pinch 668.0,0.0,0.0,0.0,0.0,0.0,0.0,0.0,0.0,0.0,0.0,0.0,0.0,0.0,0.0,0.032487680233619275
Medaman 667.0,0.0,0.0,0.0,0.0,0.0,0.0003139717425431711,0.0,0.0,0.0,0.0,0.0,0.0,0.0,0.0,0.0
Maylone 666.0,0.0,0.0,0.0,0.0013032954757028485,0.0,0.0,0.0,0.0,0.0,0.0,0.0,0.0,0.0,0.0,0.0
Maxilant 665.0,0.0,0.0,0.0,0.0,0.0,0.0,0.0012539184952978057,0.0,0.0,0.0,0.0,0.0,0.0,0.0,0.0
Mattew Matt 664.0,0.0,0.0,0.0012159533073929961,0.0,0.0,0.0,0.0,0.0,0.0,0.0,0.0,0.0,0.0,0.0,0.0
Marlifin 662.0,0.0,0.0,0.0,0.0,0.0,0.0,0.0004702194357366771,0.0,0.0,0.0,0.0,0.0,0.0,0.0,0.0
Marley 661.0,0.0,0.0,0.0,0.0,0.0,0.0,0.0,0.0,0.0,0.0,0.0,0.0,0.0,0.0,0.0007300602299689724
Marcator 659.0,0.0,0.0,0.0009727626459143969,0.0,0.0,0.0,0.0,0.0,0.0,0.0,0.0,0.0,0.0,0.0,0.0
Maranis 658.0,0.0,0.0,0.0038910505836575876,0.0,0.0,0.0,0.0,0.0,0.0,0.0,0.0,0.0,0.0,0.0,0.0
Mar Dook 657.0,0.0037345590347601263,0.0002586652871184687,0.0,0.0,0.0,0.0,0.0,0.0,0.0,0.0,0.0,0.0,0.0,0.0,0.0
Manotti 656.0,0.0,0.0,0.0,0.0,0.0,0.0,0.0,0.0,0.0,0.0,0.0,0.0,0.0,0.0011967448539971278,0.0
Mallan 655.0,0.0,0.0,0.0,0.0,0.0,0.0,0.004231974921630094,0.0,0.0,0.0,0.0,0.0,0.0,0.0,0.0
Makfar 654.0,0.0,0.0,0.0,0.000930925339787749,0.0,0.0,0.0,0.0,0.0,0.0,0.0,0.0,0.0,0.0,0.0
Macy 652.0,0.0,0.0,0.0,0.0,0.0,0.0,0.0,0.0,0.0,0.0,0.0,0.0,0.0,0.0,0.0007300602299689724
Macester 651.0,0.0,0.0,0.0,0.0,0.0,0.0,0.0009404388714733542,0.0,0.0,0.0,0.0,0.0,0.0,0.0,0.0
Macabir 650.0,0.0,0.0,0.0,0.0,0.005681818181818182,0.0,0.0,0.0,0.0,0.0,0.0,0.0,0.0,0.0,0.0
M’tani 649.0,0.0,0.0,0.0,0.007261217650344443,0.0008116883116883117,0.0,0.0,0.0,0.0,0.0,0.0,0.0,0.0,0.0,0.0
M’sur 648.0,0.0,0.0005173305742369374,0.0,0.0,0.0,0.0,0.0,0.0,0.0,0.0,0.0,0.0,0.0,0.0,0.0
M’shall 647.0,0.0,0.0,0.03477626459143969,0.0,0.0,0.0,0.0,0.0,0.0,0.0,0.0,0.0,0.0,0.0,0.0
M’ridin 646.0,0.0,0.0,0.0,0.0,0.0,0.0,0.001567398119122257,0.0,0.0,0.0,0.0,0.0,0.0,0.0,0.0
M’rek 645.0,0.0,0.0,0.0,0.0,0.0,0.0,0.0,0.0,0.0009889566507334763,0.0,0.0,0.0,0.0,0.0,0.0
M’ray 644.0,0.0,0.0,0.0,0.0013032954757028485,0.0,0.0,0.0,0.0,0.0,0.0,0.0,0.0,0.0,0.0,0.0
M’rand 643.0,0.0,0.0,0.0,0.0,0.0,0.0,0.0,0.0,0.0,0.0,0.0,0.0,0.0,0.00035902345619913834,0.006570542069720752
M’rak 642.0,0.0,0.0,0.0012159533073929961,0.0,0.0,0.0,0.0,0.0,0.0,0.0,0.0,0.0,0.0,0.0,0.0
M’leng 640.0,0.0,0.0,0.017023346303501944,0.0,0.0,0.0,0.0,0.0,0.0,0.0,0.0,0.0,0.0,0.0,0.0
M’gent 639.0,0.0,0.0,0.0,0.000930925339787749,0.0,0.0,0.0,0.0,0.0,0.0,0.0,0.0,0.0,0.0,0.0
M’barak 638.0,0.0,0.0,0.0,0.010426363805622788,0.013798701298701298,0.0,0.0,0.0,0.0,0.0,0.0,0.0,0.0,0.0,0.0
Lur 637.0,0.0,0.0005173305742369374,0.0,0.0,0.0,0.0,0.0,0.0,0.0,0.0,0.0,0.0,0.0,0.0,0.0
Lozell 636.0,0.0,0.0,0.0017023346303501946,0.0,0.0,0.0,0.0,0.0,0.0,0.0,0.0,0.0,0.0,0.0,0.0
Losacot 635.0,0.0,0.0,0.0,0.0,0.0,0.0,0.0,0.0,0.0,0.0,0.0,0.0,0.0,0.00023934897079942556,0.0
Londik 634.0,0.0,0.0,0.0,0.0,0.0,0.0,0.001567398119122257,0.0,0.0,0.0,0.0,0.0,0.0,0.0,0.0
Lobirn 633.0,0.0,0.0,0.0,0.0,0.0,0.0,0.011598746081504702,0.0,0.0,0.0,0.0,0.0,0.0,0.0,0.0
Ligand 632.0,0.0,0.0,0.0,0.0,0.0,0.0,0.0,0.0,0.0,0.0,0.0010712372790573112,0.0,0.0,0.00011967448539971278,0.0
Lias 631.0,0.0,0.0,0.0,0.0,0.0,0.0,0.0,0.0,0.0,0.0,0.0,0.0,0.0,0.0,0.001642635517430188
Lexey 630.0,0.0,0.0,0.0,0.0,0.0,0.0,0.0040752351097178684,0.0,0.0,0.0,0.0,0.0,0.0,0.0,0.0
Lesselden 629.0,0.0,0.0,0.0,0.0,0.0,0.0,0.0004702194357366771,0.0,0.0,0.0,0.0,0.0,0.0,0.0,0.0
Lesnour 628.0,0.0,0.0,0.0007295719844357977,0.0,0.0,0.0,0.0,0.0,0.0,0.0,0.0,0.0,0.0,0.0,0.0
Léo Léopol 627.0,0.0,0.0,0.019941634241245135,0.0,0.0,0.0,0.0,0.0,0.0,0.0,0.0,0.0,0.0,0.0,0.0
Lensdale 626.0,0.00014363688595231256,0.0,0.0,0.0,0.0,0.0,0.0,0.0,0.0,0.0,0.0,0.0,0.0,0.0,0.0
Leef Leff 625.0,0.0,0.0,0.0,0.005771737106684044,0.0016233766233766235,0.0,0.0,0.0,0.0,0.0,0.0,0.0,0.0,0.0,0.0
Lear 624.0,0.0,0.0,0.0,0.0,0.0,0.0,0.00031347962382445143,0.0,0.0,0.0,0.0,0.0,0.0,0.0,0.0
Lavel 623.0,0.0,0.0,0.0024319066147859923,0.0,0.0,0.0,0.0,0.0,0.0,0.0,0.0,0.0,0.0,0.0,0.0
Lauley 622.0,0.0,0.0,0.0,0.0,0.0,0.0,0.0,0.0,0.0,0.0,0.0,0.0002891008962127783,0.0,0.0,0.0
Laudey 621.0,0.0,0.0012933264355923435,0.0,0.0,0.0,0.00282574568288854,0.0,0.0,0.0006593044338223175,0.0,0.0,0.0008673026886383347,0.00013252054068380598,0.0014360938247965534,0.0003650301149844862
Laradian 620.0,0.0,0.0,0.0,0.0,0.0,0.0,0.0,0.0,0.0,0.0,0.0,0.0,0.0,0.00023934897079942556,0.0001825150574922431
Laradian 619.0,0.0,0.0,0.0,0.0,0.0,0.0,0.0,0.0,0.0,0.0,0.0,0.0,0.0,0.00023934897079942556,0.0001825150574922431
Larad 618.0,0.0,0.003362648732540093,0.0,0.0,0.0,0.01616954474097331,0.003605015673981191,0.009122365523749607,0.011208175374979397,0.0,0.0,0.0,0.00026504108136761196,0.00897558640497846,0.0025552108048914036
Langrell 617.0,0.0,0.0,0.0,0.0,0.0,0.0,0.0,0.0,0.0,0.0,0.0,0.0,0.0,0.0,0.0010950903449534588
Landon 616.0,0.0,0.0,0.0,0.0,0.0,0.0,0.00109717868338558,0.0,0.0,0.0,0.0,0.0,0.0,0.0,0.0
Laland 615.0,0.0,0.0,0.00024319066147859923,0.0,0.0,0.0,0.0,0.0,0.0,0.0,0.0,0.0,0.0,0.0,0.0
L’zan 614.0,0.0,0.0,0.0,0.0,0.0,0.0,0.0,0.0,0.0,0.0,0.0,0.0,0.0,0.00035902345619913834,0.0
L’trel 613.0,0.0,0.0,0.0,0.0,0.0,0.0,0.0,0.0,0.00016482610845557937,0.0,0.0,0.0,0.0,0.0,0.0
L’tol Lytol Lytonal 612.0,0.0,0.0007759958613554061,0.0,0.0,0.0,0.00282574568288854,0.0017241379310344827,0.02485058194400755,0.02324048129223669,0.0,0.0008034279592929834,0.0,0.03127484760137821,0.029080899952130205,0.013323599196933747
L’sur 611.0,0.0,0.0,0.0009727626459143969,0.0,0.0,0.0,0.0,0.0,0.0,0.0,0.0,0.0,0.0,0.0,0.0
L’rayl 610.0,0.0,0.0,0.0,0.0007447402718301992,0.0,0.0,0.0,0.0,0.0,0.0,0.0,0.0,0.0,0.0,0.0
L’rad 609.0,0.0,0.0,0.0,0.0,0.0,0.0,0.0,0.00031456432840515884,0.0,0.0,0.0,0.0,0.0,0.0,0.0
L’bol 607.0,0.0,0.0,0.0,0.004654626698938745,0.0,0.0,0.0,0.0,0.0,0.0,0.0,0.0,0.0,0.0,0.0
Kylos 606.0,0.0,0.0,0.0,0.0001861850679575498,0.0,0.0,0.0,0.0,0.0,0.0,0.0,0.0,0.0,0.0,0.0
Kwan Marceau 605.0,0.0021545532892846882,0.0,0.0,0.0,0.0,0.0,0.0,0.0,0.0,0.0,0.0,0.0,0.0,0.0,0.0
Kulan 604.0,0.0,0.0,0.0,0.0013032954757028485,0.0,0.0,0.0,0.0,0.0,0.0,0.0,0.0,0.0,0.0,0.0
Kizan 603.0,0.0,0.0,0.0009727626459143969,0.0,0.0,0.0,0.0,0.0,0.0,0.0,0.0,0.0,0.0,0.0,0.0
Kirnety 602.0,0.0,0.0,0.0,0.0,0.0,0.0,0.0,0.0,0.0,0.0,0.0,0.0,0.00013252054068380598,0.0,0.0
Kinver 601.0,0.0,0.0,0.00024319066147859923,0.0,0.0,0.0,0.0,0.0,0.0,0.0,0.0,0.0,0.0,0.0,0.0
Kinsale 600.0,0.0,0.0,0.0,0.0,0.0,0.0,0.00031347962382445143,0.0,0.0,0.0,0.0,0.0,0.0,0.0,0.0
Kevelon 599.0,0.0,0.0,0.0,0.0,0.0,0.001098901098901099,0.0,0.0,0.0,0.0,0.0,0.0,0.0,0.0,0.0
Ketrin 598.0,0.0,0.0,0.0,0.0,0.0,0.0018838304552590266,0.0,0.0,0.0,0.0,0.0,0.0,0.0,0.0,0.0
Kern 597.0,0.0,0.0002586652871184687,0.0,0.0,0.0,0.0,0.0,0.0,0.0,0.0,0.0,0.0,0.00013252054068380598,0.0,0.0
Kepiru 596.0,0.0,0.0,0.0,0.0,0.0,0.0,0.0006269592476489029,0.0,0.0,0.0,0.0,0.0,0.0,0.0,0.0
Kashman 595.0,0.0,0.0,0.0,0.0,0.0,0.0,0.0,0.0,0.0,0.0,0.0,0.0,0.0,0.0,0.00529293666727505
Karenchok 594.0,0.0,0.0,0.0,0.0,0.0,0.0,0.002664576802507837,0.0,0.0,0.0,0.0,0.0,0.0,0.0,0.0
Kanadin K’din 593.0,0.0,0.0046559751681324365,0.0,0.0,0.0,0.0,0.0,0.0,0.0,0.0,0.0,0.0,0.0,0.0,0.0
Kalvi 592.0,0.0,0.0,0.013375486381322957,0.0,0.0,0.0,0.0,0.0,0.0,0.0,0.0,0.0,0.0,0.0,0.0
Kaljan 591.0,0.0,0.0,0.0,0.0,0.0,0.0,0.0,0.0,0.0,0.0,0.0,0.0008673026886383347,0.0,0.0,0.0
Kalem 590.0,0.0,0.0,0.0,0.0,0.0,0.0,0.00015673981191222572,0.0,0.0,0.0,0.0,0.0,0.0,0.0,0.0
Kailey 588.0,0.0,0.0,0.0,0.0,0.0,0.0,0.0007836990595611285,0.0,0.0,0.0,0.0,0.0,0.0,0.0,0.0
K’vin Kev 587.0,0.0,0.0,0.07247081712062257,0.0,0.0,0.0,0.0,0.0,0.0,0.0,0.0,0.0,0.0,0.0,0.0
K’van 586.0,0.0,0.00801862390067253,0.0,0.0,0.0,0.007692307692307693,0.0,0.0,0.0,0.0,0.0,0.0,0.00013252054068380598,0.0034705600765916706,0.006205511954736266
K’net 585.0,0.0,0.0,0.0,0.0,0.0,0.0,0.0006269592476489029,0.012582573136206355,0.0,0.0,0.0,0.0,0.0,0.0,0.0
K’nebel 584.0,0.0,0.0,0.0,0.0,0.0,0.0,0.0,0.0,0.0,0.0,0.0,0.0,0.0010601643254704478,0.0,0.0
K’lon 583.0,0.0,0.0,0.0,0.03239620182461367,0.0008116883116883117,0.0,0.0,0.0,0.0,0.0,0.0,0.0,0.0,0.0,0.0
K’drin 582.0,0.0,0.0,0.0,0.0,0.0,0.0,0.0,0.0,0.0,0.0,0.0,0.0,0.0,0.0,0.0001825150574922431
K’dren 581.0,0.0,0.0,0.0,0.007447402718301992,0.0,0.0,0.0,0.0,0.0,0.0,0.0,0.0,0.0,0.0,0.0
Jubb 579.0,0.0,0.0,0.0,0.0,0.0,0.0,0.0,0.0,0.0,0.0,0.0,0.0,0.0,0.0,0.001642635517430188
Jol 578.0,0.0,0.0,0.005350194552529183,0.0,0.0,0.0,0.0,0.0,0.0,0.0,0.0,0.0,0.0,0.0,0.0
Joël Lilienkamp Joel / Lili 577.0,0.01292731973570813,0.0,0.0,0.0,0.0,0.0,0.0,0.0,0.0,0.0,0.0,0.0,0.0,0.00035902345619913834,0.0
Joanson 576.0,0.0,0.0,0.0009727626459143969,0.0,0.0,0.0,0.0,0.0,0.0,0.0,0.0,0.0,0.0,0.0,0.0
Jivan 575.0,0.00043091065785693766,0.0,0.0,0.0,0.0,0.0,0.0,0.0,0.0,0.0,0.0,0.0,0.0,0.0,0.0
Jiro Akamoto 574.0,0.0018672795173800632,0.0,0.0,0.0,0.0,0.0,0.0,0.0,0.0,0.0,0.0,0.0,0.0,0.0,0.0
Jez 572.0,0.0,0.0,0.0,0.0,0.0,0.0,0.0004702194357366771,0.0,0.0,0.0,0.0,0.0,0.0,0.0,0.0
Jesken 571.0,0.0,0.0,0.0,0.0,0.0,0.0,0.0012539184952978057,0.0,0.0,0.0,0.0,0.0,0.0,0.0,0.0
Jerry Mercer 570.0,0.0021545532892846882,0.0,0.0,0.0,0.0,0.0,0.0,0.0,0.0,0.0,0.0,0.0,0.0,0.0,0.0
Jerrint 569.0,0.0,0.0,0.0,0.0,0.0,0.0,0.0,0.0,0.0,0.0,0.0,0.0002891008962127783,0.0,0.0,0.0
Jerint 568.0,0.0,0.0,0.0,0.0,0.0,0.0,0.00109717868338558,0.0,0.0,0.0,0.013658275307980718,0.0005782017924255566,0.0,0.0,0.0
Jerin 567.0,0.0,0.0,0.0,0.0,0.0,0.0,0.0,0.0,0.0,0.0,0.0002678093197643278,0.0,0.0,0.0,0.0
Jepson 566.0,0.001005458201666188,0.0,0.0,0.0,0.0,0.0,0.0,0.0,0.0,0.0,0.0,0.0,0.0,0.0,0.0
Jemmy 565.0,0.0,0.0,0.01240272373540856,0.0,0.0,0.0,0.0,0.0,0.0,0.0,0.0,0.0,0.0,0.0,0.0
Jayge Lilcamp 564.0,0.0,0.039575788929125714,0.0,0.0,0.0,0.09984301412872841,0.0,0.0,0.0,0.0,0.0,0.0,0.0,0.003231211105792245,0.0012776054024457018
Jaxom 563.0,0.0,0.010605276771857217,0.0,0.0,0.0,0.01978021978021978,0.0,0.0006291286568103177,0.03807483105323883,0.003089598352214212,0.001339046598821639,0.0011564035848511131,0.1812880996554466,0.1404978458592628,0.020806716554115715
Jaxom Jax 562.0,0.0,0.010605276771857217,0.0,0.0,0.0,0.01978021978021978,0.0,0.0006291286568103177,0.03823965716169441,0.003089598352214212,0.001339046598821639,0.0011564035848511131,0.1812880996554466,0.14109621828626137,0.020806716554115715
Jarrol 561.0,0.0,0.0002586652871184687,0.0,0.0,0.0,0.00015698587127158556,0.0,0.0,0.0,0.0,0.0,0.0,0.0,0.002273815222594543,0.0
Jamson 560.0,0.0,0.0,0.020671206225680933,0.0,0.0,0.0,0.0,0.0,0.0,0.0,0.0,0.0,0.0,0.0,0.0
Jake Chernoff 559.0,0.004165469692617064,0.0,0.0,0.0,0.0,0.0,0.0,0.0,0.0,0.0,0.0,0.0,0.0,0.0,0.0
Jacob Chernoff 558.0,0.003303648376903189,0.0,0.0,0.0,0.0,0.0,0.0,0.0,0.0,0.0,0.0,0.0,0.0,0.0,0.0
J’ralt Jeralte 557.0,0.0,0.0,0.0,0.0,0.0,0.0,0.0,0.0,0.0006593044338223175,0.0,0.0,0.0,0.0,0.0,0.0
J’fery 556.0,0.0,0.0,0.0,0.0,0.0,0.0,0.0,0.0,0.0,0.0,0.0,0.0,0.0,0.0,0.0023726957473991605
J’dar 555.0,0.0,0.0,0.0012159533073929961,0.0,0.0,0.0,0.0,0.0,0.0,0.0,0.0,0.0,0.0,0.0,0.0
Ivan le Terrible 554.0,0.00014363688595231256,0.0,0.0,0.0,0.0,0.0,0.0,0.0,0.00016482610845557937,0.0005149330587023687,0.0,0.0,0.0,0.0,0.0001825150574922431
Issony 553.0,0.0,0.0,0.007782101167315175,0.0,0.0,0.0,0.0,0.0,0.0,0.0,0.0,0.0,0.0,0.0,0.0
Ifor 552.0,0.0,0.0,0.0,0.0,0.0,0.0,0.0017241379310344827,0.0,0.0,0.0,0.0,0.0,0.0,0.0,0.0
Idoralan 551.0,0.0,0.0,0.0,0.0,0.0,0.0,0.0,0.0,0.0,0.0,0.0,0.0,0.00026504108136761196,0.0,0.0
Idarolan Iddie 550.0,0.0,0.020693222969477496,0.0,0.0,0.0,0.0015698587127158557,0.0009404388714733542,0.0,0.00016482610845557937,0.0,0.0,0.0,0.0034455340577789558,0.004427955959789373,0.0105858733345501
Iantine Ian 549.0,0.0,0.0,0.0916828793774319,0.0,0.0,0.0,0.0,0.0,0.0,0.0,0.0,0.0,0.0,0.0,0.0
Hosbon 548.0,0.0,0.0,0.0,0.0,0.0,0.0,0.0,0.0,0.0,0.0,0.0,0.0,0.0,0.0,0.0027377258623836466
Horon 547.0,0.0,0.0002586652871184687,0.0,0.0,0.0,0.0,0.0,0.0,0.0,0.0,0.0,0.0,0.00013252054068380598,0.0,0.003467786092352619
Hobson 546.0,0.0,0.0028453181583031556,0.0,0.0,0.0,0.0,0.0,0.0,0.0,0.0,0.0,0.0,0.0,0.0,0.0
Hittet 545.0,0.0,0.0,0.0,0.0,0.0,0.0,0.0,0.0,0.0,0.0,0.0,0.003180109858340561,0.0,0.0,0.0
Hillegel 544.0,0.0,0.0,0.0,0.0,0.0,0.0,0.0,0.0,0.0,0.0,0.0,0.0,0.0,0.0,0.0001825150574922431
Helly 543.0,0.0,0.0,0.0,0.002792776019363247,0.0,0.0,0.0,0.0,0.0,0.0,0.0,0.0,0.0,0.0,0.0
Hegmon 542.0,0.0,0.0,0.0048638132295719845,0.0,0.0,0.0,0.0,0.0,0.0,0.0,0.0,0.0,0.0,0.0,0.0
Hayon 541.0,0.00014363688595231256,0.0,0.0,0.0,0.0,0.0,0.0040752351097178684,0.0,0.0,0.0,0.0,0.0002891008962127783,0.0,0.0,0.0
Hamian 540.0,0.0,0.0012933264355923435,0.0,0.0,0.0,0.008006279434850863,0.0,0.0,0.0,0.0,0.0,0.0,0.0,0.00514600287218765,0.0005475451724767294
Haligon 539.0,0.0,0.0,0.0,0.0,0.0,0.0,0.0,0.0,0.0,0.0,0.0,0.0,0.0,0.0,0.015148749771856177
Halibran 538.0,0.0,0.0,0.0,0.0,0.0,0.0,0.0025078369905956114,0.0,0.0,0.0,0.0,0.0,0.0,0.0,0.0
Halefor 537.0,0.0,0.0,0.0,0.0,0.0,0.0,0.0,0.0,0.0,0.0,0.0,0.0,0.0,0.00023934897079942556,0.0
H’nor 536.0,0.0,0.0,0.0,0.0,0.0,0.0,0.0,0.0,0.0,0.0,0.0,0.0,0.0,0.0,0.0009125752874612155
H’nalt 535.0,0.0,0.0,0.0,0.0,0.0,0.0,0.0,0.0,0.0,0.0,0.0,0.0,0.0,0.00023934897079942556,0.0
H’mar 534.0,0.0,0.0002586652871184687,0.0,0.0,0.0,0.0,0.0,0.0,0.0,0.0,0.0,0.0,0.0,0.0,0.0
Gyorgy 533.0,0.00014363688595231256,0.0,0.0,0.0,0.0,0.0,0.0,0.0,0.0,0.0,0.0,0.0,0.0,0.0,0.0
Groghe 532.0,0.0,0.0038799793067770304,0.0,0.0,0.0,0.00047095761381475666,0.00909090909090909,0.0,0.011208175374979397,0.0,0.020353508302088912,0.0028910089621277824,0.007686191359660748,0.009334609861177597,0.01697390034677861
Grodon 530.0,0.0,0.0,0.0,0.0,0.0,0.0,0.0006269592476489029,0.0,0.0,0.0,0.0,0.0,0.0,0.0,0.0
Grevil 529.0,0.0,0.0,0.0,0.0,0.0,0.0,0.0,0.0,0.0,0.0,0.0,0.0,0.0,0.00023934897079942556,0.0
Gram 528.0,0.0,0.0,0.0,0.0001861850679575498,0.0,0.0,0.0,0.0,0.0,0.0005149330587023687,0.0,0.0,0.0,0.0,0.0
Gostol 527.0,0.0,0.0,0.0,0.0,0.0,0.0,0.0032915360501567397,0.0,0.0,0.0,0.0,0.0,0.0,0.0,0.0
Gorby 526.0,0.0,0.0,0.0,0.0003723701359150996,0.0,0.0,0.0,0.0,0.0,0.0,0.0,0.0,0.0,0.0,0.0
Gorazde 525.0,0.0,0.0,0.0,0.0,0.0,0.0,0.00031347962382445143,0.0,0.0,0.0,0.0,0.0,0.0,0.0,0.0
Gomalsi 524.0,0.0,0.0,0.0,0.0,0.0,0.0,0.0,0.0,0.0,0.0,0.0,0.0,0.0,0.0008377213977979895,0.0
Gifflen 523.0,0.0,0.0,0.0,0.0,0.0,0.0,0.0006269592476489029,0.0,0.0,0.0,0.0,0.0,0.0,0.0,0.0
Germathen 522.0,0.0,0.0,0.0,0.0,0.0,0.0,0.0006269592476489029,0.0,0.0,0.0,0.0,0.0,0.0,0.0,0.0
Genjon 520.0,0.0,0.0,0.0,0.0003723701359150996,0.0,0.0,0.0,0.0,0.0,0.0,0.0,0.0,0.0,0.0,0.0
Gellim 519.0,0.0,0.0,0.0,0.0,0.0,0.0,0.0,0.0,0.0,0.0,0.0,0.0,0.0,0.0,0.0001825150574922431
Geger 518.0,0.0,0.0,0.0,0.0,0.0,0.0,0.0,0.0,0.0,0.0,0.0,0.0,0.0,0.0,0.0014601204599379448
Gedenase 517.0,0.0,0.0,0.0,0.0,0.0,0.0007849293563579278,0.0,0.0,0.0,0.0,0.0,0.0,0.0,0.0,0.0
Gayton 516.0,0.0,0.0,0.0,0.0,0.0,0.0,0.0,0.0,0.0,0.0,0.0,0.0,0.0,0.00023934897079942556,0.0
Garrel 515.0,0.0,0.0,0.0,0.0,0.0,0.0,0.0,0.0,0.0,0.0,0.0,0.0,0.0,0.0,0.0001825150574922431
Garrel 514.0,0.0,0.0,0.0,0.0,0.0,0.0,0.0,0.0,0.0,0.0,0.0,0.0,0.0,0.0,0.0001825150574922431
Garm 513.0,0.0,0.0,0.0,0.0,0.0,0.0037676609105180532,0.0,0.0,0.0,0.0,0.0,0.0,0.0,0.0,0.0
Gardrow 512.0,0.0,0.0,0.0,0.0,0.0,0.00047095761381475666,0.0,0.0,0.0,0.0,0.0,0.0,0.0,0.0,0.0
Gardner 511.0,0.0,0.0,0.0017023346303501946,0.0,0.0,0.0,0.0,0.0,0.0,0.0,0.0,0.0,0.0,0.0,0.0
Gardillon 510.0,0.0,0.0,0.0,0.0,0.0,0.0003139717425431711,0.0,0.0,0.0,0.0,0.0,0.0,0.0,0.0,0.0
Garben 509.0,0.002298190175237001,0.0002586652871184687,0.00024319066147859923,0.0,0.002435064935064935,0.0003139717425431711,0.0,0.0,0.0,0.0,0.0,0.0,0.0,0.0,0.0
Ganmar 508.0,0.0,0.0,0.00316147859922179,0.0,0.0,0.0,0.0,0.0,0.0,0.0,0.0,0.0,0.0,0.0,0.0
Gandidan Gandiran 507.0,0.0,0.0,0.0,0.0,0.0,0.0,0.0,0.0,0.0009889566507334763,0.0,0.0,0.0,0.0,0.0,0.0
Gallian Galli 506.0,0.0,0.0,0.009484435797665369,0.0,0.0,0.0,0.0,0.0,0.0,0.0,0.0,0.0,0.0,0.0,0.0
Gaby 505.0,0.0,0.0,0.0,0.0,0.0016233766233766235,0.0,0.0,0.0,0.0,0.0,0.0,0.0,0.0,0.0,0.0
Gabred 504.0,0.0,0.0,0.0,0.0,0.0,0.0003139717425431711,0.0,0.0,0.0,0.0,0.0,0.0,0.0,0.0,0.0
Gabin 503.0,0.0,0.0,0.0,0.0,0.002435064935064935,0.0,0.0,0.0,0.0,0.0,0.0,0.0,0.0,0.0,0.0
G’sel 502.0,0.0,0.0,0.0,0.0,0.0,0.0,0.0,0.0,0.0014834349761002142,0.004634397528321318,0.0,0.0,0.0,0.0,0.0
G’ron Giron 501.0,0.0,0.0,0.00024319066147859923,0.0,0.0008116883116883117,0.015698587127158554,0.0,0.0,0.0,0.0,0.0002678093197643278,0.0,0.0,0.0,0.0003650301149844862
G’ranad 500.0,0.0,0.0,0.0,0.0,0.0,0.0,0.00015673981191222572,0.0,0.0,0.0,0.0,0.0,0.0,0.0,0.0
G’narish 499.0,0.0,0.0002586652871184687,0.0,0.0,0.0,0.0,0.0,0.0,0.011373001483434977,0.0,0.0,0.0005782017924255566,0.0006626027034190299,0.00011967448539971278,0.002007665632414674
G’nag 498.0,0.0,0.0,0.0,0.0,0.0,0.0,0.0,0.0,0.0004944783253667381,0.0,0.0,0.0,0.0,0.0,0.0
G’drel 496.0,0.0,0.0,0.0,0.0,0.002435064935064935,0.0,0.0,0.0,0.0,0.0,0.0,0.0,0.0,0.0,0.0
G’don 495.0,0.0,0.0,0.005350194552529183,0.0,0.0,0.0,0.0,0.0,0.0,0.0,0.0,0.0,0.0,0.0,0.0
G’dened G’neded 494.0,0.0,0.0020693222969477496,0.0,0.0,0.0,0.0,0.0,0.0,0.0,0.0,0.0,0.0,0.0015902464882056719,0.00023934897079942556,0.010950903449534586
G’bol 493.0,0.0,0.0,0.0,0.0,0.0,0.0,0.0,0.0,0.0,0.0,0.0,0.0,0.0,0.0,0.0009125752874612155
Furlo 492.0,0.0,0.0,0.0,0.0,0.0,0.0,0.0006269592476489029,0.0,0.0,0.0,0.0,0.0,0.0,0.0,0.0
Furet 491.0,0.0,0.0,0.0,0.0,0.0,0.0,0.003761755485893417,0.0,0.0,0.0,0.0,0.0,0.0,0.0,0.0
Fulmar Stone 490.0,0.006032749209997127,0.0,0.00048638132295719845,0.0,0.0,0.0,0.0,0.0,0.0,0.0,0.0,0.0,0.0,0.0,0.0
Fromelin 489.0,0.0,0.0,0.0,0.0,0.0,0.0,0.0,0.0,0.0,0.0,0.0,0.0,0.0,0.0,0.0001825150574922431
Frenkal 488.0,0.0,0.0,0.00048638132295719845,0.0,0.0,0.0,0.0,0.0,0.0,0.0,0.0,0.0,0.0,0.0,0.0
Franco 487.0,0.0,0.0,0.00316147859922179,0.0,0.0,0.0,0.0,0.0,0.0,0.0,0.0,0.0,0.0,0.0,0.0
Fosdak 486.0,0.0,0.0,0.0,0.0,0.0,0.0,0.0,0.0,0.0,0.0,0.0,0.0,0.0,0.0007180469123982767,0.0
Fortine 485.0,0.0,0.0,0.0,0.006888847514429343,0.00487012987012987,0.0,0.0,0.0,0.0,0.0,0.0,0.0,0.0,0.0,0.0003650301149844862
Fondarel 484.0,0.0,0.0,0.0,0.0,0.0,0.0,0.0,0.0,0.0,0.0,0.0,0.0,0.0,0.00011967448539971278,0.0
Follen 483.0,0.0,0.0,0.0,0.0053993669707689445,0.004058441558441558,0.0,0.0,0.0,0.0,0.0,0.0,0.0,0.0,0.0,0.0
Florist 482.0,0.0,0.0,0.0,0.0,0.0,0.0,0.00015673981191222572,0.0,0.0,0.0,0.0,0.0,0.0,0.0,0.0
Fitatric 481.0,0.0,0.0,0.0,0.0003723701359150996,0.0,0.0,0.0,0.0,0.0,0.0,0.0,0.0,0.0,0.0,0.0
Finder 480.0,0.0,0.0,0.0,0.0,0.0,0.0,0.0,0.0,0.0,0.0,0.0,0.0,0.0018552875695732839,0.0,0.0
Filatric 479.0,0.0,0.0,0.0,0.0001861850679575498,0.0,0.0,0.0,0.0,0.0,0.0,0.0,0.0,0.0,0.0,0.0
Fidello 478.0,0.0,0.0,0.0,0.0,0.0,0.0,0.0,0.0,0.0,0.0,0.0,0.0,0.0022528491916247017,0.0,0.0
Fesnal 477.0,0.0,0.0,0.0,0.0,0.0,0.0,0.0,0.0,0.0,0.0,0.0002678093197643278,0.0,0.0,0.0,0.0
Fergal 476.0,0.0,0.0,0.0,0.002792776019363247,0.022727272727272728,0.0,0.0,0.0,0.0,0.0,0.0,0.0,0.0,0.0,0.0
Ferfar 475.0,0.0,0.0,0.0,0.0,0.0,0.00047095761381475666,0.0,0.0,0.0,0.0,0.0,0.0,0.0,0.0,0.0
Fender 474.0,0.0,0.0,0.00024319066147859923,0.0,0.0,0.0,0.0,0.0,0.0,0.0,0.0,0.0,0.0005300821627352239,0.0,0.0
Felim 472.0,0.0,0.0,0.0,0.0,0.012175324675324676,0.0,0.0,0.0,0.0,0.0,0.0,0.0,0.0,0.0,0.0
Felessan Fesselan 471.0,0.0,0.0,0.0,0.0,0.0,0.0,0.0,0.0,0.01747156749629141,0.0,0.0002678093197643278,0.0028910089621277824,0.0009276437847866419,0.0,0.0
Feldon 470.0,0.0,0.0,0.0,0.0,0.0,0.0,0.0,0.0,0.0,0.0,0.0005356186395286556,0.0,0.0,0.0,0.0
Federen 469.0,0.0,0.0,0.0,0.0,0.0,0.0,0.0,0.0,0.0,0.0,0.0,0.0,0.0,0.00011967448539971278,0.0
Farnol 466.0,0.0,0.0,0.0,0.0,0.0,0.0,0.0,0.0,0.0,0.0,0.0002678093197643278,0.0,0.0,0.0,0.0
Farley 465.0,0.0,0.0,0.0007295719844357977,0.0,0.0,0.0,0.0,0.0,0.0,0.0,0.0,0.0,0.0,0.0,0.0
Fandarel 463.0,0.0,0.01008794619762028,0.0,0.0,0.0,0.010361067503924647,0.00015673981191222572,0.01100975149418056,0.016647436954013516,0.0,0.0002678093197643278,0.0002891008962127783,0.01258945136496157,0.025251316419339396,0.002007665632414674
Famanoran 462.0,0.0,0.0,0.0,0.0,0.0,0.0,0.0009404388714733542,0.0,0.0,0.0,0.0,0.0,0.0,0.0,0.0
Falawny 461.0,0.0,0.0,0.0,0.0,0.0,0.0,0.0004702194357366771,0.0,0.0,0.0,0.0,0.0,0.0,0.0,0.0
Facenden 460.0,0.0,0.0,0.0,0.0,0.0,0.0,0.0,0.0,0.0,0.0,0.0002678093197643278,0.0,0.0,0.00023934897079942556,0.0
F’tol 459.0,0.0,0.0,0.0007295719844357977,0.0,0.0,0.0,0.0,0.0,0.0,0.0,0.0,0.0,0.0,0.0,0.0
F’rad 458.0,0.0,0.0,0.0,0.0,0.0,0.0,0.0,0.0,0.0009889566507334763,0.0,0.0,0.0,0.0,0.0,0.0
F’nor F’lor 457.0,0.0,0.0,0.0,0.0,0.0,0.0020408163265306124,0.003605015673981191,0.07706826045926392,0.08983022910829075,0.006694129763130793,0.004284949116229245,0.0026019080659150044,0.019347998939835676,0.003829583532790809,0.007300602299689724
F’neldril 456.0,0.0,0.0,0.0,0.003537516291193446,0.0008116883116883117,0.0,0.0,0.0,0.0,0.0,0.0,0.0,0.0,0.0,0.0
F’lessan 454.0,0.0,0.00594930160372478,0.0,0.0,0.0,0.0,0.0,0.0,0.0,0.0,0.0,0.0,0.003975616220514179,0.009214935375777885,0.13305347691184521
F’lar Falla Fallarnon 453.0,0.0,0.01965856182100362,0.0,0.0,0.0,0.010361067503924647,0.012539184952978056,0.26612142183076437,0.14076149662106477,0.008238928939237899,0.0002678093197643278,0.0037583116507661175,0.05380333951762523,0.044399234083293444,0.03814564701587881
F’gal 452.0,0.0,0.0,0.0,0.002792776019363247,0.0,0.0,0.0,0.0,0.0,0.0,0.0,0.0,0.0,0.0,0.0
F’duril 451.0,0.0,0.0,0.0,0.003909886427108546,0.0,0.0,0.0,0.0,0.0,0.0,0.0,0.0,0.0,0.0,0.0
Ezra Keroon 450.0,0.017667336972134445,0.0005173305742369374,0.00316147859922179,0.015267175572519083,0.012987012987012988,0.00565149136577708,0.001567398119122257,0.007864108210128971,0.0029668699522004283,0.0010298661174047373,0.0,0.0005782017924255566,0.0014577259475218659,0.0015557683101962662,0.006570542069720752
Evenek 449.0,0.0,0.0,0.0,0.0,0.0,0.0,0.002664576802507837,0.0,0.0,0.0,0.0,0.0,0.0,0.0,0.0
Evarel 448.0,0.0,0.0,0.0,0.0,0.0,0.0,0.0028213166144200625,0.0,0.0,0.0,0.0,0.0,0.0,0.0,0.0
Erragon 446.0,0.0,0.0,0.0,0.0,0.0,0.0,0.0,0.0,0.0,0.0,0.0,0.0,0.0,0.0,0.025004562876437306
Erkin 445.0,0.0,0.0,0.0,0.0,0.0,0.0,0.0006269592476489029,0.0,0.0,0.0,0.0,0.0,0.0,0.0,0.0
Eric Hegelman 444.0,0.0011490950876185005,0.0,0.0,0.0,0.0,0.0,0.0,0.0,0.0,0.0,0.0,0.0,0.0,0.0,0.0
Emsor 443.0,0.0,0.0,0.0,0.0,0.0,0.0,0.00031347962382445143,0.0,0.0,0.0,0.0,0.0,0.0,0.0,0.0
Emilin 442.0,0.0,0.0,0.00024319066147859923,0.0,0.0,0.0,0.0,0.0,0.0,0.0,0.0,0.0,0.0,0.0,0.0
Elgion 441.0,0.0,0.0,0.0,0.0,0.0,0.0,0.0,0.0,0.0,0.07929969104016478,0.0021424745581146223,0.0,0.0,0.0,0.0
Eddik 440.0,0.0,0.0,0.0,0.0,0.0,0.0003139717425431711,0.0,0.0,0.0,0.0,0.0,0.0,0.0,0.0,0.0
Dushik 439.0,0.0,0.0,0.0,0.0,0.0,0.01020408163265306,0.0,0.0,0.0,0.0,0.0,0.0,0.0,0.0,0.0
Dugall 438.0,0.0,0.0,0.0,0.0,0.0,0.0,0.00015673981191222572,0.0,0.0,0.0,0.0,0.0,0.0,0.0,0.0
Drake Bonneau 437.0,0.011921861534041941,0.0002586652871184687,0.0,0.0,0.0,0.00015698587127158556,0.0,0.0,0.0,0.0,0.0,0.0,0.0,0.00011967448539971278,0.0
Dorse 436.0,0.0,0.0,0.0,0.0,0.0,0.001726844583987441,0.0,0.0,0.0,0.0,0.0,0.0,0.0033130135170951498,0.0,0.003650301149844862
Doral 435.0,0.0,0.0,0.0,0.0,0.005681818181818182,0.0,0.0,0.0,0.0,0.0,0.0,0.0,0.0,0.0,0.0
Domick 434.0,0.0,0.0,0.0,0.0,0.0,0.00015698587127158556,0.00031347962382445143,0.0,0.0,0.0,0.046063202999464384,0.009251228678808905,0.0,0.0009573958831977022,0.0
Domaize 433.0,0.0,0.0,0.008268482490272374,0.0,0.0,0.0,0.0,0.0,0.0,0.0,0.0,0.0,0.0,0.0,0.0
Dirzan 432.0,0.0,0.0,0.0,0.0,0.0,0.0,0.0,0.0,0.0,0.0,0.0,0.025440878866724487,0.0,0.0,0.0
Dieter Clissmann 431.0,0.003303648376903189,0.0,0.0,0.0,0.0,0.0,0.0,0.0,0.0,0.0,0.0,0.0,0.0,0.0,0.0
Diatis 430.0,0.0,0.0,0.0,0.0007447402718301992,0.0,0.0,0.0,0.0,0.0,0.0,0.0,0.0,0.0,0.0,0.0
Desi Arthied 429.0,0.0030163746049985635,0.0,0.0,0.0,0.0,0.0,0.0,0.0,0.0,0.0,0.0,0.0,0.0,0.0,0.0
Dermently 428.0,0.0,0.0,0.0,0.0,0.0,0.0,0.0,0.0,0.0,0.0,0.001339046598821639,0.0,0.00013252054068380598,0.0,0.0
Denol 427.0,0.0,0.0010346611484738748,0.0,0.0,0.0,0.0026687598116169543,0.0,0.0,0.0,0.0,0.0,0.0,0.0,0.001675442795595979,0.0001825150574922431
Deegan 426.0,0.0,0.0,0.0,0.0,0.0,0.0,0.0,0.0,0.0,0.0,0.0,0.0,0.0,0.00035902345619913834,0.0
Deefer 425.0,0.0,0.0,0.0,0.0011171104077452988,0.00487012987012987,0.0,0.0,0.0,0.0,0.0,0.0,0.0,0.0,0.0,0.0
Deece 424.0,0.0,0.0,0.0,0.0,0.0,0.0,0.0,0.0,0.0,0.0,0.0002678093197643278,0.0011564035848511131,0.0,0.0,0.0
Declan 423.0,0.0,0.0,0.0,0.001861850679575498,0.0,0.0,0.0,0.0,0.0,0.0,0.0,0.0,0.0,0.0,0.0
Deckter 422.0,0.0,0.0002586652871184687,0.0,0.0,0.0,0.0,0.0,0.0,0.0,0.0,0.0,0.005782017924255565,0.0,0.0008377213977979895,0.0005475451724767294
David Catarel Dave 421.0,0.007612754955472565,0.0,0.0,0.0,0.0,0.0,0.0,0.0,0.0,0.0,0.0,0.0,0.0,0.0,0.0
Dannell 420.0,0.0,0.0,0.0,0.0003723701359150996,0.0,0.0,0.0,0.0,0.0,0.0,0.0,0.0,0.0,0.0,0.0
Dangel 419.0,0.0,0.0,0.0,0.0003723701359150996,0.0,0.0,0.0,0.0,0.0,0.0,0.0,0.0,0.0,0.0,0.0
Dag 418.0,0.0,0.0,0.0,0.013591509960901136,0.020292207792207792,0.0,0.0,0.0,0.0,0.0,0.0,0.0,0.0,0.0,0.0
D’wer 417.0,0.0,0.0,0.0,0.0,0.0,0.0,0.0,0.0,0.0016482610845557936,0.0,0.0,0.0,0.0,0.0,0.0
D’say 416.0,0.0,0.0,0.0,0.003537516291193446,0.0,0.0,0.0,0.0,0.0,0.0,0.0,0.0,0.0,0.0,0.0
D’ram 415.0,0.0,0.0031039834454216243,0.0,0.0,0.0,0.008006279434850863,0.0,0.0034602076124567475,0.01747156749629141,0.0,0.0,0.0,0.018022793532997614,0.015198659645763524,0.0093082679321044
D’nol 414.0,0.0,0.0,0.0,0.0,0.0,0.0,0.0,0.006605850896508336,0.0,0.0,0.0,0.0,0.0,0.0,0.0
D’nek 413.0,0.0,0.0,0.0,0.0,0.0,0.0,0.0,0.0,0.00016482610845557937,0.0,0.0,0.0,0.0,0.0,0.0
D’namal 412.0,0.0,0.0,0.0,0.0,0.0,0.0,0.0,0.0,0.0,0.0005149330587023687,0.0,0.0,0.0,0.0,0.0
D’miel 411.0,0.0,0.0,0.0017023346303501946,0.0,0.0,0.0,0.0,0.0,0.0,0.0,0.0,0.0,0.0,0.0,0.0
D’fio 410.0,0.0,0.0,0.0,0.0,0.0,0.0,0.0,0.0,0.0,0.0,0.0,0.0,0.0006626027034190299,0.0,0.0
D’clan 409.0,0.0,0.0,0.0,0.0,0.0,0.0,0.0,0.0,0.0,0.0,0.0,0.0,0.0,0.0005983724269985639,0.0
Curran 408.0,0.0,0.007242628039317123,0.0,0.0,0.0,0.0,0.0,0.0,0.0,0.0,0.0,0.0,0.0,0.0,0.0009125752874612155
Curmir 407.0,0.0,0.0,0.0,0.0024204058834481476,0.0,0.0,0.0,0.0,0.0,0.0,0.0,0.0,0.0,0.0,0.0
Crivelan Crivellan-aux-doigts-agiles 406.0,0.0,0.0,0.0,0.0,0.0,0.0,0.0,0.0,0.0,0.0,0.0,0.0,0.0,0.0,0.0001825150574922431
Crenden Cren 405.0,0.0,0.0,0.0,0.0,0.0,0.011773940345368918,0.0,0.0,0.0,0.0,0.0,0.0,0.0,0.0,0.0
Creline 404.0,0.0,0.0,0.0,0.0,0.0,0.0,0.0004702194357366771,0.0,0.0,0.0,0.0,0.0,0.0,0.0,0.0
Cr’not 403.0,0.0,0.0,0.0,0.0016756656116179481,0.0,0.0,0.0,0.0,0.0,0.0,0.0,0.0,0.0,0.0,0.0
Corman 402.0,0.0,0.0002586652871184687,0.0,0.0,0.0,0.0018838304552590266,0.0,0.0006291286568103177,0.0029668699522004283,0.0,0.0,0.0,0.0006626027034190299,0.006941120153183341,0.0003650301149844862
Cording 401.0,0.0,0.0,0.0,0.0,0.0,0.0,0.0006269592476489029,0.0,0.0,0.0,0.0,0.0,0.0,0.0,0.0
Conwy 400.0,0.0,0.0,0.0,0.0,0.0,0.0026687598116169543,0.0,0.0,0.0,0.0,0.0,0.0,0.0,0.0,0.0
Colmin 399.0,0.0,0.0,0.0,0.0,0.0,0.0,0.0,0.0,0.0,0.0,0.0,0.0,0.0,0.0,0.0001825150574922431
Cogneur 398.0,0.0,0.0,0.0,0.0,0.0,0.0075353218210361065,0.0,0.0,0.0,0.0,0.0,0.0,0.0,0.0,0.0
Cobber Alhinwa 397.0,0.0037345590347601263,0.0,0.0,0.0,0.0,0.0,0.0,0.0,0.0,0.0,0.0,0.0,0.0,0.0,0.0
Clostan 396.0,0.0,0.0,0.0,0.0,0.0,0.0,0.006426332288401254,0.0,0.0,0.0,0.0,0.0,0.0,0.0,0.0
Clisser Cliss 395.0,0.0,0.0,0.040126459143968875,0.0,0.0,0.0,0.0,0.0,0.0,0.0,0.0,0.0,0.0,0.0,0.0
Clim 394.0,0.0,0.0,0.00024319066147859923,0.0,0.0,0.0,0.0,0.0,0.0,0.0,0.0,0.0,0.0,0.0,0.0
Clell 393.0,0.0,0.0,0.0,0.0,0.0,0.0,0.0,0.0,0.0,0.0,0.0,0.007227522405319456,0.0,0.0,0.0
Clagesh 392.0,0.0,0.0,0.0,0.0005585552038726494,0.0,0.0,0.0,0.0,0.0,0.0,0.0,0.0,0.0,0.0,0.0
Ciparis 391.0,0.0,0.0,0.0,0.0,0.0,0.0,0.0,0.0,0.0,0.0,0.0,0.0,0.0,0.00023934897079942556,0.0005475451724767294
Chung 390.0,0.0011490950876185005,0.0,0.0,0.0,0.0,0.0,0.0,0.0,0.0,0.0,0.0,0.0,0.0,0.0,0.0
Chuck Kimmage 389.0,0.0017236426314277506,0.0,0.0,0.0,0.0,0.0031397174254317113,0.0,0.0,0.0,0.0,0.0,0.0,0.0,0.0,0.0
Chuck Havers 388.0,0.002010916403332376,0.0,0.0,0.0,0.0,0.0,0.0,0.0,0.0,0.0,0.0,0.0,0.0,0.0,0.0
Chomas 387.0,0.0,0.0,0.0009727626459143969,0.0,0.0,0.0,0.0,0.0,0.0,0.0,0.0,0.0,0.0,0.0,0.0
Chochol 386.0,0.0,0.0,0.0,0.0,0.0,0.0,0.0023510971786833857,0.0,0.0,0.0,0.0,0.0,0.0,0.0,0.0
Childon 385.0,0.0,0.0,0.0,0.0,0.0,0.0018838304552590266,0.0,0.0,0.0,0.0,0.0,0.0,0.0,0.0,0.0
Chichis-Fusi 384.0,0.00043091065785693766,0.0,0.0,0.0,0.0,0.0,0.0,0.0,0.0,0.0,0.0,0.0,0.0,0.0,0.0
Chesmic 383.0,0.0,0.0,0.0,0.0,0.0,0.0,0.0,0.0,0.0,0.0,0.0,0.0,0.0,0.0,0.003102755977368133
Chalkin 382.0,0.0,0.0,0.07368677042801557,0.0,0.0,0.0,0.0,0.0,0.0,0.0,0.0,0.0,0.0,0.0,0.0
Chaldon 381.0,0.0,0.0,0.0017023346303501946,0.0,0.0,0.0,0.0,0.0,0.0,0.0,0.0,0.0,0.0,0.0,0.0
Chad 380.0,0.0,0.0,0.0,0.0,0.0,0.0,0.0,0.0,0.0011537827591890555,0.0,0.0,0.0,0.0,0.0,0.0
Caselon 378.0,0.0,0.0,0.0,0.0,0.0,0.0,0.0,0.0,0.0,0.0,0.0,0.0,0.0,0.003709909047391096,0.0
Capiam 377.0,0.0,0.0,0.0,0.08322472537702476,0.048701298701298704,0.0,0.0,0.0,0.0,0.0,0.0008034279592929834,0.0,0.0,0.0,0.0
Canell 376.0,0.0,0.0,0.0007295719844357977,0.0,0.0,0.0,0.0,0.0,0.0,0.0,0.0,0.0,0.0,0.0,0.0
Candler 375.0,0.0,0.0,0.0,0.0,0.0,0.0,0.0,0.0,0.0,0.0,0.0,0.005492917028042787,0.0,0.0,0.0
Campen 374.0,0.0,0.0,0.0,0.0007447402718301992,0.033279220779220776,0.0,0.0,0.0,0.0,0.0,0.0,0.0,0.0,0.0,0.0
Camo 373.0,0.0,0.0031039834454216243,0.0,0.0,0.0,0.0,0.0017241379310344827,0.0,0.0,0.0,0.037493304767005894,0.0017346053772766695,0.0,0.0,0.0
Camo 372.0,0.0,0.0031039834454216243,0.0,0.0,0.0,0.0,0.0017241379310344827,0.0,0.0,0.0,0.037493304767005894,0.0017346053772766695,0.0,0.0,0.0
Calewis 371.0,0.0,0.0,0.0,0.0,0.0,0.0,0.0,0.0,0.0,0.0,0.0,0.0,0.0,0.00023934897079942556,0.0
Cabot Francis Carter 369.0,0.00560183855214019,0.0,0.0,0.0,0.0,0.0,0.0,0.0,0.0,0.0,0.0,0.0,0.0,0.0,0.0
C’vrel 368.0,0.0,0.0,0.0,0.0,0.0,0.0,0.00219435736677116,0.0,0.0,0.0,0.0,0.0,0.0,0.0,0.0
C’vert 367.0,0.0,0.0,0.0,0.0003723701359150996,0.0,0.0,0.0,0.0,0.0,0.0,0.0,0.0,0.0,0.0,0.0
C’ver 366.0,0.0,0.0,0.0,0.0011171104077452988,0.0,0.0,0.0,0.0,0.0,0.0,0.0,0.0,0.0,0.0,0.0
C’tarel 365.0,0.0,0.0,0.0,0.0,0.0,0.0,0.0,0.0,0.0,0.0010298661174047373,0.0,0.0,0.0,0.0,0.0
C’rob 364.0,0.0,0.0,0.0,0.0,0.0,0.0,0.004702194357366771,0.0,0.0,0.0,0.0,0.0,0.0,0.0,0.0
Burdion 362.0,0.0,0.0,0.0,0.000930925339787749,0.0,0.0,0.0,0.0,0.0,0.0,0.0,0.0,0.0,0.0,0.0
Brudegan Bruddie 361.0,0.0,0.0,0.0,0.0,0.0,0.0,0.0,0.0,0.002307565518378111,0.0,0.01098018211033744,0.0,0.0,0.0,0.0
Brosil 360.0,0.0,0.0,0.0,0.0,0.0,0.0,0.00015673981191222572,0.0,0.0,0.0,0.0,0.0,0.0,0.0,0.0
Brookie 359.0,0.0,0.0,0.0007295719844357977,0.0,0.0,0.0,0.0,0.0,0.0,0.0,0.0,0.0,0.0,0.0,0.0
Brolly 358.0,0.0,0.0,0.0,0.0,0.0,0.0,0.0,0.0,0.0,0.0,0.0032137118371719335,0.0023128071697022263,0.0,0.0,0.0
Brodo 357.0,0.0,0.0,0.0,0.0,0.0,0.0,0.0004702194357366771,0.0,0.0,0.0,0.0,0.0,0.0,0.0,0.0
Bristol 356.0,0.0,0.0,0.0,0.0,0.0,0.0,0.0004702194357366771,0.0,0.0,0.0,0.0,0.0,0.0,0.0,0.0
Briskin 355.0,0.0,0.0,0.00048638132295719845,0.0,0.0,0.0,0.0,0.0,0.0,0.0,0.0,0.0,0.0,0.0,0.0
Brinaret 354.0,0.0,0.0,0.0,0.0,0.0,0.0,0.0,0.0,0.0,0.0,0.0,0.0002891008962127783,0.0,0.0,0.0
Bridgely 353.0,0.0,0.0,0.020671206225680933,0.0,0.0,0.0,0.0,0.0,0.0,0.0,0.0,0.0,0.0,0.0,0.0
Briaret 352.0,0.0,0.0,0.0,0.0,0.0,0.0009419152276295133,0.0,0.0,0.0,0.0,0.0,0.0002891008962127783,0.00013252054068380598,0.00023934897079942556,0.0
Brian 351.0,0.003878195920712439,0.0,0.0,0.0,0.0,0.0,0.0,0.0,0.0,0.0,0.0,0.0,0.0,0.0,0.0
Brever 350.0,0.0,0.0,0.0,0.0,0.0,0.0003139717425431711,0.0,0.0,0.0,0.0,0.0,0.0,0.0,0.0,0.0
Brestolli 349.0,0.0,0.0,0.0,0.0,0.0,0.0,0.0,0.0,0.0,0.0,0.0,0.0,0.0,0.0013164193393968406,0.0
Brenton 348.0,0.0,0.0,0.00024319066147859923,0.0,0.0,0.0,0.0,0.0,0.0,0.0,0.0,0.0,0.0,0.0,0.0
Breide 347.0,0.0,0.0,0.0,0.0,0.0,0.006750392464678179,0.0,0.0,0.0,0.0,0.0,0.0,0.0,0.0014360938247965534,0.0
Bravonner 346.0,0.0,0.0,0.0,0.0,0.0,0.0,0.0007836990595611285,0.0,0.0,0.0,0.0,0.0,0.0,0.0,0.0
Brand 344.0,0.0,0.0,0.0,0.0,0.0,0.00047095761381475666,0.0,0.00031456432840515884,0.0,0.0,0.0,0.0,0.004505698383249403,0.005624700813786501,0.0012776054024457018
Brahil 343.0,0.0,0.0,0.0,0.0,0.0,0.0,0.00031347962382445143,0.0,0.0,0.0,0.0,0.0,0.0,0.0,0.0
Brace 342.0,0.0,0.0,0.0,0.0,0.003246753246753247,0.0,0.0,0.0,0.0,0.0,0.0,0.0,0.0,0.0,0.0
Bourdon 341.0,0.0,0.0,0.0,0.0,0.0,0.0,0.0028213166144200625,0.0,0.00016482610845557937,0.0,0.0,0.0,0.0,0.0,0.0
Bosler 340.0,0.0,0.0,0.0,0.0,0.0,0.0,0.0023510971786833857,0.0,0.0,0.0,0.0,0.0,0.0,0.0,0.0
Boskoney 339.0,0.0,0.010605276771857217,0.0,0.0,0.0,0.0,0.0,0.0,0.0,0.0,0.0,0.0,0.0,0.0,0.0
Boris Pahlevi 338.0,0.003160011490950876,0.0,0.003404669260700389,0.0,0.0,0.0,0.0,0.0,0.0,0.0,0.0,0.0,0.0,0.0,0.0
Borgald Amhold 337.0,0.0,0.0,0.0,0.0,0.0,0.007221350078492936,0.0,0.0,0.0,0.0,0.0,0.0,0.0,0.0,0.0
Borel 336.0,0.0,0.0,0.0,0.0,0.0,0.0009419152276295133,0.0,0.0,0.0,0.0,0.0,0.0,0.0,0.0,0.0
Bonz 335.0,0.0,0.0,0.0,0.0,0.0,0.0,0.0,0.0,0.0,0.0,0.0005356186395286556,0.003180109858340561,0.0,0.0,0.0
Bob Jepson 334.0,0.0011490950876185005,0.0,0.0,0.0,0.0,0.0,0.0,0.0,0.0,0.0,0.0,0.0,0.0,0.0,0.0
Bob Jorgensen 333.0,0.0002872737719046251,0.0,0.0,0.0,0.0,0.0,0.0,0.0,0.0,0.0,0.0,0.0,0.0,0.0,0.0
Bloors 332.0,0.0,0.0,0.0,0.0,0.0,0.00141287284144427,0.0,0.0,0.0,0.0,0.0,0.0,0.0,0.0,0.0
Blesserel 331.0,0.0,0.0,0.0,0.0,0.0,0.0,0.0,0.0,0.0,0.0,0.0,0.0,0.0,0.0035902345619913834,0.0
Birsan 330.0,0.0,0.0,0.0,0.0,0.0,0.0003139717425431711,0.0,0.0,0.0,0.0,0.0,0.0,0.0,0.0,0.0
Binness 329.0,0.0,0.0,0.0,0.0,0.0,0.0,0.0,0.0,0.0,0.0,0.0,0.0,0.0,0.0,0.008030662529658696
Bill Duff 328.0,0.0034472852628555013,0.0,0.0,0.0,0.0,0.0,0.0,0.0,0.0,0.0,0.0,0.0,0.0,0.0,0.0
Bestrum 327.0,0.0,0.0,0.0,0.0,0.011363636363636364,0.0,0.0,0.0,0.0,0.0,0.0,0.0,0.0,0.0,0.0
Bessel 326.0,0.0,0.0,0.0,0.0001861850679575498,0.0,0.0,0.0,0.0,0.0,0.0,0.0,0.0,0.0,0.0,0.0
Besic 325.0,0.0,0.0,0.0,0.0,0.0,0.0,0.0,0.0,0.0,0.0,0.0,0.0,0.0,0.0,0.0025552108048914036
Besel 324.0,0.0,0.0,0.0,0.0,0.0,0.0,0.0,0.0,0.0,0.0,0.0,0.004336513443191674,0.0,0.0,0.0
Berdine 323.0,0.0,0.0,0.0,0.0,0.0,0.0,0.0,0.0,0.0,0.0,0.0,0.003469210754553339,0.0,0.0,0.0
Benis 321.0,0.0,0.0,0.0,0.0,0.0,0.0,0.0,0.0,0.0,0.0,0.009373326191751474,0.0,0.0,0.0,0.0
Benini 320.0,0.0,0.0,0.0,0.0,0.0,0.0,0.0,0.0,0.0,0.0,0.0,0.0,0.0,0.0,0.002007665632414674
Benelek 319.0,0.0,0.0015519917227108122,0.0,0.0,0.0,0.00015698587127158556,0.0,0.0,0.0,0.0,0.0005356186395286556,0.0,0.0023853697323085077,0.004547630445189086,0.0010950903449534588
Bendarek 318.0,0.0,0.0002586652871184687,0.0,0.0,0.0,0.0003139717425431711,0.0,0.0,0.00263721773528927,0.0,0.0002678093197643278,0.0,0.0009276437847866419,0.004427955959789373,0.0001825150574922431
Belterac 317.0,0.0,0.0,0.0,0.0,0.0,0.0,0.0,0.0,0.0,0.0,0.0,0.0,0.0,0.001675442795595979,0.0
Belesdan Belesden 316.0,0.0,0.0,0.0,0.0,0.0,0.00015698587127158556,0.0,0.0,0.0008241305422778968,0.0,0.0,0.0,0.0,0.0,0.0
Begamon 315.0,0.0,0.0002586652871184687,0.0,0.0,0.0,0.0,0.0,0.0,0.0,0.0,0.0,0.0,0.0006626027034190299,0.0031115366203925323,0.0
Becky Nielsen 314.0,0.00043091065785693766,0.0,0.0,0.0,0.0,0.0,0.0,0.0,0.0,0.0,0.0,0.0,0.0,0.0,0.0
Batunon 313.0,0.0,0.0,0.0,0.0,0.0,0.0,0.0,0.0,0.0,0.0,0.0,0.0,0.00026504108136761196,0.0,0.0
Batim 312.0,0.0,0.0,0.0,0.0,0.0,0.0,0.0,0.0,0.0,0.0,0.0,0.0,0.0,0.0,0.003285271034860376
Bastom 311.0,0.0,0.0,0.005107003891050584,0.0,0.0,0.0,0.0,0.0,0.0,0.0,0.0,0.0,0.0,0.0,0.0
Basil 310.0,0.00014363688595231256,0.0,0.0,0.0,0.0,0.0,0.0,0.0,0.0,0.0,0.0,0.0,0.0,0.0,0.0
Bart Lemos 309.0,0.00617638609594944,0.0002586652871184687,0.0,0.0011171104077452988,0.0016233766233766235,0.004866562009419153,0.00031347962382445143,0.0012582573136206354,0.008900609856601285,0.0,0.0002678093197643278,0.0,0.00013252054068380598,0.0015557683101962662,0.0005475451724767294
Barndy 308.0,0.0,0.0,0.0,0.0,0.003246753246753247,0.0,0.0,0.0,0.0,0.0,0.0,0.0,0.0,0.0,0.0
Bargen 306.0,0.0,0.0002586652871184687,0.0,0.0,0.0,0.0,0.00219435736677116,0.00031456432840515884,0.00032965221691115873,0.0,0.0,0.0008673026886383347,0.0,0.0015557683101962662,0.0029202409198758896
Bantur 305.0,0.0,0.0,0.0,0.0,0.0,0.0,0.0,0.0,0.0,0.0,0.0002678093197643278,0.0023128071697022263,0.0,0.0,0.0
Banger 304.0,0.0,0.0,0.0,0.0,0.0,0.0,0.0,0.0006291286568103177,0.0,0.0,0.0,0.0,0.0,0.0,0.0
Banak 303.0,0.0,0.0,0.0,0.0,0.0,0.0,0.0,0.0,0.0,0.0,0.0,0.003180109858340561,0.0,0.0,0.0
Balfor 302.0,0.0,0.0,0.0,0.001861850679575498,0.0016233766233766235,0.0,0.0,0.0,0.0,0.0,0.0,0.0,0.0,0.0,0.0
Baldor 301.0,0.0,0.0,0.0,0.0,0.0,0.0,0.0,0.0,0.0,0.0,0.0,0.0,0.0010601643254704478,0.0,0.0
Baid 300.0,0.0,0.0,0.0,0.0001861850679575498,0.0,0.0,0.0,0.0,0.0,0.0,0.0,0.0,0.0,0.0,0.0
Bahka 299.0,0.0002872737719046251,0.0,0.0,0.0,0.0,0.0,0.0,0.0,0.0,0.0,0.0,0.0,0.0,0.0,0.0
B’zon 298.0,0.0,0.0,0.0,0.0,0.0,0.0007849293563579278,0.0,0.0,0.0,0.0,0.0,0.0,0.0011926848661542539,0.0,0.0
B’rant 297.0,0.0,0.0,0.0,0.0,0.0,0.0,0.00015673981191222572,0.0015728216420257944,0.0,0.0,0.0,0.0,0.0,0.0,0.0
B’nurrin 296.0,0.0,0.0,0.007782101167315175,0.0,0.0,0.0,0.0,0.0,0.0,0.0,0.0,0.0,0.0,0.0,0.0
B’naj 294.0,0.0,0.0,0.0,0.0,0.0,0.0,0.0,0.0,0.0021427394099225315,0.0,0.0,0.0,0.0,0.0,0.0
B’lerion 293.0,0.0,0.0,0.0,0.021411282815118227,0.018668831168831168,0.0,0.0,0.0,0.0,0.0,0.0,0.0,0.0,0.0,0.0
B’dor 292.0,0.0,0.0,0.0,0.0,0.0,0.0,0.0,0.0,0.0009889566507334763,0.0,0.0,0.0,0.0,0.0,0.0
Azury 291.0,0.0,0.0,0.009484435797665369,0.0,0.0,0.0,0.0,0.0,0.0,0.0,0.0,0.0,0.0,0.0,0.0
Athpathis 290.0,0.0002872737719046251,0.0,0.0,0.0,0.0,0.0,0.0,0.0,0.0,0.0,0.0,0.0,0.0,0.0,0.0
Ashmichel 289.0,0.0,0.0,0.0,0.0,0.0,0.0,0.0007836990595611285,0.0,0.0,0.0,0.0,0.0,0.0,0.0,0.0
Asgenar 288.0,0.0,0.0015519917227108122,0.0,0.0,0.0,0.019309262166405022,0.0,0.0,0.014669523652546564,0.0,0.0002678093197643278,0.0,0.0005300821627352239,0.005385351842987075,0.0003650301149844862
Arthied Desi 287.0,0.0034472852628555013,0.0,0.0,0.0,0.0,0.0,0.0,0.0,0.0,0.0,0.0,0.0,0.0,0.0,0.0
Arnor 286.0,0.0,0.0,0.0,0.0,0.0,0.00047095761381475666,0.0,0.0,0.0,0.0,0.0032137118371719335,0.0008673026886383347,0.00026504108136761196,0.0008377213977979895,0.0
Armor 285.0,0.0,0.0,0.0,0.0,0.0,0.00015698587127158556,0.0,0.0,0.0,0.0,0.0,0.0,0.0,0.0,0.0
Arminet 284.0,0.0,0.0,0.0,0.0,0.0,0.0,0.0,0.0,0.0,0.0,0.0,0.0,0.0,0.0,0.0027377258623836466
Anskono 282.0,0.0,0.0005173305742369374,0.0,0.0,0.0,0.0,0.0,0.0,0.0,0.0,0.0,0.0,0.0,0.0,0.0
Anguille 281.0,0.0002872737719046251,0.0,0.0,0.0,0.0,0.0,0.020846394984326017,0.0,0.0,0.0,0.0,0.0,0.0,0.0,0.0
Andremon 280.0,0.0,0.0002586652871184687,0.0,0.0,0.0,0.0,0.0,0.0,0.0,0.0,0.0,0.0,0.0,0.0,0.0
Andemon 279.0,0.0,0.0002586652871184687,0.0,0.0,0.0,0.0,0.0,0.0,0.008241305422778969,0.0,0.0,0.0,0.00039756162205141797,0.0,0.0
Anchoran 278.0,0.0,0.0,0.0,0.0,0.0,0.00015698587127158556,0.0,0.0,0.0,0.0,0.0,0.0,0.0,0.0,0.0
Ampris 277.0,0.0,0.0,0.0,0.0,0.0,0.0,0.0,0.0,0.0,0.0,0.0,0.0,0.0,0.00011967448539971278,0.0
Alessan 276.0,0.0,0.0,0.0,0.11078011543474213,0.12175324675324675,0.0,0.0,0.0,0.0,0.0,0.0,0.0,0.0,0.0,0.0
Alemi Onclemi Lemi 275.0,0.0,0.12027935851008795,0.0,0.0,0.0,0.0018838304552590266,0.0,0.0,0.0,0.049948506694129764,0.0005356186395286556,0.0,0.0,0.0025131641933939684,0.0
Alemi 274.0,0.0,0.11251939989653388,0.0,0.0,0.0,0.0018838304552590266,0.0,0.0,0.0,0.049948506694129764,0.0005356186395286556,0.0,0.0,0.0025131641933939684,0.0
Aleki 273.0,0.0,0.0007759958613554061,0.0,0.0,0.0,0.0,0.0,0.0,0.0,0.0,0.0,0.0,0.0,0.0,0.0
Afnor 272.0,0.0,0.0,0.0,0.0,0.0,0.0,0.0,0.0,0.0,0.0,0.0,0.0,0.0,0.00035902345619913834,0.0001825150574922431
A’murry 271.0,0.0,0.0,0.0,0.003909886427108546,0.0,0.0,0.0,0.0,0.0,0.0,0.0,0.0,0.0,0.0,0.0
A’dan 270.0,0.0,0.0,0.0,0.005213181902811394,0.0,0.0,0.0,0.0,0.0,0.0,0.0,0.0,0.0,0.0,0.0
Zulaya 269.0,0.0,0.0,0.04328793774319066,0.0,0.0,0.0,0.0,0.0,0.0,0.0,0.0,0.0,0.0,0.0,0.0
Zalla 268.0,0.0,0.0,0.0,0.0,0.0,0.0,0.0,0.0,0.0,0.0,0.0,0.0,0.0,0.0,0.0003650301149844862
Winalla 267.0,0.0,0.0,0.0,0.0,0.0,0.0,0.00109717868338558,0.0,0.0,0.0,0.0,0.0,0.0,0.0,0.0
Wimmia 266.0,0.0,0.0,0.0,0.000930925339787749,0.0,0.0,0.0,0.0,0.0,0.0,0.0,0.0,0.0,0.0,0.0
Wil 265.0,0.0,0.0,0.0,0.0,0.0,0.0,0.0,0.0,0.0,0.0,0.0,0.0,0.0,0.0,0.0001825150574922431
Virginia 264.0,0.0,0.0,0.0,0.0,0.0,0.0,0.0,0.00031456432840515884,0.0,0.0,0.0,0.0,0.0,0.0,0.0
Vessa 263.0,0.0,0.0,0.0,0.0,0.0,0.0,0.0,0.0,0.0,0.0,0.0,0.0,0.0,0.0,0.0001825150574922431
Vesna 262.0,0.0,0.0,0.0,0.0,0.0,0.0,0.0009404388714733542,0.0,0.0,0.0,0.0,0.0,0.0,0.0,0.0
Varena Vanira Nanira 261.0,0.0,0.0,0.0,0.0,0.0,0.0,0.0,0.0,0.0009889566507334763,0.0,0.0,0.0,0.0,0.0,0.0
Valli Lieb 260.0,0.0011490950876185005,0.0,0.0,0.0,0.0,0.0,0.0,0.0,0.0,0.0,0.0,0.0,0.0,0.0,0.0
Tumara 259.0,0.0,0.0,0.0,0.0,0.0,0.0,0.0,0.0,0.0,0.0,0.0,0.0,0.0,0.0007180469123982767,0.0
Triana 258.0,0.0,0.0,0.0,0.0,0.0,0.0,0.0007836990595611285,0.0,0.0,0.0,0.0,0.0,0.0,0.0,0.0
Torene 257.0,0.0,0.0,0.0,0.0,0.0,0.0,0.0,0.0009436929852154766,0.0,0.0,0.0,0.0,0.0,0.0,0.0
Tisha 256.0,0.0,0.0,0.021157587548638133,0.0,0.0,0.0,0.0,0.0,0.0,0.0,0.0,0.0,0.0,0.0,0.0
Thea 255.0,0.0,0.0,0.005836575875486381,0.0,0.0,0.0,0.0,0.0,0.0,0.0,0.0,0.0,0.0,0.0,0.0
Tenna 254.0,0.0,0.0,0.0,0.0,0.0,0.0,0.0,0.0,0.0,0.0,0.0,0.0,0.0,0.0,0.003285271034860376
Temma 253.0,0.0,0.009311950336264873,0.0,0.0,0.0,0.009733124018838305,0.0,0.0,0.0,0.0,0.0,0.0,0.0,0.0,0.0
Tellani 252.0,0.0,0.0,0.0,0.0014894805436603984,0.0,0.0,0.0,0.0,0.0,0.0,0.0,0.0,0.0,0.0,0.0
Tela 251.0,0.0,0.0,0.0,0.0,0.0,0.0,0.00031347962382445143,0.0018873859704309531,0.0,0.0,0.0,0.0,0.0,0.0,0.0
Tarrie Chernoff 250.0,0.00617638609594944,0.0,0.0,0.0,0.0,0.0,0.0,0.0,0.0,0.0,0.0,0.0,0.0,0.0,0.0
Talina 249.0,0.0,0.0,0.0,0.0,0.0,0.0,0.0,0.0,0.0024723916268336904,0.0,0.0002678093197643278,0.0,0.0,0.0,0.0021901806899069175
Tai 248.0,0.0,0.0,0.0,0.0,0.0,0.0,0.0,0.0,0.0,0.0,0.0,0.0,0.0,0.0,0.08724219748129221
T’bor 247.0,0.0,0.0018106570098292809,0.0,0.0,0.0,0.0003139717425431711,0.0,0.007864108210128971,0.029668699522004287,0.0005149330587023687,0.0,0.002023706273489448,0.00039756162205141797,0.00023934897079942556,0.0
Sydra 246.0,0.0,0.0,0.0048638132295719845,0.0,0.0,0.0,0.0,0.0,0.0,0.0,0.0,0.0,0.0,0.0,0.0
Svenda Olubushtu 245.0,0.001580005745475438,0.0,0.0,0.0,0.0,0.0,0.0,0.0,0.0,0.0,0.0,0.0,0.0,0.0,0.0
Suze 244.0,0.0,0.0,0.0012159533073929961,0.0,0.0,0.0,0.0,0.0,0.0,0.0,0.0,0.0,0.0,0.0,0.0
Sue Havers 242.0,0.001580005745475438,0.004138644593895499,0.0,0.0,0.0,0.0,0.0,0.0,0.0,0.0,0.0,0.0,0.0,0.0,0.0
Stolla 241.0,0.0,0.0,0.0,0.0,0.0,0.0,0.00031347962382445143,0.0,0.0,0.0,0.0,0.0,0.0,0.0,0.0
Stella 240.0,0.0,0.0,0.0,0.0,0.0,0.0,0.0,0.0,0.0,0.0005149330587023687,0.0,0.0,0.0,0.0,0.0
Sorka 239.0,0.06248204538925596,0.0,0.00048638132295719845,0.0,0.0,0.0,0.0,0.0,0.0,0.0,0.0,0.0,0.0,0.00023934897079942556,0.0
Soreel 238.0,0.0,0.0,0.0,0.0,0.0,0.0,0.0,0.0,0.0,0.003089598352214212,0.0,0.0,0.0,0.0,0.0
Solth 237.0,0.0,0.0,0.0,0.0,0.0,0.0,0.0,0.0,0.00016482610845557937,0.0,0.0,0.0,0.0,0.00011967448539971278,0.0001825150574922431
Sitta 236.0,0.0,0.0,0.0,0.0,0.0,0.0,0.0017241379310344827,0.0,0.0,0.0,0.0,0.0,0.0,0.0,0.0
Sirrie 235.0,0.0,0.0,0.0,0.0,0.0,0.0,0.0007836990595611285,0.0,0.0,0.0,0.0,0.0,0.0,0.0,0.0
Sira 234.0,0.00014363688595231256,0.0,0.0,0.0,0.002435064935064935,0.0,0.0,0.0,0.0,0.0,0.0,0.0,0.0,0.0,0.0
Sim 233.0,0.0,0.0,0.0,0.0003723701359150996,0.021103896103896104,0.0,0.0,0.0,0.0,0.0,0.0,0.0,0.0,0.0,0.0
Silvina 232.0,0.0,0.0,0.0,0.0,0.0,0.00015698587127158556,0.006896551724137931,0.0,0.0,0.0,0.05891805034815212,0.02139346631974559,0.0006626027034190299,0.0,0.0
Silvana 231.0,0.0,0.0,0.0,0.0,0.0,0.0,0.0006269592476489029,0.0,0.0,0.0,0.0002678093197643278,0.0,0.0005300821627352239,0.0,0.0
Silga 229.0,0.0,0.0,0.0,0.0001861850679575498,0.0,0.0,0.0,0.0,0.0,0.0,0.0,0.0,0.0,0.00035902345619913834,0.0
Sicca 228.0,0.0,0.0,0.0,0.0,0.0,0.0,0.0,0.0,0.0,0.0,0.0,0.0,0.0,0.0,0.0001825150574922431
Shavva Fahroud 227.0,0.001005458201666188,0.0,0.0,0.0,0.0,0.0,0.0,0.0,0.0,0.0,0.0,0.0,0.0,0.0,0.0
Sharra Sharrie 226.0,0.0,0.0007759958613554061,0.0,0.0,0.0,0.023547880690737835,0.0,0.0,0.0,0.0,0.0,0.009829430471234461,0.0310098065200106,0.033389181426519865,0.015696294944332907
Sharra 225.0,0.0,0.0007759958613554061,0.0,0.0,0.0,0.023390894819466247,0.0,0.0,0.0,0.0,0.0,0.009829430471234461,0.0310098065200106,0.033389181426519865,0.015696294944332907
Sella 224.0,0.0,0.0,0.0,0.0001861850679575498,0.0,0.00015698587127158556,0.00015673981191222572,0.0,0.0,0.02420185375901133,0.0002678093197643278,0.0,0.0,0.0,0.0
Segoina 223.0,0.0,0.0,0.0,0.0,0.0,0.0,0.001567398119122257,0.0,0.0,0.0,0.0,0.0,0.0,0.0,0.0
Sarra 222.0,0.0,0.0,0.004134241245136187,0.0,0.0,0.0,0.0,0.0,0.0,0.0,0.0,0.0,0.0,0.0,0.0
Sarai 221.0,0.0,0.0,0.0014591439688715954,0.0,0.0,0.0,0.0,0.0,0.0,0.0,0.0,0.0,0.0,0.0,0.0
Sarah 220.0,0.00014363688595231256,0.0,0.0,0.0,0.0,0.0,0.0,0.0,0.0,0.0,0.0,0.0,0.0,0.0,0.0
Sanra 219.0,0.0,0.0,0.0,0.0,0.0,0.0,0.0,0.0,0.0,0.01132852729145211,0.0,0.0,0.0,0.0,0.0
Sallisha 218.0,0.0,0.0,0.006566147859922179,0.0,0.0,0.0,0.0,0.0,0.0,0.0,0.0,0.0,0.0,0.0,0.0
Sallah 216.0,0.04222924446997989,0.0,0.0,0.0,0.0,0.00015698587127158556,0.0,0.0,0.0,0.0,0.0,0.0,0.0,0.002632838678793681,0.0
Salda 215.0,0.0,0.0,0.00632295719844358,0.0,0.0,0.0,0.0,0.0,0.0,0.0,0.0,0.0,0.0,0.0,0.0
Sagassy 214.0,0.0,0.0,0.0,0.0,0.0,0.0,0.0,0.0,0.0,0.0,0.0,0.0,0.0,0.0,0.003832816207337105
Saday 213.0,0.0,0.0,0.0,0.0,0.0,0.0,0.0012539184952978057,0.0,0.0,0.0,0.0,0.0,0.0,0.0,0.0
Sabra Ongola Stein 212.0,0.030594656707842574,0.0,0.0,0.0,0.0,0.0,0.0,0.0,0.0,0.0,0.0,0.0,0.0,0.0,0.0
Rosheen 211.0,0.0,0.0,0.0,0.0,0.0,0.0,0.0,0.0,0.0,0.0,0.0,0.0,0.0,0.0,0.008395692644643182
Robina 210.0,0.0,0.0007759958613554061,0.0,0.0,0.0,0.0,0.0,0.0,0.0,0.0,0.0,0.0,0.0,0.0,0.0
Rill Nerilka 209.0,0.0,0.0,0.0,0.007075032582386892,0.07224025974025974,0.0,0.0,0.0,0.0,0.005664263645726055,0.0,0.0,0.0,0.0,0.0
Relna 208.0,0.0,0.0,0.0,0.0,0.0,0.0,0.0004702194357366771,0.0,0.0,0.0,0.0,0.0,0.0,0.0,0.0
Rannelly Rannely 207.0,0.0,0.0,0.0,0.0,0.0,0.0,0.0,0.0,0.002307565518378111,0.0,0.0,0.0,0.0,0.0,0.0
Ramala 206.0,0.0,0.0002586652871184687,0.0,0.0,0.0,0.004866562009419153,0.0,0.0,0.0,0.0,0.0,0.0,0.0,0.00011967448539971278,0.001642635517430188
Prilla 205.0,0.0,0.0,0.0,0.0,0.0,0.0,0.0,0.0,0.0,0.0,0.0,0.0,0.00026504108136761196,0.0,0.0005475451724767294
Pona 204.0,0.0,0.0,0.0,0.0,0.0,0.0,0.0,0.0,0.0,0.0,0.02088912694161757,0.0,0.0,0.0,0.0
Pilgra 203.0,0.0,0.0,0.0,0.0,0.0,0.0,0.0,0.0,0.0016482610845557936,0.0,0.0,0.0,0.0,0.0,0.005840481839751779
Pessia 202.0,0.0,0.0,0.0,0.0,0.0,0.0,0.0012539184952978057,0.0,0.0,0.0,0.0,0.0,0.0,0.0,0.0
Patsy Swann 199.0,0.00014363688595231256,0.0,0.0,0.0,0.0,0.0,0.0,0.0,0.0,0.0,0.0,0.0,0.0,0.0,0.0
Palla 198.0,0.0,0.0,0.0,0.0,0.0,0.0,0.0,0.0,0.0,0.0,0.0,0.0,0.0,0.0,0.0029202409198758896
Orna 197.0,0.0,0.0,0.0,0.0033513312232358963,0.0,0.0,0.0,0.0,0.0,0.0,0.0,0.0,0.0,0.0,0.0
Oma 196.0,0.0,0.0,0.0,0.0011171104077452988,0.0,0.0,0.0,0.0,0.0,0.0,0.0,0.0,0.0,0.0,0.0
Oklina 195.0,0.0,0.0,0.0,0.01861850679575498,0.05844155844155844,0.0,0.0,0.0,0.0,0.0,0.0,0.0,0.0,0.0,0.0
Nyassa Clissmann 194.0,0.0017236426314277506,0.0,0.0,0.0,0.0,0.0,0.0,0.0,0.0,0.0,0.0,0.0,0.0,0.0,0.0
Nora Sejby 193.0,0.0017236426314277506,0.0,0.0,0.0,0.0,0.0,0.0,0.0,0.0,0.0,0.0,0.0,0.0,0.0,0.0
Nika 192.0,0.0,0.0002586652871184687,0.0,0.0,0.0,0.0,0.0,0.0,0.0,0.0,0.0,0.0,0.0,0.0,0.0
Nia 191.0,0.0,0.0,0.0,0.0,0.00487012987012987,0.0,0.0,0.0,0.0,0.0,0.0,0.0,0.00013252054068380598,0.00011967448539971278,0.0
Nesso 190.0,0.0,0.0,0.0,0.016011915844349283,0.0,0.0,0.0,0.0,0.0,0.0,0.0,0.0,0.0,0.0,0.0
Nera 189.0,0.0,0.0,0.0,0.0001861850679575498,0.0,0.0,0.0,0.0,0.0,0.0,0.0,0.0,0.0,0.00011967448539971278,0.0
Neldama 188.0,0.0,0.0,0.0,0.0,0.0,0.0,0.0,0.0,0.0,0.0,0.0,0.0,0.0,0.0,0.0010950903449534588
Neilla 187.0,0.0,0.0,0.0,0.0,0.0,0.0,0.00015673981191222572,0.0,0.0,0.0,0.0,0.0,0.0,0.0,0.0
Nattai 186.0,0.0,0.0,0.0,0.0001861850679575498,0.0,0.0,0.0,0.0,0.0,0.0,0.0,0.0,0.0,0.0,0.0
Nataly 185.0,0.0,0.0,0.0,0.0,0.0,0.0,0.0,0.0,0.0,0.0,0.0,0.0,0.0,0.0007180469123982767,0.0
Namurra 184.0,0.0,0.0,0.0,0.0001861850679575498,0.0,0.0,0.0,0.0,0.0,0.0,0.0,0.0,0.0,0.0,0.0
Nalka 183.0,0.0,0.0,0.0,0.0,0.007305194805194805,0.0,0.0,0.0,0.0,0.0,0.0,0.0,0.0,0.0,0.0
Nadona 182.0,0.0,0.0,0.004377431906614786,0.0,0.0,0.0,0.0,0.0,0.0,0.0,0.0,0.0,0.0,0.0,0.0
Nadira 181.0,0.0,0.0,0.0,0.0,0.0,0.0,0.0,0.0,0.0006593044338223175,0.0,0.0,0.0,0.0,0.0,0.0003650301149844862
Murda 180.0,0.0,0.0,0.0,0.0,0.0,0.001098901098901099,0.0,0.0,0.0,0.0,0.0,0.0,0.0,0.0,0.0
Mislue 178.0,0.0,0.0002586652871184687,0.0,0.0,0.0,0.0,0.0,0.0,0.0,0.0,0.0,0.0,0.0,0.0,0.0
Mirrim 177.0,0.0,0.012933264355923435,0.0,0.0,0.0,0.0003139717425431711,0.0,0.0,0.009230262073512444,0.055612770339855816,0.0010712372790573112,0.011274934952298352,0.010469122714020673,0.010052656773575874,0.016243840116809637
Miridan 176.0,0.0,0.0,0.0,0.0003723701359150996,0.0,0.0,0.0,0.0,0.0,0.0,0.0,0.0,0.0,0.0,0.0
Miata 174.0,0.0,0.0,0.0,0.0,0.0,0.0,0.00015673981191222572,0.0,0.0,0.0,0.0,0.0,0.0,0.0,0.0
Mesla 173.0,0.0,0.0,0.0012159533073929961,0.0,0.0,0.0,0.0,0.0,0.0,0.0,0.0,0.0,0.0,0.0,0.0
Merika 171.0,0.0,0.0,0.0,0.0,0.0,0.0,0.0,0.0,0.0009889566507334763,0.0,0.0,0.0,0.00026504108136761196,0.0,0.0
Menolly Nolly Monolly 168.0,0.0,0.03776513191929643,0.0,0.0,0.0,0.004709576138147566,0.0,0.0,0.0,0.3141091658084449,0.26647027316550614,0.08759757155247182,0.04280413464086934,0.014480612733365247,0.004745391494798321
Medda 166.0,0.0,0.0,0.0,0.0,0.0,0.0,0.0,0.0,0.0,0.0,0.0,0.0,0.0,0.0,0.0029202409198758896
Mechalla 165.0,0.0,0.0,0.0,0.0,0.0,0.00015698587127158556,0.0,0.0,0.0,0.0,0.0,0.0,0.0,0.0,0.0
Mavi 164.0,0.0,0.0002586652871184687,0.0,0.0,0.0,0.0,0.0,0.0,0.0,0.04325437693099897,0.0002678093197643278,0.0,0.0,0.0,0.0
Mary Tubberman 163.0,0.015512783682849756,0.0,0.0009727626459143969,0.0,0.0,0.0,0.0,0.0,0.0,0.0,0.0,0.0,0.0,0.0,0.0005475451724767294
Mari 162.0,0.0005745475438092502,0.0005173305742369374,0.00316147859922179,0.0001861850679575498,0.004058441558441558,0.0018838304552590266,0.0029780564263322882,0.0,0.0,0.0,0.0002678093197643278,0.0,0.0,0.0005983724269985639,0.0001825150574922431
Margatta 161.0,0.0,0.0,0.0,0.0,0.0,0.0,0.0,0.0,0.0,0.0,0.0,0.0,0.00026504108136761196,0.0,0.0005475451724767294
Marella 160.0,0.0,0.0,0.0,0.0,0.0,0.0018838304552590266,0.0,0.0,0.0,0.0,0.0,0.0,0.0,0.0,0.0005475451724767294
Mardy 159.0,0.0,0.0,0.0,0.0,0.0,0.0,0.0004702194357366771,0.0,0.0,0.0,0.0,0.0,0.0,0.0,0.0
Mardra 158.0,0.0,0.0,0.0,0.0,0.0,0.00282574568288854,0.0,0.007864108210128971,0.007582000988956651,0.0,0.0,0.0014455044810638912,0.0005300821627352239,0.00023934897079942556,0.0
Marcine 157.0,0.0,0.0,0.0,0.0,0.0,0.0,0.00109717868338558,0.0,0.0,0.0,0.0,0.0,0.0,0.0,0.0
Mara 156.0,0.0,0.0,0.0,0.0,0.002435064935064935,0.0,0.0,0.0,0.0,0.0,0.0,0.0,0.0,0.0,0.0
Manora 155.0,0.0,0.0,0.0,0.0,0.0,0.0,0.0014106583072100312,0.01887385970430953,0.011867479808801713,0.025746652935118436,0.0016068559185859668,0.0005782017924255566,0.0006626027034190299,0.0004786979415988511,0.006205511954736266
Maizella 154.0,0.0,0.0,0.0,0.0,0.0,0.0,0.008934169278996866,0.0,0.0,0.0,0.0,0.0,0.0,0.0,0.0
Mairi 153.0,0.0043091065785693765,0.0,0.0,0.0,0.0,0.0,0.0,0.0,0.0,0.0,0.0,0.0,0.0,0.0,0.0
Magalia 152.0,0.0,0.0,0.0,0.0,0.0,0.0,0.0,0.0,0.0,0.0,0.0,0.0,0.0,0.0,0.0001825150574922431
Lucil 150.0,0.0,0.0,0.0,0.0,0.0008116883116883117,0.0,0.0,0.0,0.0,0.0,0.0,0.0,0.0,0.0,0.0
Luccha 149.0,0.0,0.0,0.0012159533073929961,0.0,0.0,0.0,0.0,0.0,0.0,0.0,0.0,0.0,0.0,0.0,0.0
Lotricia 148.0,0.0,0.0,0.0,0.0,0.0,0.0,0.0023510971786833857,0.0,0.0,0.0,0.0,0.0,0.0,0.0,0.0
Lotricia 147.0,0.0,0.0,0.0,0.0,0.0,0.0,0.0023510971786833857,0.0,0.0,0.0,0.0,0.0,0.0,0.0,0.0
Lorra 146.0,0.0,0.0,0.0,0.0,0.0,0.0,0.007523510971786834,0.0,0.0,0.0,0.0,0.0,0.0,0.0,0.0
Loreana 145.0,0.0,0.0,0.0,0.0001861850679575498,0.0,0.0,0.0,0.0,0.0,0.0,0.0,0.0,0.0,0.0,0.0
Lonada 144.0,0.0,0.0,0.00048638132295719845,0.0,0.0,0.0,0.0,0.0,0.0,0.0,0.0,0.0,0.0,0.0,0.0
Lissala 143.0,0.0,0.0,0.0,0.0,0.0,0.0,0.0004702194357366771,0.0,0.0,0.0,0.0,0.0,0.0,0.0,0.0
Lilla 142.0,0.0,0.0,0.0,0.0,0.00487012987012987,0.0,0.0,0.0,0.0,0.0,0.0,0.0,0.0,0.0,0.0
Lidora 141.0,0.0,0.0,0.0,0.002606590951405697,0.0008116883116883117,0.0,0.0,0.0,0.0,0.0,0.0,0.0,0.0,0.0,0.0
Libby 140.0,0.0,0.0,0.0,0.0,0.0,0.0,0.0020376175548589342,0.0,0.0,0.0,0.0,0.0,0.0,0.0,0.0
Levalla 139.0,0.0,0.0,0.0,0.004468441630981195,0.0,0.0,0.0,0.0,0.0,0.0,0.0,0.0,0.0,0.0,0.0
Lessa 138.0,0.0,0.021210553543714435,0.0,0.0,0.0,0.018838304552590265,0.00219435736677116,0.21201635734507707,0.07252348772045492,0.023171987641606592,0.0008034279592929834,0.005782017924255565,0.04094884707129605,0.04224509334609861,0.05329439678773499
Leri 137.0,0.0,0.0,0.0,0.05697263079501024,0.010551948051948052,0.0,0.0,0.0,0.0,0.0,0.0,0.0,0.0,0.0,0.0
Lemsia 136.0,0.0,0.0,0.0,0.0,0.0,0.0,0.0,0.0,0.0,0.0,0.0,0.0,0.0,0.00011967448539971278,0.0
Laura 135.0,0.0,0.0,0.0014591439688715954,0.0,0.0,0.0,0.0,0.0,0.0,0.0,0.0,0.0,0.0,0.0,0.0
Lally Moorhouse 133.0,0.00014363688595231256,0.0,0.0,0.0,0.0,0.0,0.0,0.0,0.0,0.0,0.0,0.0,0.0,0.0,0.0
Laela 132.0,0.0,0.0,0.0,0.0,0.0,0.0,0.0007836990595611285,0.0,0.0,0.0,0.0,0.0,0.0,0.0,0.0
Kylara 131.0,0.0,0.0,0.0,0.0,0.0,0.0006279434850863422,0.0,0.011953444479396037,0.037910004944783256,0.0025746652935118436,0.0,0.0008673026886383347,0.0007951232441028359,0.0,0.0
Kulla 130.0,0.0,0.0,0.0,0.0,0.0,0.0,0.0014106583072100312,0.0,0.0,0.0,0.0,0.0,0.0,0.0,0.0
Kubisa 129.0,0.0,0.0,0.0,0.0,0.0,0.0,0.003761755485893417,0.0,0.0,0.0,0.0,0.0,0.0,0.0,0.0
Klada 128.0,0.0,0.0,0.0,0.0,0.0,0.0,0.0006269592476489029,0.0,0.0,0.0,0.0,0.0,0.0,0.0,0.0
Kitrin 127.0,0.0,0.006725297465080186,0.0,0.0,0.0,0.0,0.0,0.0,0.0,0.0,0.0,0.0,0.0,0.0,0.0
Kitral 126.0,0.0,0.0002586652871184687,0.0,0.0,0.0,0.0,0.0,0.0,0.0,0.0,0.0,0.0,0.0,0.0,0.0
Kit Ping Kitti 125.0,0.016230968112611318,0.0,0.0,0.0,0.0,0.0,0.0,0.0,0.0,0.0,0.0,0.0,0.0,0.00023934897079942556,0.0
Kenalas 122.0,0.0,0.0,0.0,0.0,0.0,0.0,0.0,0.0,0.00016482610845557937,0.0,0.0,0.0,0.0,0.0,0.0
Keita 121.0,0.0,0.0,0.0,0.0,0.0,0.0006279434850863422,0.0,0.0,0.0,0.0,0.0,0.0,0.0,0.0,0.007118087242197481
Kathy Duff 120.0,0.004021832806664752,0.0,0.0,0.0,0.0,0.0,0.0,0.0,0.0,0.0,0.0,0.0,0.0,0.0,0.0
Kamina 118.0,0.0,0.0,0.0,0.0003723701359150996,0.0,0.0,0.0,0.0,0.0,0.0,0.0,0.0,0.0,0.0,0.0
Kamiana 117.0,0.0,0.0,0.0,0.003909886427108546,0.002435064935064935,0.0,0.0,0.0,0.0,0.0,0.0,0.0,0.0,0.0,0.0
Kami 116.0,0.0,0.00801862390067253,0.0,0.0,0.0,0.0,0.0,0.0,0.0,0.0,0.0,0.0,0.0,0.0,0.0
Juvana 115.0,0.0,0.0,0.0,0.0,0.0,0.0,0.00909090909090909,0.0,0.0,0.0,0.0,0.0,0.0,0.0,0.0
Jule 114.0,0.0,0.0,0.004134241245136187,0.0,0.0,0.0,0.0,0.0,0.0,0.0,0.0,0.0,0.0,0.0,0.0
Ju Adjai Adjar 113.0,0.001005458201666188,0.0,0.0,0.0,0.0,0.0,0.0,0.0,0.0,0.0,0.0,0.0,0.0,0.00011967448539971278,0.0
Josetta 112.0,0.0,0.0,0.0,0.0,0.0,0.0,0.0,0.0,0.0,0.0,0.0,0.0,0.0,0.0,0.0001825150574922431
Jissamy 110.0,0.0,0.0,0.0,0.0,0.0,0.0,0.0,0.0,0.0,0.0,0.0,0.0,0.0,0.0005983724269985639,0.0
Jenfa 109.0,0.0,0.0,0.0,0.0,0.0,0.00015698587127158556,0.0,0.0,0.0,0.0,0.0,0.0,0.0,0.0,0.0
Janissian 108.0,0.0,0.0,0.0,0.0,0.0,0.0,0.0,0.0,0.0,0.0,0.0,0.0,0.0,0.0,0.003832816207337105
Jane 107.0,0.0,0.0,0.0026750972762645915,0.0,0.0,0.0,0.0,0.0,0.0,0.0,0.0,0.0,0.0,0.0,0.0
Jancis 106.0,0.0,0.0005173305742369374,0.0,0.0,0.0,0.021664050235478807,0.0,0.0,0.0,0.0,0.0,0.0,0.0,0.02106270943034945,0.001825150574922431
Janara 105.0,0.0,0.0,0.0,0.0,0.0,0.0003139717425431711,0.0,0.0,0.0,0.0,0.0,0.0,0.0,0.0,0.0
Jallora 104.0,0.0,0.0,0.0,0.004840811766896295,0.0008116883116883117,0.0,0.0,0.0,0.0,0.0,0.0,0.0,0.0,0.0,0.0
Ita 103.0,0.0,0.0,0.0,0.0,0.0,0.0,0.0,0.0,0.0,0.0,0.0,0.0,0.0,0.0,0.0005475451724767294
Isla 102.0,0.0,0.0,0.0,0.0,0.0,0.0,0.00031347962382445143,0.0,0.0,0.0,0.0,0.0,0.0,0.0,0.0
Irene 101.0,0.0,0.0,0.007538910505836576,0.0,0.0,0.0,0.0,0.0,0.0,0.0,0.0,0.0,0.0,0.0,0.0
Holht 100.0,0.0,0.0,0.0,0.0001861850679575498,0.0,0.0,0.0,0.0,0.0,0.0,0.0,0.0,0.0,0.0,0.0
Hayara 99.0,0.0,0.0,0.0,0.0,0.0,0.0,0.007210031347962382,0.0,0.0,0.0,0.0,0.0,0.0,0.0,0.0
Haura 98.0,0.0,0.0,0.0,0.002792776019363247,0.0008116883116883117,0.0,0.0,0.0,0.0,0.0,0.0,0.0,0.0,0.0,0.0
Hally 97.0,0.0,0.0002586652871184687,0.0,0.0,0.0,0.0,0.0,0.0,0.0,0.0,0.0,0.0,0.0,0.0,0.0
Halanna 96.0,0.0,0.0,0.0,0.0,0.0,0.0,0.008463949843260187,0.0,0.0,0.0,0.0,0.0,0.0,0.0,0.0
Grisella 95.0,0.0,0.0,0.00048638132295719845,0.0,0.0,0.0,0.0,0.0,0.0,0.0,0.0,0.0,0.0,0.0,0.0
Greta 94.0,0.003303648376903189,0.0,0.0,0.0,0.0,0.0,0.0,0.0,0.0,0.0,0.0,0.0,0.0,0.0,0.0
Gisa 92.0,0.0,0.0,0.0017023346303501946,0.0,0.0,0.0,0.0,0.0,0.0,0.0,0.0,0.0,0.0,0.0,0.0
Ginia 91.0,0.0,0.0,0.0,0.0,0.0,0.0,0.008150470219435737,0.0,0.0,0.0,0.0,0.0,0.0,0.0,0.0
Gana 89.0,0.0,0.0,0.0,0.0,0.00974025974025974,0.0,0.0,0.0,0.0,0.0,0.0,0.0,0.0,0.0,0.0
Gallardy 88.0,0.0,0.0,0.0,0.0020480357475330477,0.0,0.0,0.0,0.0,0.0,0.0,0.0,0.0,0.0,0.0,0.0
Fransman 87.0,0.0,0.0,0.0,0.0,0.0,0.0,0.0,0.0,0.0,0.0,0.0002678093197643278,0.0,0.0,0.0,0.0
Fleur du Vent 86.0,0.009623671358804941,0.0002586652871184687,0.0007295719844357977,0.0003723701359150996,0.0,0.00015698587127158556,0.00031347962382445143,0.0009436929852154766,0.0,0.0025746652935118436,0.0,0.0002891008962127783,0.00039756162205141797,0.00011967448539971278,0.0005475451724767294
Fira 85.0,0.0,0.0,0.0,0.0,0.0,0.0003139717425431711,0.0,0.0,0.0,0.0,0.0,0.0,0.0,0.0,0.0
Ferina 84.0,0.0,0.0,0.0012159533073929961,0.0,0.0,0.0,0.0,0.0,0.0,0.0,0.0,0.0,0.0,0.0,0.0
Fenela 83.0,0.0,0.0,0.0,0.0,0.0,0.0,0.0,0.0,0.0,0.0005149330587023687,0.0002678093197643278,0.0,0.0,0.0,0.0
Felicia 82.0,0.0005745475438092502,0.0,0.0,0.0,0.0,0.0,0.0,0.0,0.0,0.0,0.0,0.0,0.0,0.0,0.0
Felena 81.0,0.0,0.0,0.0,0.0,0.0,0.0,0.0,0.0,0.0,0.012873326467559218,0.0008034279592929834,0.0,0.0,0.0,0.0
Faselly 80.0,0.0,0.0,0.0,0.0,0.0,0.0,0.0,0.0,0.0,0.0,0.0,0.0,0.0,0.00011967448539971278,0.0
Famira 78.0,0.0,0.0,0.0,0.0,0.0,0.0,0.0,0.0,0.001813087193011373,0.0,0.0,0.0,0.0,0.0,0.0
Falga 77.0,0.0,0.0,0.0,0.00930925339787749,0.0008116883116883117,0.0,0.0,0.0,0.0,0.0,0.0,0.0,0.0,0.0,0.0
Evelene 76.0,0.0,0.0,0.0,0.0,0.0,0.0,0.0009404388714733542,0.0,0.0,0.0,0.0,0.0,0.0,0.0,0.0
Evan 75.0,0.0,0.0,0.0,0.0,0.0,0.0,0.0,0.0,0.0,0.0,0.0,0.0,0.0,0.0019147917663954045,0.0
Esrella 74.0,0.0,0.0,0.0,0.0,0.0,0.0,0.0,0.0,0.0,0.0,0.0,0.0,0.0,0.00011967448539971278,0.0
Empie 73.0,0.0,0.0,0.0,0.0003723701359150996,0.0,0.0,0.0,0.0,0.0,0.0,0.0,0.0,0.0,0.0,0.0
Emily Boll Em 72.0,0.035191037058316575,0.0015519917227108122,0.0024319066147859923,0.002606590951405697,0.004058441558441558,0.0015698587127158557,0.0020376175548589342,0.0009436929852154766,0.003626174386022746,0.0,0.001339046598821639,0.0002891008962127783,0.0005300821627352239,0.0008377213977979895,0.005657966782259536
Elimona 71.0,0.0,0.0,0.0,0.0,0.0,0.0,0.0,0.0,0.0,0.0,0.0,0.0,0.0,0.00023934897079942556,0.0
Egara 70.0,0.0,0.0,0.0,0.0,0.0,0.0,0.0,0.0,0.0,0.0,0.0,0.0,0.0,0.0,0.0001825150574922431
Durras 69.0,0.0,0.0007759958613554061,0.0,0.0,0.0,0.0,0.0,0.0,0.0,0.0,0.0,0.0,0.0,0.0,0.0
Dunca 67.0,0.0,0.0,0.0,0.0,0.0,0.0,0.0,0.0,0.0,0.0,0.026245313336904125,0.0,0.0,0.0,0.0
Dulsay 66.0,0.0,0.0,0.0,0.0,0.0,0.0006279434850863422,0.0,0.0,0.0,0.0,0.0,0.0,0.0,0.0,0.002007665632414674
Dresda 65.0,0.0,0.0,0.0,0.0001861850679575498,0.0,0.0,0.0,0.0,0.0,0.0,0.0,0.0,0.0,0.0,0.0
Diona 63.0,0.0,0.0,0.0,0.0033513312232358963,0.0,0.0,0.0,0.0,0.0,0.0,0.0,0.0,0.0,0.0,0.0
Desdra 62.0,0.0,0.0,0.0,0.026252094582014524,0.056818181818181816,0.0,0.0,0.0,0.0,0.0,0.0,0.0,0.0,0.0,0.0
Delart 61.0,0.0,0.0,0.0,0.0,0.0,0.0,0.0,0.0,0.0,0.0,0.0,0.0,0.0,0.0,0.0001825150574922431
Deelan 60.0,0.0,0.0,0.0,0.0,0.0,0.0,0.0,0.0,0.0,0.0,0.0,0.0,0.0023853697323085077,0.0,0.0
Debera Deb 59.0,0.0,0.0,0.04182879377431906,0.0,0.0,0.0,0.0,0.0,0.0,0.0,0.0,0.0,0.0,0.0,0.0
Danja 58.0,0.0,0.0,0.004620622568093385,0.0,0.0,0.0,0.0,0.0,0.0,0.0,0.0,0.0,0.0,0.0,0.0
Danegga 57.0,0.0,0.0,0.0,0.0,0.0,0.0,0.0,0.0,0.0,0.0,0.0,0.0,0.0,0.0,0.0009125752874612155
Dalova 56.0,0.0,0.0,0.0,0.0020480357475330477,0.0,0.0,0.0,0.0,0.0,0.0,0.0,0.0,0.0,0.0,0.0
Dalma 55.0,0.0,0.0,0.0,0.0,0.0,0.0,0.0012539184952978057,0.0,0.0,0.0,0.0,0.0,0.0,0.0,0.0
Curella 54.0,0.0,0.0,0.0,0.0,0.0,0.0,0.0,0.0,0.0,0.0,0.0,0.0,0.0,0.0,0.0001825150574922431
Cosira 53.0,0.0,0.0,0.0,0.0,0.0,0.0,0.0,0.0,0.0,0.0,0.0,0.0,0.0005300821627352239,0.0,0.0014601204599379448
Corana 52.0,0.0,0.0,0.0,0.0,0.0,0.0,0.0,0.0,0.0,0.0,0.0,0.0,0.005698383249403658,0.0,0.0
Clargesh 51.0,0.0,0.0,0.0,0.0001861850679575498,0.0,0.0,0.0,0.0,0.0,0.0,0.0,0.0,0.0,0.0,0.0
Chio-Chio 50.0,0.0002872737719046251,0.0,0.0,0.0,0.0,0.0,0.0,0.0,0.0,0.0,0.0,0.0,0.0,0.0,0.0
Cherry Duff 49.0,0.005458201666187877,0.0,0.0014591439688715954,0.0,0.0,0.0,0.0,0.0,0.0,0.0,0.0,0.0,0.0,0.0,0.0
Chenoa 48.0,0.0,0.0,0.0,0.0,0.0,0.0,0.0,0.0,0.0,0.0,0.0,0.0,0.0,0.0,0.0003650301149844862
Chaila Zavior Kimmage 47.0,0.001005458201666188,0.0,0.0,0.0,0.0,0.0031397174254317113,0.0,0.0,0.0,0.0,0.0,0.0,0.0,0.0,0.0
Celina 46.0,0.0,0.0,0.0,0.0,0.0,0.0,0.0,0.0,0.0,0.0,0.0,0.0,0.0,0.00023934897079942556,0.0
Cathy 45.0,0.0005745475438092502,0.0,0.0,0.0,0.0,0.0,0.0,0.0,0.0,0.0,0.0,0.0,0.0,0.0,0.0
Carol Duff Vassaloe 42.0,0.003303648376903189,0.0,0.0,0.0,0.0,0.0,0.0,0.0,0.0,0.0,0.0,0.0,0.0,0.0,0.0
Cara 41.0,0.001292731973570813,0.0,0.0,0.0,0.0,0.0,0.0,0.0,0.0,0.0,0.0,0.0,0.0,0.0,0.0
Campila 40.0,0.0,0.0,0.0,0.0,0.0,0.0,0.0,0.0,0.0,0.0,0.0,0.0,0.0,0.00011967448539971278,0.0
Brinna 39.0,0.0,0.0,0.0,0.0,0.0,0.0,0.0,0.0,0.0,0.0,0.0,0.0,0.0,0.00011967448539971278,0.0
Briala 38.0,0.0,0.0,0.0,0.0,0.0,0.0,0.0,0.0,0.0,0.0,0.006427423674343867,0.0,0.0,0.0,0.0
Brekke Brekker 37.0,0.0,0.0,0.0,0.0,0.0,0.002511773940345369,0.0,0.0,0.06180979067084226,0.01905252317198764,0.004284949116229245,0.002023706273489448,0.021865889212827987,0.0011967448539971278,0.0010950903449534588
Breda 36.0,0.0,0.0,0.0,0.0,0.0,0.0,0.0,0.0,0.0,0.0,0.0,0.0,0.0,0.0013164193393968406,0.0
Brashia 35.0,0.0,0.0,0.0,0.0,0.0,0.0,0.0017241379310344827,0.0,0.0,0.0,0.0,0.0,0.0,0.0,0.0
Boranda 34.0,0.0,0.0,0.0,0.0001861850679575498,0.0,0.0,0.0,0.0,0.0,0.0,0.0,0.0,0.0,0.0,0.0
Bonna 33.0,0.0,0.0,0.0,0.0,0.0,0.0,0.0,0.0,0.0,0.0,0.0,0.0,0.0,0.00011967448539971278,0.0
Betty Musgrave Blake 32.0,0.002298190175237001,0.0,0.0,0.0,0.0,0.0,0.0,0.0,0.0,0.0,0.0,0.0,0.0,0.0,0.0
Bethany 30.0,0.0,0.0,0.010700389105058366,0.0,0.0,0.0,0.0,0.0,0.0,0.0,0.0,0.0,0.0,0.0,0.0
Bessera 29.0,0.0,0.0,0.0,0.0,0.0008116883116883117,0.0,0.0,0.0,0.0,0.0,0.0,0.0,0.0,0.0,0.0
Benoria 28.0,0.0,0.0,0.0,0.0,0.0,0.0,0.0004702194357366771,0.0,0.0,0.0,0.0,0.0,0.0,0.0,0.0
Bedella 27.0,0.0,0.0,0.0,0.0,0.0,0.00015698587127158556,0.0,0.0,0.001318608867644635,0.0,0.0,0.0,0.0,0.0,0.0005475451724767294
Bedda 26.0,0.0,0.0,0.0,0.0,0.0,0.00015698587127158556,0.0,0.0,0.0,0.0,0.0,0.0,0.0,0.0,0.0
Bay Harkenon 25.0,0.029589198506176386,0.0,0.0,0.0,0.0,0.0,0.0,0.0,0.0,0.0,0.0,0.0,0.0,0.0,0.0
Barr Hamil 24.0,0.004165469692617064,0.0,0.0,0.0,0.0,0.0,0.0,0.0,0.0,0.0,0.0,0.0,0.0,0.0,0.0
Barla 23.0,0.0,0.0,0.0,0.0,0.0,0.004395604395604396,0.0,0.0,0.0,0.0,0.0,0.0,0.0,0.00023934897079942556,0.0
Bardie 22.0,0.0,0.0,0.0,0.0,0.0,0.0,0.0,0.0,0.0,0.0005149330587023687,0.0,0.0,0.0,0.0,0.0
Barba 21.0,0.0,0.0,0.0,0.0,0.0,0.0,0.0006269592476489029,0.0,0.0,0.0,0.0,0.0,0.0,0.0,0.0
Ballora 19.0,0.0,0.0,0.0,0.0,0.0,0.0,0.0,0.0,0.0,0.0,0.0,0.0,0.0,0.0,0.0025552108048914036
Avril Bitra 18.0,0.027865555874748635,0.0,0.03526264591439689,0.0007447402718301992,0.0008116883116883117,0.0029827315541601255,0.00031347962382445143,0.0018873859704309531,0.001318608867644635,0.0,0.0002678093197643278,0.0002891008962127783,0.0,0.002632838678793681,0.0012776054024457018
Audiva 17.0,0.0,0.0,0.0,0.0,0.0,0.0,0.0,0.0,0.0,0.0,0.02088912694161757,0.0,0.0,0.0,0.0
Aranya 16.0,0.0,0.0031039834454216243,0.0,0.0,0.0,0.0,0.0,0.0,0.0,0.0,0.0,0.0,0.0,0.00011967448539971278,0.0
Aramina Mina Ara 15.0,0.0,0.020951888256595965,0.0,0.0,0.0,0.029042386185243328,0.0,0.0,0.0,0.0,0.0,0.0,0.0,0.0013164193393968406,0.0001825150574922431
Anella 14.0,0.0,0.0,0.0,0.0,0.041396103896103896,0.0,0.0,0.0,0.0,0.0,0.0,0.0,0.0,0.0,0.0
Anama 13.0,0.0,0.0,0.0,0.0,0.0,0.0003139717425431711,0.0,0.0,0.0,0.0,0.0,0.0,0.0,0.0,0.0
Amilla 12.0,0.0,0.0,0.0,0.0,0.002435064935064935,0.0,0.0,0.0,0.0,0.0,0.0,0.0,0.0,0.0,0.0
Almie 10.0,0.0,0.0015519917227108122,0.0,0.0,0.0,0.0,0.0,0.0,0.0,0.0,0.0,0.0,0.0,0.0,0.0
Aliena Zuleita 9.0,0.0,0.0,0.00024319066147859923,0.0,0.0,0.0,0.0,0.0,0.0,0.0,0.0,0.0,0.0,0.0,0.0
Alianne Zulueta 8.0,0.00014363688595231256,0.0,0.0,0.0,0.0,0.0,0.0,0.0,0.0,0.0,0.0,0.0,0.0,0.0,0.0
Alda 7.0,0.0,0.0,0.0,0.0,0.0,0.00015698587127158556,0.0,0.0,0.0,0.0,0.0,0.0,0.0,0.0,0.0
Aida 6.0,0.001005458201666188,0.0010346611484738748,0.00048638132295719845,0.0011171104077452988,0.0008116883116883117,0.002197802197802198,0.0007836990595611285,0.00031456432840515884,0.0006593044338223175,0.0020597322348094747,0.0002678093197643278,0.0014455044810638912,0.0006626027034190299,0.0009573958831977022,0.0001825150574922431
Adrea Beljeth 5.0,0.0,0.0010346611484738748,0.0,0.0,0.0,0.0007849293563579278,0.0,0.0,0.0,0.0,0.0,0.0,0.0,0.00023934897079942556,0.002007665632414674
Abuna 3.0,0.0,0.0,0.0,0.0,0.0,0.0,0.0,0.0,0.0,0.0,0.005356186395286556,0.0008673026886383347,0.0,0.0,0.0
Abula 2.0,0.0,0.0,0.0,0.0,0.0,0.0,0.0,0.0,0.0,0.0,0.0002678093197643278,0.0,0.0,0.0,0.0
