full_name,book_1,book_2,book_3,book_4,book_5,book_6,book_7,book_8,book_9,book_10,book_11,book_12,book_13,book_14,book_15
A. C. Sopers 1,0.00016131634134537829,0.0,0.0,0.0,0.0,0.0,0.0,0.0,0.0,0.0,0.0,0.0,0.0,0.0,0.0
A’dan 2,0.0,0.0,0.0,0.005129882876398613,0.0,6.032672956733669e-06,0.0,0.0,0.0,0.0,0.0,0.0,0.0,0.0,0.0
A’murry 3,0.0,0.0,0.0,0.0038036915646023806,0.0,7.952159806603473e-06,0.0,0.0,0.0,0.0,0.0,0.0,0.0,0.0,0.0
Abula 4,0.0,0.0,0.0,0.0,0.0,0.0,0.0,0.0,0.0,0.0,0.00030376670716889426,0.0,0.0,0.0,0.0
Abuna 5,0.0,0.0,0.0,0.0,0.0,0.0,0.0,0.0,0.0,0.0,0.005282899255111205,0.00014760631755039117,0.0,0.0,0.0
Adessa 6,0.0,0.0,0.0,0.0,0.0,0.0,0.000630715862503942,0.0,0.0,0.0,0.0,0.0,0.0,0.0,0.0
Adrea Beljeth 7,0.0,0.0002170315509617211,0.0,0.0,0.0,0.00019880399516508684,0.0,0.0,0.0,0.0,0.0,0.0,0.0,2.8123461998171973e-05,0.0010464231354642313
Afnor 8,0.0,0.0,0.0,0.0,0.0,0.0,0.0,0.0,0.0,0.0,0.0,0.0,0.0,0.0003480278422273782,4.756468797564688e-05
Aida 9,0.00011624265773416964,7.021609001702741e-05,1.4413998875708086e-05,0.0001004576403616475,1.2666565334143994e-05,0.0005042604865599144,5.797020795072996e-05,4.6332332554950145e-06,4.053300906926078e-05,0.00012836558518661146,4.467157458366092e-06,0.00013868240619522044,6.40054071767983e-05,0.0001455802738728902,2.797922822096875e-06
Aisling Hempenstahl 10,0.00032263268269075657,0.0,0.0,0.0,0.0,0.0,0.0,0.0,0.0,0.0,0.0,0.0,0.0,0.0,0.0
Albuna 11,0.0,0.0,0.0,0.0,0.0,0.0,0.0,0.0,0.0,0.0,0.0,0.0003772161448509996,0.0,0.0,0.0
Alda 12,0.0,0.0,0.0,0.0,0.0,0.0001749475157452764,0.0,0.0,0.0,0.0,0.0,0.0,0.0,0.0,0.0
Aleki 13,0.0,0.0008952551477170994,0.0,0.0,0.0,0.0,0.0,0.0,0.0,0.0,0.0,0.0,0.0,0.0,0.0
Alemi Onclemi Lemi 14,0.0,0.10808293931609704,0.0,0.0,0.0,4.219839575765461e-05,0.0,0.0,0.0,0.008598182766898686,2.0352878202270973e-06,0.0,0.0,0.00011426039711317609,0.0
Alessan 15,0.0,0.0,0.0,0.08921304031187079,0.025736845898061498,1.4869377168257224e-05,0.0,0.0,0.0,0.0,0.0,0.0,0.0,0.0,0.0
Alianne Zulueta 16,0.00016131634134537829,0.0,0.0,0.0,0.0,0.0,0.0,0.0,0.0,0.0,0.0,0.0,0.0,0.0,0.0
Aliena Zuleita 17,0.0,0.0,0.0002450379808870375,0.0,0.0,0.0,0.0,0.0,0.0,0.0,0.0,0.0,0.0,0.0,0.0
Almie 18,0.0,0.0017905102954341987,0.0,0.0,0.0,0.0,0.0,0.0,0.0,0.0,0.0,0.0,0.0,0.0,0.0
Amilla 19,0.0,0.0,0.0,0.0,0.001937984496124031,4.37368789363191e-05,0.0,0.0,0.0,0.0,0.0,0.0,0.0,0.0,0.0
Ampris 20,0.0,0.0,0.0,0.0,0.0,0.0,0.0,0.0,0.0,0.0,0.0,0.0,0.0,0.00015467904098994585,0.0
Anama 21,0.0,0.0,0.0,0.0,0.0,0.0003498950314905528,0.0,0.0,0.0,0.0,0.0,0.0,0.0,0.0,0.0
Anchoran 22,0.0,0.0,0.0,0.0,0.0,0.0001749475157452764,0.0,0.0,0.0,0.0,0.0,0.0,0.0,0.0,0.0
Andemon 23,0.0,5.526266343932712e-06,0.0,0.0,0.0,0.0,0.0,0.0,0.007975244840016589,0.0,0.0,0.0,2.9015784586815228e-05,0.0,0.0
Ander 24,0.0,0.0,0.0,0.0,0.0,0.0001749475157452764,0.0,0.0,0.0,0.0,0.0,0.0,0.0,0.0,0.0
Andremon 25,0.0,0.0002984183825723665,0.0,0.0,0.0,0.0,0.0,0.0,0.0,0.0,0.0,0.0,0.0,0.0,0.0
Anella 26,0.0,0.0,0.0,0.0,0.043082886106141915,3.3643753027937774e-06,0.0,0.0,0.0,0.0,0.0,0.0,0.0,0.0,0.0
Anguille 27,4.779743447270468e-06,0.0,0.0,0.0,0.0,0.0,0.02066061646635598,0.0,0.0,0.0,0.0,0.0,0.0,0.0,0.0
Anskono 28,0.0,0.000596836765144733,0.0,0.0,0.0,0.0,0.0,0.0,0.0,0.0,0.0,0.0,0.0,0.0,0.0
Anta 29,0.0,0.0,0.0,0.0,0.0,0.0,0.0004730368968779565,0.0,0.0,0.0,0.0,0.0,0.0,0.0,0.0
Aramina Mina Ara 30,0.0,0.007042888518191714,0.0,0.0,0.0,0.021538052972597425,0.0,0.0,0.0,0.0,0.0,0.0,0.0,6.732433079058795e-05,6.843839996495954e-07
Aranya 31,0.0,0.0033055574684939058,0.0,0.0,0.0,0.0,0.0,0.0,0.0,0.0,0.0,0.0,0.0,1.1898387768457374e-05,0.0
Armald 32,0.0,0.0,0.0,0.0,0.0,0.00437368789363191,0.0,0.0,0.0,0.0,0.0,0.0,0.0,0.0,0.0
Arminet 33,0.0,0.0,0.0,0.0,0.0,0.0,0.0,0.0,0.0,0.0,0.0,0.0,0.0,0.0,0.0028538812785388126
Armor 34,0.0,0.0,0.0,0.0,0.0,0.0001749475157452764,0.0,0.0,0.0,0.0,0.0,0.0,0.0,0.0,0.0
Arnor 35,0.0,0.0,0.0,0.0,0.0,5.83158385817588e-05,0.0,0.0,0.0,0.0,0.0016200891049007694,0.0001257387149503332,2.5791808521613536e-05,0.0002807138151299017,0.0
Arthied Desi 36,0.003871592192289079,0.0,0.0,0.0,0.0,0.0,0.0,0.0,0.0,0.0,0.0,0.0,0.0,0.0,0.0
Asgenar 37,0.0,3.978911767631553e-05,0.0,0.0,0.0,0.009802892465593656,0.0,0.0,0.005053753150221711,0.0,1.1250618784033122e-06,0.0,1.0316723408645415e-05,0.001160092807424594,2.81864817633463e-06
Ashmichel 38,0.0,0.0,0.0,0.0,0.0,0.0,0.0007883948281299275,0.0,0.0,0.0,0.0,0.0,0.0,0.0,0.0
Athpathis 39,0.00032263268269075657,0.0,0.0,0.0,0.0,0.0,0.0,0.0,0.0,0.0,0.0,0.0,0.0,0.0,0.0
Audiva 40,0.0,0.0,0.0,0.0,0.0,0.0,0.0,0.0,0.0,0.0,0.023693803159173753,0.0,0.0,0.0,0.0
Avril Bitra 41,0.014808053226523551,0.0,0.012565667190609666,7.405007636414125e-06,2.1007962017604674e-06,0.0001540391541074263,1.538331371960834e-06,2.7663792705979992e-05,2.6890191382533978e-05,0.0,7.408944077290104e-07,9.200393776853649e-07,0.0,0.0001825967215588629,2.273824108104095e-05
Azury 42,0.0,0.0,0.009556481254594462,0.0,0.0,0.0,0.0,0.0,0.0,0.0,0.0,0.0,0.0,0.0,0.0
B’dor 43,0.0,0.0,0.0,0.0,0.0,0.0,0.0,0.0,0.0010335917312661498,0.0,0.0,0.0,0.0,0.0,0.0
B’fol 44,0.0,0.0,0.0,0.0,0.0,0.0,0.0,0.000630119722747322,0.0,0.0,0.0,0.0,0.0,0.0,0.0
B’greal 45,0.0,0.0,0.0,0.00042694497153700185,0.0,4.37368789363191e-05,0.0,0.0,0.0,0.0,0.0,0.0,0.0,0.0,0.0
B’lerion 46,0.0,0.0,0.0,0.017924911900243968,0.0032545834871416266,4.99850044986504e-06,0.0,0.0,0.0,0.0,0.0,0.0,0.0,0.0,0.0
B’naj 47,0.0,0.0,0.0,0.0,0.0,0.0,0.0,0.0,0.002239448751076658,0.0,0.0,0.0,0.0,0.0,0.0
B’ner 48,0.0,0.0,0.002450379808870375,0.0,0.0,0.0,0.0,0.0,0.0,0.0,0.0,0.0,0.0,0.0,0.0
B’nurrin 49,0.0,0.0,0.0078412153883852,0.0,0.0,0.0,0.0,0.0,0.0,0.0,0.0,0.0,0.0,0.0,0.0
B’rant 50,0.0,0.0,0.0,0.0,0.0,0.0,2.6279827604330916e-05,0.001312749422390254,0.0,0.0,0.0,0.0,0.0,0.0,0.0
B’refli 51,0.0,0.0,0.0,0.0,0.0,0.0,0.0001576789656259855,0.0,0.0,0.0,0.0,0.0,0.0,0.0,0.0
B’zon 52,0.0,0.0,0.0,0.0,0.0,0.00031240627811656503,0.0,0.0,0.0,0.0,0.0,0.0,0.0010072622363708715,0.0,0.0
Bahka 53,0.00032263268269075657,0.0,0.0,0.0,0.0,0.0,0.0,0.0,0.0,0.0,0.0,0.0,0.0,0.0,0.0
Baid 54,0.0,0.0,0.0,9.487666034155598e-05,0.0,8.74737578726382e-05,0.0,0.0,0.0,0.0,0.0,0.0,0.0,0.0,0.0
Baldor 55,0.0,0.0,0.0,0.0,0.0,0.0,0.0,0.0,0.0,0.0,0.0,0.0,0.001392757660167131,0.0,0.0
Balfor 56,0.0,0.0,0.0,0.0014596409283316304,0.00026502352083747436,1.345750121117511e-05,0.0,0.0,0.0,0.0,0.0,0.0,0.0,0.0,0.0
Ballora 57,0.0,0.0,0.0,0.0,0.0,0.0,0.0,0.0,0.0,0.0,0.0,0.0,0.0,0.0,0.002663622526636225
Banak 58,0.0,0.0,0.0,0.0,0.0,0.0,0.0,0.0,0.0,0.0,0.0,0.004149377593360996,0.0,0.0,0.0
Bandarek 59,0.0,0.0,0.0,0.0,0.0,0.0,0.0,0.0,0.0,0.0,0.0,0.0,0.0,0.00015467904098994585,0.0
Banger 60,0.0,0.0,0.0,0.0,0.0,0.0,0.0,0.000630119722747322,0.0,0.0,0.0,0.0,0.0,0.0,0.0
Bantur 61,0.0,0.0,0.0,0.0,0.0,0.0,0.0,0.0,0.0,0.0,3.375185635209936e-05,0.0026824259189404415,0.0,0.0,0.0
Barba 62,0.0,0.0,0.0,0.0,0.0,0.0,0.000630715862503942,0.0,0.0,0.0,0.0,0.0,0.0,0.0,0.0
Bardie 63,0.0,0.0,0.0,0.0,0.0,0.0,0.0,0.0,0.0,0.0005455537370430987,0.0,0.0,0.0,0.0,0.0
Bargen 64,0.0,5.96836765144733e-06,0.0,0.0,0.0,0.0,0.0006181015452538632,6.3011972274732205e-06,1.3781223083548664e-05,0.0,0.0,6.789890607317994e-05,0.0,0.0005228151585460171,0.000974124809741248
Barla 65,0.0,0.0,0.0,0.0,0.0,0.00457196174480989,0.0,0.0,0.0,0.0,0.0,0.0,0.0,2.062387213199278e-05,0.0
Barly 66,0.0,0.0,0.0,0.00025300442757748257,0.0,5.83158385817588e-05,0.0,0.0,0.0,0.0,0.0,0.0,0.0,0.0,0.0
Barndy 67,0.0,0.0,0.0,0.0,0.0027562446167097333,3.4989503149055284e-05,0.0,0.0,0.0,0.0,0.0,0.0,0.0,0.0,0.0
Barr Hamil 68,0.00467817389901597,0.0,0.0,0.0,0.0,0.0,0.0,0.0,0.0,0.0,0.0,0.0,0.0,0.0,0.0
Bart Lemos 69,0.0018411970070839783,1.842088781310904e-06,0.0,4.2167404596247095e-05,2.126731957337757e-05,0.0011058410871800186,3.893307793234209e-06,3.111702334554676e-05,0.0031007751937984496,0.0,1.8751031306721867e-06,0.0,1.074658688400564e-06,0.0001613627032549435,1.0569930661254862e-05
Basil 70,0.00016131634134537829,0.0,0.0,0.0,0.0,0.0,0.0,0.0,0.0,0.0,0.0,0.0,0.0,0.0,0.0
Bastom 71,0.0,0.0,0.005145797598627788,0.0,0.0,0.0,0.0,0.0,0.0,0.0,0.0,0.0,0.0,0.0,0.0
Batim 72,0.0,0.0,0.0,0.0,0.0,0.0,0.0,0.0,0.0,0.0,0.0,0.0,0.0,0.0,0.003424657534246575
Batunon 73,0.0,0.0,0.0,0.0,0.0,0.0,0.0,0.0,0.0,0.0,0.0,0.0,0.00034818941504178273,0.0,0.0
Bay Harkenon 74,0.033231166317147925,0.0,0.0,0.0,0.0,0.0,0.0,0.0,0.0,0.0,0.0,0.0,0.0,0.0,0.0
Bedda 75,0.0,0.0,0.0,0.0,0.0,0.0001749475157452764,0.0,0.0,0.0,0.0,0.0,0.0,0.0,0.0,0.0
Bedella 76,0.0,0.0,0.0,0.0,0.0,1.45789596454397e-05,0.0,0.0,0.000918748205569911,0.0,0.0,0.0,0.0,0.0,0.00014269406392694063
Begamon 77,0.0,9.325574455386452e-06,0.0,0.0,0.0,0.0,0.0,0.0,0.0,0.0,0.0,0.0,0.00013601149025069639,0.0032675947409126064,0.0
Belesdan Belesden 78,0.0,0.0,0.0,0.0,0.0,2.91579192908794e-05,0.0,0.0,0.000717772035601493,0.0,0.0,0.0,0.0,0.0,0.0
Belterac 79,0.0,0.0,0.0,0.0,0.0,0.0,0.0,0.0,0.0,0.0,0.0,0.0,0.0,0.002165506573859242,0.0
Ben 80,0.0003687230659322932,4.263119751033807e-05,3.500542584100535e-05,0.0,0.0,0.0,0.0,0.0,0.0,0.0,4.339524388127061e-05,0.0,0.0,0.0,0.0
Bendarek 81,0.0,4.591052039574869e-06,0.0,0.0,0.0,1.0766000968940087e-05,0.0,0.0,0.0006784602133439343,0.0,4.673333956444528e-06,0.0,0.00013124062566959504,0.0032577785710036287,2.9270577215782695e-06
Benelek 82,0.0,0.00015131072919162243,0.0,0.0,0.0,2.4640495175391043e-06,0.0,0.0,0.0,0.0,1.711361730528982e-05,0.0,0.0007944603554474479,0.0031458666928096033,9.646922631680494e-05
Benini 83,0.0,0.0,0.0,0.0,0.0,0.0,0.0,0.0,0.0,0.0,0.0,0.0,0.0,0.0,0.0020928462709284626
Benis 84,0.0,0.0,0.0,0.0,0.0,0.0,0.0,0.0,0.0,0.0,0.0106318347509113,0.0,0.0,0.0,0.0
Benoria 85,0.0,0.0,0.0,0.0,0.0,0.0,0.0004730368968779565,0.0,0.0,0.0,0.0,0.0,0.0,0.0,0.0
Berchar Berch 86,0.0,0.0,0.0,0.007405007636414125,0.0,4.267012579153083e-06,0.0,0.0,0.0,0.0,0.0,0.0,0.0,0.0,0.0
Berdine 87,0.0,0.0,0.0,0.0,0.0,0.0,0.0,0.0,0.0,0.0,0.0,0.004526593738211996,0.0,0.0,0.0
Besel 88,0.0,0.0,0.0,0.0,0.0,0.0,0.0,0.0,0.0,0.0,0.0,0.005658242172764994,0.0,0.0,0.0
Besic 89,0.0,0.0,0.0,0.0,0.0,0.0,0.0,0.0,0.0,0.0,0.0,0.0,0.0,0.0,0.002663622526636225
Bessel 90,0.0,0.0,0.0,9.487666034155598e-05,0.0,8.74737578726382e-05,0.0,0.0,0.0,0.0,0.0,0.0,0.0,0.0,0.0
Bessera 91,0.0,0.0,0.0,0.0,0.0004306632213608958,8.74737578726382e-05,0.0,0.0,0.0,0.0,0.0,0.0,0.0,0.0,0.0
Bestrum 92,0.0,0.0,0.0,0.0,0.010551248923341947,4.37368789363191e-05,0.0,0.0,0.0,0.0,0.0,0.0,0.0,0.0,0.0
Bethany 93,0.0,0.0,0.01078167115902965,0.0,0.0,0.0,0.0,0.0,0.0,0.0,0.0,0.0,0.0,0.0,0.0
Betrice 94,0.0,0.0,0.0,0.0,0.0,0.0,0.01151056449069694,0.0,0.0,0.0,0.0,0.0,0.0,0.0,0.0
Betsy 95,0.00016131634134537829,0.0,0.0,0.0,0.0,0.0,0.0,0.0,0.0,0.0,0.0,0.0,0.0,0.0,0.0
Betty Musgrave Blake 96,0.0025810614615260526,0.0,0.0,0.0,0.0,0.0,0.0,0.0,0.0,0.0,0.0,0.0,0.0,0.0,0.0
Bill Duff 97,0.003871592192289079,0.0,0.0,0.0,0.0,0.0,0.0,0.0,0.0,0.0,0.0,0.0,0.0,0.0,0.0
Binness 98,0.0,0.0,0.0,0.0,0.0,0.0,0.0,0.0,0.0,0.0,0.0,0.0,0.0,0.0,0.00837138508371385
Birsan 99,0.0,0.0,0.0,0.0,0.0,0.0003498950314905528,0.0,0.0,0.0,0.0,0.0,0.0,0.0,0.0,0.0
Birto 100,0.0,0.0,0.0,0.0,0.0,0.0,0.0,0.0,0.0003445305770887166,0.0,0.0,0.0,0.0,0.0,0.0
Blesserel 101,0.0,0.0,0.0,0.0,0.0,0.0,0.0,0.0,0.0,0.0,0.0,0.0,0.0,0.004640371229698376,0.0
Bloors 102,0.0,0.0,0.0,0.0,0.0,0.0015745276417074878,0.0,0.0,0.0,0.0,0.0,0.0,0.0,0.0,0.0
Bob Jorgensen 103,0.00032263268269075657,0.0,0.0,0.0,0.0,0.0,0.0,0.0,0.0,0.0,0.0,0.0,0.0,0.0,0.0
Bob Jepson 104,0.0012905307307630263,0.0,0.0,0.0,0.0,0.0,0.0,0.0,0.0,0.0,0.0,0.0,0.0,0.0,0.0
Bonna 105,0.0,0.0,0.0,0.0,0.0,0.0,0.0,0.0,0.0,0.0,0.0,0.0,0.0,0.00015467904098994585,0.0
Bonz 106,0.0,0.0,0.0,0.0,0.0,0.0,0.0,0.0,0.0,0.0,9.346667912889055e-05,0.0035110118097669966,0.0,0.0,0.0
Boranda 107,0.0,0.0,0.0,9.487666034155598e-05,0.0,8.74737578726382e-05,0.0,0.0,0.0,0.0,0.0,0.0,0.0,0.0,0.0
Borel 108,0.0,0.0,0.0,0.0,0.0,0.0010496850944716584,0.0,0.0,0.0,0.0,0.0,0.0,0.0,0.0,0.0
Borgald Amhold 109,0.0,0.0,0.0,0.0,0.0,0.008047585724282715,0.0,0.0,0.0,0.0,0.0,0.0,0.0,0.0,0.0
Boris Pahlevi 110,0.0021688085891989747,0.0,0.0013340956737183153,0.0,0.0,0.0,0.0,0.0,0.0,0.0,0.0,0.0,0.0,0.0,0.0
Boskoney 111,0.0,0.012235153685467026,0.0,0.0,0.0,0.0,0.0,0.0,0.0,0.0,0.0,0.0,0.0,0.0,0.0
Bosler 112,0.0,0.0,0.0,0.0,0.0,0.0,0.0023651844843897824,0.0,0.0,0.0,0.0,0.0,0.0,0.0,0.0
Bourdon 113,0.0,0.0,0.0,0.0,0.0,0.0,0.0026888413085694365,0.0,9.066594133913594e-06,0.0,0.0,0.0,0.0,0.0,0.0
Brace 114,0.0,0.0,0.0,0.0,0.0027562446167097333,3.4989503149055284e-05,0.0,0.0,0.0,0.0,0.0,0.0,0.0,0.0,0.0
Brahil 115,0.0,0.0,0.0,0.0,0.0,0.0,0.000315357931251971,0.0,0.0,0.0,0.0,0.0,0.0,0.0,0.0
Brand 116,0.0,0.0,0.0,0.0,0.0,1.7114430888124866e-05,0.0,3.4245637105832716e-06,0.0,0.0,0.0,0.0,0.002187537846675548,0.0037139782776825048,0.0001013334656872477
Brare 117,0.0,0.0,0.0,0.0,0.0,0.004198740377886634,0.0,0.0,0.0,0.0,0.0,0.0,0.0,0.0,0.0
Brashia 118,0.0,0.0,0.0,0.0,0.0,0.0,0.0017344686218858404,0.0,0.0,0.0,0.0,0.0,0.0,0.0,0.0
Bravonner 119,0.0,0.0,0.0,0.0,0.0,0.0,0.0007883948281299275,0.0,0.0,0.0,0.0,0.0,0.0,0.0,0.0
Breda 120,0.0,0.0,0.0,0.0,0.0,0.0,0.0,0.0,0.0,0.0,0.0,0.0,0.0,0.0017014694508894045,0.0
Breide 121,0.0,0.0,0.0,0.0,0.0,0.0058814173929639295,0.0,0.0,0.0,0.0,0.0,0.0,0.0,0.00040497785277367643,0.0
Brekke Brekker 122,0.0,0.0,0.0,0.0,0.0,7.086481650441576e-05,0.0,0.0,0.03833038955941517,0.0011817453576139275,0.00012304474214436224,2.9246188445726235e-05,0.007499570272557385,2.4474531802206628e-05,1.0837523842552453e-05
Brenton 123,0.0,0.0,0.0002450379808870375,0.0,0.0,0.0,0.0,0.0,0.0,0.0,0.0,0.0,0.0,0.0,0.0
Brestolli 124,0.0,0.0,0.0,0.0,0.0,0.0,0.0,0.0,0.0,0.0,0.0,0.0,0.0,0.0017014694508894045,0.0
Brever 125,0.0,0.0,0.0,0.0,0.0,0.0003498950314905528,0.0,0.0,0.0,0.0,0.0,0.0,0.0,0.0,0.0
Briala 126,0.0,0.0,0.0,0.0,0.0,0.0,0.0,0.0,0.0,0.0,0.007290400972053463,0.0,0.0,0.0,0.0
Brian 127,0.004355541216325214,0.0,0.0,0.0,0.0,0.0,0.0,0.0,0.0,0.0,0.0,0.0,0.0,0.0,0.0
Briaret 128,0.0,0.0,0.0,0.0,0.0,0.0006298110566829951,0.0,0.0,0.0,0.0,0.0,3.772161448509996e-05,1.7409470752089137e-05,6.187161639597834e-05,0.0
Bridgely 129,0.0,0.0,0.020828228375398185,0.0,0.0,0.0,0.0,0.0,0.0,0.0,0.0,0.0,0.0,0.0,0.0
Brinaret 130,0.0,0.0,0.0,0.0,0.0,0.0,0.0,0.0,0.0,0.0,0.0,0.0003772161448509996,0.0,0.0,0.0
Brindel 131,0.0,0.0,0.0,0.0,0.0,0.0001749475157452764,0.0,0.0,0.0,0.0,0.0,0.0,0.0,0.0,0.0
Brinna 132,0.0,0.0,0.0,0.0,0.0,0.0,0.0,0.0,0.0,0.0,0.0,0.0,0.0,0.00015467904098994585,0.0
Briskin 133,0.0,0.0,0.000490075961774075,0.0,0.0,0.0,0.0,0.0,0.0,0.0,0.0,0.0,0.0,0.0,0.0
Bristol 134,0.0,0.0,0.0,0.0,0.0,0.0,0.0004730368968779565,0.0,0.0,0.0,0.0,0.0,0.0,0.0,0.0
Brodo 135,0.0,0.0,0.0,0.0,0.0,0.0,0.0004730368968779565,0.0,0.0,0.0,0.0,0.0,0.0,0.0,0.0
Brolly 136,0.0,0.0,0.0,0.0,0.0,0.0,0.0,0.0,0.0,0.0,0.002187120291616039,0.0012070916635231988,0.0,0.0,0.0
Brookie 137,0.0,0.0,0.0007351139426611125,0.0,0.0,0.0,0.0,0.0,0.0,0.0,0.0,0.0,0.0,0.0,0.0
Brosil 138,0.0,0.0,0.0,0.0,0.0,0.0,0.0001576789656259855,0.0,0.0,0.0,0.0,0.0,0.0,0.0,0.0
Brudegan Bruddie 139,0.0,0.0,0.0,0.0,0.0,0.0,0.0,0.0,0.0006138908464489858,0.0,0.009284215177289296,0.0,0.0,0.0,0.0
Burdion 140,0.0,0.0,0.0,0.0007906388361796332,0.0,2.91579192908794e-05,0.0,0.0,0.0,0.0,0.0,0.0,0.0,0.0,0.0
C’gan 141,0.0,0.0,0.0,0.0,0.0,0.0,0.005713006000941504,0.0013195985498114207,9.986393538803381e-06,0.0,0.0,0.0,0.0,0.0,0.0
C’reel 142,0.0,0.0,0.0,0.0,0.0,0.0,0.0,0.0,0.0,0.0,0.0,0.0,0.0,0.0,0.005707762557077625
C’rob 143,0.0,0.0,0.0,0.0,0.0,0.0,0.004730368968779565,0.0,0.0,0.0,0.0,0.0,0.0,0.0,0.0
C’tarel 144,0.0,0.0,0.0,0.0,0.0,0.0,0.0,0.0,0.0,0.0010911074740861974,0.0,0.0,0.0,0.0,0.0
C’ver 145,0.0,0.0,0.0,0.0009758742206560043,0.0,2.49925022493252e-05,0.0,0.0,0.0,0.0,0.0,0.0,0.0,0.0,0.0
C’vert 146,0.0,0.0,0.0,0.0003795066413662239,0.0,0.0,0.0,0.0,0.0,0.0,0.0,0.0,0.0,0.0,0.0
C’vrel 147,0.0,0.0,0.0,0.0,0.0,0.0,0.002207505518763797,0.0,0.0,0.0,0.0,0.0,0.0,0.0,0.0
Cabot Francis Carter 148,0.006291337312469753,0.0,0.0,0.0,0.0,0.0,0.0,0.0,0.0,0.0,0.0,0.0,0.0,0.0,0.0
Caesar Galliani 149,0.002258428778835296,0.0,0.0,0.0,0.0,0.0,0.0,0.0,0.0,0.0,0.0,0.0,0.0,0.0,0.0
Calewis 150,0.0,0.0,0.0,0.0,0.0,0.0,0.0,0.0,0.0,0.0,0.0,0.0,0.0,0.0003093580819798917,0.0
Camo 151,0.0,0.0002542736514226081,0.0,0.0,0.0,0.0,0.00011289440734168192,0.0,0.0,0.0,0.03522974828704336,8.035373499784608e-05,0.0,0.0,0.0
Campen 152,0.0,0.0,0.0,6.459687512616576e-05,0.03080616489819855,1.4889150276193737e-05,0.0,0.0,0.0,0.0,0.0,0.0,0.0,0.0,0.0
Campila 153,0.0,0.0,0.0,0.0,0.0,0.0,0.0,0.0,0.0,0.0,0.0,0.0,0.0,0.00015467904098994585,0.0
Candler 154,0.0,0.0,0.0,0.0,0.0,0.0,0.0,0.0,0.0,0.0,0.0,0.007167106752168993,0.0,0.0,0.0
Canell 155,0.0,0.0,0.0007351139426611125,0.0,0.0,0.0,0.0,0.0,0.0,0.0,0.0,0.0,0.0,0.0,0.0
Capiam 156,0.0,0.0,0.0,0.07419651908487655,0.006068053216826711,3.423630445113041e-07,0.0,0.0,0.0,0.0,5.3500985607045956e-06,0.0,0.0,0.0,0.0
Cara 157,0.0014518470721084046,0.0,0.0,0.0,0.0,0.0,0.0,0.0,0.0,0.0,0.0,0.0,0.0,0.0,0.0
Carol Duff Vassaloe 158,0.0037102758509437008,0.0,0.0,0.0,0.0,0.0,0.0,0.0,0.0,0.0,0.0,0.0,0.0,0.0,0.0
Carola 159,0.0,0.0,0.0,0.0,0.0,0.0,0.0029959003468937244,0.0,0.0,0.0,0.0,0.0,0.0,0.0,0.0
Caselon 160,0.0,0.0,0.0,0.0,0.0,0.0,0.0,0.0,0.0,0.0,0.0,0.0,0.0,0.004795050270688322,0.0
Catherine Radelin Doyle 161,0.0015809001451847072,6.631519612719255e-06,0.0,0.0,0.0,0.0,0.0,0.0,0.0,0.0,0.0,0.0,0.0,0.0005809057317177966,0.00042279722645019446
Cathy 162,0.0006452653653815131,0.0,0.0,0.0,0.0,0.0,0.0,0.0,0.0,0.0,0.0,0.0,0.0,0.0,0.0
Celina 163,0.0,0.0,0.0,0.0,0.0,0.0,0.0,0.0,0.0,0.0,0.0,0.0,0.0,0.0003093580819798917,0.0
Ch’mon 164,0.0,0.0,0.0,0.0005692599620493358,0.0,0.0,0.0,0.0,0.0,0.0,0.0,0.0,0.0,0.0,0.0
Chad 165,0.0,0.0,0.0,0.0,0.0,0.0,0.0,0.0,0.0012058570198105081,0.0,0.0,0.0,0.0,0.0,0.0
Chaila Zavior Kimmage 166,0.0002927592861453161,0.0,0.0,0.0,0.0,0.002591815048078169,0.0,0.0,0.0,0.0,0.0,0.0,0.0,0.0,0.0
Chaldon 167,0.0,0.0,0.0017152658662092624,0.0,0.0,0.0,0.0,0.0,0.0,0.0,0.0,0.0,0.0,0.0,0.0
Chalkin 168,0.0,0.0,0.07424650820877236,0.0,0.0,0.0,0.0,0.0,0.0,0.0,0.0,0.0,0.0,0.0,0.0
Chenoa 169,0.0,0.0,0.0,0.0,0.0,0.0,0.0,0.0,0.0,0.0,0.0,0.0,0.0,0.0,0.000380517503805175
Cherry Duff 170,0.005294109020516506,0.0,0.00020048562072575793,0.0,0.0,0.0,0.0,0.0,0.0,0.0,0.0,0.0,0.0,0.0,0.0
Chesmic 171,0.0,0.0,0.0,0.0,0.0,0.0,0.0,0.0,0.0,0.0,0.0,0.0,0.0,0.0,0.0032343987823439876
Chichis-Fusi 172,0.00048394902403613486,0.0,0.0,0.0,0.0,0.0,0.0,0.0,0.0,0.0,0.0,0.0,0.0,0.0,0.0
Childon 173,0.0,0.0,0.0,0.0,0.0,0.002099370188943317,0.0,0.0,0.0,0.0,0.0,0.0,0.0,0.0,0.0
Chio-Chio 174,0.00032263268269075657,0.0,0.0,0.0,0.0,0.0,0.0,0.0,0.0,0.0,0.0,0.0,0.0,0.0,0.0
Chochol 175,0.0,0.0,0.0,0.0,0.0,0.0,0.0023651844843897824,0.0,0.0,0.0,0.0,0.0,0.0,0.0,0.0
Chomas 176,0.0,0.0,0.00098015192354815,0.0,0.0,0.0,0.0,0.0,0.0,0.0,0.0,0.0,0.0,0.0,0.0
Chris MacArdle Cooney 177,0.00032263268269075657,0.0,0.0,0.0,0.0,0.0,0.0,0.0,0.0,0.0,0.0,0.0,0.0,0.0,0.0
Christee 178,0.0,0.0,0.0002450379808870375,0.0,0.0,0.0,0.0,0.0,0.0,0.0,0.0,0.0,0.0,0.0,0.0
Chuck Havers 179,0.002258428778835296,0.0,0.0,0.0,0.0,0.0,0.0,0.0,0.0,0.0,0.0,0.0,0.0,0.0,0.0
Chuck Kimmage 180,0.0007259235360542023,0.0,0.0,0.0,0.0,0.0021868439468159554,0.0,0.0,0.0,0.0,0.0,0.0,0.0,0.0,0.0
Chung 181,0.0012905307307630263,0.0,0.0,0.0,0.0,0.0,0.0,0.0,0.0,0.0,0.0,0.0,0.0,0.0,0.0
Ciparis 182,0.0,0.0,0.0,0.0,0.0,0.0,0.0,0.0,0.0,0.0,0.0,0.0,0.0,0.0001237432327919567,0.0003424657534246575
Clagesh 183,0.0,0.0,0.0,0.0005692599620493358,0.0,0.0,0.0,0.0,0.0,0.0,0.0,0.0,0.0,0.0,0.0
Clargesh 184,0.0,0.0,0.0,9.487666034155598e-05,0.0,8.74737578726382e-05,0.0,0.0,0.0,0.0,0.0,0.0,0.0,0.0,0.0
Clell 185,0.0,0.0,0.0,0.0,0.0,0.0,0.0,0.0,0.0,0.0,0.0,0.00943040362127499,0.0,0.0,0.0
Clim 186,0.0,0.0,0.0002450379808870375,0.0,0.0,0.0,0.0,0.0,0.0,0.0,0.0,0.0,0.0,0.0,0.0
Clisser Cliss 187,0.0,0.0,0.04043126684636118,0.0,0.0,0.0,0.0,0.0,0.0,0.0,0.0,0.0,0.0,0.0,0.0
Clostan 188,0.0,0.0,0.0,0.0,0.0,0.0,0.006464837590665406,0.0,0.0,0.0,0.0,0.0,0.0,0.0,0.0
Cobber Alhinwa 189,0.004194224874979836,0.0,0.0,0.0,0.0,0.0,0.0,0.0,0.0,0.0,0.0,0.0,0.0,0.0,0.0
Cogneur 190,0.0,0.0,0.0,0.0,0.0,0.008397480755773267,0.0,0.0,0.0,0.0,0.0,0.0,0.0,0.0,0.0
Colmin 191,0.0,0.0,0.0,0.0,0.0,0.0,0.0,0.0,0.0,0.0,0.0,0.0,0.0,0.0,0.0001902587519025875
Conwy 192,0.0,0.0,0.0,0.0,0.0,0.002974107767669699,0.0,0.0,0.0,0.0,0.0,0.0,0.0,0.0,0.0
Corana 193,0.0,0.0,0.0,0.0,0.0,0.0,0.0,0.0,0.0,0.0,0.0,0.0,0.007486072423398328,0.0,0.0
Cording 194,0.0,0.0,0.0,0.0,0.0,0.0,0.000630715862503942,0.0,0.0,0.0,0.0,0.0,0.0,0.0,0.0
Corman 195,0.0,3.0450855364527187e-06,0.0,0.0,0.0,0.00025706573742163066,0.0,1.2859586178516774e-05,0.0005695301376364499,0.0,0.0,0.0,4.4411915183900856e-05,0.0053095948356140605,7.765663342962754e-06
Cosira 196,0.0,0.0,0.0,0.0,0.0,0.0,0.0,0.0,0.0,0.0,0.0,0.0,0.00023212627669452182,0.0,0.0010147133434804667
Cr’not 197,0.0,0.0,0.0,0.001537001897533207,0.0,1.7494751574527642e-05,0.0,0.0,0.0,0.0,0.0,0.0,0.0,0.0,0.0
Creline 198,0.0,0.0,0.0,0.0,0.0,0.0,0.0004730368968779565,0.0,0.0,0.0,0.0,0.0,0.0,0.0,0.0
Crenden Cren 199,0.0,0.0,0.0,0.0,0.0,0.013121063680895731,0.0,0.0,0.0,0.0,0.0,0.0,0.0,0.0,0.0
Crivelan Crivellan-aux-doigts-agiles 200,0.0,0.0,0.0,0.0,0.0,0.0,0.0,0.0,0.0,0.0,0.0,0.0,0.0,0.0,0.0001902587519025875
Curella 201,0.0,0.0,0.0,0.0,0.0,0.0,0.0,0.0,0.0,0.0,0.0,0.0,0.0,0.0,0.0001902587519025875
Curmir 202,0.0,0.0,0.0,0.0022905936568175657,0.0,1.24962511246626e-05,0.0,0.0,0.0,0.0,0.0,0.0,0.0,0.0,0.0
Curran 203,0.0,0.0070896973314162216,0.0,0.0,0.0,0.0,0.0,0.0,0.0,0.0,0.0,0.0,0.0,0.0,0.00014413541810802085
D’clan 204,0.0,0.0,0.0,0.0,0.0,0.0,0.0,0.0,0.0,0.0,0.0,0.0,0.0,0.0007733952049497294,0.0
D’fio 205,0.0,0.0,0.0,0.0,0.0,0.0,0.0,0.0,0.0,0.0,0.0,0.0,0.0008704735376044568,0.0,0.0
D’miel 206,0.0,0.0,0.0017152658662092624,0.0,0.0,0.0,0.0,0.0,0.0,0.0,0.0,0.0,0.0,0.0,0.0
D’namal 207,0.0,0.0,0.0,0.0,0.0,0.0,0.0,0.0,0.0,0.0005455537370430987,0.0,0.0,0.0,0.0,0.0
D’nek 208,0.0,0.0,0.0,0.0,0.0,0.0,0.0,0.0,0.0001722652885443583,0.0,0.0,0.0,0.0,0.0,0.0
D’nol 209,0.0,0.0,0.0,0.0,0.0,0.0,0.0,0.006616257088846881,0.0,0.0,0.0,0.0,0.0,0.0,0.0
D’ram 210,0.0,8.698835443405014e-05,0.0,0.0,0.0,0.0009211305434280648,0.0,7.717053284658498e-05,0.0039181635264866595,0.0,0.0,0.0,0.0065183313973813896,0.005050239376774973,0.0010017469912927735
D’say 211,0.0,0.0,0.0,0.0031136794893910644,0.0,7.156943825943125e-05,0.0,0.0,0.0,0.0,0.0,0.0,0.0,0.0,0.0
D’wer 212,0.0,0.0,0.0,0.0,0.0,0.0,0.0,0.0,0.0017226528854435831,0.0,0.0,0.0,0.0,0.0,0.0
Dag 213,0.0,0.0,0.0,0.010111954459203036,0.005383290267011198,6.997900629811056e-06,0.0,0.0,0.0,0.0,0.0,0.0,0.0,0.0,0.0
Dalma 214,0.0,0.0,0.0,0.0,0.0,0.0,0.001261431725007884,0.0,0.0,0.0,0.0,0.0,0.0,0.0,0.0
Dalova 215,0.0,0.0,0.0,0.0017661655232812726,0.0,5.383000484470044e-05,0.0,0.0,0.0,0.0,0.0,0.0,0.0,0.0,0.0
Danegga 216,0.0,0.0,0.0,0.0,0.0,0.0,0.0,0.0,0.0,0.0,0.0,0.0,0.0,0.0,0.0009512937595129375
Dangel 217,0.0,0.0,0.0,0.00025300442757748257,0.0,5.83158385817588e-05,0.0,0.0,0.0,0.0,0.0,0.0,0.0,0.0,0.0
Danja 218,0.0,0.0,0.004655721636853712,0.0,0.0,0.0,0.0,0.0,0.0,0.0,0.0,0.0,0.0,0.0,0.0
Dannell 219,0.0,0.0,0.0,0.00025300442757748257,0.0,5.83158385817588e-05,0.0,0.0,0.0,0.0,0.0,0.0,0.0,0.0,0.0
David Catarel Dave 220,0.008549766091305049,0.0,0.0,0.0,0.0,0.0,0.0,0.0,0.0,0.0,0.0,0.0,0.0,0.0,0.0
Debera Deb 221,0.0,0.0,0.04214653271257045,0.0,0.0,0.0,0.0,0.0,0.0,0.0,0.0,0.0,0.0,0.0,0.0
Decker 222,0.0,0.0,0.0,0.0,0.0,0.0,0.0,0.0,0.0,0.0,0.0,0.0,0.0,0.0003093580819798917,0.0
Deckter 223,0.0,9.626399437818273e-06,0.0,0.0,0.0,0.0,0.0,0.0,0.0,0.0,0.0,0.004867305094851608,0.0,0.0002444926776937854,5.5236411842686694e-05
Declan 224,0.0,0.0,0.0,0.0017250301880282904,0.0,1.5904319613206946e-05,0.0,0.0,0.0,0.0,0.0,0.0,0.0,0.0,0.0
Deece 225,0.0,0.0,0.0,0.0,0.0,0.0,0.0,0.0,0.0,0.0,6.075334143377885e-05,0.0012070916635231988,0.0,0.0,0.0
Deefer 226,0.0,0.0,0.0,0.0005254707341993869,0.0023852116875372692,1.345750121117511e-05,0.0,0.0,0.0,0.0,0.0,0.0,0.0,0.0,0.0
Deegan 227,0.0,0.0,0.0,0.0,0.0,0.0,0.0,0.0,0.0,0.0,0.0,0.0,0.0,0.0004640371229698376,0.0
Deelan 228,0.0,0.0,0.0,0.0,0.0,0.0,0.0,0.0,0.0,0.0,0.0,0.0,0.0031337047353760445,0.0,0.0
Delart 229,0.0,0.0,0.0,0.0,0.0,0.0,0.0,0.0,0.0,0.0,0.0,0.0,0.0,0.0,0.0001902587519025875
Denol 230,0.0,0.0001326303922543851,0.0,0.0,0.0,0.001404439779177358,0.0,0.0,0.0,0.0,0.0,0.0,0.0,0.0008421414453897053,5.284965330627431e-06
Dermently 231,0.0,0.0,0.0,0.0,0.0,0.0,0.0,0.0,0.0,0.0,0.0012656946132037262,0.0,2.9015784586815228e-05,0.0,0.0
Desdra 232,0.0,0.0,0.0,0.01779474419104221,0.019908016836494236,8.252241308739453e-07,0.0,0.0,0.0,0.0,0.0,0.0,0.0,0.0,0.0
Diatis 233,0.0,0.0,0.0,0.0005060088551549651,0.0,0.0001166316771635176,0.0,0.0,0.0,0.0,0.0,0.0,0.0,0.0,0.0
Dieter Clissmann 234,0.0037102758509437008,0.0,0.0,0.0,0.0,0.0,0.0,0.0,0.0,0.0,0.0,0.0,0.0,0.0,0.0
Diona 235,0.0,0.0,0.0,0.0032357934684909616,0.0,9.207763986593495e-06,0.0,0.0,0.0,0.0,0.0,0.0,0.0,0.0,0.0
Dirzan 236,0.0,0.0,0.0,0.0,0.0,0.0,0.0,0.0,0.0,0.0,0.0,0.03319502074688797,0.0,0.0,0.0
Domaize 237,0.0,0.0,0.008331291350159274,0.0,0.0,0.0,0.0,0.0,0.0,0.0,0.0,0.0,0.0,0.0,0.0
Domick 238,0.0,0.0,0.0,0.0,0.0,8.137093755594251e-07,2.9335621511811255e-06,0.0,0.0,0.0,0.04179829890643986,0.001796601545708947,0.0,4.604399359700714e-05,0.0
Dorai 239,0.0,0.0,0.0,0.0,0.0,0.0001749475157452764,0.0,0.0,0.0,0.0,0.0,0.0,0.0,0.0,0.0
Doral 240,0.0,0.0,0.0,0.0,0.006029285099052541,0.0,0.0,0.0,0.0,0.0,0.0,0.0,0.0,0.0,0.0
Dorse 241,0.0,0.0,0.0,0.0,0.0,0.0003780115965210437,0.0,0.0,0.0,0.0,0.0,0.0,0.0019430212892956628,0.0,0.0013589910850184822
Dowell 242,0.0,0.0,0.0,0.0,0.0,0.008935046758699662,0.0,0.0,0.0,0.0,0.0,0.0,0.0,1.1249384799268789e-05,0.0
Drake Bonneau 243,0.012922189250329199,3.4699811927019356e-06,0.0,0.0,0.0,2.0342734388985628e-06,0.0,0.0,0.0,0.0,0.0,0.0,0.0,1.7985934998830914e-06,0.0
Dresda 244,0.0,0.0,0.0,0.00018975332068311195,0.0,0.0,0.0,0.0,0.0,0.0,0.0,0.0,0.0,0.0,0.0
Dugall 245,0.0,0.0,0.0,0.0,0.0,0.0,0.0001576789656259855,0.0,0.0,0.0,0.0,0.0,0.0,0.0,0.0
Dulsay 246,0.0,0.0,0.0,0.0,0.0,0.00018661068346162817,0.0,0.0,0.0,0.0,0.0,0.0,0.0,0.0,0.0015347539320142059
Dunca 247,0.0,0.0,0.0,0.0,0.0,0.0,0.0,0.0,0.0,0.0,0.02976913730255164,0.0,0.0,0.0,0.0
Dunegrine 248,0.0,0.0,0.0,0.0,0.0008613264427217916,0.0,0.0,0.0,0.0,0.0,0.0,0.0,0.0,0.0,0.0
Durak 249,0.0,0.0,0.0,0.0,0.0,0.0,0.0,0.0,0.0,0.0,0.0,0.0,0.0,0.00015467904098994585,0.0
Durras 250,0.0,0.0008952551477170994,0.0,0.0,0.0,0.0,0.0,0.0,0.0,0.0,0.0,0.0,0.0,0.0,0.0
Dushik 251,0.0,0.0,0.0,0.0,0.0,0.011371588523442968,0.0,0.0,0.0,0.0,0.0,0.0,0.0,0.0,0.0
Eddik 252,0.0,0.0,0.0,0.0,0.0,0.0003498950314905528,0.0,0.0,0.0,0.0,0.0,0.0,0.0,0.0,0.0
Effram 253,0.00032263268269075657,0.0,0.0,0.0,0.0,0.0,0.0,0.0,0.0,0.0,0.0,0.0,0.0,0.0,0.0
Egara 254,0.0,0.0,0.0,0.0,0.0,0.0,0.0,0.0,0.0,0.0,0.0,0.0,0.0,0.0,0.0001902587519025875
Elgion 255,0.0,0.0,0.0,0.0,0.0,0.0,0.0,0.0,0.0,0.07986637301058105,0.00012000660036301995,0.0,0.0,0.0,0.0
Elimona 256,0.0,0.0,0.0,0.0,0.0,0.0,0.0,0.0,0.0,0.0,0.0,0.0,0.0,0.0003093580819798917,0.0
Emilin 257,0.0,0.0,0.0002450379808870375,0.0,0.0,0.0,0.0,0.0,0.0,0.0,0.0,0.0,0.0,0.0,0.0
Emily Boll Em 258,0.025481614182253504,2.82712151910663e-05,6.448367918079934e-05,9.787276540497352e-05,5.666621333695997e-05,9.023608706861625e-05,7.012564523892513e-05,7.461944085165655e-06,0.000219411578040709,0.0,1.9984651787427254e-05,9.926740653973674e-07,7.330303474563847e-06,1.994545528554565e-05,0.00048115436994312265
Empie 259,0.0,0.0,0.0,0.00025300442757748257,0.0,5.83158385817588e-05,0.0,0.0,0.0,0.0,0.0,0.0,0.0,0.0,0.0
Emsor 260,0.0,0.0,0.0,0.0,0.0,0.0,0.000315357931251971,0.0,0.0,0.0,0.0,0.0,0.0,0.0,0.0
Eric Hegelman 261,0.0012905307307630263,0.0,0.0,0.0,0.0,0.0,0.0,0.0,0.0,0.0,0.0,0.0,0.0,0.0,0.0
Erkin 262,0.0,0.0,0.0,0.0,0.0,0.0,0.000630715862503942,0.0,0.0,0.0,0.0,0.0,0.0,0.0,0.0
Erragon 263,0.0,0.0,0.0,0.0,0.0,0.0,0.0,0.0,0.0,0.0,0.0,0.0,0.0,0.0,0.02606544901065449
Esrella 264,0.0,0.0,0.0,0.0,0.0,0.0,0.0,0.0,0.0,0.0,0.0,0.0,0.0,0.00015467904098994585,0.0
Esselin 265,0.0,0.0,0.0,0.0,0.0,0.0014012462927788332,0.0,0.0,0.0,0.0,0.0,0.0,0.0,0.002851986889109859,0.0018554758280785678
Evan 266,0.0,0.0,0.0,0.0,0.0,0.0,0.0,0.0,0.0,0.0,0.0,0.0,0.0,0.0024748646558391337,0.0
Evarel 267,0.0,0.0,0.0,0.0,0.0,0.0,0.002838221381267739,0.0,0.0,0.0,0.0,0.0,0.0,0.0,0.0
Evelene 268,0.0,0.0,0.0,0.0,0.0,0.0,0.000946073793755913,0.0,0.0,0.0,0.0,0.0,0.0,0.0,0.0
Evenek 269,0.0,0.0,0.0,0.0,0.0,0.0,0.0026805424156417534,0.0,0.0,0.0,0.0,0.0,0.0,0.0,0.0
Ezra Keroon 270,0.006194301848259461,3.0296282494656492e-06,0.00010510512378149579,0.003238328244348337,0.0005596435769969001,0.0007464131318979942,4.0020042037052157e-05,0.0004997776988795383,0.00014165978042734033,5.53861661972689e-06,0.0,3.829605531482229e-06,5.346563352798948e-05,6.634710133832703e-05,0.0006258257422988665
F’duril 271,0.0,0.0,0.0,0.0038036915646023806,0.0,7.952159806603473e-06,0.0,0.0,0.0,0.0,0.0,0.0,0.0,0.0,0.0
F’gal 272,0.0,0.0,0.0,0.0025114410090411876,0.0,4.116412135182974e-05,0.0,0.0,0.0,0.0,0.0,0.0,0.0,0.0,0.0
F’lar Falla Fallarnon 273,0.0,0.0005866795703669124,0.0,0.0,0.0,0.00025938440387556985,0.0003434803880212073,0.07675064116504805,0.042762365956438814,4.753633651566823e-05,1.033923441691267e-07,2.169827381886281e-05,0.009767554529922957,0.007246486685124963,0.002828690449917265
F’lessan 274,0.0,0.00018377569776575304,0.0,0.0,0.0,0.0,0.0,0.0,0.0,0.0,0.0,0.0,0.00018240423372386754,0.001067627513421873,0.1177081506051956
F’lon Falloner 275,0.0,0.0,0.0,0.0,0.0,0.0,0.06797699658775631,3.469198473552672e-05,0.0,0.0,0.0,0.0,0.0,0.0,0.0
F’neldril 276,0.0,0.0,0.0,0.0032619499412668293,4.101554489151388e-05,8.330834083108399e-06,0.0,0.0,0.0,0.0,0.0,0.0,0.0,0.0,0.0
F’nor F’lor 277,0.0,0.0,0.0,0.0,0.0,2.7325443771674413e-05,7.709073273211304e-05,0.017478251551713498,0.04728936906643996,8.521125837364481e-05,7.18708660214759e-05,2.8238916573873355e-05,0.003429762278664806,0.00014638755820120568,0.00028134381057683924
F’rad 278,0.0,0.0,0.0,0.0,0.0,0.0,0.0,0.0,0.0010335917312661498,0.0,0.0,0.0,0.0,0.0,0.0
F’tol 279,0.0,0.0,0.0007351139426611125,0.0,0.0,0.0,0.0,0.0,0.0,0.0,0.0,0.0,0.0,0.0,0.0
Fabry 280,0.0,0.002387347060578932,0.0,0.0,0.0,0.0,0.0,0.0,0.0,0.0,0.0,0.0,0.0,0.0,0.0
Facenden 281,0.0,0.0,0.0,0.0,0.0,0.0,0.0,0.0,0.0,0.0,0.00010125556905629809,0.0,0.0,0.0002062387213199278,0.0
Falawny 282,0.0,0.0,0.0,0.0,0.0,0.0,0.0004730368968779565,0.0,0.0,0.0,0.0,0.0,0.0,0.0,0.0
Falga 283,0.0,0.0,0.0,0.008950628334109053,1.6251442315505502e-05,1.3203586093983125e-05,0.0,0.0,0.0,0.0,0.0,0.0,0.0,0.0,0.0
Famanoran 284,0.0,0.0,0.0,0.0,0.0,0.0,0.000946073793755913,0.0,0.0,0.0,0.0,0.0,0.0,0.0,0.0
Famira 285,0.0,0.0,0.0,0.0,0.0,0.0,0.0,0.0,0.0018949181739879415,0.0,0.0,0.0,0.0,0.0,0.0
Fandarel 286,0.0,0.0008090808554234748,0.0,0.0,0.0,0.0013584160046103816,2.810676749126301e-07,0.0006879649379371385,0.003132403223602494,0.0,5.41473631317102e-07,6.723995451889476e-07,0.0028007214534332345,0.01227533972177073,4.103620139075417e-05
Fanna 287,0.0,0.0,0.0,0.0,0.0,1.24962511246626e-05,0.0,0.0,0.00030761658668635415,0.0,0.0,0.0,0.0007958615200955034,0.0,0.0
Farelly 288,0.0,0.0,0.0,9.487666034155598e-05,0.0,8.74737578726382e-05,0.0,0.0,0.0,0.0,0.0,0.0,0.0,0.0,0.0
Farevene 289,0.0,0.0,0.0,0.0,0.0,0.0,0.002522863450015768,0.0,0.0,0.0,0.0,0.0,0.0,0.0,0.0
Farley 290,0.0,0.0,0.0007351139426611125,0.0,0.0,0.0,0.0,0.0,0.0,0.0,0.0,0.0,0.0,0.0,0.0
Farnol 291,0.0,0.0,0.0,0.0,0.0,0.0,0.0,0.0,0.0,0.0,0.00030376670716889426,0.0,0.0,0.0,0.0
Faroguy 292,0.0,0.0,0.0,0.0,0.0,0.0,0.006464837590665406,0.0,0.0,0.0,0.0,0.0,0.0,0.0,0.0
Faselly 293,0.0,0.0,0.0,0.0,0.0,0.0,0.0,0.0,0.0,0.0,0.0,0.0,0.0,0.00015467904098994585,0.0
Fax 294,3.4670119543145245e-05,4.770453717853105e-06,0.0,0.0,0.0,0.0002436214073610954,0.017785515156505477,0.03525592597939967,4.895638750816577e-06,0.0,0.0,6.700109144777968e-07,1.1132166022650247e-05,4.3958519641902906e-06,3.0414365313024647e-06
Federen 295,0.0,0.0,0.0,0.0,0.0,0.0,0.0,0.0,0.0,0.0,0.0,0.0,0.0,0.00015467904098994585,0.0
Feldon 296,0.0,0.0,0.0,0.0,0.0,0.0,0.0,0.0,0.0,0.0,0.0006075334143377885,0.0,0.0,0.0,0.0
Felena 297,0.0,0.0,0.0,0.0,0.0,0.0,0.0,0.0,0.0,0.012177538773283455,9.763929873285888e-05,0.0,0.0,0.0,0.0
Felessan Fesselan 298,0.0,0.0,0.0,0.0,0.0,0.0,0.0,0.0,0.015609457920035565,0.0,2.4497315094265665e-06,0.0003042065684282255,6.879548926228772e-05,0.0,0.0
Felicia 299,0.0006452653653815131,0.0,0.0,0.0,0.0,0.0,0.0,0.0,0.0,0.0,0.0,0.0,0.0,0.0,0.0
Felim 300,0.0,0.0,0.0,0.0,0.012112403100775193,1.0934219734079775e-05,0.0,0.0,0.0,0.0,0.0,0.0,0.0,0.0,0.0
Fender 301,0.0,0.0,4.90075961774075e-05,0.0,0.0,0.0,0.0,0.0,0.0,0.0,0.0,0.0,0.0005571030640668524,0.0,0.0
Fenela 302,0.0,0.0,0.0,0.0,0.0,0.0,0.0,0.0,0.0,0.00027277686852154935,0.00015188335358444713,0.0,0.0,0.0,0.0
Ferfar 303,0.0,0.0,0.0,0.0,0.0,0.0005248425472358292,0.0,0.0,0.0,0.0,0.0,0.0,0.0,0.0,0.0
Fergal 304,0.0,0.0,0.0,0.0009703294807659133,0.015347271161224649,3.976079903301736e-06,0.0,0.0,0.0,0.0,0.0,0.0,0.0,0.0,0.0
Ferina 305,0.0,0.0,0.0012251899044351876,0.0,0.0,0.0,0.0,0.0,0.0,0.0,0.0,0.0,0.0,0.0,0.0
Fesnal 306,0.0,0.0,0.0,0.0,0.0,0.0,0.0,0.0,0.0,0.0,0.00030376670716889426,0.0,0.0,0.0,0.0
Fidello 307,0.0,0.0,0.0,0.0,0.0,0.0,0.0,0.0,0.0,0.0,0.0,0.0,0.002959610027855153,0.0,0.0
Filatric 308,0.0,0.0,0.0,0.00018975332068311195,0.0,0.0,0.0,0.0,0.0,0.0,0.0,0.0,0.0,0.0,0.0
Finder 309,0.0,0.0,0.0,0.0,0.0,0.0,0.0,0.0,0.0,0.0,0.0,0.0,0.002437325905292479,0.0,0.0
Fira 310,0.0,0.0,0.0,0.0,0.0,0.0003498950314905528,0.0,0.0,0.0,0.0,0.0,0.0,0.0,0.0,0.0
Fitatric 311,0.0,0.0,0.0,0.00018975332068311195,0.0,0.0001749475157452764,0.0,0.0,0.0,0.0,0.0,0.0,0.0,0.0,0.0
Fleur du Vent 312,0.00787118539455873,3.2436780714387657e-06,2.3971106825905843e-05,8.250144377526606e-06,0.0,1.9016034320138739e-06,6.855607201129804e-06,3.082107339524945e-05,0.0,0.0001482482981095377,0.0,4.100175487510865e-06,1.703100399660894e-05,1.6812939238037593e-06,1.861226920786182e-05
Florist 313,0.0,0.0,0.0,0.0,0.0,0.0,0.0001576789656259855,0.0,0.0,0.0,0.0,0.0,0.0,0.0,0.0
Follen 314,0.0,0.0,0.0,0.004559501219842776,0.0006152331733727083,4.99850044986504e-06,0.0,0.0,0.0,0.0,0.0,0.0,0.0,0.0,0.0
Fondarel 315,0.0,0.0,0.0,0.0,0.0,0.0,0.0,0.0,0.0,0.0,0.0,0.0,0.0,0.00015467904098994585,0.0
Forris 316,0.0,0.0,0.0,0.0,0.0,0.0001749475157452764,0.0,0.0,0.0,0.0,0.0,0.0,0.0,0.0,0.0
Fortine 317,0.0,0.0,0.0,0.0056472238264169625,0.0006740815638692282,3.8032068640277477e-06,0.0,0.0,0.0,0.0,0.0,0.0,0.0,0.0,1.6544239295877174e-05
Fosdak 318,0.0,0.0,0.0,0.0,0.0,0.0,0.0,0.0,0.0,0.0,0.0,0.0,0.0,0.0009280742459396752,0.0
Franco 319,0.0,0.0,0.0031854937515314874,0.0,0.0,0.0,0.0,0.0,0.0,0.0,0.0,0.0,0.0,0.0,0.0
Fransman 320,0.0,0.0,0.0,0.0,0.0,0.0,0.0,0.0,0.0,0.0,0.00030376670716889426,0.0,0.0,0.0,0.0
Frenkal 321,0.0,0.0,0.000490075961774075,0.0,0.0,0.0,0.0,0.0,0.0,0.0,0.0,0.0,0.0,0.0,0.0
Fromelin 322,0.0,0.0,0.0,0.0,0.0,0.0,0.0,0.0,0.0,0.0,0.0,0.0,0.0,0.0,0.0001902587519025875
Fulmar Stone 323,0.006467318775755621,0.0,2.227618008063977e-05,0.0,0.0,0.0,0.0,0.0,0.0,0.0,0.0,0.0,0.0,0.0,0.0
Furet 324,0.0,0.0,0.0,0.0,0.0,0.0,0.003784295175023652,0.0,0.0,0.0,0.0,0.0,0.0,0.0,0.0
Furlo 325,0.0,0.0,0.0,0.0,0.0,0.0,0.000630715862503942,0.0,0.0,0.0,0.0,0.0,0.0,0.0,0.0
G’bear 326,0.0,0.0,0.0,0.0,0.0,0.0,0.0,0.0,0.0,0.0,0.0,0.0,0.0,0.0,0.00076103500761035
G’bol 327,0.0,0.0,0.0,0.0,0.0,0.0,0.0,0.0,0.0,0.0,0.0,0.0,0.0,0.0,0.0009512937595129375
G’dened G’neded 328,0.0,0.0002329119083491641,0.0,0.0,0.0,0.0,0.0,0.0,0.0,0.0,0.0,0.0,0.0003057272912561995,7.545319072680286e-06,0.00835282325425994
G’don 329,0.0,0.0,0.005390835579514825,0.0,0.0,0.0,0.0,0.0,0.0,0.0,0.0,0.0,0.0,0.0,0.0
G’drel 330,0.0,0.0,0.0,0.0,0.001937984496124031,4.37368789363191e-05,0.0,0.0,0.0,0.0,0.0,0.0,0.0,0.0,0.0
G’lanar 331,0.0,0.0,0.0,0.0,0.0,0.0,0.0,0.0,0.0,0.0,0.0,0.0,0.0,0.005259087393658159,0.0
G’nag 332,0.0,0.0,0.0,0.0,0.0,0.0,0.0,0.0,0.0005167958656330749,0.0,0.0,0.0,0.0,0.0,0.0
G’narish 333,0.0,3.3530155345209716e-06,0.0,0.0,0.0,0.0,0.0,0.0,0.009215225154603258,0.0,0.0,1.6953534600044925e-05,4.890300773058746e-05,1.7379667526960208e-06,0.0002586663930361021
G’ranad 334,0.0,0.0,0.0,0.0,0.0,0.0,0.0001576789656259855,0.0,0.0,0.0,0.0,0.0,0.0,0.0,0.0
G’rannat 335,0.0,0.0,0.0,0.0,0.0,0.0,0.0,0.0,0.0,0.0,0.0,0.0,0.0,0.0003093580819798917,0.0
G’ron Giron 336,0.0,0.0,2.3336950560670237e-06,0.0,8.203108978302777e-06,0.0166616681662168,0.0,0.0,0.0,0.0,2.893016258751374e-06,0.0,0.0,0.0,7.247952453431906e-06
G’sel 337,0.0,0.0,0.0,0.0,0.0,0.0,0.0,0.0,0.0007751937984496124,0.0024549918166939444,0.0,0.0,0.0,0.0,0.0
Gabin 338,0.0,0.0,0.0,0.0,0.001937984496124031,4.37368789363191e-05,0.0,0.0,0.0,0.0,0.0,0.0,0.0,0.0,0.0
Gabred 339,0.0,0.0,0.0,0.0,0.0,0.0003498950314905528,0.0,0.0,0.0,0.0,0.0,0.0,0.0,0.0,0.0
Gaby 340,0.0,0.0,0.0,0.0,0.0017226528854435831,0.0,0.0,0.0,0.0,0.0,0.0,0.0,0.0,0.0,0.0
Gallardy 341,0.0,0.0,0.0,0.001913345983554712,0.0,1.45789596454397e-05,0.0,0.0,0.0,0.0,0.0,0.0,0.0,0.0,0.0
Gallen 342,0.0,0.0,0.0,0.0,0.0027562446167097333,3.4989503149055284e-05,0.0,0.0,0.0,0.0,0.0,0.0,0.0,0.0,0.0
Gallian Galli 343,0.0,0.0,0.009556481254594462,0.0,0.0,0.0,0.0,0.0,0.0,0.0,0.0,0.0,0.0,0.0,0.0
Galnich Galnish 344,0.0,0.0,0.0,9.487666034155598e-05,0.0,8.74737578726382e-05,0.0,0.0,0.0,0.0,0.0,0.0,0.0,0.0,0.0
Galter 345,0.0,0.0,0.0,0.0,0.0,0.0,0.0,0.0,0.0,0.0,0.0,0.0,0.0,0.0,0.0001902587519025875
Gana 346,0.0,0.0,0.0,0.0,0.0103359173126615,0.0,0.0,0.0,0.0,0.0,0.0,0.0,0.0,0.0,0.0
Gandidan Gandiran 347,0.0,0.0,0.0,0.0,0.0,0.0,0.0,0.0,0.0010335917312661498,0.0,0.0,0.0,0.0,0.0,0.0
Ganmar 348,0.0,0.0,0.0031854937515314874,0.0,0.0,0.0,0.0,0.0,0.0,0.0,0.0,0.0,0.0,0.0,0.0
Garben 349,0.0017207076410173682,1.2434099273848602e-05,1.0209915870293227e-05,0.0,0.00032299741602067185,6.560531840447865e-05,0.0,0.0,0.0,0.0,0.0,0.0,0.0,0.0,0.0
Gardillon 350,0.0,0.0,0.0,0.0,0.0,0.0003498950314905528,0.0,0.0,0.0,0.0,0.0,0.0,0.0,0.0,0.0
Gardner 351,0.0,0.0,0.0017152658662092624,0.0,0.0,0.0,0.0,0.0,0.0,0.0,0.0,0.0,0.0,0.0,0.0
Gardrow 352,0.0,0.0,0.0,0.0,0.0,0.0005248425472358292,0.0,0.0,0.0,0.0,0.0,0.0,0.0,0.0,0.0
Garm 353,0.0,0.0,0.0,0.0,0.0,0.004198740377886634,0.0,0.0,0.0,0.0,0.0,0.0,0.0,0.0,0.0
Garrel 354,0.0,0.0,0.0,0.0,0.0,0.0,0.0,0.0,0.0,0.0,0.0,0.0,0.0,0.0,0.0001902587519025875
Gayton 355,0.0,0.0,0.0,0.0,0.0,0.0,0.0,0.0,0.0,0.0,0.0,0.0,0.0,0.0003093580819798917,0.0
Gedenase 356,0.0,0.0,0.0,0.0,0.0,0.0008747375787263821,0.0,0.0,0.0,0.0,0.0,0.0,0.0,0.0,0.0
Geger 357,0.0,0.0,0.0,0.0,0.0,0.0,0.0,0.0,0.0,0.0,0.0,0.0,0.0,0.0,0.0015220700152207
Gellim 358,0.0,0.0,0.0,0.0,0.0,0.0,0.0,0.0,0.0,0.0,0.0,0.0,0.0,0.0,0.0001902587519025875
Gemma 359,0.0,0.0,0.0,0.0,0.0,2.3019409966483736e-06,0.0004668127271821939,0.013000364806155273,9.066594133913594e-06,0.0,0.0,0.0,9.162879343204808e-06,0.0,0.0
Genjon 360,0.0,0.0,0.0,0.00025300442757748257,0.0,5.83158385817588e-05,0.0,0.0,0.0,0.0,0.0,0.0,0.0,0.0,0.0
Gennell 361,0.0,0.0,0.0,0.0,0.0,0.0,0.030589719331441185,0.0,0.0,0.0,0.0,0.0,0.0,0.0,0.0
Germathen 362,0.0,0.0,0.0,0.0,0.0,0.0,0.000630715862503942,0.0,0.0,0.0,0.0,0.0,0.0,0.0,0.0
Gifflen 363,0.0,0.0,0.0,0.0,0.0,0.0,0.000630715862503942,0.0,0.0,0.0,0.0,0.0,0.0,0.0,0.0
Ginia 364,0.0,0.0,0.0,0.0,0.0,0.0,0.008199306212551246,0.0,0.0,0.0,0.0,0.0,0.0,0.0,0.0
Gisa 365,0.0,0.0,0.0017152658662092624,0.0,0.0,0.0,0.0,0.0,0.0,0.0,0.0,0.0,0.0,0.0,0.0
Glammie 366,0.0,0.0,0.0,0.0,0.0,0.0001749475157452764,0.0,0.0,0.0,0.0,0.0,0.0,0.0,0.0,0.0
Glay 367,0.0,0.0,0.0,0.0,0.0,0.0001749475157452764,0.0,0.0,0.0,0.0,0.0,0.0,0.0,0.0,0.0
Gledia 368,0.0,0.0,0.0,0.0,0.0,0.0006997900629811056,0.0,0.0,0.0,0.0,0.0,0.0,0.0,0.0,0.0
Gomalsi 369,0.0,0.0,0.0,0.0,0.0,0.0,0.0,0.0,0.0,0.0,0.0,0.0,0.0,0.001082753286929621,0.0
Gorazde 370,0.0,0.0,0.0,0.0,0.0,0.0,0.000315357931251971,0.0,0.0,0.0,0.0,0.0,0.0,0.0,0.0
Gorby 371,0.0,0.0,0.0,0.00025300442757748257,0.0,5.83158385817588e-05,0.0,0.0,0.0,0.0,0.0,0.0,0.0,0.0,0.0
Gorta 372,0.0,0.0,0.0,0.00042694497153700185,0.0,4.37368789363191e-05,0.0,0.0,0.0,0.0,0.0,0.0,0.0,0.0,0.0
Gostol 373,0.0,0.0,0.0,0.0,0.0,0.0,0.0033112582781456954,0.0,0.0,0.0,0.0,0.0,0.0,0.0,0.0
Gram 374,0.0,0.0,0.0,4.743833017077799e-05,0.0,0.0001749475157452764,0.0,0.0,0.0,0.00013638843426077467,0.0,0.0,0.0,0.0,0.0
Grasella 375,0.0,0.0,0.000490075961774075,0.0,0.0,0.0,0.0,0.0,0.0,0.0,0.0,0.0,0.0,0.0,0.0
Greg Keating 376,0.00016131634134537829,0.0,0.0,0.0,0.0,0.0,0.0,0.0,0.0,0.0,0.0,0.0,0.0,0.0,0.0
Greta 377,0.0037102758509437008,0.0,0.0,0.0,0.0,0.0,0.0,0.0,0.0,0.0,0.0,0.0,0.0,0.0,0.0
Grevil 378,0.0,0.0,0.0,0.0,0.0,0.0,0.0,0.0,0.0,0.0,0.0,0.0,0.0,0.0003093580819798917,0.0
Grisella 379,0.0,0.0,0.000490075961774075,0.0,0.0,0.0,0.0,0.0,0.0,0.0,0.0,0.0,0.0,0.0,0.0
Grodon 380,0.0,0.0,0.0,0.0,0.0,0.0,0.000630715862503942,0.0,0.0,0.0,0.0,0.0,0.0,0.0,0.0
Grogellan 381,0.0,0.0,0.0,0.0,0.0,0.0,0.005203405865657522,0.0,0.0,0.0,0.0,0.0,0.0,0.0,0.0
Groghe 382,0.0,0.00014596551321474445,0.0,0.0,0.0,3.422886177624973e-06,0.001153113131230033,0.0,0.0017316406396285064,0.0,0.00381425326219029,8.20035097502173e-05,0.001273162165435388,0.0020457984464844143,0.003654622460459268
Gyorgy 383,0.00016131634134537829,0.0,0.0,0.0,0.0,0.0,0.0,0.0,0.0,0.0,0.0,0.0,0.0,0.0,0.0
H’ages 384,0.0,0.0,0.0,0.0,0.0,0.0,0.0,0.0,0.0003445305770887166,0.0,0.0,0.0,0.0,0.0,0.0
H’grave 385,0.0,0.0,0.0,9.487666034155598e-05,0.0,8.74737578726382e-05,0.0,0.0,0.0,0.0,0.0,0.0,0.0,0.0,0.0
H’mar 386,0.0,0.0002984183825723665,0.0,0.0,0.0,0.0,0.0,0.0,0.0,0.0,0.0,0.0,0.0,0.0,0.0
H’nalt 387,0.0,0.0,0.0,0.0,0.0,0.0,0.0,0.0,0.0,0.0,0.0,0.0,0.0,0.0003093580819798917,0.0
H’nor 388,0.0,0.0,0.0,0.0,0.0,0.0,0.0,0.0,0.0,0.0,0.0,0.0,0.0,0.0,0.0009512937595129375
H’redan 389,0.0,0.0,0.0,0.0,0.0,0.0,0.0,0.0,0.0,0.0,0.0,0.0,0.0,0.0,0.0001902587519025875
Halanna 390,0.0,0.0,0.0,0.0,0.0,0.0,0.008514664143803218,0.0,0.0,0.0,0.0,0.0,0.0,0.0,0.0
Halefor 391,0.0,0.0,0.0,0.0,0.0,0.0,0.0,0.0,0.0,0.0,0.0,0.0,0.0,0.0003093580819798917,0.0
Halibran 392,0.0,0.0,0.0,0.0,0.0,0.0,0.002522863450015768,0.0,0.0,0.0,0.0,0.0,0.0,0.0,0.0
Haligon 393,0.0,0.0,0.0,0.0,0.0,0.0,0.0,0.0,0.0,0.0,0.0,0.0,0.0,0.0,0.015791476407914763
Hally 394,0.0,0.0002984183825723665,0.0,0.0,0.0,0.0,0.0,0.0,0.0,0.0,0.0,0.0,0.0,0.0,0.0
Hamian 395,0.0,7.314176043440354e-05,0.0,0.0,0.0,0.004461161651504549,0.0,0.0,0.0,0.0,0.0,0.0,0.0,0.0028039367332393125,1.6787536932581252e-05
Haura 396,0.0,0.0,0.0,0.0025114410090411876,5.0666261336575975e-05,1.0291030337957436e-05,0.0,0.0,0.0,0.0,0.0,0.0,0.0,0.0,0.0
Hayara 397,0.0,0.0,0.0,0.0,0.0,0.0,0.007253232418795333,0.0,0.0,0.0,0.0,0.0,0.0,0.0,0.0
Hayon 398,5.761297905192081e-06,0.0,0.0,0.0,0.0,0.0,0.00380682074154165,0.0,0.0,0.0,0.0,1.3472005173249986e-05,0.0,0.0,0.0
Hedelman 399,0.0,0.0,0.0,0.0,0.0,0.0001749475157452764,0.0,0.0,0.0,0.0,0.0,0.0,0.0,0.0,0.0
Hegmon 400,0.0,0.0,0.00490075961774075,0.0,0.0,0.0,0.0,0.0,0.0,0.0,0.0,0.0,0.0,0.0,0.0
Heinrich 401,0.00016131634134537829,0.0,0.0,0.0,0.0,0.0,0.0,0.0,0.0,0.0,0.0,0.0,0.0,0.0,0.0
Helly 402,0.0,0.0,0.0,0.002668406072106262,0.0,1.0934219734079775e-05,0.0,0.0,0.0,0.0,0.0,0.0,0.0,0.0,0.0
Hillegel 403,0.0,0.0,0.0,0.0,0.0,0.0,0.0,0.0,0.0,0.0,0.0,0.0,0.0,0.0,0.0001902587519025875
Hittet 404,0.0,0.0,0.0,0.0,0.0,0.0,0.0,0.0,0.0,0.0,0.0,0.004149377593360996,0.0,0.0,0.0
Hobson 405,0.0,0.003282602208296031,0.0,0.0,0.0,0.0,0.0,0.0,0.0,0.0,0.0,0.0,0.0,0.0,0.0
Holht 406,0.0,0.0,0.0,0.00018975332068311195,0.0,0.0,0.0,0.0,0.0,0.0,0.0,0.0,0.0,0.0,0.0
Horon 407,0.0,1.4210399170112689e-05,0.0,0.0,0.0,0.0,0.0,0.0,0.0,0.0,0.0,0.0,8.290224167661493e-06,0.0,0.003270638544611147
Hosbon 408,0.0,0.0,0.0,0.0,0.0,0.0,0.0,0.0,0.0,0.0,0.0,0.0,0.0,0.0,0.0028538812785388126
Iantine Ian 409,0.0,0.0,0.09237931879441313,0.0,0.0,0.0,0.0,0.0,0.0,0.0,0.0,0.0,0.0,0.0,0.0
Idarolan Iddie 410,0.0,0.008760906644326355,0.0,0.0,0.0,8.02511540115947e-05,2.6038728268511367e-05,0.0,7.902077456163226e-07,0.0,0.0,0.0,0.00053985331322992,0.000971355995941449,0.002935919455964699
Idoralan 411,0.0,0.0,0.0,0.0,0.0,0.0,0.0,0.0,0.0,0.0,0.0,0.0,0.00034818941504178273,0.0,0.0
Ifor 412,0.0,0.0,0.0,0.0,0.0,0.0,0.0017344686218858404,0.0,0.0,0.0,0.0,0.0,0.0,0.0,0.0
Irene 413,0.0,0.0,0.007596177407498162,0.0,0.0,0.0,0.0,0.0,0.0,0.0,0.0,0.0,0.0,0.0,0.0
Irtine 414,0.0,0.0,0.0,0.0,0.0,0.0001749475157452764,0.0,0.0,0.0,0.0,0.0,0.0,0.0,0.0,0.0
Isla 415,0.0,0.0,0.0,0.0,0.0,0.0,0.000315357931251971,0.0,0.0,0.0,0.0,0.0,0.0,0.0,0.0
Issony 416,0.0,0.0,0.0078412153883852,0.0,0.0,0.0,0.0,0.0,0.0,0.0,0.0,0.0,0.0,0.0,0.0
Ita 417,0.0,0.0,0.0,0.0,0.0,0.0,0.0,0.0,0.0,0.0,0.0,0.0,0.0,0.0,0.0005707762557077625
Ivan le Terrible 418,4.032908533634457e-05,0.0,0.0,0.0,0.0,0.0,0.0,0.0,4.3066322136089577e-05,0.00013638843426077467,0.0,0.0,0.0,0.0,4.756468797564688e-05
J’dar 419,0.0,0.0,0.0012251899044351876,0.0,0.0,0.0,0.0,0.0,0.0,0.0,0.0,0.0,0.0,0.0,0.0
J’fery 420,0.0,0.0,0.0,0.0,0.0,0.0,0.0,0.0,0.0,0.0,0.0,0.0,0.0,0.0,0.0024733637747336376
J’lono 421,0.0,0.0,0.0,0.0,0.0,0.0,0.0,0.0,0.0,0.0,0.0,0.0,0.0,0.00015467904098994585,0.0
J’ralt Jeralte 422,0.0,0.0,0.0,0.0,0.0,0.0,0.0,0.0,0.0006890611541774332,0.0,0.0,0.0,0.0,0.0,0.0
Jacob Chernoff 423,0.0037102758509437008,0.0,0.0,0.0,0.0,0.0,0.0,0.0,0.0,0.0,0.0,0.0,0.0,0.0,0.0
Jake Chernoff 424,0.00467817389901597,0.0,0.0,0.0,0.0,0.0,0.0,0.0,0.0,0.0,0.0,0.0,0.0,0.0,0.0
Jallora 425,0.0,0.0,0.0,0.004581187313635131,3.0761658668635414e-05,6.2481255623313e-06,0.0,0.0,0.0,0.0,0.0,0.0,0.0,0.0,0.0
Jamson 426,0.0,0.0,0.020828228375398185,0.0,0.0,0.0,0.0,0.0,0.0,0.0,0.0,0.0,0.0,0.0,0.0
Janara 427,0.0,0.0,0.0,0.0,0.0,0.0003498950314905528,0.0,0.0,0.0,0.0,0.0,0.0,0.0,0.0,0.0
Jancis 428,0.0,3.6615752462867054e-06,0.0,0.0,0.0,0.010219940152923448,0.0,0.0,0.0,0.0,0.0,0.0,0.0,0.01469735574756001,5.836158033821703e-05
Jane 429,0.0,0.0,0.0026954177897574125,0.0,0.0,0.0,0.0,0.0,0.0,0.0,0.0,0.0,0.0,0.0,0.0
Janissian 430,0.0,0.0,0.0,0.0,0.0,0.0,0.0,0.0,0.0,0.0,0.0,0.0,0.0,0.0,0.003995433789954338
Jarrol 431,0.0,1.4210399170112689e-05,0.0,0.0,0.0,8.330834083108399e-06,0.0,0.0,0.0,0.0,0.0,0.0,0.0,0.0026590063713033555,0.0
Jaxom Jax 432,0.0,0.00016302934712516997,0.0,0.0,0.0,0.0009026541306376367,0.0,4.0956758059624443e-07,0.0030133269062760943,6.382819152925433e-06,2.4680427946773993e-06,1.9614749163522893e-06,0.10588398242690172,0.06987657095115546,0.0008035758010159335
Jayge Lilcamp 433,0.0,0.008488063083397966,0.0,0.0,0.0,0.08598489711895665,0.0,0.0,0.0,0.0,0.0,0.0,0.0,0.00013701217604091196,1.132767781680047e-05
Jemmy 434,0.0,0.0,0.012496937025238911,0.0,0.0,0.0,0.0,0.0,0.0,0.0,0.0,0.0,0.0,0.0,0.0
Jenfa 435,0.0,0.0,0.0,0.0,0.0,0.0001749475157452764,0.0,0.0,0.0,0.0,0.0,0.0,0.0,0.0,0.0
Jerin 436,0.0,0.0,0.0,0.0,0.0,0.0,0.0,0.0,0.0,0.0,0.00030376670716889426,0.0,0.0,0.0,0.0
Jerint 437,0.0,0.0,0.0,0.0,0.0,0.0,0.00012877115526122149,0.0,0.0,0.0,0.013168286755771568,2.5147742990066642e-05,0.0,0.0,0.0
Jerrint 438,0.0,0.0,0.0,0.0,0.0,0.0,0.0,0.0,0.0,0.0,0.0,0.0003772161448509996,0.0,0.0,0.0
Jerry Mercer 439,0.0024197451201806745,0.0,0.0,0.0,0.0,0.0,0.0,0.0,0.0,0.0,0.0,0.0,0.0,0.0,0.0
Jesken 440,0.0,0.0,0.0,0.0,0.0,0.0,0.001261431725007884,0.0,0.0,0.0,0.0,0.0,0.0,0.0,0.0
Jess 441,2.688605689089638e-05,0.0,0.0,0.0,0.002296870513924777,2.91579192908794e-05,0.0,0.0,0.0,0.0,0.0,0.0,0.0,0.0,0.0
Jessuan 442,0.0,0.0,0.0,0.0,0.0,0.0,0.0,0.0,0.0,0.0,0.00030376670716889426,0.0,0.0,0.0,0.0
Jez 443,0.0,0.0,0.0,0.0,0.0,0.0,0.0004730368968779565,0.0,0.0,0.0,0.0,0.0,0.0,0.0,0.0
Jim Tillek James 444,0.004787770497334587,0.0046197899225706805,0.000105372566844553,0.00021292929878181263,5.479175844286206e-05,5.3864247850326835e-05,0.0014443874713830733,3.9282272792135846e-05,0.0003436539089536308,1.3881774479468161e-06,6.95648947715025e-06,3.839350074819335e-06,2.835130097032328e-05,0.00048214204888723586,8.181610450772846e-05
Jiro Akamoto 445,0.002097112437489918,0.0,0.0,0.0,0.0,0.0,0.0,0.0,0.0,0.0,0.0,0.0,0.0,0.0,0.0
Jissamy 446,0.0,0.0,0.0,0.0,0.0,0.0,0.0,0.0,0.0,0.0,0.0,0.0,0.0,0.0007733952049497294,0.0
Jivan 447,0.00048394902403613486,0.0,0.0,0.0,0.0,0.0,0.0,0.0,0.0,0.0,0.0,0.0,0.0,0.0,0.0
Joanson 448,0.0,0.0,0.00098015192354815,0.0,0.0,0.0,0.0,0.0,0.0,0.0,0.0,0.0,0.0,0.0,0.0
Joe Millan 449,0.00016131634134537829,0.0,0.0,0.0,0.0,0.0,0.0,0.0,0.0,0.0,0.0,0.0,0.0,0.0,0.0
Joël Lilienkamp Joel Lili 450,0.013754340683132252,0.0,0.0,0.0,0.0,0.0,0.0,0.0,0.0,0.0,0.0,0.0,0.0,4.0705010786827856e-05,0.0
Johnny Greene 451,0.00016131634134537829,0.0,0.0,0.0,0.0,0.0,0.0,0.0,0.0,0.0,0.0,0.0,0.0,0.0,0.0
Jol 452,0.0,0.0,0.005390835579514825,0.0,0.0,0.0,0.0,0.0,0.0,0.0,0.0,0.0,0.0,0.0,0.0
Jonno 453,0.0,0.0,0.0,0.0,0.0,0.0,0.0001576789656259855,0.0,0.0,0.0,0.0,0.0,0.0,0.0,0.0
Jora 454,0.0,0.0,0.0,0.0,0.0,0.0,0.003012498132749092,0.0031837628096706796,0.0,0.0,0.0,0.0,0.0,0.0,0.0
Josetta 455,0.0,0.0,0.0,0.0,0.0,0.0,0.0,0.0,0.0,0.0,0.0,0.0,0.0,0.0,0.0001902587519025875
Ju Adjai Adjar 456,0.000988062590740442,0.0,0.0,0.0,0.0,0.0,0.0,0.0,0.0,0.0,0.0,0.0,0.0,1.9334880123743232e-05,0.0
Jubb 457,0.0,0.0,0.0,0.0,0.0,0.0,0.0,0.0,0.0,0.0,0.0,0.0,0.0,0.0,0.0017123287671232876
Jule 458,0.0,0.0,0.004165645675079637,0.0,0.0,0.0,0.0,0.0,0.0,0.0,0.0,0.0,0.0,0.0,0.0
Juvana 459,0.0,0.0,0.0,0.0,0.0,0.0,0.00914538000630716,0.0,0.0,0.0,0.0,0.0,0.0,0.0,0.0
K’dall 460,0.0,0.0,0.0,9.487666034155598e-05,0.0,8.74737578726382e-05,0.0,0.0,0.0,0.0,0.0,0.0,0.0,0.0,0.0
K’dor 461,0.0,0.0,0.0,0.0,0.0,0.0,0.0,0.0,0.0001722652885443583,0.0,0.0,0.0,0.0,0.0,0.0
K’dren 462,0.0,0.0,0.0,0.007228697930785217,0.0,1.6661668166216798e-05,0.0,0.0,0.0,0.0,0.0,0.0,0.0,0.0,0.0
K’drin 463,0.0,0.0,0.0,0.0,0.0,0.0,0.0,0.0,0.0,0.0,0.0,0.0,0.0,0.0,0.0001902587519025875
K’lon 464,0.0,0.0,0.0,0.03264188373296533,4.893900242737452e-06,9.94019975825434e-07,0.0,0.0,0.0,0.0,0.0,0.0,0.0,0.0,0.0
K’nebel 465,0.0,0.0,0.0,0.0,0.0,0.0,0.0,0.0,0.0,0.0,0.0,0.0,0.001392757660167131,0.0,0.0
K’net 466,0.0,0.0,0.0,0.0,0.0,0.0,5.733780568217654e-05,0.01145672223176949,0.0,0.0,0.0,0.0,0.0,0.0,0.0
K’van 467,0.0,0.0019915282336947513,0.0,0.0,0.0,0.002917006842391727,0.0,0.0,0.0,0.0,0.0,0.0,1.2089910244506345e-06,0.0009033685657815589,0.0015273549805513275
K’vin Kev 468,0.0,0.0,0.07302131830433717,0.0,0.0,0.0,0.0,0.0,0.0,0.0,0.0,0.0,0.0,0.0,0.0
Kailey 469,0.0,0.0,0.0,0.0,0.0,0.0,0.0007883948281299275,0.0,0.0,0.0,0.0,0.0,0.0,0.0,0.0
Kale 470,0.0,0.0,0.0,0.0,0.0,9.65227673077387e-05,0.0033982535695255495,0.0,0.0,0.0,0.0,0.0,0.0,0.0,0.0
Kalem 471,0.0,0.0,0.0,0.0,0.0,0.0,0.0001576789656259855,0.0,0.0,0.0,0.0,0.0,0.0,0.0,0.0
Kaljan 472,0.0,0.0,0.0,0.0,0.0,0.0,0.0,0.0,0.0,0.0,0.0,0.001131648434552999,0.0,0.0,0.0
Kalvi 473,0.0,0.0,0.013477088948787063,0.0,0.0,0.0,0.0,0.0,0.0,0.0,0.0,0.0,0.0,0.0,0.0
Kami 474,0.0,0.00925096985974336,0.0,0.0,0.0,0.0,0.0,0.0,0.0,0.0,0.0,0.0,0.0,0.0,0.0
Kamiana 475,0.0,0.0,0.0,0.0033472485768500943,0.000310077519379845,6.997900629811056e-06,0.0,0.0,0.0,0.0,0.0,0.0,0.0,0.0,0.0
Kamina 476,0.0,0.0,0.0,0.0003795066413662239,0.0,0.0,0.0,0.0,0.0,0.0,0.0,0.0,0.0,0.0,0.0
Kanadin K’din 477,0.0,0.005371530886302597,0.0,0.0,0.0,0.0,0.0,0.0,0.0,0.0,0.0,0.0,0.0,0.0,0.0
Karenchok 478,0.0,0.0,0.0,0.0,0.0,0.0,0.0026805424156417534,0.0,0.0,0.0,0.0,0.0,0.0,0.0,0.0
Kashman 479,0.0,0.0,0.0,0.0,0.0,0.0,0.0,0.0,0.0,0.0,0.0,0.0,0.0,0.0,0.005517503805175038
Kasia 480,0.0,0.0,0.0,0.0,0.0,0.0,0.03122043519394513,0.0,0.0,0.0,0.0,0.0,0.0,0.0,0.0
Kathy Duff 481,0.004516857557670592,0.0,0.0,0.0,0.0,0.0,0.0,0.0,0.0,0.0,0.0,0.0,0.0,0.0,0.0
Kayla 482,0.0,0.0,0.0,0.0,0.0,0.0,0.0,0.0,0.0,0.0,0.00030376670716889426,0.0,0.0,0.0,0.0
Keita 483,0.0,0.0,0.0,0.0,0.0,6.509675004475401e-05,0.0,0.0,0.0,0.0,0.0,0.0,0.0,0.0,0.006729850270786874
Kenalas 484,0.0,0.0,0.0,0.0,0.0,0.0,0.0,0.0,0.0001722652885443583,0.0,0.0,0.0,0.0,0.0,0.0
Kenjo Fusaiyuki 485,0.026278260392033032,0.0,0.0,0.0,0.0,0.0,0.0,0.0,0.0,0.0,0.0,0.0,0.0,3.2910434253179967e-06,0.00012245377117134622
Kepiru 486,0.0,0.0,0.0,0.0,0.0,0.0,0.000630715862503942,0.0,0.0,0.0,0.0,0.0,0.0,0.0,0.0
Ker 487,0.0,0.0,0.0,0.0,0.0,0.0,0.0,0.0,0.0,0.0,0.0,0.0,0.0,0.0006187161639597834,0.0
Kern 488,0.0,0.00014920919128618324,0.0,0.0,0.0,0.0,0.0,0.0,0.0,0.0,0.0,0.0,8.704735376044568e-05,0.0,0.0
Ketrin 489,0.0,0.0,0.0,0.0,0.0,0.002099370188943317,0.0,0.0,0.0,0.0,0.0,0.0,0.0,0.0,0.0
Kevelon 490,0.0,0.0,0.0,0.0,0.0,0.001224632610216935,0.0,0.0,0.0,0.0,0.0,0.0,0.0,0.0,0.0
Kinsale 491,0.0,0.0,0.0,0.0,0.0,0.0,0.000315357931251971,0.0,0.0,0.0,0.0,0.0,0.0,0.0,0.0
Kinver 492,0.0,0.0,0.0002450379808870375,0.0,0.0,0.0,0.0,0.0,0.0,0.0,0.0,0.0,0.0,0.0,0.0
Kirnety 493,0.0,0.0,0.0,0.0,0.0,0.0,0.0,0.0,0.0,0.0,0.0,0.0,0.00017409470752089137,0.0,0.0
Kista 494,0.0,0.0,0.0,0.0,0.0011484352569623886,5.83158385817588e-05,0.0,0.0,0.0,0.0,0.0,0.0,0.0,0.0,0.0
Kit Ping Kitti 495,0.01791172489251422,0.0,0.0,0.0,0.0,0.0,0.0,0.0,0.0,0.0,0.0,0.0,0.0,5.3801405561720295e-06,0.0
Kitral 496,0.0,0.0002984183825723665,0.0,0.0,0.0,0.0,0.0,0.0,0.0,0.0,0.0,0.0,0.0,0.0,0.0
Kitrin 497,0.0,0.007758877946881528,0.0,0.0,0.0,0.0,0.0,0.0,0.0,0.0,0.0,0.0,0.0,0.0,0.0
Kizan 498,0.0,0.0,0.00098015192354815,0.0,0.0,0.0,0.0,0.0,0.0,0.0,0.0,0.0,0.0,0.0,0.0
Klada 499,0.0,0.0,0.0,0.0,0.0,0.0,0.000630715862503942,0.0,0.0,0.0,0.0,0.0,0.0,0.0,0.0
Kubisa 500,0.0,0.0,0.0,0.0,0.0,0.0,0.003784295175023652,0.0,0.0,0.0,0.0,0.0,0.0,0.0,0.0
Kulan 501,0.0,0.0,0.0,0.0011622390891840608,0.0,2.186843946815955e-05,0.0,0.0,0.0,0.0,0.0,0.0,0.0,0.0,0.0
Kulla 502,0.0,0.0,0.0,0.0,0.0,0.0,0.0014191106906338694,0.0,0.0,0.0,0.0,0.0,0.0,0.0,0.0
Kung 503,0.00016131634134537829,0.0,0.0,0.0,0.0,0.0,0.0,0.0,0.0,0.0,0.0,0.0,0.0,0.0,0.0
Kurt 504,0.00032263268269075657,0.0,0.0,0.0,0.0,0.0,0.0,0.0,0.0,0.0,0.0,0.0,0.0,0.0,0.0
Kwan Marceau 505,0.0024197451201806745,0.0,0.0,0.0,0.0,0.0,0.0,0.0,0.0,0.0,0.0,0.0,0.0,0.0,0.0
Kylara 506,0.0,0.0,0.0,0.0,0.0,9.787273608127352e-06,0.0,0.0015907218175649177,0.03186305511886907,4.76882637275436e-05,0.0,1.1870438124681808e-05,2.191401912850381e-05,0.0,0.0
Kylos 507,0.0,0.0,0.0,9.487666034155598e-05,0.0,8.74737578726382e-05,0.0,0.0,0.0,0.0,0.0,0.0,0.0,0.0,0.0
L’bol 508,0.0,0.0,0.0,0.004392437978775739,0.0,2.591815048078169e-05,0.0,0.0,0.0,0.0,0.0,0.0,0.0,0.0,0.0
L’mal 509,0.0,0.0,0.0,0.0036143489653926086,0.0,8.330834083108399e-06,0.0,0.0,0.0,0.0,0.0,0.0,0.0,0.0,0.0
L’rad 510,0.0,0.0,0.0,0.0,0.0,0.0,0.0,0.000315059861373661,0.0,0.0,0.0,0.0,0.0,0.0,0.0
L’rayl 511,0.0,0.0,0.0,0.0006072106261859583,0.0,3.4989503149055284e-05,0.0,0.0,0.0,0.0,0.0,0.0,0.0,0.0,0.0
L’sur 512,0.0,0.0,0.00098015192354815,0.0,0.0,0.0,0.0,0.0,0.0,0.0,0.0,0.0,0.0,0.0,0.0
L’tol Lytol Lytonal 513,0.0,3.3239671326129927e-06,0.0,0.0,0.0,7.01522216602346e-05,2.36128153969607e-05,0.002433525488654726,0.004298957027485694,0.0,3.38354005509907e-06,0.0,0.012000468849113322,0.011304013231949643,0.0012548129812981297
L’trel 514,0.0,0.0,0.0,0.0,0.0,0.0,0.0,0.0,0.0001722652885443583,0.0,0.0,0.0,0.0,0.0,0.0
L’vin 515,0.0,0.0,0.0,9.487666034155598e-05,0.0,8.74737578726382e-05,0.0,0.0,0.0,0.0,0.0,0.0,0.0,0.0,0.0
L’zal 516,0.0,0.0,0.0,0.0,0.0,0.0,0.0,0.0,0.0,0.0,0.0,0.0,0.0,0.00015467904098994585,0.0
L’zan 517,0.0,0.0,0.0,0.0,0.0,0.0,0.0,0.0,0.0,0.0,0.0,0.0,0.0,0.0004640371229698376,0.0
Laela 518,0.0,0.0,0.0,0.0,0.0,0.0,0.0007883948281299275,0.0,0.0,0.0,0.0,0.0,0.0,0.0,0.0
Laland 519,0.0,0.0,0.0002450379808870375,0.0,0.0,0.0,0.0,0.0,0.0,0.0,0.0,0.0,0.0,0.0,0.0
Lally Moorhouse 520,0.00016131634134537829,0.0,0.0,0.0,0.0,0.0,0.0,0.0,0.0,0.0,0.0,0.0,0.0,0.0,0.0
Landon 521,0.0,0.0,0.0,0.0,0.0,0.0,0.0011037527593818985,0.0,0.0,0.0,0.0,0.0,0.0,0.0,0.0
Langrell 522,0.0,0.0,0.0,0.0,0.0,0.0,0.0,0.0,0.0,0.0,0.0,0.0,0.0,0.0,0.001141552511415525
Larad 523,0.0,0.00015422846071782854,0.0,0.0,0.0,0.005675896619393386,0.00025508309729708355,0.0008102915700772137,0.0024359470771532503,0.0,0.0,0.0,2.129598868757081e-06,0.002660763319781179,0.00011403888493243776
Laradian 524,0.0,0.0,0.0,0.0,0.0,0.0,0.0,0.0,0.0,0.0,0.0,0.0,0.0,0.0002062387213199278,6.341958396752917e-05
Larna Lama 525,0.0,0.0,0.0,0.0,0.0,0.0,0.002207505518763797,0.0,0.0,0.0,0.0,0.0,0.0,0.0,0.0
Laudey 526,0.0,0.00016578799031798135,0.0,0.0,0.0,0.0012596221133659904,0.0,0.0,6.12498803713274e-05,0.0,0.0,7.544322897019993e-05,3.868771278242031e-06,0.0004949729311678268,1.691188905800778e-05
Lauley 527,0.0,0.0,0.0,0.0,0.0,0.0,0.0,0.0,0.0,0.0,0.0,0.0003772161448509996,0.0,0.0,0.0
Laura 528,0.0,0.0,0.001470227885322225,0.0,0.0,0.0,0.0,0.0,0.0,0.0,0.0,0.0,0.0,0.0,0.0
Lavel 529,0.0,0.0,0.002450379808870375,0.0,0.0,0.0,0.0,0.0,0.0,0.0,0.0,0.0,0.0,0.0,0.0
Layrence 530,0.0,0.0,0.0002450379808870375,0.0,0.0,0.0,0.0,0.0,0.0,0.0,0.0,0.0,0.0,0.0,0.0
Lear 531,0.0,0.0,0.0,0.0,0.0,0.0,0.000315357931251971,0.0,0.0,0.0,0.0,0.0,0.0,0.0,0.0
Lechi 532,0.0,0.0,0.0,0.0,0.0,0.0,0.0,0.0,0.0,0.0,0.0,0.0,0.0,0.0,0.000380517503805175
Leef Leff 533,0.0,0.0,0.0,0.005363321799307958,0.00010133252267315195,5.145515168978718e-06,0.0,0.0,0.0,0.0,0.0,0.0,0.0,0.0,0.0
Lemsia 534,0.0,0.0,0.0,0.0,0.0,0.0,0.0,0.0,0.0,0.0,0.0,0.0,0.0,0.00015467904098994585,0.0
Lensdale 535,0.00016131634134537829,0.0,0.0,0.0,0.0,0.0,0.0,0.0,0.0,0.0,0.0,0.0,0.0,0.0,0.0
Léo Léopol 536,0.0,0.0,0.020093114432737074,0.0,0.0,0.0,0.0,0.0,0.0,0.0,0.0,0.0,0.0,0.0,0.0
Leri 537,0.0,0.0,0.0,0.0555241935483871,0.00045488802756244617,5.467109867039888e-07,0.0,0.0,0.0,0.0,0.0,0.0,0.0,0.0,0.0
Lesnour 538,0.0,0.0,0.0007351139426611125,0.0,0.0,0.0,0.0,0.0,0.0,0.0,0.0,0.0,0.0,0.0,0.0
Lessa 539,0.0,0.0008527688926547353,0.0,0.0,0.0,0.0010885705813967667,1.3134329478407632e-05,0.06082623611788407,0.014173633600589788,0.00046950544730653415,1.1618786079558219e-06,6.412514149613252e-05,0.0070644865145780816,0.00819141547756743,0.006894272087642254
Lesselam 540,0.0,0.0002984183825723665,0.0,0.0,0.0,0.0,0.0,0.0,0.0,0.0,0.0,0.0,0.0,0.0,0.0
Lesselden 541,0.0,0.0,0.0,0.0,0.0,0.0,0.0004730368968779565,0.0,0.0,0.0,0.0,0.0,0.0,0.0,0.0
Levalla 542,0.0,0.0,0.0,0.0042037658735950955,0.0,2.691500242235022e-05,0.0,0.0,0.0,0.0,0.0,0.0,0.0,0.0,0.0
Lexey 543,0.0,0.0,0.0,0.0,0.0,0.0,0.004099653106275623,0.0,0.0,0.0,0.0,0.0,0.0,0.0,0.0
Lias 544,0.0,0.0,0.0,0.0,0.0,0.0,0.0,0.0,0.0,0.0,0.0,0.0,0.0,0.0,0.0017123287671232876
Libby 545,0.0,0.0,0.0,0.0,0.0,0.0,0.0020498265531378114,0.0,0.0,0.0,0.0,0.0,0.0,0.0,0.0
Lidora 546,0.0,0.0,0.0,0.0023244781783681215,5.383290267011197e-05,1.0934219734079775e-05,0.0,0.0,0.0,0.0,0.0,0.0,0.0,0.0,0.0
Ligand 547,0.0,0.0,0.0,0.0,0.0,0.0,0.0,0.0,0.0,0.0,0.0009720534629404616,0.0,0.0,3.093580819798917e-05,0.0
Lilla 548,0.0,0.0,0.0,0.0,0.004429678848283499,2.49925022493252e-05,0.0,0.0,0.0,0.0,0.0,0.0,0.0,0.0,0.0
Lissala 549,0.0,0.0,0.0,0.0,0.0,0.0,0.0004730368968779565,0.0,0.0,0.0,0.0,0.0,0.0,0.0,0.0
Lobirn 550,0.0,0.0,0.0,0.0,0.0,0.0,0.011668243456322927,0.0,0.0,0.0,0.0,0.0,0.0,0.0,0.0
Lonada 551,0.0,0.0,0.000490075961774075,0.0,0.0,0.0,0.0,0.0,0.0,0.0,0.0,0.0,0.0,0.0,0.0
Londik 552,0.0,0.0,0.0,0.0,0.0,0.0,0.001576789656259855,0.0,0.0,0.0,0.0,0.0,0.0,0.0,0.0
Loreana 553,0.0,0.0,0.0,9.487666034155598e-05,0.0,8.74737578726382e-05,0.0,0.0,0.0,0.0,0.0,0.0,0.0,0.0,0.0
Lorra 554,0.0,0.0,0.0,0.0,0.0,0.0,0.007568590350047304,0.0,0.0,0.0,0.0,0.0,0.0,0.0,0.0
Losacot 555,0.0,0.0,0.0,0.0,0.0,0.0,0.0,0.0,0.0,0.0,0.0,0.0,0.0,0.0003093580819798917,0.0
Lotricia 556,0.0,0.0,0.0,0.0,0.0,0.0,0.0023651844843897824,0.0,0.0,0.0,0.0,0.0,0.0,0.0,0.0
Lozell 557,0.0,0.0,0.0017152658662092624,0.0,0.0,0.0,0.0,0.0,0.0,0.0,0.0,0.0,0.0,0.0,0.0
Luccha 558,0.0,0.0,0.0012251899044351876,0.0,0.0,0.0,0.0,0.0,0.0,0.0,0.0,0.0,0.0,0.0,0.0
Lucil 559,0.0,0.0,0.0,0.0,0.0004306632213608958,8.74737578726382e-05,0.0,0.0,0.0,0.0,0.0,0.0,0.0,0.0,0.0
Lucy Tubberman 560,0.013149828919774837,0.0,4.126955467571157e-05,0.0,0.0,0.0,0.0,0.0,0.0,0.0,0.0,0.0,0.0,0.0,1.802451333813987e-05
Lur 561,0.0,0.000596836765144733,0.0,0.0,0.0,0.0,0.0,0.0,0.0,0.0,0.0,0.0,0.0,0.0,0.0
M’barak 562,0.0,0.0,0.0,0.008041438022462691,0.0033638289452242944,2.3641556181794112e-06,0.0,0.0,0.0,0.0,0.0,0.0,0.0,0.0,0.0
M’dani 563,0.0,0.0,0.0002450379808870375,0.0,0.0,0.0,0.0,0.0,0.0,0.0,0.0,0.0,0.0,0.0,0.0
M’gent 564,0.0,0.0,0.0,0.0006776904310111142,0.0,9.99700089973008e-05,0.0,0.0,0.0,0.0,0.0,0.0,0.0,0.0,0.0
M’hall 565,0.0,0.0,0.0002450379808870375,0.0,0.0,0.0,0.0,0.0,0.0,0.0,0.0,0.0,0.0,0.0,0.0
M’leng 566,0.0,0.0,0.017152658662092625,0.0,0.0,0.0,0.0,0.0,0.0,0.0,0.0,0.0,0.0,0.0,0.0
M’ling 567,0.0,0.0,0.0,0.0,0.0,0.0,0.0,0.0,0.0,0.0,0.0,0.0,0.0,0.0,0.0001902587519025875
M’odon 568,0.0,0.0,0.0,0.0,0.0,0.0,0.000630715862503942,0.0,0.0,0.0,0.0,0.0,0.0,0.0,0.0
M’rak 569,0.0,0.0,0.0012251899044351876,0.0,0.0,0.0,0.0,0.0,0.0,0.0,0.0,0.0,0.0,0.0,0.0
M’rand 570,0.0,0.0,0.0,0.0,0.0,0.0,0.0,0.0,0.0,0.0,0.0,0.0,0.0,3.5695163305372124e-05,0.006322444678609062
M’ray 571,0.0,0.0,0.0,0.0011622390891840608,0.0,2.186843946815955e-05,0.0,0.0,0.0,0.0,0.0,0.0,0.0,0.0,0.0
M’rek 572,0.0,0.0,0.0,0.0,0.0,0.0,0.0,0.0,0.0010335917312661498,0.0,0.0,0.0,0.0,0.0,0.0
M’ridin 573,0.0,0.0,0.0,0.0,0.0,0.0,0.001576789656259855,0.0,0.0,0.0,0.0,0.0,0.0,0.0,0.0
M’shall 574,0.0,0.0,0.03504043126684636,0.0,0.0,0.0,0.0,0.0,0.0,0.0,0.0,0.0,0.0,0.0,0.0
M’sur 575,0.0,0.000596836765144733,0.0,0.0,0.0,0.0,0.0,0.0,0.0,0.0,0.0,0.0,0.0,0.0,0.0
M’tani 576,0.0,0.0,0.0,0.0068717809704526974,2.050777244575694e-05,1.6661668166216798e-05,0.0,0.0,0.0,0.0,0.0,0.0,0.0,0.0,0.0
Macabir 577,0.0,0.0,0.0,0.0,0.005275624461670974,2.186843946815955e-05,0.0,0.0,0.0,0.0,0.0,0.0,0.0,0.0,0.0
Macester 578,0.0,0.0,0.0,0.0,0.0,0.0,0.000946073793755913,0.0,0.0,0.0,0.0,0.0,0.0,0.0,0.0
Macy 579,0.0,0.0,0.0,0.0,0.0,0.0,0.0,0.0,0.0,0.0,0.0,0.0,0.0,0.0,0.00076103500761035
Magalia 580,0.0,0.0,0.0,0.0,0.0,0.0,0.0,0.0,0.0,0.0,0.0,0.0,0.0,0.0,0.0001902587519025875
Maidir 581,0.0,0.0,0.0,0.0,0.0,0.0,0.007253232418795333,0.0,0.0,0.0,0.0,0.0,0.0,0.0,0.0
Mairi 582,0.004839490240361349,0.0,0.0,0.0,0.0,0.0,0.0,0.0,0.0,0.0,0.0,0.0,0.0,0.0,0.0
Mairian 583,0.0,0.0,0.0002450379808870375,0.0,0.0,0.0,0.0,0.0,0.0,0.0,0.0,0.0,0.0,0.0,0.0
Maizella 584,0.0,0.0,0.0,0.0,0.0,0.0,0.008987701040681173,0.0,0.0,0.0,0.0,0.0,0.0,0.0,0.0
Makfar 585,0.0,0.0,0.0,0.0007906388361796332,0.0,2.91579192908794e-05,0.0,0.0,0.0,0.0,0.0,0.0,0.0,0.0,0.0
Mallan 586,0.0,0.0,0.0,0.0,0.0,0.0,0.004257332071901609,0.0,0.0,0.0,0.0,0.0,0.0,0.0,0.0
Manora 587,0.0,0.0,0.0,0.0,0.0,0.0,5.277684386654887e-05,0.00468684091299661,0.003690178743032866,0.005635885713255152,4.5188435777190885e-05,6.234977600842969e-06,1.7984990446373076e-05,1.0226713453880718e-05,0.0009088393272702114
Manotti 588,0.0,0.0,0.0,0.0,0.0,0.0,0.0,0.0,0.0,0.0,0.0,0.0,0.0,0.0015467904098994587,0.0
Mar Dook 589,0.004038883212943546,1.1052532687865425e-05,0.0,0.0,0.0,0.0,0.0,0.0,0.0,0.0,0.0,0.0,0.0,0.0,0.0
Mara 590,0.0,0.0,0.0,0.0,0.001937984496124031,4.37368789363191e-05,0.0,0.0,0.0,0.0,0.0,0.0,0.0,0.0,0.0
Maranis 591,0.0,0.0,0.0039206076941926,0.0,0.0,0.0,0.0,0.0,0.0,0.0,0.0,0.0,0.0,0.0,0.0
Marcator 592,0.0,0.0,0.00098015192354815,0.0,0.0,0.0,0.0,0.0,0.0,0.0,0.0,0.0,0.0,0.0,0.0
Marchane 593,0.0,0.0,0.000490075961774075,0.0,0.0,0.0,0.0,0.0,0.0,0.0,0.0,0.0,0.0,0.0,0.0
Marcine 594,0.0,0.0,0.0,0.0,0.0,0.0,0.0011037527593818985,0.0,0.0,0.0,0.0,0.0,0.0,0.0,0.0
Marco Galliani 595,0.004516857557670592,0.0,0.0,0.0,0.0,0.0,0.0,0.0,0.0,0.0,0.0,0.0,0.0,0.0,0.0
Mardra 596,0.0,0.0,0.0,0.0,0.0,0.0005668299510146955,0.0,0.001969124133585381,0.003645133505598622,0.0,0.0,9.43040362127499e-05,2.7855153203342618e-05,6.187161639597834e-06,0.0
Mardy 597,0.0,0.0,0.0,0.0,0.0,0.0,0.0004730368968779565,0.0,0.0,0.0,0.0,0.0,0.0,0.0,0.0
Marella 598,0.0,0.0,0.0,0.0,0.0,0.0016794961511546536,0.0,0.0,0.0,0.0,0.0,0.0,0.0,0.0,0.00011415525114155251
Margatta 599,0.0,0.0,0.0,0.0,0.0,0.0,0.0,0.0,0.0,0.0,0.0,0.0,0.0001392757660167131,0.0,0.0003424657534246575
Mari 600,4.032908533634457e-05,1.8651148910772905e-05,0.0006470534182798334,2.9648956356736243e-06,0.00033645564168819985,0.0004619707837648706,0.0008894079154840744,0.0,0.0,0.0,4.746354799513973e-06,0.0,0.0,6.042150038669761e-05,2.97279299847793e-06
Marley 601,0.0,0.0,0.0,0.0,0.0,0.0,0.0,0.0,0.0,0.0,0.0,0.0,0.0,0.0,0.00076103500761035
Marlifin 602,0.0,0.0,0.0,0.0,0.0,0.0,0.0004730368968779565,0.0,0.0,0.0,0.0,0.0,0.0,0.0,0.0
Marshal 603,0.0,0.0,0.0,0.0,0.0,0.0,0.0,0.0,0.0,0.0,0.00030376670716889426,0.0,0.0,0.0,0.0
Mary Tubberman 604,0.016361685264804283,0.0,3.409224081906608e-05,0.0,0.0,0.0,0.0,0.0,0.0,0.0,0.0,0.0,0.0,0.0,1.4889815366289456e-05
Matsen 605,0.0,0.0,0.0,0.0,0.0,0.0,0.0017344686218858404,0.0,0.0,0.0,0.0,0.0,0.0,0.0,0.0
Mattew Matt 606,0.0,0.0,0.0012251899044351876,0.0,0.0,0.0,0.0,0.0,0.0,0.0,0.0,0.0,0.0,0.0,0.0
Mavi 607,0.0,3.4699811927019356e-06,0.0,0.0,0.0,0.0,0.0,0.0,0.0,0.044760781029954705,3.5321710135917936e-06,0.0,0.0,0.0,0.0
Maxilant 608,0.0,0.0,0.0,0.0,0.0,0.0,0.001261431725007884,0.0,0.0,0.0,0.0,0.0,0.0,0.0,0.0
Maylone 609,0.0,0.0,0.0,0.0011622390891840608,0.0,2.186843946815955e-05,0.0,0.0,0.0,0.0,0.0,0.0,0.0,0.0,0.0
Mechalla 610,0.0,0.0,0.0,0.0,0.0,0.0001749475157452764,0.0,0.0,0.0,0.0,0.0,0.0,0.0,0.0,0.0
Medaman 611,0.0,0.0,0.0,0.0,0.0,0.0003498950314905528,0.0,0.0,0.0,0.0,0.0,0.0,0.0,0.0,0.0
Medda 612,0.0,0.0,0.0,0.0,0.0,0.0,0.0,0.0,0.0,0.0,0.0,0.0,0.0,0.0,0.0030441400304414
Mekelroy Pinch 613,0.0,0.0,0.0,0.0,0.0,0.0,0.0,0.0,0.0,0.0,0.0,0.0,0.0,0.0,0.033866057838660577
Melongel 614,0.0,0.0,0.0,0.0,0.0,0.0,0.015294859665720592,0.0,0.0,0.0,0.0,0.0,0.0,0.0,0.0
Menolly Nolly Monolly 615,0.0,0.0024906367435053108,0.0,0.0,0.0,6.164947696583742e-05,0.0,0.0,0.0,0.07948337727241074,0.11775122719846694,0.013559842224990378,0.007111639287763146,0.0008867094123468274,5.035822877296365e-05
Mercia 616,0.0,0.0,0.0,0.0,0.0004306632213608958,8.74737578726382e-05,0.0,0.0,0.0,0.0,0.0,0.0,0.0,0.0,0.0
Merdine 617,0.0,0.0,0.0,0.0,0.0,0.0,0.0007883948281299275,0.0,0.0,0.0,0.0,0.0,0.0,0.0,0.0
Merelan 618,0.0,0.0,0.0,0.0,0.0,0.0,0.05282431400347359,0.0,0.0,0.0,3.5842679311963926e-06,0.0,0.0,0.0,0.0
Merika 619,0.0,0.0,0.0,0.0,0.0,0.0,0.0,0.0,0.0007751937984496124,0.0,0.0,0.0,8.704735376044568e-05,0.0,0.0
Merin 620,0.0,0.0,0.0,0.0,0.0011484352569623886,5.83158385817588e-05,0.0,0.0,0.0,0.0,0.0,0.0,0.0,0.0,0.0
Meron 621,0.0,0.0,0.0,0.0,0.0,2.91579192908794e-05,0.0,0.0008401596303297626,0.011649000685545535,0.0,1.033220092411205e-06,0.014965473175313129,3.78981676235954e-05,5.261191870406321e-07,0.0
Mesla 622,0.0,0.0,0.0012251899044351876,0.0,0.0,0.0,0.0,0.0,0.0,0.0,0.0,0.0,0.0,0.0,0.0
Miata 623,0.0,0.0,0.0,0.0,0.0,0.0,0.0001576789656259855,0.0,0.0,0.0,0.0,0.0,0.0,0.0,0.0
Mibbut 624,0.0,0.0,0.0,9.487666034155598e-05,0.0,8.74737578726382e-05,0.0,0.0,0.0,0.0,0.0,0.0,0.0,0.0,0.0
Michael 625,0.00016131634134537829,0.0,0.0,0.0,0.0,0.0,0.0,0.0,0.0,0.0,0.0,0.0,0.0,0.0,0.0
Mick 626,0.00048394902403613486,0.0,0.0,0.0,0.0,0.0,0.0,0.0,0.0,0.0,0.0,0.0,0.0,0.0,0.0
Mickulin 627,0.0,0.0,0.0,0.0,0.0,0.0,0.0,0.0,0.0,0.0,0.0,0.0,0.0,0.0,0.00076103500761035
Milla 628,0.0,0.0,0.00032671730784938327,0.0,0.0,0.0,5.255965520866183e-05,0.0,0.0,0.0,0.0,0.0,0.0,0.0,0.0
Minnarden 629,0.0,0.0,0.0,0.0,0.0,0.0,0.005518763796909493,0.0,0.0,0.0,0.0,0.0,0.0,0.0,0.0
Miridan 630,0.0,0.0,0.0,0.00018975332068311195,0.0,0.0001749475157452764,0.0,0.0,0.0,0.0,0.0,0.0,0.0,0.0,0.0
Mirrim 631,0.0,0.0014599725174773309,0.0,0.0,0.0,1.3694521780452165e-06,0.0,0.0,0.0010571897159982536,0.012452717786439733,9.511286330141503e-06,0.0011227901297815469,0.002126272151933235,0.002135842100244732,0.0029491968176524374
Miskin 632,0.0,0.0,0.0,0.0,0.0,0.0,0.0,0.0,0.0,0.0,0.0,0.0,0.0,0.0006187161639597834,0.0
Mislue 633,0.0,0.0002984183825723665,0.0,0.0,0.0,0.0,0.0,0.0,0.0,0.0,0.0,0.0,0.0,0.0,0.0
Moreta Moretta 634,0.0,0.0,0.0,0.2001495608451629,0.0012218478904770732,2.362160550147192e-06,1.1975617642479911e-06,1.3027791736126066e-05,1.4537155151422642e-07,0.0,1.6405965619248298e-05,0.0,0.0,0.0,1.4450031790069937e-06
Morif 635,0.0,0.0,0.0,0.0,0.0,0.0,0.0001576789656259855,0.0,0.0,0.0,0.0,0.0,0.0,0.0,0.0
Morilton 636,0.0,0.0,0.0,0.0,0.0,0.0,0.0,0.0,0.0,0.0,0.0,0.0,0.0,0.0025503178465659366,0.0010441029067824925
Morin 637,0.0,0.0,0.0007351139426611125,0.0,0.0,0.0,0.0,0.0,0.0,0.0,0.0,0.0,0.0,0.0,0.0
Morshal Morshall 638,0.0,0.0,0.0,0.0,0.0,0.0,0.0,0.0,0.0,0.0,0.01275820170109356,0.0,0.0,0.0,0.0
Mosser 639,0.0,0.0,0.0,0.0,0.0,0.0,0.000630715862503942,0.0,0.0,0.0,0.0,0.0,0.0,0.0,0.0
Mostar 640,0.0,0.0,0.0,1.8975332068311197e-05,0.004220499569336778,6.997900629811057e-05,0.0,0.0,0.0,0.0,0.0,0.0,0.0,0.0,0.0
Mumolon 641,0.0,0.0,0.0,0.0,0.0,0.0,0.0017344686218858404,0.0,0.0,0.0,0.0,0.0,0.0,0.0,0.0
Munchaun 642,0.0,0.0,0.0,0.0,0.01125466551823141,1.166316771635176e-05,0.0,0.0,0.0,0.0,0.0,0.0,0.0,0.0,0.0
Murda 643,0.0,0.0,0.0,0.0,0.0,0.001224632610216935,0.0,0.0,0.0,0.0,0.0,0.0,0.0,0.0,0.0
Murfytwen 644,0.0,0.0,0.0,0.0,0.0,0.0,0.000315357931251971,0.0,0.0,0.0,0.0,0.0,0.0,0.0,0.0
Murolin 645,0.0,0.0,0.0,0.0,0.0,0.0,0.0,0.0,0.0,0.0,0.0,0.0,0.0,0.0,0.0001902587519025875
N’bil 646,0.0,0.0,0.0,0.0,0.0,0.0,0.0,0.0,0.0,0.0,0.0,0.0,0.0,0.0,0.000380517503805175
N’gent 647,0.0,0.0,0.0,0.00018975332068311195,0.0,0.0,0.0,0.0,0.0,0.0,0.0,0.0,0.0,0.0,0.0
N’men 648,0.0,0.0,0.0,9.487666034155598e-05,0.0,8.74737578726382e-05,0.0,0.0,0.0,0.0,0.0,0.0,0.0,0.0,0.0
N’mool 649,0.0,0.0,0.0,9.487666034155598e-05,0.0,8.74737578726382e-05,0.0,0.0,0.0,0.0,0.0,0.0,0.0,0.0,0.0
N’ran N’nan 650,0.0,0.0,0.000490075961774075,0.0,0.0,0.0,0.0,0.0,0.0,0.0,0.0,0.0,0.0,0.0,0.0
N’ton 651,0.0,5.067481968209996e-06,0.0,0.0,0.0,0.000190131639753357,0.0,4.815065805899348e-05,0.002632733655111891,0.0003715941491935069,2.2925789220293906e-06,0.0008718675046084425,0.014211383822988387,0.0015981555253980065,0.0015637115533729646
Nabhi Nabol 652,0.0023312030681640382,4.487494474772428e-06,0.0,0.00018261973719878443,3.2380693335405697e-06,3.222717395307723e-05,0.00013337506490919824,0.00026649800304163053,0.0034511342956875394,0.0,1.1419801021387002e-06,0.006177268898387046,2.617965526629945e-06,2.093400554751147e-05,0.0
Nadira 653,0.0,0.0,0.0,0.0,0.0,0.0,0.0,0.0,0.0004593741027849555,0.0,0.0,0.0,0.0,0.0,0.00012683916793505834
Nadona 654,0.0,0.0,0.0044106836559666745,0.0,0.0,0.0,0.0,0.0,0.0,0.0,0.0,0.0,0.0,0.0,0.0
Nalka 655,0.0,0.0,0.0,0.0,0.007751937984496124,0.0,0.0,0.0,0.0,0.0,0.0,0.0,0.0,0.0,0.0
Namurra 656,0.0,0.0,0.0,9.487666034155598e-05,0.0,8.74737578726382e-05,0.0,0.0,0.0,0.0,0.0,0.0,0.0,0.0,0.0
Naprila 657,0.0,0.0,0.0,0.0,0.0,0.0,0.000630715862503942,0.0,0.0,0.0,0.0,0.0,0.0,0.0,0.0
Nataly 658,0.0,0.0,0.0,0.0,0.0,0.0,0.0,0.0,0.0,0.0,0.0,0.0,0.0,0.0009280742459396752,0.0
Naton 659,0.0,0.0,0.0,0.0,0.0,0.0,0.0,0.000630119722747322,0.0,0.0,0.0,0.0,0.0,0.0,0.0
Nattai 660,0.0,0.0,0.0,9.487666034155598e-05,0.0,8.74737578726382e-05,0.0,0.0,0.0,0.0,0.0,0.0,0.0,0.0,0.0
Naylor 661,0.0,0.0,0.0,0.0,0.0,0.0,0.0001576789656259855,0.0,0.0,0.0,0.0,0.0,0.0,0.0,0.0
Nazer 662,0.0,0.0005142955103906742,0.0,0.0,0.0,0.005374983249705939,0.0,0.0,0.0,0.0,0.0,0.0,0.0,0.0,0.0
Ned Tubberman 663,0.016200971860203823,0.0,3.439129556309298e-05,0.0,0.0,0.0,0.0,0.0,0.0,0.0,0.0,0.0,0.0,0.0,1.5020427781783224e-05
Neilla 664,0.0,0.0,0.0,0.0,0.0,0.0,0.0001576789656259855,0.0,0.0,0.0,0.0,0.0,0.0,0.0,0.0
Neldama 665,0.0,0.0,0.0,0.0,0.0,0.0,0.0,0.0,0.0,0.0,0.0,0.0,0.0,0.0,0.001141552511415525
Nera 666,0.0,0.0,0.0,9.487666034155598e-05,0.0,0.0,0.0,0.0,0.0,0.0,0.0,0.0,0.0,7.733952049497293e-05,0.0
Nessel 667,0.0,6.782235967553784e-06,0.0,0.0,0.0,0.0,0.0,0.00011456722231769491,0.0014133583901025763,0.0,0.0,3.429237680463633e-05,3.956697898202076e-06,0.0010159600646839626,0.0
Nesso 668,0.0,0.0,0.0,0.016131213330716047,0.0,2.01089098557789e-06,0.0,0.0,0.0,0.0,0.0,0.0,0.0,0.0,0.0
Nia 669,0.0,0.0,0.0,0.0,0.0034453057708871662,1.9438612860586267e-05,0.0,0.0,0.0,0.0,0.0,0.0,1.9343856391210152e-05,1.7186560109993984e-05,0.0
Nicat 670,0.0,0.0020584778226420382,0.0,0.0,0.0,2.8562859713514512e-05,0.0,0.0,7.031236267116665e-06,0.0006735918590021933,2.7896942495102537e-05,6.15863093634285e-05,0.003133704735376044,5.6820872200388277e-05,0.0
Nika 671,0.0,0.0002984183825723665,0.0,0.0,0.0,0.0,0.0,0.0,0.0,0.0,0.0,0.0,0.0,0.0,0.0
Niness 672,0.0,0.0,0.0,0.0,0.0,0.0,0.0,0.0,0.0,0.0,0.0,0.0,0.0,0.0,0.0001902587519025875
Nip 673,0.0,0.0,0.0,0.0,0.0,0.0,0.0,0.0,0.0,0.0,0.0,0.0,0.0,0.0,0.000380517503805175
Nora Sejby 674,0.0019357960961445394,0.0,0.0,0.0,0.0,0.0,0.0,0.0,0.0,0.0,0.0,0.0,0.0,0.0,0.0
Norist 675,0.0,0.0,0.0,0.0,0.0,0.0,0.0,0.0,0.0,0.0,0.0,0.0,0.0,0.0061015357419069716,0.00027519569471624265
Norman 676,0.0,0.0,0.0,0.004770005888896159,2.970091181799281e-05,6.032672956733669e-06,0.0,0.0,0.0,0.0,0.0,0.0,0.0,0.0,0.0
Nurevin 677,0.0,0.0,0.0,0.0,0.0,0.0,0.0,0.0,0.0,0.0,0.0,0.0,0.0,0.0026295436968290795,0.0
Nyassa Clissmann 678,0.0019357960961445394,0.0,0.0,0.0,0.0,0.0,0.0,0.0,0.0,0.0,0.0,0.0,0.0,0.0,0.0
O’ney 679,0.0,0.0,0.0012251899044351876,0.0,0.0,0.0,0.0,0.0,0.0,0.0,0.0,0.0,0.0,0.0,0.0
Ogolly 680,0.0,0.0,0.0,0.0,0.0,0.0,0.00315357931251971,0.0,0.0,0.0,0.0,0.0,0.0,0.0,0.0
Oharan 681,0.0,0.0,0.0,0.0,0.0,0.0,0.0,0.0,0.0,0.00537160602627051,0.0,0.0011751733743434988,6.695950289265053e-06,0.0,0.0
Oklina 682,0.0,0.0,0.0,0.01096840003948624,0.025809920688264553,1.0112573164466844e-06,0.0,0.0,0.0,0.0,0.0,0.0,0.0,0.0,0.0
Oldive 683,0.0,0.0012858197164095449,0.0,0.0,0.0,4.0143764236168244e-05,8.754979394530639e-05,0.0,0.0,0.0,0.0006746546697462127,0.0026715024422875326,0.0006751718260512756,0.005110981116449657,0.0024922279569336105
Olodkey 684,0.0,0.0,0.0,0.0,0.0,0.0,0.0,0.0,0.0,0.0,0.0,0.007544322897019992,0.0,0.0,0.0
Olos 685,0.0,0.00014920919128618324,0.0,0.0,0.0,0.0,0.0,0.0,0.0,0.0,0.0,0.0,0.0,7.733952049497293e-05,0.0
Oma 686,0.0,0.0,0.0,0.0011385199240986717,0.0,0.0,0.0,0.0,0.0,0.0,0.0,0.0,0.0,0.0,0.0
Orna 687,0.0,0.0,0.0,0.0032357934684909616,0.0,9.207763986593495e-06,0.0,0.0,0.0,0.0,0.0,0.0,0.0,0.0,0.0
Osemore 688,0.0,0.0,0.0,0.0,0.0,0.0005248425472358292,0.0,0.0,0.0,0.0,0.0,0.0,0.0,0.0,0.0
Oterel 689,0.0,0.00011428789119792757,0.0,0.0,0.0,1.6750294060717952e-05,0.0001358723001670726,0.0,0.0012388439899573003,0.0,0.0,0.0004855654630528825,0.0,0.002502838524954337,0.0
Otto Hegelman 690,0.0035489595095983223,0.0,0.0,0.0,0.0,0.0,0.0,0.0,0.0,0.0,0.0,0.0,0.0,0.0,0.0
Ozzie Munson Oz 691,0.005000806581706727,0.0,0.0,0.0,0.0,0.0,0.0,0.0,0.0,0.0,0.0,0.0,0.0,0.0,0.0
P’leen 692,0.0,0.0,0.0,0.00042694497153700185,0.0,4.37368789363191e-05,0.0,0.0,0.0,0.0,0.0,0.0,0.0,0.0,0.0
P’nine 693,0.0,0.0,0.0,0.00025300442757748257,0.0,5.83158385817588e-05,0.0,0.0,0.0,0.0,0.0,0.0,0.0,0.0,0.0
P’ratan 694,0.0,0.0,0.0,0.0,0.0,0.002285980872404945,0.0,0.0,1.1484352569623887e-05,0.0,0.0,0.0,0.0,0.0,0.0
P’tero 695,0.0,0.0,0.029894633668218575,0.0,0.0,0.0,0.0,0.0,0.0,0.0,0.0,0.0,0.0,0.0,0.0
P’zar 696,0.0,0.0,0.0,0.0,0.0,0.0,0.0,0.0,0.0017226528854435831,0.0,0.0,0.0,0.0,0.0,0.0
Palim 697,0.0,0.0,0.0,0.0,0.0,0.0,0.0,0.0,0.0,0.0,0.00212636695018226,0.0,0.0,0.0,0.0
Palla 698,0.0,0.0,0.0,0.0,0.0,0.0,0.0,0.0,0.0,0.0,0.0,0.0,0.0,0.0,0.0030441400304414
Pardure 699,0.0,0.0020889286780065653,0.0,0.0,0.0,0.0,0.0,0.0,0.0,0.0,0.0,0.0,0.0,0.0,0.0
Parren 700,0.0,0.0008952551477170994,0.0,0.0,0.0,0.0,0.0,0.0,0.0,0.0,0.0,0.0,0.0,0.0,0.0
Pat Hempenstall 701,0.00048394902403613486,0.0,0.0,0.0,0.0,0.0,0.0,0.0,0.0,0.0,0.0,0.0,0.0,0.0,0.0
Patrice de Broglie 702,0.004032908533634457,0.0,0.0,0.0,0.0,0.0,0.0,0.0,0.0,0.0,0.0,0.0,0.0,0.0,0.0
Patry 703,0.0,0.0,0.0,0.0,0.0,0.0,0.0001576789656259855,0.0,0.0,0.0,0.0,0.0,0.0,0.0,0.0
Patsy Swann 704,0.00016131634134537829,0.0,0.0,0.0,0.0,0.0,0.0,0.0,0.0,0.0,0.0,0.0,0.0,0.0,0.0
Paul Benden 705,0.01918598708403516,0.00018353178603850044,0.0015012807465637655,0.0003323247346017745,3.310804344396075e-05,0.0025899587481113024,0.0014095457804067077,0.00047306285491540686,0.005331326158199544,0.00035682163341737807,0.0002364454369314637,0.0004386128867456668,0.002512087296209859,0.0005365922767314879,0.001785461260347105
Paul Logorides 706,0.06550832785964089,0.0,0.0,0.0,0.0,4.185347266633407e-07,0.0,0.0,0.0,1.3051524809643508e-06,7.267146104519001e-07,9.024309685430612e-07,0.0,3.7004555260752593e-07,4.5516447823585526e-07
Paulin 707,0.0,0.0,0.06174957118353345,0.0,0.0,0.0,0.0,0.0,0.0,0.0,0.0,0.0,0.0,0.0,0.0
Pell 708,0.0,0.0,0.0,0.0,0.0,2.186843946815955e-05,0.0,0.0,0.0,0.0,0.0,0.0,0.0,0.0009474091260634184,0.0
Pellomar 709,0.0,0.0,0.0,0.0,0.0,0.0,0.0,0.0,0.0003445305770887166,0.0,0.0,0.0,0.0,0.0,0.0
Pendora 710,0.0,0.0,0.0,0.0,0.0,0.0001749475157452764,0.0,0.0,0.0,0.0,0.0,0.0,0.0,0.0,0.0
Pendra 711,0.0,0.0,0.0,0.002208038640676212,0.0009787800485474905,7.952159806603473e-06,0.0,0.0,0.0,0.0,0.0,0.0,0.0,0.0,0.0
Pergamol 712,0.0,0.0,0.0,0.0,0.0,0.0,0.0,0.0,0.0,0.0,0.004556500607533414,0.0,0.0,0.0,0.0
Perschar Pershar 713,0.0,5.96836765144733e-06,0.0,0.0,0.0,0.0061721483554933515,0.0,0.0,0.0,0.0,0.0,0.0,0.0,0.00015158546017014695,0.0
Persellan 714,0.0,0.027720936181097326,0.0,0.0,0.0,0.0,0.0,0.0,0.0,0.0,0.0,0.0,0.0,0.0,0.00016987388562731028
Pessia 715,0.0,0.0,0.0,0.0,0.0,0.0,0.001261431725007884,0.0,0.0,0.0,0.0,0.0,0.0,0.0,0.0
Petan 716,0.0,0.0,0.0,0.0,0.0,0.0,0.0,0.0,0.0,0.0,0.0,0.0,0.0,0.0,0.0005707762557077625
Peter Semling 717,0.006452653653815131,0.0,0.0,0.0,0.0,0.0,0.0,0.0,0.0,0.0,0.0,0.0,0.0,0.0,0.0
Peterpar 718,0.0,0.0,0.0,0.0038036915646023806,0.0,7.952159806603473e-06,0.0,0.0,0.0,0.0,0.0,0.0,0.0,0.0,0.0
Petey Pete 719,0.0032263268269075657,0.0,0.0,0.0,0.0,0.0,0.0,0.0,0.0,0.0,0.0,0.0,0.0,0.0,0.0
Peth 720,0.0,0.0,0.0,0.0,0.0011484352569623886,5.83158385817588e-05,0.0,0.0,0.0,0.0,0.0,0.0,0.0,0.0,0.0
Petillo 721,0.0,0.0,0.0,0.0,0.0,0.0,0.0,0.0,0.0,0.0,0.00030376670716889426,0.0,0.0,0.0,0.0
Petiron 722,0.0,6.062675943908122e-06,0.0,0.0,0.0,0.0,0.031820896627378616,0.0,0.0,0.006927177812341831,0.002986925003222807,0.0,0.0,0.0,0.0
Phas Radamanth 723,0.004516857557670592,0.0,0.0,0.0,0.0,0.0,0.0,0.0,0.0,0.0,0.0,0.0,0.0,0.0,0.0
Piemur 724,0.0,3.4175261403156945e-06,0.0,0.0,0.0,0.025855367530830998,0.0,0.0,0.0,0.0,0.011381997975074153,0.09745775671649501,0.0027000230956606957,0.010177852554666428,8.715471914914681e-06
Pierre de Courcis 725,0.001172069486578515,0.0002578128575139235,0.0002333947074971567,0.0002561464912029049,6.69713864751285e-05,0.00015114256219894291,8.718318617765074e-05,0.005269597335804818,0.0010451256922701998,0.00023094715434221892,0.00011087812853465039,0.00015968545224793936,0.0025283214111673294,6.547968041906995e-05,0.00014834429683981444
Pilgra 726,0.0,0.0,0.0,0.0,0.0,0.0,0.0,0.0,0.00041015544891513883,0.0,0.0,0.0,0.0,0.0,0.004638689570196419
Pol Nietro 727,0.034479145099603314,0.0,0.0,0.0,0.00098001315727007,1.1020315952458355e-05,0.0,0.0,0.0,0.0,0.0,0.0,0.0,0.0,0.0
Pona 728,0.0,0.0,0.0,0.0,0.0,0.0,0.0,0.0,0.0,0.0,0.023693803159173753,0.0,0.0,0.0,0.0
Porrig Connell 729,0.0054524923374737865,0.0,4.90075961774075e-05,0.0,0.0,0.0,0.0,0.0,0.0,0.0,0.0,0.0,0.0,3.093580819798917e-05,0.0
Possil 730,0.0,0.0,0.0,0.0,0.0,0.0,0.0,0.0,0.0,0.0,0.0,0.0,0.0,0.0,0.000380517503805175
Pragal 731,0.0,0.0,0.0,0.0,0.0,0.0,0.0004730368968779565,0.0,0.0,0.0,0.0,0.0,0.0,0.0,0.0
Pressen 732,0.0,0.0,0.0,0.007215370018975332,0.0,4.3736878936319105e-06,0.0,0.0,0.0,0.0,0.0,0.0,0.0,0.0,0.0
Prilla 733,0.0,0.0,0.0,0.0,0.0,0.0,0.0,0.0,0.0,0.0,0.0,0.0,0.0001392757660167131,0.0,0.0003424657534246575
Quitrin 734,0.0,0.0,0.0,0.00025300442757748257,0.0,5.83158385817588e-05,0.0,0.0,0.0,0.0,0.0,0.0,0.0,0.0,0.0
R’gul Rangul 735,0.0,0.0,0.0,0.0,0.0,0.0,0.000906839121557898,0.04375930018252764,8.087572232129498e-07,0.0,0.0,0.0,0.0,0.0,2.2330839425186328e-05
R’limeak 736,0.0,0.0,0.0,0.0006072106261859583,0.0,3.4989503149055284e-05,0.0,0.0,0.0,0.0,0.0,0.0,0.0,0.0,0.0
R’mart 737,0.0,0.0016601666340807515,0.0,0.0,0.0,8.04356394231156e-06,0.0,0.0,0.002566158781074579,0.0,0.0,0.0,0.00039221336407005414,4.4448000284467205e-05,0.00013996046116971955
R’miel R’mel 738,0.0,0.0,0.0,0.0,0.0,0.0,0.0,0.0,0.0001722652885443583,0.0,0.0,0.0,0.0,0.0,0.0
R’nor 739,0.0,0.0,0.0,0.0,0.0,0.0,0.0,0.0,0.0001722652885443583,0.0,0.0,0.0,0.0,0.0,0.0
R’yar 740,0.0,0.0,0.0,0.0,0.0,0.0,0.000315357931251971,0.0,0.0,0.0,0.0,0.0,0.0,0.0,0.0
Raid 741,0.0,0.0,0.0,0.0,0.0,0.0005183630096156338,0.004346099489587348,2.3337767509160074e-06,0.0025839793281653744,0.0,0.0,2.79419366556296e-06,5.158361704322707e-06,4.583082695998396e-06,1.2683916793505835e-05
Raïd 742,0.0,0.0,0.0,0.0,0.0,0.0,0.0,0.0,0.0001722652885443583,0.0,0.0,0.0,0.0,0.0,0.0
Ram Da 743,1.3009382366562764e-06,8.663759494036445e-05,0.0,0.0,0.0,0.0009174163073658549,0.0,7.685936134317133e-05,0.0039023644800088913,0.0,0.0,0.0,0.00649204780303711,0.005029875508320235,0.0009977076889085286
Ramala 744,0.0,7.1051995850563445e-06,0.0,0.0,0.0,0.004002965776933587,0.0,0.0,0.0,0.0,0.0,0.0,0.0,3.6828343092844247e-06,0.0003669275929549902
Rammany 745,0.0,0.0,0.0,0.0,0.0,0.0,0.0,0.0,0.0,0.0,0.00030376670716889426,0.0,0.0,0.0,0.0
Rampesi 746,0.0,9.325574455386452e-06,0.0,0.0,0.0,0.005253892582225332,0.0,0.0,0.0,0.0,0.0,0.0,0.0,0.0,0.0
Randy 747,0.0,0.0,0.0,0.0,0.0,0.0,0.0,0.0,0.0,0.0,0.00030376670716889426,0.0,0.0,0.0,0.0
Ranly 748,0.0,0.0,0.0,0.0,0.0,0.0,0.0,0.0,0.0,0.0,0.006513115574297763,0.0005436350322852641,0.0,0.0,0.0
Rannelly Rannely 749,0.0,0.0,0.0,0.0,0.0,0.0,0.0,0.0,0.0024117140396210162,0.0,0.0,0.0,0.0,0.0,0.0
Ranneth 750,0.0,0.0,0.0,0.0,0.0,0.0,0.0,0.0,0.0,0.0,0.0,0.0,0.0,0.0,0.00076103500761035
Ranrel 751,0.0,0.0,0.0,0.0,0.0,0.0,0.0,0.0,0.0,0.0,0.0,0.0,0.0,0.006970868780613561,0.00020294266869609333
Rapal 752,0.0,0.0,0.0,9.487666034155598e-05,0.0,8.74737578726382e-05,0.0,0.0,0.0,0.0,0.0,0.0,0.0,0.0,0.0
Rasa 753,0.0,0.0,0.0,0.0,0.0,0.0,0.0004730368968779565,0.0,0.0,0.0,0.0,0.0,0.0,0.0,0.0
Ratoshigan Ratoshinga 754,0.0,0.0,0.0,0.007721500510874324,0.00026502352083747436,1.345750121117511e-05,0.0,0.0,0.0,0.0,0.0,0.0,0.0,0.0,0.0
Readis 755,0.0,0.11563898836168307,0.0,0.0,0.0,0.0037419633484954513,0.0,0.0,0.0,0.0,0.0,0.0,0.0,0.00010658352668213458,4.756468797564688e-06
Red Hanrahan 756,0.010745684787869011,0.0,7.657436902719922e-05,0.0,0.0,0.0,0.0,0.0,0.0,0.0,0.0,0.0,0.0,7.733952049497293e-06,0.0
Relna 757,0.0,0.0,0.0,0.0,0.0,0.0,0.0004730368968779565,0.0,0.0,0.0,0.0,0.0,0.0,0.0,0.0
Rency 758,0.0,0.0,0.0,0.0,0.0,0.0,0.0,0.0,0.0,0.0,0.0,0.0,0.0,0.0,0.0020928462709284626
René Mallibeau 759,0.00032263268269075657,0.0,0.0,0.0,0.0,0.0,0.0,0.0,0.0,0.0,0.0,0.0,0.0,0.0,0.0
Ricardy 760,0.0,0.0,0.0,0.0,0.0,0.0,0.0001576789656259855,0.0,0.0,0.0,0.0,0.0,0.0,0.0,0.0
Richud 761,0.0,0.0,0.004165645675079637,0.0,0.0,0.0,0.0,0.0,0.0,0.0,0.0,0.0,0.0,0.0,0.0
Rill Nerilka 762,0.0,0.0,0.0,0.0018767383223726962,0.04672990926574871,7.668932197053211e-05,0.0,0.0,0.0,0.00045213700124804753,0.0,0.0,0.0,0.0,0.0
Riller 763,0.0,0.0,0.0,0.0,0.0,0.0,0.0,0.0,0.0,0.0,0.0,0.0,0.0,0.0,0.0005707762557077625
Robina 764,0.0,0.0008952551477170994,0.0,0.0,0.0,0.0,0.0,0.0,0.0,0.0,0.0,0.0,0.0,0.0,0.0
Robinton Rob Robie 765,0.0,0.00018690280893177133,0.0,0.0,0.0,0.002229328366219366,0.1378533504254292,0.0002604804524427546,0.0020726537523868415,0.00017880922030672587,0.00206917922873056,0.0010910070580167413,0.010308904329750679,0.009770347453332606,5.874447996084996e-05
Roblyn 766,0.0,0.0,0.0,0.0,0.0,0.0,0.0001576789656259855,0.0,0.0,0.0,0.0,0.0,0.0,0.0,0.0
Robse 767,0.0,0.0018651148910772903,0.0,0.0,0.0,1.0934219734079775e-05,0.0,0.0,0.0,0.0,0.0,0.0,0.0,3.8669760247486464e-05,0.00010702054794520547
Rokayas 768,0.0,0.0,0.0,0.0,0.0,0.0,0.0,0.0,0.0,0.0,0.0,0.009053187476423991,0.0,0.0,0.0
Ronchin 769,0.0,0.0,0.0,0.0,0.0,0.0,0.0,0.0,0.0,0.0,0.0,0.0,0.0,0.0,0.0005707762557077625
Rosheen 770,0.0,0.0,0.0,0.0,0.0,0.0,0.0,0.0,0.0,0.0,0.0,0.0,0.0,0.0,0.008751902587519025
Rudi Shwartz Rudolph 771,0.002097112437489918,0.0,0.0,0.0,0.0,0.0,0.0,0.0,0.0,0.0,0.0,0.0,0.0,0.0,0.0
Rulyar 772,0.0,0.0,0.0,0.0,0.0,0.0,0.000946073793755913,0.0,0.0,0.0,0.0,0.0,0.0,0.0,0.0
Runel 773,0.0,0.0,0.0,0.0032619499412668293,4.101554489151388e-05,8.330834083108399e-06,0.0,0.0,0.0,0.0,0.0,0.0,0.0,0.0,0.0
S’bran 774,0.0,0.0,0.0,0.0,0.0,0.0,0.001261431725007884,0.0,0.0,0.0,0.0,0.0,0.0,0.0,0.0
S’dra 775,0.0,0.0,0.0,0.0,0.0,0.0,0.0,0.0,0.0,0.0,0.0,0.0,0.0,0.0,0.000380517503805175
S’gar 776,0.0,0.0,0.0,0.0,0.0,0.0,0.0,0.0,0.0,0.0,0.0,0.0,0.0,0.00015467904098994585,0.0
S’gor 777,0.0,0.0,0.0,0.005698529411764706,0.0,5.467109867039888e-06,0.0,0.0,0.0,0.0,0.0,0.0,0.0,0.0,0.0
S’goral 778,0.0,0.0,0.0,0.0,0.0,0.0,0.0,0.0,0.0008613264427217916,0.0,0.0,0.0,0.0,0.0,0.0
S’lan Selessan Sellie 779,0.0,0.0,0.0,0.0,0.0,0.0,0.0,0.0007351396765385423,0.0,0.0,0.0,0.0,0.0,0.0,0.0017757483510908167
S’lel 780,0.0,0.0,0.0,0.0,0.0,0.0,0.000304095147992972,0.007681459477300687,4.101554489151388e-06,0.0,0.0,0.0,0.0,0.0,0.0
S’len 781,0.0,0.0,0.0,0.0,0.0,0.0,0.0,0.0,0.0,0.0,0.0,0.0,0.0,0.004640371229698376,0.0
S’ligar 782,0.0,0.0,0.0,0.007418030978332819,0.0,1.6274187511188502e-05,0.0,0.0,0.0,0.0,0.0,0.0,0.0,0.0,0.0
S’loner 783,0.0,0.0,0.0,0.0,0.0,0.0,0.009303058971933145,0.0,0.0,0.0,0.0,0.0,0.0,0.0,0.0
S’mon Thomas 784,0.0,0.0,0.0031854937515314874,0.0,0.0,0.0,0.0,0.0,0.0,0.0,0.0,0.0,0.0,0.0,0.0
S’nan 785,0.0,0.0,0.0215633423180593,0.0,0.0,0.0,0.0,0.0,0.0,0.0,0.0,0.0,0.0,0.0,0.0
S’peren 786,0.0,0.0,0.0,0.008407531747190191,6.625588020936859e-05,1.345750121117511e-05,0.0,0.0,0.0,0.0,0.0,0.0,0.0,0.0,0.0
S’rond 787,0.0,0.0,0.0,0.0,0.0,0.0,0.0,0.0,0.0,0.0,0.0,0.0,0.0,0.00015467904098994585,0.0
Sabra Ongola Stein 788,0.03436038070656557,0.0,0.0,0.0,0.0,0.0,0.0,0.0,0.0,0.0,0.0,0.0,0.0,0.0,0.0
Saday 789,0.0,0.0,0.0,0.0,0.0,0.0,0.001261431725007884,0.0,0.0,0.0,0.0,0.0,0.0,0.0,0.0
Sagassy 790,0.0,0.0,0.0,0.0,0.0,0.0,0.0,0.0,0.0,0.0,0.0,0.0,0.0,0.0,0.003995433789954338
Sal 791,0.00016131634134537829,0.0,0.0,0.0,0.006513781223083549,1.0934219734079775e-05,0.0,0.0,0.0,0.0,0.0,0.0,0.0,0.0,0.0
Salda 792,0.0,0.0,0.006370987503062975,0.0,0.0,0.0,0.0,0.0,0.0,0.0,0.0,0.0,0.0,0.0,0.0
Sallah Telgar-Andiyar 793,0.04398592832974485,0.0,0.0,0.0,0.0,5.518849077138057e-07,0.0,0.0,0.0,0.0,0.0,0.0,0.0,0.00023616610674805614,0.0
Sallisha 794,0.0,0.0,0.006616025483950012,0.0,0.0,0.0,0.0,0.0,0.0,0.0,0.0,0.0,0.0,0.0,0.0
Saltor 795,0.0,0.0,0.0,0.0,0.0,0.0,0.000630715862503942,0.0,0.0,0.0,0.0,0.0,0.0,0.0,0.0
Samvel 796,0.0,0.004604169331116511,0.0,0.0,0.0,0.0,0.0,0.0,0.0,0.0,0.0,0.0,0.0,0.0,8.153946510110893e-05
Saneter 797,0.0,0.0,0.0,0.0,0.0,0.013720388833844896,0.0,0.0,0.0,0.0,0.0,0.0005378131174113262,0.0,0.0,0.0
Sangel 798,0.0,1.1052532687865425e-05,0.0,0.0,0.0,2.591815048078169e-05,1.3139913802165458e-05,0.0,0.0024260694803330462,0.0,4.500247513613248e-05,0.0,0.0008527416692458476,0.0005728853369997995,0.00029771971362534523
Sanra 799,0.0,0.0,0.0,0.0,0.0,0.0,0.0,0.0,0.0,0.012002182214948172,0.0,0.0,0.0,0.0,0.0
Sarah 800,0.00016131634134537829,0.0,0.0,0.0,0.0,0.0,0.0,0.0,0.0,0.0,0.0,0.0,0.0,0.0,0.0
Sarai 801,0.0,0.0,0.001470227885322225,0.0,0.0,0.0,0.0,0.0,0.0,0.0,0.0,0.0,0.0,0.0,0.0
Sarra 802,0.0,0.0,0.004165645675079637,0.0,0.0,0.0,0.0,0.0,0.0,0.0,0.0,0.0,0.0,0.0,0.0
Scallak 803,0.0,0.0,0.0,0.0,0.0,0.0006997900629811056,0.0,0.0,0.0,0.0,0.0,0.0,0.0,0.0,0.0
Scand 804,0.0,0.0,0.0,0.001913345983554712,0.0,1.45789596454397e-05,0.0,0.0,0.0,0.0,0.0,0.0,0.0,0.0,0.0
Sch’gall 805,0.0,0.0,0.0,0.00018975332068311195,0.0,0.0,0.0,0.0,0.0,0.0,0.0,0.0,0.0,0.0,0.0
Sean Connell O’Connell 806,0.08648914492438807,0.0,1.5923045689410378e-05,0.0,0.0,0.0,0.0,0.0,0.0,0.0,0.0,0.0,0.0,2.5128364059738496e-06,0.0
Sebell Sebel Sevell 807,0.0,0.000577170224172915,0.0,0.0,0.0,0.0002947539806825861,0.0003615923557478426,0.0,8.062081316784678e-06,5.21063741206398e-07,0.01267319344397753,0.0382894202580562,0.0005593644661893778,0.0038294512144225277,0.004034321443160789
Sefal 808,0.0,0.0,0.0,0.0,0.0,0.0,0.0,0.0,0.0,0.0,0.0,0.0,0.0,0.0006187161639597834,0.0
Sefran 809,0.0,0.0,0.0,0.0,0.0,0.0,0.0,0.0,0.0,0.0,0.00030376670716889426,0.0,0.0,0.0,0.0
Segoina 810,0.0,0.0,0.0,0.0,0.0,0.0,0.001576789656259855,0.0,0.0,0.0,0.0,0.0,0.0,0.0,0.0
Sella 811,0.0,0.0,0.0,3.7206533467276853e-06,0.0,3.4303434459858116e-06,3.091744424038931e-06,0.0,0.0,0.023629964806435394,5.9562099444881225e-06,0.0,0.0,0.0,0.0
Sellel 812,0.0,0.0,0.0,0.0,0.0,0.0,0.000630715862503942,0.0,0.0,0.0,0.0,0.0,0.0,0.0,0.0
Semment 813,0.0,0.0,0.0,9.487666034155598e-05,0.0,8.74737578726382e-05,0.0,0.0,0.0,0.0,0.0,0.0,0.0,0.0,0.0
Serubil 814,0.0,0.0,0.0,0.0,0.0,0.0,0.0,0.0,0.0,0.0,0.0,0.0,0.0,0.0,0.0013318112633181126
Sev Ritecamp 815,0.0,0.0,0.0,0.0,0.0,0.0,0.0023744597176618993,0.0,0.0,0.0,0.0,0.0,0.0,0.0,1.11916912883875e-05
Severeid 816,0.0,0.0,0.0,0.0,0.0,0.0,0.0001576789656259855,0.0,0.0,0.0,0.0,0.0,0.0,0.0,0.0
Sh’gall 817,0.0,0.0,0.0,0.03840003450060376,0.0001918408895153081,3.180863922641389e-06,0.0,0.0,0.0,0.0,0.0,0.0,0.0,0.0,0.0
Shadder 818,0.0,0.0,0.0,0.0017250301880282904,0.0,1.5904319613206946e-05,0.0,0.0,0.0,0.0,0.0,0.0,0.0,0.0,0.0
Shankolin Glasstol de Crom 819,0.0,0.0,0.0,0.0,0.0,0.0,0.0,0.0,0.0,0.0,0.0,0.0,0.0,0.0,0.005517503805175038
Shanna 820,0.0,0.0,0.00098015192354815,0.0,0.0,0.0,0.0,0.0,0.0,0.0,0.0,0.0,0.0,0.0,0.0
Sharra Sharrie 821,0.0,3.4170043805996158e-06,0.0,0.0,0.0,0.005008039572860967,0.0,0.0,0.0,0.0,0.0,0.0005547860858113938,0.012128154968211104,0.01531853846017605,0.0017902719199383427
Shavva Fahroud 822,0.001129214389417648,0.0,0.0,0.0,0.0,0.0,0.0,0.0,0.0,0.0,0.0,0.0,0.0,0.0,0.0
Shawan 823,0.0,0.0,0.0,0.0,0.0,0.0,0.0,0.0,0.0,0.0,0.0,0.0,0.0,0.0007733952049497294,0.0
Sheledon Shel 824,0.0,0.0,0.014947316834109287,0.0,0.0,0.0,0.0,0.0,0.0,0.0,0.0,0.0,0.0,0.0,0.0
Sherris 825,0.0,0.0,0.0,0.0,0.0,0.0,0.0,0.0,0.0,0.0,0.0,0.001886080724254998,0.0,0.0,0.0
Sheve 826,0.0,0.0,0.0,0.0,0.0,0.0,0.000630715862503942,0.0,0.0,0.0,0.0,0.0,0.0,0.0,0.0
Shih Lao 827,0.0002903694144216809,0.0,0.00019603038470963,0.0,0.0,0.0,0.0,0.0,0.0,0.0,0.0,0.0,0.0,0.0,0.0
Shonagar 828,0.0,0.0,0.0,0.0,0.0,1.3354772194295908e-06,0.0013914265974323604,0.0,0.0,0.0,0.0083477873725803,0.0035274028812402637,0.0,1.1807560380911896e-06,0.0
Shonagor 829,0.0,0.0,0.0,0.0,0.0,0.0,0.0,0.0,0.0,0.0,0.00030376670716889426,0.0,0.0,0.0,0.0
Shulse 830,0.0,0.0,0.00098015192354815,0.0,0.0,0.0,0.0,0.0,0.0,0.0,0.0,0.0,0.0,0.0,0.0
Shuvin 831,0.0012905307307630263,0.0,0.0,0.0,0.0,0.0,0.0,0.0,0.0,0.0,0.0,0.0,0.0,0.0,0.0
Sicca 832,0.0,0.0,0.0,0.0,0.0,0.0,0.0,0.0,0.0,0.0,0.0,0.0,0.0,0.0,0.0001902587519025875
Sifer 833,0.0,0.0,0.0,0.0,0.0,0.002016061848112233,3.7542610863329876e-06,0.0,0.0013289036544850497,0.0,0.0,0.0,0.0,3.6828343092844247e-06,0.0
Sigomal 834,0.0,0.0,0.0,0.0,0.0,0.0,0.0,0.0,0.0,0.0,0.0,0.0,0.0,0.008043310131477185,0.0
Sigomel 835,0.0,0.0,0.0,0.0,0.0,0.0,0.0,0.0,0.0,0.0,0.0,0.0,0.00017409470752089137,0.0,0.0
Silga 836,0.0,0.0,0.0,3.795066413662239e-05,0.0,3.4989503149055284e-05,0.0,0.0,0.0,0.0,0.0,0.0,0.0,0.00027842227378190254,0.0
Silma 837,0.0,0.0,0.0,0.0,0.0011484352569623886,5.83158385817588e-05,0.0,0.0,0.0,0.0,0.0,0.0,0.0,0.0,0.0
Silon 838,0.0,0.0,0.0,0.0,0.0,0.0,0.0,0.0,0.0001722652885443583,0.0,0.0,0.0,0.0,0.0,0.0
Silton 839,0.0,0.0,0.0,0.0,0.0,0.0,0.0,0.0,0.0,0.0,0.0,0.0,0.0,0.0003093580819798917,0.0
Silvana 840,0.0,0.0,0.0,0.0,0.0,0.0,0.00028031816111286306,0.0,0.0,0.0,3.375185635209936e-05,0.0,0.00030950170225936243,0.0,0.0
Silvina 841,0.0,0.0,0.0,0.0,0.0,5.085683597246407e-07,0.0008874025507322905,0.0,0.0,0.0,0.04273926926446071,0.006004754677918819,1.265223165122757e-05,0.0,0.0
Sim 842,0.0,0.0,0.0,2.6172871818360267e-05,0.02007781638896314,6.032672956733669e-06,0.0,0.0,0.0,0.0,0.0,0.0,0.0,0.0,0.0
Sintary 843,0.0,0.0,0.0,0.0,0.0,0.0,0.0,0.0,0.0,0.0,0.0,0.0,0.0,0.0,0.004375951293759513
Sira 844,3.226326826907566e-05,0.0,0.0,0.0,0.0015503875968992248,3.4989503149055284e-05,0.0,0.0,0.0,0.0,0.0,0.0,0.0,0.0,0.0
Sirrie 845,0.0,0.0,0.0,0.0,0.0,0.0,0.0007883948281299275,0.0,0.0,0.0,0.0,0.0,0.0,0.0,0.0
Sitta 846,0.0,0.0,0.0,0.0,0.0,0.0,0.0017344686218858404,0.0,0.0,0.0,0.0,0.0,0.0,0.0,0.0
Sneel 847,0.0,0.0,0.0,9.487666034155598e-05,0.0,8.74737578726382e-05,0.0,0.0,0.0,0.0,0.0,0.0,0.0,0.0,0.0
Sograny 848,0.0,0.0,0.0,0.0,0.0,0.0,0.0,0.0,0.0031093884582256677,0.0,0.0,0.0,8.704735376044569e-06,0.0,0.0
Solth 849,0.0,0.0,0.0,0.0,0.0,0.0,0.0,0.0,5.7421762848119435e-05,0.0,0.0,0.0,0.0,5.155968032998195e-05,6.341958396752917e-05
Soover 850,0.0,0.0,0.0,9.487666034155598e-05,0.0,8.74737578726382e-05,0.0,0.0,0.0,0.0,0.0,0.0,0.0,0.0,0.0
Soreel 851,0.0,0.0,0.0,0.0,0.0,0.0,0.0,0.0,0.0,0.0032733224222585926,0.0,0.0,0.0,0.0,0.0
Sorka 852,0.06953322253093214,0.0,2.2326923087657172e-06,0.0,0.0,0.0,0.0,0.0,0.0,0.0,0.0,0.0,0.0,1.4093762276988232e-06,0.0
Sousmal 853,0.0,0.0,0.0,0.0,0.0,0.0,0.0,0.0,0.0,0.0,0.0,0.0,0.0,0.0002062387213199278,6.341958396752917e-05
Sparling 854,0.0,0.0,0.0,0.0,0.0,0.0,0.0,0.0,0.0,0.0,0.0,0.0,0.0,0.0,0.0005707762557077625
St’ven 855,0.0,0.0,0.0,0.0,0.0,0.0,0.0,0.0,0.0,0.0,0.0,0.0,0.0,0.0,0.00380517503805175
Stella 856,0.0,0.0,0.0,0.0,0.0,0.0,0.0,0.0,0.0,0.0005455537370430987,0.0,0.0,0.0,0.0,0.0
Stev Kimmer 857,0.010627162087074975,0.0,0.0,0.0,0.0,0.0,0.0,0.0,0.0,0.0,0.0,0.0,0.0,0.0,0.0003572636563504143
Stinar 858,0.0,0.0,0.0,0.0,0.0,0.0,0.0,0.0,0.0,0.0,0.0,0.0,0.0,0.0,0.005707762557077625
Stolla 859,0.0,0.0,0.0,0.0,0.0,0.0,0.000315357931251971,0.0,0.0,0.0,0.0,0.0,0.0,0.0,0.0
Struan 860,0.0,0.0,0.0,0.0,0.0,0.0,0.0001576789656259855,0.0,0.0,0.0,0.0,0.0,0.0,0.0,0.0
Strud 861,0.0,0.0,0.0,0.0,0.0,0.0,0.0,0.0,0.0,0.0,7.594167679222357e-05,0.0008487363259147492,0.0,0.0,0.0
Sucho 862,0.0,0.0,0.0,0.0,0.0,0.0,0.002838221381267739,0.0,0.0,0.0,0.0,0.0,0.0,0.0,0.0
Sue Havers 863,0.0007229361963996582,0.0028294483680935487,0.0,0.0,0.0,0.0,0.0,0.0,0.0,0.0,0.0,0.0,0.0,0.0,0.0
Sufur 864,0.0,0.0,0.0,0.0006072106261859583,0.0,3.4989503149055284e-05,0.0,0.0,0.0,0.0,0.0,0.0,0.0,0.0,0.0
Suriana 865,0.0,0.0,0.0,8.929568032146445e-05,0.0213051628920302,5.145515168978718e-06,0.0,0.0,0.0,0.0,0.0,0.0,0.0,0.0,0.0
Suze 866,0.0,0.0,0.0012251899044351876,0.0,0.0,0.0,0.0,0.0,0.0,0.0,0.0,0.0,0.0,0.0,0.0
Svenda Olubushtu 867,0.0017744797547991611,0.0,0.0,0.0,0.0,0.0,0.0,0.0,0.0,0.0,0.0,0.0,0.0,0.0,0.0
Sydra 868,0.0,0.0,0.00490075961774075,0.0,0.0,0.0,0.0,0.0,0.0,0.0,0.0,0.0,0.0,0.0,0.0
T’bor 869,0.0,6.441630284601743e-05,0.0,0.0,0.0,3.0827756078462804e-06,0.0,0.000867455565456115,0.02458764470853396,2.403320427502638e-06,0.0,8.142551144360784e-05,6.902433337832698e-06,2.7256218676642445e-06,0.0
T’bot 870,0.0,0.0,0.0,0.0,0.0,0.0001749475157452764,0.0,0.0,0.0,0.0,0.0,0.0,0.0,0.0,0.0
T’dam 871,0.0,0.0,0.008331291350159274,0.0,0.0,0.0,0.0,0.0,0.0,0.0,0.0,0.0,0.0,0.0,0.0
T’gellan 872,0.0,0.0037960301087466243,0.0,0.0,0.0,0.00023960203243374813,0.0,0.0,0.0,0.018325183912602967,0.0015858131514003455,4.68591484286956e-06,8.650668696690253e-06,0.00032472991214038324,0.002127116480898494
T’gor 873,0.0,0.0,0.0,0.0,0.0,0.0,0.0,0.0,0.0003445305770887166,0.0,0.0,0.0,0.0,0.0,0.0
T’gran 874,0.0,0.0,0.0,0.0,0.0,0.0,0.0,0.0,0.0,0.005455537370430988,0.0,0.0,0.0,0.0,0.0
T’grel 875,0.0,0.0,0.0,0.0017661655232812726,0.0,5.383000484470044e-05,0.0,0.0,0.0,0.0,0.0,0.0,0.0,0.0,0.0
T’kil 876,0.0,0.0,0.0,0.0,0.0,0.0,0.0,0.000630119722747322,0.0,0.0,0.0,0.0,0.0,0.0,0.0
T’kul T’kull 877,0.0,0.0,0.0,0.0,0.0,0.000435558987476171,0.0,0.0,0.004566812201134575,0.0,0.0,4.16238504663172e-05,0.004322351359139372,0.0,0.0
T’lan 878,0.0,0.0,0.00098015192354815,0.0,0.0,0.0,0.0,0.0,0.0,0.0,0.0,0.0,0.0,0.0,0.0
T’ledon 879,0.0,0.0,0.0,0.0,0.0,0.0,0.0,0.0,0.0,0.0,0.00030376670716889426,0.0,0.0,0.0,0.0
T’lion Gaddie 880,0.0,0.13631944243894456,0.0,0.0,0.0,0.0,0.0,0.0,0.0,0.0,0.0,0.0,0.0,0.0,0.00015343447734079637
T’lonneg 881,0.0,0.0,0.0,0.00018975332068311195,0.0,0.0001749475157452764,0.0,0.0,0.0,0.0,0.0,0.0,0.0,0.0,0.0
T’nure 882,0.0,0.0,0.0,0.00025300442757748257,0.0,5.83158385817588e-05,0.0,0.0,0.0,0.0,0.0,0.0,0.0,0.0,0.0
T’ragel 883,0.0,0.0,0.0,0.00025300442757748257,0.0,5.83158385817588e-05,0.0,0.0,0.0,0.0,0.0,0.0,0.0,0.0,0.0
T’ral 884,0.0,0.0,0.0,0.0011622390891840608,0.0,2.186843946815955e-05,0.0,0.0,0.0,0.0,0.0,0.0,0.0,0.0,0.0
T’ran 885,0.0,0.0,0.0,0.0,0.0,0.0,0.0,0.0,0.0,0.0,0.0,0.0,0.00017409470752089137,0.0,0.0
T’reb 886,0.0,0.0,0.0,0.0,0.0,0.0,0.0,0.0,0.005857019810508183,0.0,0.0,0.0,0.0,0.0,0.0
T’red 887,0.0,0.0,0.0007351139426611125,0.0,0.0,0.0,0.0,0.0,0.0,0.0,0.0,0.0,0.0,0.0,0.0
T’ron 888,0.0,0.0,0.0,0.0,0.0,9.787273608127352e-06,0.0,0.002331002331002331,0.02337567686404896,0.0,0.0,0.0003811729575592269,0.0002434891014278201,2.1633432306286132e-06,0.0
T’sen 889,0.0,0.0,0.00098015192354815,0.0,0.0,0.0,0.0,0.0,0.0,0.0,0.0,0.0,0.0,0.0,0.0
T’sum 890,0.0,0.0,0.0,0.0,0.0,0.0,0.0,0.005671077504725898,0.0,0.0,0.0,0.0,0.0,0.0,0.0
T’tel T’lel 891,0.0,0.0,0.0019603038470963,0.0,0.0,0.0,0.0,0.0,0.0,0.0,0.0,0.0,0.0,0.0,0.0
T’ton 892,0.0,0.0,0.0,0.0,0.0,0.0003498950314905528,0.0,0.0,0.0,0.0,0.0,0.0,0.0,0.0,0.0
Tagetarl Tag 893,0.0,1.326303922543851e-06,0.0,0.0,0.0,0.0,0.0,0.0,2.756244616709733e-05,0.0,0.0,1.6765161993377762e-06,0.0,0.00019867663487153046,0.03382377811601556
Tai 894,0.0,0.0,0.0,0.0,0.0,0.0,0.0,0.0,0.0,0.0,0.0,0.0,0.0,0.0,0.09113394216133942
Talina 895,0.0,0.0,0.0,0.0,0.0,0.0,0.0,0.0,0.0013842746400885937,0.0,1.0848810970317652e-05,0.0,0.0,0.0,0.0009784735812133072
Talmor 896,0.0,0.0006304088331841242,0.0,0.0,0.0,0.0,0.0,0.0,7.751937984496123e-05,0.0,0.013217648845686512,1.886080724254998e-05,0.0,0.0,0.0
Talpan 897,0.0,0.0,0.0,0.0058881030418032314,0.0,5.3014398710689824e-06,0.0,0.0,0.0,0.0,0.0,0.0,0.0,0.0,0.0
Tanus 898,0.0,0.0,0.0,0.0,0.0,0.0,0.0,0.0,0.0,0.0005455537370430987,0.0,0.0,0.0,0.0,0.0
Tarathel 899,0.0,0.0,0.0,0.0,0.0,0.00014646768760069652,0.0050200582312087015,0.0,0.0,0.0,0.0,0.0,0.0,0.0,0.0
Targus 900,0.0,0.0,0.0,0.0,0.0,0.0,0.002838221381267739,0.0,0.0,0.0,0.0,0.0,0.0,0.0,0.0
Tarrie Chernoff 901,0.0069366026778512665,0.0,0.0,0.0,0.0,0.0,0.0,0.0,0.0,0.0,0.0,0.0,0.0,0.0,0.0
Tarvi Andiyar Andivar 902,0.011866949248395644,0.0,2.8165285159429597e-06,0.0,0.0,2.01089098557789e-06,0.0,0.0,0.0,0.0,0.0,0.0,0.0,4.4448000284467205e-05,0.0
Tashkovich 903,0.00016131634134537829,0.0,0.0,0.0,0.0,0.0,0.0,0.0,0.0,0.0,0.0,0.0,0.0,0.0,0.0
Tashvi 904,0.0,0.0,0.010291595197255575,0.0,0.0,0.0,0.0,0.0,0.0,0.0,0.0,0.0,0.0,0.0,0.0
Tawkin 905,0.0,0.0,0.0,0.0,0.0,0.0003498950314905528,0.0,0.0,0.0,0.0,0.0,0.0,0.0,0.0,0.0
Ted Tubberman Tubbermann 906,0.01686293488197021,0.0,5.1049579351466146e-05,0.0,0.0,0.0,0.0,0.0,0.0,0.0,0.0,0.0,0.0,0.0,1.4269406392694063e-05
Tegger 907,0.0,0.0,0.0,0.0,0.0,0.0,0.0,0.0,0.0,0.0,0.0,0.0,0.0006963788300835655,0.0,0.0
Tela 908,0.0,0.0,0.0,0.0,0.0,0.0,7.883948281299275e-05,0.0014177693761814746,0.0,0.0,0.0,0.0,0.0,0.0,0.0
Tellani 909,0.0,0.0,0.0,0.0013493569470799072,0.0,1.9438612860586267e-05,0.0,0.0,0.0,0.0,0.0,0.0,0.0,0.0,0.0
Temma 910,0.0,0.003946430855242725,0.0,0.0,0.0,0.006862227046171863,0.0,0.0,0.0,0.0,0.0,0.0,0.0,0.0,0.0
Tenna 911,0.0,0.0,0.0,0.0,0.0,0.0,0.0,0.0,0.0,0.0,0.0,0.0,0.0,0.0,0.003424657534246575
Terentel 912,0.0,0.0,0.0,0.0,0.0,0.0,0.0,0.0,0.0,0.0,0.0,0.0,0.0,0.0030935808197989174,0.0
Terry 913,0.0,3.1746636443868773e-06,0.0,0.0,0.0,1.8611437845242171e-06,0.0,0.0,0.009500247402276101,0.0,0.0,0.0,0.0,0.0006582086850635995,0.0
Tesner 914,0.0,0.0,0.0,0.0,0.0,0.0,0.000315357931251971,0.0,0.0,0.0,0.0,0.0,0.0,0.0,0.0
Texur 915,0.0,0.0002984183825723665,0.0,0.0,0.0,0.0,0.0,0.0,0.0,0.0,0.0,0.0,0.0,0.0,0.0
Thea 916,0.0,0.0,0.0058809115412889,0.0,0.0,0.0,0.0,0.0,0.0,0.0,0.0,0.0,0.0,0.0,0.0
Thella 917,0.0,3.75369034682222e-06,0.0,0.0,0.0,0.054588576257311484,4.958458038553003e-07,0.0,0.0,0.0,0.0,0.0,0.0,0.0,0.0
Theng 918,0.0,0.0,0.0,0.00046489563567362425,0.006201550387596899,8.747375787263821e-06,0.0,0.0,0.0,0.0,0.0,0.0,0.0,0.0,0.0
Théo Force 919,0.00016782478163020624,0.00022015880673926746,0.0006786210364047349,0.00031497957554314836,8.935951567142507e-05,0.00042400824421261516,0.00038215564867854124,0.0016016299581070258,0.0001985767014920557,0.00035374521854379605,0.00010592441373900925,0.0006261570588881147,0.00033915856566029556,0.0003249597143563993,0.0004298641541545493
Theskin 920,0.0,0.0,0.0,0.0,0.01125466551823141,1.166316771635176e-05,0.0,0.0,0.0,0.0,0.0,0.0,0.0,0.0,0.0
Tikini 921,0.0,0.000596836765144733,0.0,0.0,0.0,0.0,0.0,0.0,0.0,0.0,0.0,0.0,0.0,0.0,0.0
Tilarek 922,0.0,0.0,0.0,0.0,0.0,0.0,0.0,0.002520478890989288,0.0,0.0,0.0,0.0,0.0,0.0,0.0
Tilgin 923,0.0,0.0,0.0,0.0,0.0,0.0,0.0,0.0,0.0,0.0,0.0,0.0067898906073179935,0.0,0.0,0.0
Tilsit 924,0.0,0.0,0.0,0.0,0.0,0.0,0.0,0.0,0.0,0.0005455537370430987,0.0,0.0,0.0,0.0,0.0
Timareen 925,0.0,0.0,0.0,0.0,0.0,0.0,0.0,0.0,0.0,0.0,0.00030376670716889426,0.0,0.0,0.0,0.0
Timiny Tim 926,0.0,0.0,0.0,0.0,0.0,0.0,0.0,0.0,0.0,0.0,0.001974483596597813,0.0024519049415314977,0.0,0.0,0.0
Tinamon 927,0.0,0.0,0.0,0.0,0.0,0.0,0.000315357931251971,0.0,0.0,0.0,0.0,0.0,0.0,0.0,0.0
Tino 928,0.0,0.0,0.0,0.0,0.0,0.0017494751574527643,0.0,0.0,0.0,0.0,0.0,0.0,0.0,0.0,0.0
Tippel 929,0.0,0.0,0.0,0.0,0.0,0.0,0.0,0.0,0.0,0.0,0.0,0.0,0.0,0.0,0.0005707762557077625
Tirone 930,0.0,0.0,0.0,0.016762434187668707,0.004755492472492144,4.9280990350782085e-06,0.0,0.0,0.0,0.0,0.0,0.0,0.0,0.0,0.0
Tisha 931,0.0,0.0,0.021318304337172262,0.0,0.0,0.0,0.0,0.0,0.0,0.0,0.0,0.0,0.0,0.0,0.0
Tolocamp 932,0.0,0.0,0.0,0.016483881688268528,0.010296987303950908,4.843179814417257e-05,0.0,0.0,0.0,0.0,0.0,0.0,0.0,0.0,0.0
Tom Patrick 933,0.0007259235360542023,3.730229782154581e-05,0.0,0.0,0.0,0.0,0.0,0.0,0.0,0.0,0.0,0.0,0.0,0.0,2.378234398782344e-05
Tomlinson 934,0.0,0.0,0.0007351139426611125,0.0,0.0,0.0,0.0,0.0,0.0,0.0,0.0,0.0,0.0,0.0,0.0
Tomol 935,0.0,0.0002984183825723665,0.0,0.0,0.0,0.0,0.0,0.0,0.0,0.0,0.0,0.0,0.0,0.0,0.0
Tordril 936,0.0,0.0,0.0,0.0,0.0,0.0,0.0,0.0,0.0,0.0,0.0,0.0,0.0017409470752089136,0.0,0.0
Torene 937,0.0,0.0,0.0,0.0,0.0,0.0,0.0,0.000945179584120983,0.0,0.0,0.0,0.0,0.0,0.0,0.0
Toric 938,0.0,0.002992363535642945,0.0,0.0,0.0,0.03378305978905761,0.0,0.0,7.978260055457048e-06,0.0,0.0,0.0030177291588079965,0.004479894529542785,0.0008894775854280062,0.004661339421613394
Torjus 939,0.0,0.0,0.0,0.0,0.0,0.0,0.0,0.0,0.0,0.0,0.0,0.0,0.0,0.0,0.000380517503805175
Torlin 940,0.0,0.0,0.0,0.0,0.0,0.0,0.000315357931251971,0.0,0.0,0.0,0.0,0.0,0.0,0.0,0.0
Torlo 941,0.0,0.0,0.0,0.0,0.0,0.0,0.0,0.0,0.0,0.0,0.0,0.0,0.0,0.0,0.008942161339421613
Toronas 942,0.0,4.591052039574869e-05,0.0,0.0,0.0,0.0,0.0,0.0,0.0,0.0,0.0,0.0,0.0,0.0011660420013088226,0.0007317644303945674
Torsten 943,0.0,0.0,0.0,0.0,0.0,0.0003498950314905528,0.0,0.0,0.0,0.0,0.0,0.0,0.0,0.0,0.0
Tortole 944,0.0,0.0,0.0,0.0,0.0,0.0,0.002838221381267739,0.0,0.0,0.0,0.0,0.0,0.0,0.0,0.0
Tosikin 945,0.0,0.0,0.0,0.0,0.0,0.0,0.0,0.0,0.0,0.0,0.0,0.0,0.0,0.0003093580819798917,0.0
Tracey Train 946,0.00016131634134537829,0.0,0.0,0.0,0.0,0.0,0.0,0.0,0.0,0.0,0.0,0.0,0.0,0.0,0.0
Tragger 947,0.0,0.0,0.0,0.0,0.0,0.0008747375787263821,0.0,0.0,0.0,0.0,0.0,0.0,0.0,0.0,0.0
Traller 948,0.0,0.0,0.0,0.0,0.0,0.0,0.0011037527593818985,0.0,0.0,0.0,0.0,0.0,0.0,0.0,0.0
Tranilty 949,0.0,0.0,0.0,0.0,0.0,0.0,0.0,0.0,0.0,0.0005455537370430987,0.0,0.0,0.0,0.0,0.0
Trelbin 950,0.0,0.0,0.0,0.0,0.0004306632213608958,8.74737578726382e-05,0.0,0.0,0.0,0.0,0.0,0.0,0.0,0.0,0.0
Triana 951,0.0,0.0,0.0,0.0,0.0,0.0,0.0007883948281299275,0.0,0.0,0.0,0.0,0.0,0.0,0.0,0.0
Trume 952,0.0,0.0,0.0,0.00025300442757748257,0.0,5.83158385817588e-05,0.0,0.0,0.0,0.0,0.0,0.0,0.0,0.0,0.0
Tuck 953,0.0,0.0,0.0,0.0,0.0,0.0,0.0,0.0,0.0,0.0,0.0,0.0,0.0,0.0,0.0001902587519025875
Tuero 954,0.0,0.0,0.0,0.010046467151757832,0.01313014167802668,1.3775394940572944e-06,0.0,0.0,0.0,0.0,0.0,0.0,0.0,0.0,0.0
Tumara 955,0.0,0.0,0.0,0.0,0.0,0.0,0.0,0.0,0.0,0.0,0.0,0.0,0.0,0.0009280742459396752,0.0
Tunge 956,0.0,0.0,0.0,0.0,0.0,0.0,0.0,0.0,0.0,0.0,0.0,0.0,0.0,0.0,0.0020928462709284626
Turlon 957,0.0,0.0,0.0,0.0,0.0,0.0,0.0,0.0,0.0,0.0005455537370430987,0.0,0.0,0.0,0.0,0.0
Turvine Turving 958,0.0,0.0,0.0,0.0003415559772296015,0.0,0.00013995801259622114,0.0,0.0,0.0,0.0,0.0,0.0,0.0,0.0,0.0
Tuvor 959,0.0,0.0,0.0,0.0,0.0,0.0,0.0,0.0,0.0,0.0,0.0,0.0,0.0,0.0,0.0001902587519025875
Twenone 960,0.0,0.0,0.0,0.0,0.0,0.0,0.0001576789656259855,0.0,0.0,0.0,0.0,0.0,0.0,0.0,0.0
Ussie 961,0.0,0.0,0.003430531732418525,0.0,0.0,0.0,0.0,0.0,0.0,0.0,0.0,0.0,0.0,0.0,0.0
Usuai 962,0.00016131634134537829,0.0,0.0,0.0,0.0,0.0,0.0,0.0,0.0,0.0,0.0,0.0,0.0,0.0,0.0
Uvor 963,0.0,0.0,0.0,0.0,0.0,0.0010496850944716584,0.0,0.0,0.0,0.0,0.0,0.0,0.0,0.0,0.0
V’last 964,0.0,0.0,0.0012251899044351876,0.0,0.0,0.0,0.0,0.0,0.0,0.0,0.0,0.0,0.0,0.0,0.0
V’line 965,0.0,0.00011677241057179557,0.0,0.0,0.0,0.002464478047889981,0.0,0.0,0.0,0.0,0.0,0.0,0.0,2.690070278086015e-05,0.0
V’mul 966,0.0,0.0,0.0,9.487666034155598e-05,0.0,8.74737578726382e-05,0.0,0.0,0.0,0.0,0.0,0.0,0.0,0.0,0.0
Valden 967,0.0,0.0,0.0,0.0,0.0,0.0,0.000315357931251971,0.0,0.0,0.0,0.0,0.0,0.0,0.0,0.0
Valli Lieb 968,0.0012905307307630263,0.0,0.0,0.0,0.0,0.0,0.0,0.0,0.0,0.0,0.0,0.0,0.0,0.0,0.0
Valrol 969,0.0,0.0,0.0,0.0,0.0,0.0,0.0007883948281299275,0.0,0.0,0.0,0.0,0.0,0.0,0.0,0.0
Vandentine 970,0.0,0.0,0.0,0.0,0.0,0.0,0.0,0.0,0.0,0.0,0.0,0.0,0.0,0.0003093580819798917,0.0
Vander 971,0.0,0.0,0.0,0.005319418089816572,0.0,5.83158385817588e-06,0.0,0.0,0.0,0.0,0.0,0.0,0.0,0.0,0.0
Varena Vanira Nanira 972,0.0,0.0,0.0,0.0,0.0,0.0,0.0,0.0,0.0010335917312661498,0.0,0.0,0.0,0.0,0.0,0.0
Varney 973,0.0,0.0,0.0,0.00025300442757748257,0.0,5.83158385817588e-05,0.0,0.0,0.0,0.0,0.0,0.0,0.0,0.0,0.0
Venabil 974,0.0,0.0,0.0,0.0,0.0,0.0,0.0,0.0,0.0,0.0,0.0,0.0,0.0,0.0,0.0024733637747336376
Vendross 975,0.0,0.0,0.0,0.0,0.0,0.0,0.001576789656259855,0.0,0.0,0.0,0.0,0.0,0.0,0.0,0.0
Vergerin 976,0.0,0.0,0.022298456260720412,0.0,0.0,0.0,0.0,0.0,0.0,0.0,0.0,0.0,0.0,0.0,0.0
Vesna 977,0.0,0.0,0.0,0.0,0.0,0.0,0.000946073793755913,0.0,0.0,0.0,0.0,0.0,0.0,0.0,0.0
Vessa 978,0.0,0.0,0.0,0.0,0.0,0.0,0.0,0.0,0.0,0.0,0.0,0.0,0.0,0.0,0.0001902587519025875
Viderian 979,0.0,0.0,0.0,0.0,0.0,0.0,0.0,0.0,0.0,0.0,0.00212636695018226,0.0,0.0,0.0,0.0
Vieil Oncle 980,0.0,0.0,0.0,0.0,0.0,0.0,0.0,0.0,0.0,0.01154391707583197,4.860267314702308e-05,0.0,0.0,0.0,0.0
Vincet 981,0.0,0.0,0.0,0.0,0.0,0.0011429904362024726,0.0,0.001270741440873766,0.00014355440712029858,0.0,0.0,0.0,0.0,0.0,0.0
Viredian 982,0.0,0.0,0.0,0.0,0.0,0.0,0.0,0.0,0.0,0.0,0.00030376670716889426,0.0,0.0,0.0,0.0
Virginia 983,0.0,0.0,0.0,0.0,0.0,0.0,0.0,0.000315059861373661,0.0,0.0,0.0,0.0,0.0,0.0,0.0
Vormital 984,0.0,0.0,0.0,0.0,0.0,0.0,0.0,0.0,0.0,0.0,0.0,0.0,0.0,0.0,0.00076103500761035
W’ter 985,0.0,0.0,0.0,9.487666034155598e-05,0.0,8.74737578726382e-05,0.0,0.0,0.0,0.0,0.0,0.0,0.0,0.0,0.0
Wade Lorenzo 986,0.001129214389417648,0.0,0.0,0.0,0.0,0.0,0.0,0.0,0.0,0.0,0.0,0.0,0.0,0.0,0.0
Waine 987,0.0,0.0,0.002450379808870375,0.0,0.0,0.0,0.0,0.0,0.0,0.0,0.0,0.0,0.0,0.0,0.0
Wanson 988,0.0,0.0,0.0,0.0,0.0,4.37368789363191e-05,0.0,0.0,0.0001722652885443583,0.0,0.0,0.0,4.352367688022284e-05,0.0,0.0
Wansor 989,0.0,1.2698654577547509e-06,0.0,0.0,0.0,0.0001072018819885949,0.0,0.0,0.0022988252973408837,0.0,1.292624285825082e-06,0.0,0.0033255793279203466,0.00016850142337628145,0.005443829139544674
Wansôr 990,0.0,0.0,0.0,0.0,0.0,0.0,0.0,0.0,0.0,0.0,0.00030376670716889426,0.0,0.0,0.0,0.0
Warbret 991,0.0,7.278497135911378e-06,0.0,0.0,0.0,0.0,0.0,0.0,6.722547845633496e-05,0.0,0.0,0.0,0.0005137916978055575,0.002173051892931922,4.640457363477745e-06
Warlow 992,0.0,0.0,0.0,0.0,0.0,0.0,0.0,0.0,0.0,0.0,0.0,0.0,0.0,0.0,0.0005707762557077625
Washell Wachell Wash 993,0.0,0.0,0.0,0.0,0.0,0.0,0.008672343109429203,0.0,0.0,0.0,0.0,0.0,0.0,0.0,0.0
Wil 994,0.0,0.0,0.0,0.0,0.0,0.0,0.0,0.0,0.0,0.0,0.0,0.0,0.0,0.0,0.0001902587519025875
Wimmia 995,0.0,0.0,0.0,0.0006776904310111142,0.0,9.99700089973008e-05,0.0,0.0,0.0,0.0,0.0,0.0,0.0,0.0,0.0
Winalla 996,0.0,0.0,0.0,0.0,0.0,0.0,0.0011037527593818985,0.0,0.0,0.0,0.0,0.0,0.0,0.0,0.0
Winnia 997,0.0,0.0,0.0,0.00018975332068311195,0.0,0.0,0.0,0.0,0.0,0.0,0.0,0.0,0.0,0.0,0.0
Wonegal 998,0.0,0.0,0.0,0.0,0.0,0.0,0.0001576789656259855,0.0,0.0,0.0,0.0,0.0,0.0,0.0,0.0
Wyzall 999,0.0,0.0,0.0,0.0,0.0,0.0,0.0,0.0,0.0,0.0,0.0,0.0,0.0,0.0,0.001902587519025875
Xi Chi Yuen 1000,0.0009678980480722697,0.0,0.0,0.0,0.0,0.0,0.0,0.0,0.0,0.0,0.0,0.0,0.0,0.0,0.0
Yanus 1001,0.0,0.00011698000596836765,0.0,0.0,0.0,0.0,0.0,0.0,0.0,0.0499683578832515,0.00029404617253948965,0.0,0.0,0.0,0.0
Yorag 1002,0.0,0.0,0.0,0.0,0.0,0.0,0.0001576789656259855,0.0,0.0,0.0,0.0,0.0,0.0,0.0,0.0
Yvonne Yves 1003,0.0006452653653815131,0.0,0.0,0.0,0.0,0.0,0.0,0.0,0.0,0.0,0.0,0.0,0.0,0.0,0.0
Z’gal 1004,0.0,0.0,0.001470227885322225,0.0,0.0,0.0,0.0,0.0,0.0,0.0,0.0,0.0,0.0,0.0,0.0
Z’ran 1005,0.0,0.0,0.000490075961774075,0.0,0.0,0.0,0.0,0.0,0.0,0.0,0.0,0.0,0.0,0.0,0.0
Zalla 1006,0.0,0.0,0.0,0.0,0.0,0.0,0.0,0.0,0.0,0.0,0.0,0.0,0.0,0.0,0.000380517503805175
Zewe 1007,0.0,0.0,0.0,0.0,0.0,0.0,0.0,0.0,0.0,0.0,0.0,0.0,0.0,0.0,0.0005707762557077625
Zi Ongola 1008,0.03242458461042103,0.0,0.0,0.0,0.0,0.0,0.0,0.0,0.0,0.0,0.0,0.0,0.0,0.0,0.0
Zulaya 1009,0.0,0.0,0.04361676059789267,0.0,0.0,0.0,0.0,0.0,0.0,0.0,0.0,0.0,0.0,0.0,0.0
Zurg 1010,0.0,0.0,0.0,0.0,0.0,0.0,0.0,0.0009114231704023765,0.0004983388704318937,0.0,0.0,0.0,0.0,0.0004474643685780577,6.794955425092411e-06
