Id unique,aliases,phrase,sentence_id,book,mots_cibles,alias_trouves_dans_phrase
6,Adessa,Ne me dis pas que cette chère Dame Adessa est morte.,60657,7.0,mourir,adessa
14,Alemi Onclemi Lemi | Alemi Onclemi | Onclemi Lemi | Alemi Lemi | Onclemi | Alemi | Lemi,"La côte avait disparu dans la soudaine obscurité amenée par la tempête, mais Alemi s’inquiétait plus encore du danger d’être pris dans le Grand Courant, qui pouvait les entraîner au grand large, ou les fracasser sur la pointe dominant la Baie de la Rivière Paradis.",11117,2.0,disparaitre,alemi
14,Alemi Onclemi Lemi | Alemi Onclemi | Onclemi Lemi | Alemi Lemi | Onclemi | Alemi | Lemi,"Tous les six repartirent vers le large, sautant et plongeant gracieusement, et Menolly et Alemi les suivirent des yeux jusqu’à ce qu’ils aient disparu.",13333,2.0,disparaitre,alemi
14,Alemi Onclemi Lemi | Alemi Onclemi | Onclemi Lemi | Alemi Lemi | Onclemi | Alemi | Lemi,"— Je ne connaissais presque rien de la vie des bandes, et je tenais de Menolly le peu que j’en savais, dit Sebell, alors j’ai conféré avec Alemi, qui m’a dit que tu avais disparu et pourquoi.",18631,2.0,disparaitre,alemi
15,Alemi,"La côte avait disparu dans la soudaine obscurité amenée par la tempête, mais Alemi s’inquiétait plus encore du danger d’être pris dans le Grand Courant, qui pouvait les entraîner au grand large, ou les fracasser sur la pointe dominant la Baie de la Rivière Paradis.",11117,2.0,disparaitre,alemi
15,Alemi,"Tous les six repartirent vers le large, sautant et plongeant gracieusement, et Menolly et Alemi les suivirent des yeux jusqu’à ce qu’ils aient disparu.",13333,2.0,disparaitre,alemi
15,Alemi,"— Je ne connaissais presque rien de la vie des bandes, et je tenais de Menolly le peu que j’en savais, dit Sebell, alors j’ai conféré avec Alemi, qui m’a dit que tu avais disparu et pourquoi.",18631,2.0,disparaitre,alemi
16,Alessan,"Puis, ce fut le phénomène qu’Alessan attendait : la reine lumineuse et la jolie Dame du Weyr disparurent.",29904,4.0,disparaitre,alessan
16,Alessan,"– et ne pouvait pas être dans la terre du champ de courses et des piquets où tant de bêtes étaient mortes, mais Alessan ne voulait pas risquer les rares étalons inestimables que Dag avait emmenés en toute hâte le lendemain de cette maudite Fête.",34474,4.0,mourir,alessan
16,Alessan,Alessan les regarda s’éloigner jusqu’à ce que les paniers de brandons disparaissent à un détour du chemin.,35009,4.0,disparaitre,alessan
16,Alessan,"Me retournant, je vis Alessan, la main en visière sur le front, qui les suivait des yeux jusqu’à ce qu’ils disparaissent dans l’Interstice.",39002,5.0,disparaitre,alessan
16,Alessan,"Suriana : défunte épouse d’Alessan, Seigneur Régnant du Fort de Ruatha.",50412,6.0,defunt,alessan
27,Anella,"La courtoisie que nous avait inculquée notre défunte mère était chez nous devenue instinctive, au point qu’il nous fut impossible de nous montrer impolis, malgré la provocation que constituaient la présence et l’attitude d’Anella.",38167,5.0,defunt,anella
27,Anella,"Anella, vêtue d’une lourde robe de brocart, totalement déplacée en ce soir de deuil et pour un dîner familial, monta les trois marches du dais et se dirigea d’un pas ferme vers le fauteuil de ma mère.",38191,5.0,deuil,anella
28,Anguille,"Le rapport d’Anguille précisait que non seulement le Seigneur, sa Dame et leurs enfants avaient été tués, mais aussi toute personne connue pour avoir du Sang de la Lignée.",60716,7.0,tuer,anguille
31,Aramina Mina Ara | Aramina Mina | Aramina Ara | Mina Ara | Aramina | Mina | Ara,"sans savoir pourquoi, il était sûr que Thella chercherait à enlever Aramina – ne fût-ce que pour la tuer.",44875,6.0,tuer,aramina
31,Aramina Mina Ara | Aramina Mina | Aramina Ara | Mina Ara | Aramina | Mina | Ara,"Furieuse qu’on ait laissé croire à Benden qu’Aramina était morte, Lessa ne demandait quand même pas mieux que d’apprendre ce qu’elle avait dit au Harpiste.",48045,6.0,mourir,aramina
31,Aramina Mina Ara | Aramina Mina | Aramina Ara | Mina Ara | Aramina | Mina | Ara,"Aramina avait été sauvée, et elle vivait saine et sauve dans le Sud, dans le confort et le prestige, tandis qu’elle, Thella, avait failli mourir d’une infection pernicieuse et débilitante qui lui avait laissé d’affreuses cicatrices sur le visage.",48137,6.0,mourir,aramina
33,Armald,"— Eh bien, Armald est mort maintenant, tu as bien fait ta part, et tu dis que ta tante et le quatrième homme qui l’a vue ce jour-là ont failli être tués aussi.",44243,6.0,tuer,armald
42,Avril Bitra | Avril | Bitra,"Le lendemain matin, Stev ne fut pas surpris outre mesure de constater qu’Avril et le plus grand traîneau avaient disparu.",5253,1.0,disparaitre,avril
42,Avril Bitra | Avril | Bitra,Elle vit Avril prendre une courte barre métallique sur la pile et disparaître à son tour.,6011,1.0,disparaitre,avril
42,Avril Bitra | Avril | Bitra,Avril dit qu’elle a tué Ongola et Kenjo.,6439,1.0,tuer,avril
42,Avril Bitra | Avril | Bitra,"Il fait mauvais temps à Bitra, et les gens meurent de froid parce qu’ils ne veulent pas franchir les frontières, annonça M’shall.",22808,3.0,mourir,bitra
53,B’zon,"T’kul sur Salth, et B’zon sur Ranilth avaient disparu du Weyr Méridional.",46463,6.0,disparaitre,b’zon
53,B’zon,si B’zon ne meurt pas.,103214,13.0,mourir,b’zon
58,Ballora,"— Parce que nous mourons quand nous sommes usés, dit Ballora avec détachement.",130745,15.0,mourir,ballora
58,Ballora,"— L’odeur ne te tuera pas, dit Ballora.",130766,15.0,tuer,ballora
67,Barly,"Barly (décédé) : guérisseur, Weyr des Hautes Terres.",50193,6.0,deceder,barly
83,Bendarek,"Maintenant, la dépouille mortelle de Sallah Telgar reposait dans un cercueil des plus beaux bois de Maître Bendarek.",112015,14.0,depouille,bendarek
96,Betrice,"— Je vais te montrer le chemin, dit Gennell, et, suivi du Seigneur Halibran, flanqué de Betrice et Ginia, ils disparurent dans l’Atelier.",51767,7.0,disparaitre,betrice
96,Betrice,Robinton résidait à l’Atelier quand Betrice mourut subitement d’un arrêt cardiaque.,58891,7.0,mourir,betrice
113,Boskoney,Boskoney avait chanté une ballade très émouvante sur l’enterrement en mer d’un autre harpiste ;,15536,2.0,enterrement,boskoney
118,Brand,"Aucun besoin de s’approprier Kylara, la sœur de Larad, qui attendait avec impatience une alliance bien différente avec Brand d’Igen, et qui, le lendemain, avait disparu après cette Quête ridicule.",65330,8.0,disparaitre,brand
119,Brare,"Mais alors, qui avait tué le vieux Brare ?",45280,6.0,tuer,brare
124,Brekke Brekker | Brekker | Brekke,"dit F’nor, exaspéré, en regardant dans la direction où Brekke avait disparu.",71553,9.0,disparaitre,brekke
124,Brekke Brekker | Brekker | Brekke,Ne laissez pas mourir Brekke !,76856,9.0,mourir,brekke
124,Brekke Brekker | Brekker | Brekke,» C’est ce qu’avait dit Sebell : Brekke ne voulait plus vivre si Canth et F’nor mourraient.,88802,11.0,mourir,brekke
124,Brekke Brekker | Brekker | Brekke,"Tes chansons traitent de sujets, comme le lézard-de-feu et le cri de Brekke vers F’nor et Canh, qui contribueront à modifier les attitudes rigides comme celles qui t’ont presque tuée dans ton fort natal.",90349,11.0,tuer,brekke
124,Brekke Brekker | Brekker | Brekke,"Canth essaya désespérément de sauver Wirenth, mais les deux reines, mortellement blessées, disparurent dans l’Interstice, laissant Kylara idiote et Brekke au bord de la folie.",96750,13.0,disparaitre,brekke
124,Brekke Brekker | Brekker | Brekke,"Il mourait d’ennui à ne rien faire, avec Brekke et vous vous relayant pour le materner.",105627,13.0,mourir,brekke
143,C’gan,"— Ton capitaine vient de tuer le Chef du Weyr, dit Tarathel, aussi résolu que C’gan.",60134,7.0,tuer,c’gan
143,C’gan,"Sauf que C’gan n’avait jamais pensé que son enseignement empêcherait un Chef de Weyr d’en tuer un autre, et sauverait Pern en un duel auquel la moitié du monde assistait.",75556,9.0,tuer,c’gan
151,Caesar Galliani | Galliani | Caesar,Marco Galliani est mort à Kahrain avec son brun Duluth.,10236,1.0,mourir,galliani
159,Capiam,"Il était mince, avec un long visage osseux, un nez et des lèvres pincés, de petits yeux profondément enfoncés dans les orbites, et Capiam se dit qu’il avait l’air considérablement plus mal en point que les malades en train de mourir à l’infirmerie.",28889,4.0,mourir,capiam
159,Capiam,Capiam les regarda voler dans la clarté de l’aube jusqu’à ce qu’ils disparaissent dans l’Interstice pour le voyage durant quelques respirations.,29071,4.0,disparaitre,capiam
159,Capiam,"Si K’lon avait souffert de la maladie diagnostiquée par Maître Capiam, pourquoi avait-il guéri alors que tout le monde en mourait dans le Sud-Est de Pern ?",29803,4.0,mourir,capiam
159,Capiam,"Si seulement il était mort sur le bateau, succombant de faim et d’épuisement – sort qui menaçait Capiam en ce moment – avant qu’il ait contaminé personne d’autre que les marins !",32191,4.0,mourir,capiam
159,Capiam,Capiam essaya d’écarter de son esprit l’idée pénible que les chevaliers-dragons pouvaient mourir aussi facilement que le commun des mortels.,32239,4.0,mourir,capiam
159,Capiam,"Obscurément, Capiam fut un peu réconforté que tant de gens pleurent les disparues.",37344,4.0,disparu,capiam
167,Ch’mon,"Ch’mon, chevalier bronze d’Igen, était mort de la fièvre, et son dragon, Helith, s’était promptement suicidé dans l’Interstice.",31752,4.0,mourir,ch’mon
171,Chalkin,— Sauvez ces gens avant que le froid ou les brutes de Chalkin ne les tuent.,22930,3.0,tuer,chalkin
171,Chalkin,Il a disparu de la propriété où il a résidé tranquillement depuis que Chalkin a pris le gouvernement.,24459,3.0,disparaitre,chalkin
171,Chalkin,Chalkin de mourir de sa belle mort.,25185,3.0,mourir,chalkin
189,Clim,"Une question discrète à Tisha lui avait appris qu’un chevalier bronze, Clim, était le père de l’enfant, la mère étant morte peu après la naissance.",25358,3.0,mourir,clim
192,Cobber Alhinwa | Alhinwa | Cobber,"Cobber avait déjà disparu dans le premier tunnel sur la gauche, et Ozzie lui emboîta le pas.",8274,1.0,disparaitre,cobber
193,Cogneur,"— Trois m’ont attaqué, et j’en ai touché un, mais je ne crois pas que je l’aie tué, dit Cogneur.",49163,6.0,tuer,cogneur
213,D’ram,"Le jeune maître de Ruth y était venu la première fois quand il était à la recherche de D’ram, qui, après la mort de Fanna, avait renoncé à sa charge de Chef du Weyr et avait disparu.",46609,6.0,disparaitre,d’ram
213,D’ram,"Pour un chevalier-dragon, chercher à en tuer un autre… (D’ram secoua lentement la tête.",76136,9.0,tuer,d’ram
213,D’ram,Mais D’ram a disparu.,100246,13.0,disparaitre,d’ram
213,D’ram,"Il ne fallait pas s’immiscer sans nécessité dans le deuil de D’ram, et si Jaxom parvenait à passer inaperçu, ce serait encore mieux.",100586,13.0,deuil,d’ram
213,D’ram,"— Il va tuer son dragon, grommela D’ram, l’air consterné.",102580,13.0,tuer,d’ram
216,Dag,"– et ne pouvait pas être dans la terre du champ de courses et des piquets où tant de bêtes étaient mortes, mais Alessan ne voulait pas risquer les rares étalons inestimables que Dag avait emmenés en toute hâte le lendemain de cette maudite Fête.",34474,4.0,mourir,dag
223,David Catarel Dave | David Catarel | Catarel Dave | David Dave | Catarel | David | Dave,"Sorka, Hanrahan, Sean Connell et David Catarel qui, plongé dans l’eau jusqu’au cou, avait regardé, impuissant, sa compagne Lucy Tubberman disparaître sous l’horrible pluie, malgré les efforts frénétiques de leurs dragonets.",4242,1.0,disparaitre,david catarel
231,Deelan,– et Deelan avait répété une fois de plus que l’Atelier des Forgerons laissait mourir de faim ses visiteurs.,97689,13.0,mourir,deelan
231,Deelan,"Deelan ne le harcelait plus au petit déjeuner pour qu’il mange au-delà de sa faim, Dorse avait inexplicablement disparu depuis quelques jours.",98262,13.0,disparaitre,deelan
235,Desdra,"Puis un messager de Desdra m’apporta une demande de fournitures, et je fus soulagée d’avoir un prétexte pour quitter cette chambre endeuillée.",38015,5.0,endeuiller,desdra
242,Domick,Maître Domick aurait préféré la voir disparaître que de lui enseigner quoi que ce soit.,87079,11.0,disparaitre,domick
242,Domick,"Avant que Menolly, effrayée que les lézards-de-feu aient pu disparaître pour de bon, ait pu prévenir maître Robinton, Domick pénétrait dans la pièce au pas de course.",88157,11.0,disparaitre,domick
245,Dorse,"Deelan ne le harcelait plus au petit déjeuner pour qu’il mange au-delà de sa faim, Dorse avait inexplicablement disparu depuis quelques jours.",98262,13.0,disparaitre,dorse
245,Dorse,Dorse avait disparu avant qu’un dernier scandale n’ait contraint Jaxom à le chasser.,128744,15.0,disparaitre,dorse
246,Dowell,"C’est que ces hommes n’auraient aucun scrupule à tuer Dowell, et alors, qui la protégerait maintenant que son parent, le Seigneur Kale, était mort ?",40326,6.0,tuer,dowell
254,Durras,"La réaction de Durras l’avait surpris, mais, durant son long apprentissage, il avait connu de nombreux cas de règles interrompues où la femme avait souffert par la suite de douleurs abdominales violentes et ininterrompues – dont plusieurs cas où la femme était morte, et où son seul recours avait été des applications massives de baume analgésique pour calmer ses souffrances.",13875,2.0,mourir,durras
255,Dushik,"– il allait tuer Readis de ses propres mains, en même temps que Thella et Dushik.",45596,6.0,tuer,dushik
255,Dushik,"— Si Dushik te voyait, il te tuerait sans réfléchir, Jayge.",45613,6.0,tuer,dushik
262,Emily Boll Em | Emily Boll | Emily Em | Boll Em | Emily | Boll | Em,"— Dites-moi, je vous prie, comment des hommes peuvent mourir à Boll Sud alors que ce félin était encore à Ista ?",29185,4.0,mourir,boll
262,Emily Boll Em | Emily Boll | Emily Em | Boll Em | Emily | Boll | Em,"— Alors, comment la maladie est-elle parvenue à Boll Sud si la créature a été tuée à la Fête d’Ista ?",32665,4.0,tuer,boll
265,Eric Hegelman | Hegelman | Eric,"Shih Lao, qui avait conféré l’Empreinte au bronze Firth, arborait en permanence un sourire radieux sur son visage autrefois pensif, Tarrie Chernoff avait cessé de s’excuser pour la moindre peccadille, et le bégaiement d’Otto Hegelman avait complètement disparu.",7794,1.0,disparaitre,hegelman
269,Esselin,Esselin ne se remit pas du choc et mourut quelques jours plus tard d’une hémorragie cérébrale.,131400,15.0,mourir,esselin
277,F’lar Falla Fallarnon | Falla Fallarnon | F’lar Fallarnon | F’lar Falla | Fallarnon | Falla | F’lar,"— C’est vrai, mais si l’on diffuse partout la façon dont Thella est morte… cela dissuadera les hésitants et nous donnera le temps de respirer, dit F’lar, regardant Piemur d’un air entendu.",49450,6.0,mourir,f’lar
277,F’lar Falla Fallarnon | Falla Fallarnon | F’lar Fallarnon | F’lar Falla | Fallarnon | Falla | F’lar,Larna était morte deux jours après la naissance de Fallarnon.,58706,7.0,mourir,fallarnon
277,F’lar Falla Fallarnon | Falla Fallarnon | F’lar Fallarnon | F’lar Falla | Fallarnon | Falla | F’lar,F’lar les suivit des yeux jusqu’à ce qu’elles disparaissent.,61332,7.0,disparaitre,f’lar
277,F’lar Falla Fallarnon | Falla Fallarnon | F’lar Fallarnon | F’lar Falla | Fallarnon | Falla | F’lar,"— J’avais entendu dire que Jora était morte, répliqua Fax, renonçant à la troisième personne, comme si F’lar avait passé une sorte d’épreuve en n’y prêtant pas attention.",61858,8.0,mourir,f’lar
277,F’lar Falla Fallarnon | Falla Fallarnon | F’lar Fallarnon | F’lar Falla | Fallarnon | Falla | F’lar,"— Le Fort vient juste de se lever de table, Seigneur F’lar, si… suggéra Fax, dont la voix mourut devant le sourire de refus de F’lar.",61896,8.0,mourir,f’lar
277,F’lar Falla Fallarnon | Falla Fallarnon | F’lar Fallarnon | F’lar Falla | Fallarnon | Falla | F’lar,"— Et mourir de faim le reste de l’année, remarqua ironiquement F’lar, laissant son regard errer sur la vallée.",62322,8.0,mourir,f’lar
277,F’lar Falla Fallarnon | Falla Fallarnon | F’lar Fallarnon | F’lar Falla | Fallarnon | Falla | F’lar,"F’lar allait vertement répondre, mais sa réplique mourut sur ses lèvres, comme il les regardait, souffle coupé.",65519,8.0,mourir,f’lar
277,F’lar Falla Fallarnon | Falla Fallarnon | F’lar Fallarnon | F’lar Falla | Fallarnon | Falla | F’lar,"Maintenant, ses pensées le ramenaient inéluctablement à ce jour d’été où Hath, le dragon-bronze de R’gul, avait pris son vol pour s’accoupler à la grotesque Nemorth, et où R’gul était devenu Chef du Weyr à la place de F’lon, le père décédé de F’lar.",66355,8.0,deceder,f’lar
277,F’lar Falla Fallarnon | Falla Fallarnon | F’lar Fallarnon | F’lar Falla | Fallarnon | Falla | F’lar,Sa voix mourut sous le regard accusateur et froid de F’lar.,66871,8.0,mourir,f’lar
277,F’lar Falla Fallarnon | Falla Fallarnon | F’lar Fallarnon | F’lar Falla | Fallarnon | Falla | F’lar,"Instantanément, F’lar et Mnementh disparurent dans le froid, les ténèbres et le calme de l’Interstice.",67044,8.0,disparaitre,f’lar
277,F’lar Falla Fallarnon | Falla Fallarnon | F’lar Fallarnon | F’lar Falla | Fallarnon | Falla | F’lar,"Tout autour de lui, F’lar voyait les dragons disparaître dans l’Interstice et réapparaître aussitôt, crachant les flammes, s’élevant à des hauteurs vertigineuses puis se laissant tomber en piqué.",67047,8.0,disparaitre,f’lar
277,F’lar Falla Fallarnon | Falla Fallarnon | F’lar Fallarnon | F’lar Falla | Fallarnon | Falla | F’lar,F’lar regarda d’un air significatif les Seigneurs qui s’étaient partagé les dépouilles des sept Forts de Fax après sa mort.,67804,8.0,depouille,f’lar
277,F’lar Falla Fallarnon | Falla Fallarnon | F’lar Fallarnon | F’lar Falla | Fallarnon | Falla | F’lar,"Fax était mort de la main de F’lar, et elle était partie pour le Weyr de Benden.",68893,8.0,mourir,f’lar
277,F’lar Falla Fallarnon | Falla Fallarnon | F’lar Fallarnon | F’lar Falla | Fallarnon | Falla | F’lar,"Au cours de ces derniers mois, ce n’était pas la première fois que Robinton regrettait la hâte de F’lar de Benden à se démettre de son commandement après que Lessa fut remontée dans le temps interstitiel pour ramener jusqu’à son époque les cinq Weyrs disparus.",69490,9.0,disparu,f’lar
277,F’lar Falla Fallarnon | Falla Fallarnon | F’lar Fallarnon | F’lar Falla | Fallarnon | Falla | F’lar,"Si T’ron tuait F’lar, il pourrait contrôler les autres.",75547,9.0,tuer,f’lar
277,F’lar Falla Fallarnon | Falla Fallarnon | F’lar Fallarnon | F’lar Falla | Fallarnon | Falla | F’lar,"Il était toujours l’individu crucial, le plus âgé des Anciens qui restaient, et, s’il s’était refroidi après les événements tumultueux de la veille et avait changé d’avis en dormant, la proposition qu’allait faire F’lar pourrait bien mourir dans l’œuf.",76102,9.0,mourir,f’lar
277,F’lar Falla Fallarnon | Falla Fallarnon | F’lar Fallarnon | F’lar Falla | Fallarnon | Falla | F’lar,"F’lar soupira et se renversa de nouveau dans son lit, toute ardeur ayant disparu de son visage.",77737,9.0,disparaitre,f’lar
277,F’lar Falla Fallarnon | Falla Fallarnon | F’lar Fallarnon | F’lar Falla | Fallarnon | Falla | F’lar,"— Votre faute initiale, mon cher F’lar, dit le Harpiste de sa voix la plus comique, c’est de nous avoir sauvés d’un désastre imminent, la dernière fois, en tout juste trois jours, en ramenant dans l’avenir les Cinq Weyrs disparus.",79304,9.0,disparu,f’lar
277,F’lar Falla Fallarnon | Falla Fallarnon | F’lar Fallarnon | F’lar Falla | Fallarnon | Falla | F’lar,Robinton regarda F’lar et le bronze Mnementh s’élever au-dessus des crêtes de feu et disparaître.,100597,13.0,disparaitre,f’lar
277,F’lar Falla Fallarnon | Falla Fallarnon | F’lar Fallarnon | F’lar Falla | Fallarnon | Falla | F’lar,"— Je vous tuerai, F’lar, dit T’kul en grinçant des dents, en s’efforçant d’abaisser sa main droite, plus près, toujours plus près du cou du chevalierbronze.",102743,13.0,tuer,f’lar
277,F’lar Falla Fallarnon | Falla Fallarnon | F’lar Fallarnon | F’lar Falla | Fallarnon | Falla | F’lar,"Je vous tuerai, F’lar !",102750,13.0,tuer,f’lar
277,F’lar Falla Fallarnon | Falla Fallarnon | F’lar Fallarnon | F’lar Falla | Fallarnon | Falla | F’lar,"Naturellement qu’elle était bouleversée : F’lar acculé à tuer un chevalierdragon, le vol de l’œuf, la fureur de Ramoth…",102846,13.0,tuer,f’lar
277,F’lar Falla Fallarnon | Falla Fallarnon | F’lar Fallarnon | F’lar Falla | Fallarnon | Falla | F’lar,Il tuera F’lar !,103026,13.0,tuer,f’lar
277,F’lar Falla Fallarnon | Falla Fallarnon | F’lar Fallarnon | F’lar Falla | Fallarnon | Falla | F’lar,Cet idiot de T’kul aurait pu tuer F’lar aujourd’hui !,103304,13.0,tuer,f’lar
277,F’lar Falla Fallarnon | Falla Fallarnon | F’lar Fallarnon | F’lar Falla | Fallarnon | Falla | F’lar,"On demanda à F’lar, Lessa et F’nor de venir d’urgence avant que les Sœurs de l’Aube ne disparaissent.",104822,13.0,disparaitre,f’lar
277,F’lar Falla Fallarnon | Falla Fallarnon | F’lar Fallarnon | F’lar Falla | Fallarnon | Falla | F’lar,"Et elles ont failli en mourir, dit F’lar.",116258,14.0,mourir,f’lar
277,F’lar Falla Fallarnon | Falla Fallarnon | F’lar Fallarnon | F’lar Falla | Fallarnon | Falla | F’lar,"— Les connaissances qu’il nous a prodiguées ne mourront pas, dit F’lar, s’écartant pour laisser entrer Menolly et Sebell.",119539,14.0,mourir,f’lar
277,F’lar Falla Fallarnon | Falla Fallarnon | F’lar Fallarnon | F’lar Falla | Fallarnon | Falla | F’lar,"— Et moi, j’ai survécu à trois jours sans aucun espoir, dit F’lar en l’embrassant, faisant allusion à la détresse qu’il avait ressentie quand elle avait remonté le temps pour ramener les cinq Weyrs disparus.",131908,15.0,disparu,f’lar
278,F’lessan,"Il se tourna alors pour dire quelque chose à F’lessan, et s’aperçut qu’il avait disparu.",98093,13.0,disparaitre,f’lessan
278,F’lessan,"Elle pourrait glisser sur notre atmosphère et disparaître, pensa F’lessan avec espoir.",123643,15.0,disparaitre,f’lessan
278,F’lessan,F’lessan mourrait !,129507,15.0,mourir,f’lessan
278,F’lessan,F’lessan voudrait sûrement mourir aussi !,129522,15.0,mourir,f’lessan
278,F’lessan,F’lessan n’était pas mort parce que Golanth n’était pas mort.,129728,15.0,mourir,f’lessan
278,F’lessan,"— Ils ont déplacé des félins qui allaient tuer Golanth, F’lessan, Tai et Zaranth, dit pensivement Lessa.",129767,15.0,tuer,f’lessan
278,F’lessan,"Du coin de l’œil, Tai vit F’lessan disparaître.",131115,15.0,disparaitre,f’lessan
279,F’lon Falloner | Falloner | F’lon,"mais ils devaient avoir des mères différentes, puisque celle de Falloner était morte à sa naissance.",53414,7.0,mourir,falloner
279,F’lon Falloner | Falloner | F’lon,"Un spasme violent parcourut le corps de F’lon, et il mourut.",60091,7.0,mourir,f’lon
279,F’lon Falloner | Falloner | F’lon,Mais F’lon s’est fait tuer dans une bagarre ridicule.,64815,8.0,tuer,f’lon
279,F’lon Falloner | Falloner | F’lon,"Maintenant, ses pensées le ramenaient inéluctablement à ce jour d’été où Hath, le dragon-bronze de R’gul, avait pris son vol pour s’accoupler à la grotesque Nemorth, et où R’gul était devenu Chef du Weyr à la place de F’lon, le père décédé de F’lar.",66355,8.0,deceder,f’lon
281,F’nor F’lor | F’lor | F’nor,"dit F’nor, exaspéré, en regardant dans la direction où Brekke avait disparu.",71553,9.0,disparaitre,f’nor
281,F’nor F’lor | F’lor | F’nor,» C’est ce qu’avait dit Sebell : Brekke ne voulait plus vivre si Canth et F’nor mourraient.,88802,11.0,mourir,f’nor
281,F’nor F’lor | F’lor | F’nor,"Tes chansons traitent de sujets, comme le lézard-de-feu et le cri de Brekke vers F’nor et Canh, qui contribueront à modifier les attitudes rigides comme celles qui t’ont presque tuée dans ton fort natal.",90349,11.0,tuer,f’nor
281,F’nor F’lor | F’lor | F’nor,"F’nor dit qu’elle venait juste de tuer une proie quand trois bronzes sont apparus, ont passé le dragon de guet…",98671,13.0,tuer,f’nor
281,F’nor F’lor | F’lor | F’nor,"On demanda à F’lar, Lessa et F’nor de venir d’urgence avant que les Sœurs de l’Aube ne disparaissent.",104822,13.0,disparaitre,f’nor
281,F’nor F’lor | F’lor | F’nor,F’nor avait failli mourir dans sa tentative d’atteindre l’Étoile,109140,14.0,mourir,f’nor
290,Fandarel,"Fandarel envoya un message indigné à Sebell, le Maître Harpiste de Pern, lui rappelant que ce n’était pas la première fois que des articles de valeur avaient mystérieusement disparu pendant leur transport aux autres Ateliers de Forgerons.",119979,15.0,disparaitre,fandarel
291,Fanna,"Le jeune maître de Ruth y était venu la première fois quand il était à la recherche de D’ram, qui, après la mort de Fanna, avait renoncé à sa charge de Chef du Weyr et avait disparu.",46609,6.0,disparaitre,fanna
291,Fanna,Il est peu probable qu’il reste Chef de Weyr quand Fanna mourra.,99608,13.0,mourir,fanna
291,Fanna,"Quand… quand Fanna est morte, dit-il d’un ton fiévreux, j’aurais dû aller au Weyr Méridional.",103289,13.0,mourir,fanna
293,Farevene,— Farevene a été assassiné.,59386,7.0,assassiner,farevene
296,Faroguy,"— Oui, parce que je sais qu’il y a aux Hautes Terres un homme très ambitieux qui réclamera la succession pour lui… quand le Seigneur Faroguy mourra.",57311,7.0,mourir,faroguy
298,Fax,"— La mère de Fax est morte en le mettant au monde, alors, nous ne saurons jamais, n’est-ce pas ?",55114,7.0,mourir,fax
298,Fax,"Malgré des propositions de récompenses substantielles, Maître Idarolan, qui avait succédé à Maître Gostol dans la charge de Maître Pêcheur de Pern, refusa à Fax de remplacer les bateaux, si mystérieusement disparus dans les villages de pêcheurs des Hautes Terres.",60791,7.0,disparu,fax
298,Fax,Fax essayait-il de la tuer ?,61089,7.0,tuer,fax
298,Fax,"Les hommes de Fax, mécontents que leur Dame soit morte, grommelaient, mais Fax semblait plutôt content.",61353,7.0,mourir,fax
298,Fax,Ils ne pouvaient pas manquer de comprendre que la protection de Fax était morte avec lui.,61535,7.0,mourir,fax
298,Fax,"— J’avais entendu dire que Jora était morte, répliqua Fax, renonçant à la troisième personne, comme si F’lar avait passé une sorte d’épreuve en n’y prêtant pas attention.",61858,8.0,mourir,fax
298,Fax,"— Le Fort vient juste de se lever de table, Seigneur F’lar, si… suggéra Fax, dont la voix mourut devant le sourire de refus de F’lar.",61896,8.0,mourir,fax
298,Fax,Fax ne doit pas tuer le chevalierdragon.,62905,8.0,tuer,fax
298,Fax,Elle ne devait pas avoir plus de dix Révolutions d’âge quand Fax avait assassiné toute sa famille.,63268,8.0,assassiner,fax
298,Fax,F’lar regarda d’un air significatif les Seigneurs qui s’étaient partagé les dépouilles des sept Forts de Fax après sa mort.,67804,8.0,depouille,fax
298,Fax,"Fax était mort de la main de F’lar, et elle était partie pour le Weyr de Benden.",68893,8.0,mourir,fax
298,Fax,"Un père qu’il n’avait jamais vu, une mère morte en le mettant au monde l’avaient fait Seigneur de Ruatha, bien que sa mère fût originaire du Fort de Crom, et Fax, son père, des Hautes Terres.",71946,9.0,mourir,fax
298,Fax,"Mais tuer Fax avait été considéré comme un problème insoluble, autrefois.",128861,15.0,tuer,fax
298,Fax,"Lessa de Ruatha et du Weyr de Benden, qui n’avait pas pleuré même quand Fax avait assassiné toute sa famille, pleurait maintenant !",129715,15.0,assassiner,fax
301,Felena,"Cette enfant meurt de faim, Felena.",84160,10.0,mourir,felena
302,Felessan Fesselan | Felessan | Fesselan,Comment pouvait-elle oublier qu’elle avait failli mourir à la naissance de Felessan ?,70756,9.0,mourir,felessan
316,Fleur du Vent | du Vent | Fleur,"Un long gémissement s’éleva du Weyr, comme la mélopée funèbre et solitaire du vent d’hiver.",67248,8.0,funebre,du vent
335,G’lanar,"On dit que le Seigneur Jaxom et son dragon blanc ont tué G’lanar et Lamoth, délibérément.",117287,14.0,tuer,g’lanar
340,G’ron Giron | Giron | G’ron,"Thella et Giron seraient-ils partis dans le Sud avec Readis – pour disparaître sur ce que certains prenaient pour un vaste continent, et d’autres pour une île comme Ista, en plus grand ?",44871,6.0,disparaitre,giron
344,Gaby,"Nous rentrâmes avec du cresson précoce et des oignons sauvages, et Gaby se surprit lui-même en tuant un wherry sauvage d’un javelot bien lancé.",37623,5.0,tuer,gaby
350,Gana,"Bien que jeune, il avait droit à tous les honneurs et politesses dus à un chevalier-dragon, et c’est pourquoi, devant du klah et un excellent gâteau de Dame Gana, il nous apprit que les coureurs mouraient de la peste, eux aussi, et devaient être inoculés.",38918,5.0,mourir,gana
350,Gana,"Tuero avait pu établir que la fille de Dame Gana était morte parmi les premières, soignée par la servante qui avait aussi succombé à la maladie.",39393,5.0,mourir,gana
364,Gemma,"— Oui, morte, morte, la pauvre Gemma.",61343,7.0,mourir,gemma
364,Gemma,Il était content que Dame Gemma fût morte en mettant au monde son héritier.,62960,8.0,mourir,gemma
364,Gemma,"Dame Gemma est morte, l’enfant n’est pas né.",63118,8.0,mourir,gemma
364,Gemma,Dame Gemma ne serait peut-être pas morte.,63191,8.0,mourir,gemma
364,Gemma,Et en deuil pour la mort de Dame Gemma.,63454,8.0,deuil,gemma
366,Gennell,"— Je vais te montrer le chemin, dit Gennell, et, suivi du Seigneur Halibran, flanqué de Betrice et Ginia, ils disparurent dans l’Atelier.",51767,7.0,disparaitre,gennell
366,Gennell,Il pensait aussi que Maître Gennell avait fait allusion à une chose que les apprentis mouraient d’envie d’apprendre ;,54612,7.0,mourir,gennell
366,Gennell,"— Tu n’es pas près de nous quitter, Gennell, dit-il avec un rire désinvolte qui mourut devant l’expression de Gennell.",59110,7.0,mourir,gennell
366,Gennell,"L’hiver suivant, qui fut aussi très rigoureux, Maître Gennell mourut d’une défaillance cardiaque.",59258,7.0,mourir,gennell
369,Ginia,"— Je vais te montrer le chemin, dit Gennell, et, suivi du Seigneur Halibran, flanqué de Betrice et Ginia, ils disparurent dans l’Atelier.",51767,7.0,disparaitre,ginia
369,Ginia,"Ce n’était pas le style de sa mère, mais il sourit en suivant des yeux Ginia, qui disparaissait dans le couloir.",56257,7.0,disparaitre,ginia
378,Gostol,"Malgré des propositions de récompenses substantielles, Maître Idarolan, qui avait succédé à Maître Gostol dans la charge de Maître Pêcheur de Pern, refusa à Fax de remplacer les bateaux, si mystérieusement disparus dans les villages de pêcheurs des Hautes Terres.",60791,7.0,disparu,gostol
397,Halibran,"— Je vais te montrer le chemin, dit Gennell, et, suivi du Seigneur Halibran, flanqué de Betrice et Ginia, ils disparurent dans l’Atelier.",51767,7.0,disparaitre,halibran
402,Hayara,"Robinton ne sut jamais à quel moment le Seigneur Maidir et S’loner avaient quitté la table, car la nuit était tombée, et, bien qu’il y eût de nombreux paniers de brandons autour du Bassin, il y avait tant de gens qui allaient et venaient – pour aller chercher du vin ou satisfaire un besoin naturel –, et il avait tant de choses à surveiller en sa qualité de Harpiste, qu’il ne remarqua leur absence que lorsque Dame Hayara se leva, fuyant une Jora ivre morte qui s’était effondrée sur la table.",55842,7.0,mourir,hayara
402,Hayara,"Puis il annonça que sa sœur, Maizella, prononcerait les vœux du mariage dès la fin de la période de deuil traditionnelle, que Dame Hayara resterait au Fort jusqu’à ce qu’il trouve lui-même une épouse.",56261,7.0,deuil,hayara
415,Idarolan Iddie | Idarolan | Iddie,"Malgré des propositions de récompenses substantielles, Maître Idarolan, qui avait succédé à Maître Gostol dans la charge de Maître Pêcheur de Pern, refusa à Fax de remplacer les bateaux, si mystérieusement disparus dans les villages de pêcheurs des Hautes Terres.",60791,7.0,disparu,idarolan
428,Jacob Chernoff | Chernoff | Jacob,"Shih Lao, qui avait conféré l’Empreinte au bronze Firth, arborait en permanence un sourire radieux sur son visage autrefois pensif, Tarrie Chernoff avait cessé de s’excuser pour la moindre peccadille, et le bégaiement d’Otto Hegelman avait complètement disparu.",7794,1.0,disparaitre,chernoff
428,Jacob Chernoff | Chernoff | Jacob,"Puis, sous les yeux stupéfaits et incrédules de Peter Chernoff, ils disparurent.",10604,1.0,disparaitre,chernoff
429,Jake Chernoff | Chernoff | Jake,"Shih Lao, qui avait conféré l’Empreinte au bronze Firth, arborait en permanence un sourire radieux sur son visage autrefois pensif, Tarrie Chernoff avait cessé de s’excuser pour la moindre peccadille, et le bégaiement d’Otto Hegelman avait complètement disparu.",7794,1.0,disparaitre,chernoff
429,Jake Chernoff | Chernoff | Jake,"Puis, sous les yeux stupéfaits et incrédules de Peter Chernoff, ils disparurent.",10604,1.0,disparaitre,chernoff
433,Jancis,"— Je t’envie Farli, dit Jancis quand la petite reine eut disparu pour accomplir sa mission.",48769,6.0,disparaitre,jancis
433,Jancis,"— Et d’autant plus qu’elle meurt d’envie elle-même de suivre les leçons des guérisseurs, dit Jancis.",110867,14.0,mourir,jancis
437,Jaxom,"— Eh bien, à Ruatha, dit Jaxom en prenant une profonde inspiration pour empêcher sa voix de trembler, quand je disparais, on me fait chercher partout.",72275,9.0,disparaitre,jaxom
437,Jaxom,"Jaxom vit Lytol fermer les siens, il vit la réalité de la perte terrible de Lytol gravée sur son visage, aussi torturé aujourd’hui qu’au jour où son Larth était mort de ses brûlures de phosphine.",78134,9.0,mourir,jaxom
437,Jaxom,"Je ne veux pas tuer pour eux, dit Ruth avec tant de véhémence que Jaxom se demanda s’il n’allait pas cracher le feu sur ses petits amis.",99251,13.0,tuer,jaxom
437,Jaxom,"Ils disparurent dans l’Interstice, mais Jaxom vit qu’ils n’étaient pas marqués.",99349,13.0,disparaitre,jaxom
437,Jaxom,"Il ne fallait pas s’immiscer sans nécessité dans le deuil de D’ram, et si Jaxom parvenait à passer inaperçu, ce serait encore mieux.",100586,13.0,deuil,jaxom
437,Jaxom,"La deuxième fois, Jaxom et Ruth étaient au sol quand les cris surexcités d’une verte tuant sa proie avant le vol nuptial avaient stupéfié tout le Weyr.",101422,13.0,tuer,jaxom
437,Jaxom,"Dès que le groupe eut disparu dans le petit édifice, Jaxom s’approcha de Ruth.",107252,13.0,disparaitre,jaxom
437,Jaxom,"Il est grièvement blessé, dit Ruth à Jaxom, comme le bleu disparaissait de nouveau, sans doute pour rejoindre le Weyr et les soigneurs qui enduiraient son aile de baume calmant.",113781,14.0,disparaitre,jaxom
437,Jaxom,"disparu, Jaxom se frotta vivement les mains.",113996,14.0,disparaitre,jaxom
437,Jaxom,"Quand les verts, chargés d’hommes et de matériel, eurent disparu, Jaxom apprécia le silence soudain de la passerelle.",114943,14.0,disparaitre,jaxom
437,Jaxom,Jaxom et Ruth prirent congé de tous et disparurent.,114985,14.0,disparaitre,jaxom
437,Jaxom,— Quelqu’un cherche à assassiner Jaxom.,115765,14.0,assassiner,jaxom
437,Jaxom,"On dit que le Seigneur Jaxom et son dragon blanc ont tué G’lanar et Lamoth, délibérément.",117287,14.0,tuer,jaxom
437,Jaxom,"Et Jaxom vit des vides s’ouvrir autour de lui, aux endroits où les dragons avaient disparu dans l’Interstice.",118012,14.0,disparaitre,jaxom
437,Jaxom,"Faisant signe à ses amis de l’accompagner, Jaxom s’avança dans la foule qui s’écarta devant lui et s’arrêta devant les portes abattues sur le sol, les conversations mourant peu à peu maintenant que quelqu’un prenait le commandement des opérations.",128437,15.0,mourir,jaxom
437,Jaxom,Dorse avait disparu avant qu’un dernier scandale n’ait contraint Jaxom à le chasser.,128744,15.0,disparaitre,jaxom
438,Jaxom Jax | Jaxom | Jax,"— Eh bien, à Ruatha, dit Jaxom en prenant une profonde inspiration pour empêcher sa voix de trembler, quand je disparais, on me fait chercher partout.",72275,9.0,disparaitre,jaxom
438,Jaxom Jax | Jaxom | Jax,"Jaxom vit Lytol fermer les siens, il vit la réalité de la perte terrible de Lytol gravée sur son visage, aussi torturé aujourd’hui qu’au jour où son Larth était mort de ses brûlures de phosphine.",78134,9.0,mourir,jaxom
438,Jaxom Jax | Jaxom | Jax,"Je ne veux pas tuer pour eux, dit Ruth avec tant de véhémence que Jaxom se demanda s’il n’allait pas cracher le feu sur ses petits amis.",99251,13.0,tuer,jaxom
438,Jaxom Jax | Jaxom | Jax,"Ils disparurent dans l’Interstice, mais Jaxom vit qu’ils n’étaient pas marqués.",99349,13.0,disparaitre,jaxom
438,Jaxom Jax | Jaxom | Jax,"Il ne fallait pas s’immiscer sans nécessité dans le deuil de D’ram, et si Jaxom parvenait à passer inaperçu, ce serait encore mieux.",100586,13.0,deuil,jaxom
438,Jaxom Jax | Jaxom | Jax,"La deuxième fois, Jaxom et Ruth étaient au sol quand les cris surexcités d’une verte tuant sa proie avant le vol nuptial avaient stupéfié tout le Weyr.",101422,13.0,tuer,jaxom
438,Jaxom Jax | Jaxom | Jax,"Dès que le groupe eut disparu dans le petit édifice, Jaxom s’approcha de Ruth.",107252,13.0,disparaitre,jaxom
438,Jaxom Jax | Jaxom | Jax,"Il est grièvement blessé, dit Ruth à Jaxom, comme le bleu disparaissait de nouveau, sans doute pour rejoindre le Weyr et les soigneurs qui enduiraient son aile de baume calmant.",113781,14.0,disparaitre,jaxom
438,Jaxom Jax | Jaxom | Jax,"disparu, Jaxom se frotta vivement les mains.",113996,14.0,disparaitre,jaxom
438,Jaxom Jax | Jaxom | Jax,"Quand les verts, chargés d’hommes et de matériel, eurent disparu, Jaxom apprécia le silence soudain de la passerelle.",114943,14.0,disparaitre,jaxom
438,Jaxom Jax | Jaxom | Jax,Jaxom et Ruth prirent congé de tous et disparurent.,114985,14.0,disparaitre,jaxom
438,Jaxom Jax | Jaxom | Jax,— Quelqu’un cherche à assassiner Jaxom.,115765,14.0,assassiner,jaxom
438,Jaxom Jax | Jaxom | Jax,"On dit que le Seigneur Jaxom et son dragon blanc ont tué G’lanar et Lamoth, délibérément.",117287,14.0,tuer,jaxom
438,Jaxom Jax | Jaxom | Jax,"Et Jaxom vit des vides s’ouvrir autour de lui, aux endroits où les dragons avaient disparu dans l’Interstice.",118012,14.0,disparaitre,jaxom
438,Jaxom Jax | Jaxom | Jax,"Faisant signe à ses amis de l’accompagner, Jaxom s’avança dans la foule qui s’écarta devant lui et s’arrêta devant les portes abattues sur le sol, les conversations mourant peu à peu maintenant que quelqu’un prenait le commandement des opérations.",128437,15.0,mourir,jaxom
438,Jaxom Jax | Jaxom | Jax,Dorse avait disparu avant qu’un dernier scandale n’ait contraint Jaxom à le chasser.,128744,15.0,disparaitre,jaxom
439,Jayge Lilcamp | Lilcamp | Jayge,"Gaddie, allons poser la question au Seigneur Jayge, fit T’lion, et son dragon s’exécuta, disparaissant dans l’Interstice, avant, espérait-il, qu’on ne l’ait vu de la plage.",14126,2.0,disparaitre,jayge
439,Jayge Lilcamp | Lilcamp | Jayge,"La vaillante petite jument se mit à nager, et Jayge se laissa glisser dans le bassin, frissonnant car l’eau était froide, et disparaissant car elle était profonde.",41012,6.0,disparaitre,jayge
439,Jayge Lilcamp | Lilcamp | Jayge,"Jayge battit des paupières, il n’y avait plus sous ses yeux qu’une aire dénudée, et quelque chose de répugnant qui pulsait, roulait – et, à chaque battement de paupières, de l’humus disparaissait et des arbres tombaient.",41082,6.0,disparaitre,jayge
439,Jayge Lilcamp | Lilcamp | Jayge,"Jayge regarda, incrédule, car le dragon était dans le ciel, et l’instant suivant, il avait disparu.",41224,6.0,disparaitre,jayge
439,Jayge Lilcamp | Lilcamp | Jayge,"Mais elle mourut avant l’été, pendant que tous les hommes valides, Jayge compris, étaient dehors avec les équipes au sol.",41280,6.0,mourir,jayge
439,Jayge Lilcamp | Lilcamp | Jayge,Les fourrés se refermèrent sur le blessé et Jayge continua à contempler l’endroit où il avait disparu.,44067,6.0,disparaitre,jayge
439,Jayge Lilcamp | Lilcamp | Jayge,"— Si Dushik te voyait, il te tuerait sans réfléchir, Jayge.",45613,6.0,tuer,jayge
439,Jayge Lilcamp | Lilcamp | Jayge,"Jayge avait l’habitude de veiller la nuit, mais il aurait voulu qu’un chevalier-dragon se pose assez près pour qu’il puisse l’appeler au besoin, ou qu’il ose allumer un feu sans être certain que Thella était morte.",45775,6.0,mourir,jayge
439,Jayge Lilcamp | Lilcamp | Jayge,"demanda Jayge, radieux, toute trace de patiente résignation disparue.",47555,6.0,disparaitre,jayge
439,Jayge Lilcamp | Lilcamp | Jayge,"Jayge se rapprocha, balançant un javelot dans sa main, et visa un brigand corpulent, mais il n’était pas assez proche pour le lancer avec quelque chance de tuer.",49284,6.0,tuer,jayge
461,Jora,"Robinton ne sut jamais à quel moment le Seigneur Maidir et S’loner avaient quitté la table, car la nuit était tombée, et, bien qu’il y eût de nombreux paniers de brandons autour du Bassin, il y avait tant de gens qui allaient et venaient – pour aller chercher du vin ou satisfaire un besoin naturel –, et il avait tant de choses à surveiller en sa qualité de Harpiste, qu’il ne remarqua leur absence que lorsque Dame Hayara se leva, fuyant une Jora ivre morte qui s’était effondrée sur la table.",55842,7.0,mourir,jora
461,Jora,Jora est morte.,60946,7.0,mourir,jora
461,Jora,Repensant à la façon dont Jora se gorgeait de nourriture à la dernière Éclosion – qui remontait maintenant à des Révolutions – Robinton avait cru sans mal qu’elle était morte d’indigestion.,60948,7.0,mourir,jora
461,Jora,"— J’avais entendu dire que Jora était morte, répliqua Fax, renonçant à la troisième personne, comme si F’lar avait passé une sorte d’épreuve en n’y prêtant pas attention.",61858,8.0,mourir,jora
461,Jora,"Jora, la Dame du Weyr défunte que personne ne regrettait, avait été obèse, stupide et incompétente.",64017,8.0,defunt,jora
471,K’lon,"Si K’lon avait souffert de la maladie diagnostiquée par Maître Capiam, pourquoi avait-il guéri alors que tout le monde en mourait dans le Sud-Est de Pern ?",29803,4.0,mourir,k’lon
471,K’lon,"Même si les gens des Forts mouraient, K’lon, le chevalier-dragon, avait survécu.",29847,4.0,mourir,k’lon
471,K’lon,"Il doit bien y avoir un autre chevalier capable de faire les courses de K’lon à sa place, ou il va se tuer de fatigue.",32458,4.0,tuer,k’lon
471,K’lon,"K’lon arrivait à peine à comprendre la déclaration de son dragon, et essayait d’en nier le corollaire, alors même qu’il en voyait les effets sur la reine endeuillée.",37164,4.0,endeuiller,k’lon
471,K’lon,"K’lon fut si atterré à l’idée de voir mourir Leri sous ses yeux qu’il la saisit par les épaules et la secoua violemment, ce qui permit à l’air d’entrer dans ses poumons.",37179,4.0,mourir,k’lon
471,K’lon,"— Elle voulait mourir, balbutia K’lon, levant les mains en un geste d’excuse.",37215,4.0,mourir,k’lon
473,K’net,"K’net, conduisant une double escadrille, s’approcha du rebord du Bassin, puis ils disparurent tous en bon ordre, en route vers l’armée en marche, près de laquelle ils devaient réapparaître.",65313,8.0,disparaitre,k’net
475,K’vin Kev | K’vin | Kev,"Avant qu’elles ne disparaissent, K’vin saisit quelques éclairs de peaux bleues, brunes, et même vertes luisant au soleil.",26771,3.0,disparaitre,k’vin
475,K’vin Kev | K’vin | Kev,"— Elle mourait d’envie de nous prendre toutes sous son aile, chuchota Zulaya à K’vin quand la Dame du Weyr de Fort tourna la tête vers son compagnon qui faisait nerveusement les cent pas.",26896,3.0,mourir,k’vin
475,K’vin Kev | K’vin | Kev,"K’vin tira sur les nœuds des sacs vides et vit Tracath plonger sous le ventre de Charanth, Z’gal attrapant adroitement les sacs vides et disparaissant instantanément dans l’Interstice.",27020,3.0,disparaitre,k’vin
477,Kale,"C’est que ces hommes n’auraient aucun scrupule à tuer Dowell, et alors, qui la protégerait maintenant que son parent, le Seigneur Kale, était mort ?",40326,6.0,tuer,kale
487,Kasia,"— Kasia me disait quoi faire, protesta-t-il entre deux cuillerées d’épaisse soupe de poisson, agrémentée de légumes qui ne lui avaient jamais paru si bons, et de grosses bouchées du pain cuit la veille quand des équipes de sauveteurs avaient été constituées pour localiser le sloop disparu.",58113,7.0,disparaitre,kasia
487,Kasia,"Elle avait le bon sens de ne jamais parler de la tristesse qui persistait dans ses yeux, mais il savait que le souvenir de Kasia ne s’était pas estompé depuis dix Révolutions qu’elle était morte.",59268,7.0,mourir,kasia
492,Kenjo Fusaiyuki | Fusaiyuki | Kenjo,"Alarmé, Kenjo se retourna, juste à temps pour voir l’amiral et le gouverneur disparaître par le sas de secours.",966,1.0,disparaitre,kenjo
492,Kenjo Fusaiyuki | Fusaiyuki | Kenjo,Ongola et Kenjo disparurent derrière un tas de pièces mécaniques de rebut à un bout du terrain.,6009,1.0,disparaitre,kenjo
492,Kenjo Fusaiyuki | Fusaiyuki | Kenjo,— Comment Kenjo a-t-il été tué ?,6030,1.0,tuer,kenjo
492,Kenjo Fusaiyuki | Fusaiyuki | Kenjo,Avril dit qu’elle a tué Ongola et Kenjo.,6439,1.0,tuer,kenjo
492,Kenjo Fusaiyuki | Fusaiyuki | Kenjo,Ou qu’Ongola a tué Kenjo pour les empêcher de s’emparer du Mariposa ?,6654,1.0,tuer,kenjo
492,Kenjo Fusaiyuki | Fusaiyuki | Kenjo,"Aucun doute que le défunt Kenjo n’ait utilisé une unité similaire pour visionner les vues que le télescope leur transmettrait encore, espérait-elle ardemment.",127919,15.0,defunt,kenjo
496,Ketrin,— Mais… les Fils tuent… Ketrin se montait de plus en plus la tête à l’idée de leur retour dans les cieux de Pern.,40607,6.0,tuer,ketrin
502,Kit Ping Kitti | Ping Kitti | Kit Kitti | Kit Ping | Kitti | Ping | Kit,"— Et voir comment il meurt, ajouta Kitti.",4347,1.0,mourir,kitti
513,Kylara,"Aucun besoin de s’approprier Kylara, la sœur de Larad, qui attendait avec impatience une alliance bien différente avec Brand d’Igen, et qui, le lendemain, avait disparu après cette Quête ridicule.",65330,8.0,disparaitre,kylara
513,Kylara,"Ainsi, il avait quelqu’un d’autre dans son lit, pensa Kylara, déjà à demi décidée à reprendre son trésor et à disparaître.",73009,9.0,disparaitre,kylara
513,Kylara,"Canth essaya désespérément de sauver Wirenth, mais les deux reines, mortellement blessées, disparurent dans l’Interstice, laissant Kylara idiote et Brekke au bord de la folie.",96750,13.0,disparaitre,kylara
516,L’mal,L’mal (décédé) : ancien Chef du Weyr de Fort ;,50304,6.0,deceder,l’mal
520,L’tol Lytol Lytonal | Lytol Lytonal | L’tol Lytonal | L’tol Lytol | Lytonal | Lytol | L’tol,"— Dans ce cas on s’apercevra que vous avez disparu dès que Lytol voudra partir, non ?",72276,9.0,disparaitre,lytol
520,L’tol Lytol Lytonal | Lytol Lytonal | L’tol Lytonal | L’tol Lytol | Lytonal | Lytol | L’tol,"Jaxom vit Lytol fermer les siens, il vit la réalité de la perte terrible de Lytol gravée sur son visage, aussi torturé aujourd’hui qu’au jour où son Larth était mort de ses brûlures de phosphine.",78134,9.0,mourir,lytol
520,L’tol Lytol Lytonal | Lytol Lytonal | L’tol Lytonal | L’tol Lytol | Lytonal | Lytol | L’tol,"Non, en toute justice, pour gouverner Ruatha, il lui faudrait attendre que Lytol, qui jouissait d’une très bonne santé, meure de mort naturelle.",97743,13.0,mourir,lytol
520,L’tol Lytol Lytonal | Lytol Lytonal | L’tol Lytonal | L’tol Lytol | Lytonal | Lytol | L’tol,"— En ma présence, Oterel a rétracté cette déclaration deux septaines avant de mourir, annonça-t-il quand Lytol lui eut donné la parole d’un signe de tête.",113140,14.0,mourir,lytol
530,Larad,"Ou, peut-être, ainsi que le suggérait la mère de Larad, le Seigneur Tarathel avait-il accordé un traitement spécial à cette fille parce que sa mère était morte en la mettant au monde.",40710,6.0,mourir,larad
530,Larad,", Larad découvrit que plusieurs sacs de marks avaient disparu du coffrefort de son bureau.",40744,6.0,disparaitre,larad
530,Larad,"Ils pépièrent joyeusement, puis Larad entrouvrit la fenêtre de son bureau, étroite fente par laquelle ils se glissèrent de biais et disparurent.",44506,6.0,disparaitre,larad
530,Larad,"Aucun besoin de s’approprier Kylara, la sœur de Larad, qui attendait avec impatience une alliance bien différente avec Brand d’Igen, et qui, le lendemain, avait disparu après cette Quête ridicule.",65330,8.0,disparaitre,larad
530,Larad,"Sur ces simples paroles, Larad s’effaça et les Seigneurs de l’escorte hissèrent le cercueil sur leurs épaules et le transportèrent jusqu’à la petite grotte. Quand on le plaça à l’intérieur, tous les dragons relevèrent la tête pour lancer leur lamentation funèbre.",112310,14.0,funebre,larad
533,Larna Lama | Larna | Lama,Larna était morte deux jours après la naissance de Fallarnon.,58706,7.0,mourir,larna
544,Léo Léopol | Léopol | Léo,– mais Léopol passa ce détail sous silence – à persuader Sith et Ormonth que leurs maîtres ne mourraient pas,26246,3.0,mourir,leopol
545,Leri,"K’lon fut si atterré à l’idée de voir mourir Leri sous ses yeux qu’il la saisit par les épaules et la secoua violemment, ce qui permit à l’air d’entrer dans ses poumons.",37179,4.0,mourir,leri
547,Lessa,"Furieuse qu’on ait laissé croire à Benden qu’Aramina était morte, Lessa ne demandait quand même pas mieux que d’apprendre ce qu’elle avait dit au Harpiste.",48045,6.0,mourir,lessa
547,Lessa,"Dans Ruatha, pensa Lessa, l’herbe poussait où il ne fallait pas, et mourait où elle aurait dû prospérer.",61774,8.0,mourir,lessa
547,Lessa,Lessa qu’elle mourait de faim.,64387,8.0,mourir,lessa
547,Lessa,"Il s’écarta de Lessa, et rentra dans les rangs des gens du Weyr qui levaient les yeux vers le ciel et les dragons, petites taches scintillantes qui disparaissaient au loin.",64985,8.0,disparaitre,lessa
547,Lessa,"Pour Ramoth, Lessa visualisa soigneusement, non plus le souvenir d’enfance d’une Ruatha idyllique et depuis longtemps disparue, mais son souvenir plus récent du Fort, gris et maussade à l’aube, avec l’Étoile Rouge scintillant sur l’horizon.",66171,8.0,disparaitre,lessa
547,Lessa,"Tournée vers la Pierre de l’Étoile du Pic de Benden, Lessa regarda jusqu’à ce que les quatre escadrilles aient disparu.",67100,8.0,disparaitre,lessa
547,Lessa,"Lessa, retenant son souffle, regarda le dragon-bleu, essayant de nier l’inévitable alors que Tagath disparaissait en plein ciel.",67247,8.0,disparaitre,lessa
547,Lessa,Lessa se contenta de rire en disparaissant dans la chambre.,68531,8.0,disparaitre,lessa
547,Lessa,"Au cours de ces derniers mois, ce n’était pas la première fois que Robinton regrettait la hâte de F’lar de Benden à se démettre de son commandement après que Lessa fut remontée dans le temps interstitiel pour ramener jusqu’à son époque les cinq Weyrs disparus.",69490,9.0,disparu,lessa
547,Lessa,"les trois jours de torture entre la première Chute sur les Forts de Nerat et de Telgar, tandis que Lessa avait disparu !",71107,9.0,disparaitre,lessa
547,Lessa,Et les excuses de Lessa moururent dans sa bouche comme elle se retournait pour saisir un pot de baume.,71119,9.0,mourir,lessa
547,Lessa,"Elle donna un coup de torchon symbolique sur la surface ainsi débarrassée, fit signe à l’autre d’y poser le plateau, puis elles disparurent avant que Lessa, stupéfaite d’un service aussi bâclé, ait pu prononcer un mot.",73411,9.0,disparaitre,lessa
547,Lessa,Sa voix mourut comme Lessa l’entraînait dans le corridor.,77771,9.0,mourir,lessa
547,Lessa,"— Si, je l’ai fait, Lessa – et T’gellan regarda alors directement Menolly –, précisément au moment où Menolly a disparu de son fort.",83407,10.0,disparaitre,lessa
547,Lessa,"Deux lézards de feu surgirent dans la salle, glapirent en voyant Lessa et disparurent.",103377,13.0,disparaitre,lessa
547,Lessa,"On demanda à F’lar, Lessa et F’nor de venir d’urgence avant que les Sœurs de l’Aube ne disparaissent.",104822,13.0,disparaitre,lessa
547,Lessa,Vous savez que Lessa a failli mourir en remontant à quatre cents Révolutions dans le passé.,117649,14.0,mourir,lessa
547,Lessa,Lessa me tuerait si tu te perdais dans le temps !,124198,15.0,tuer,lessa
547,Lessa,"— Pars avant de mourir d’une bronchite et d’être frustré de ta retraite, dit Lessa avec sérieux.",126259,15.0,mourir,lessa
547,Lessa,"Lessa de Ruatha et du Weyr de Benden, qui n’avait pas pleuré même quand Fax avait assassiné toute sa famille, pleurait maintenant !",129715,15.0,assassiner,lessa
547,Lessa,"— Ils ont déplacé des félins qui allaient tuer Golanth, F’lessan, Tai et Zaranth, dit pensivement Lessa.",129767,15.0,tuer,lessa
569,Lucy Tubberman | Tubberman | Lucy,"Sorka, Hanrahan, Sean Connell et David Catarel qui, plongé dans l’eau jusqu’au cou, avait regardé, impuissant, sa compagne Lucy Tubberman disparaître sous l’horrible pluie, malgré les efforts frénétiques de leurs dragonets.",4242,1.0,disparaitre,lucy tubberman
569,Lucy Tubberman | Tubberman | Lucy,Des recherches antérieures avaient révélé qu’il avait disparu avec un traîneau aérien après que Ted Tubberman eut illégalement lancé une fusée vers la vieille Terre pour demander des secours.,120128,15.0,disparaitre,tubberman
575,M’leng,M’leng était-il donc si sûr que P’tero allait mourir ?,21995,3.0,mourir,m’leng
577,M’odon,"M’odon, le plus vieux de ses chevaliers, mourut paisiblement dans son sommeil.",59014,7.0,mourir,m’odon
583,M’shall,"Il fait mauvais temps à Bitra, et les gens meurent de froid parce qu’ils ne veulent pas franchir les frontières, annonça M’shall.",22808,3.0,mourir,m’shall
590,Maidir,"Robinton ne sut jamais à quel moment le Seigneur Maidir et S’loner avaient quitté la table, car la nuit était tombée, et, bien qu’il y eût de nombreux paniers de brandons autour du Bassin, il y avait tant de gens qui allaient et venaient – pour aller chercher du vin ou satisfaire un besoin naturel –, et il avait tant de choses à surveiller en sa qualité de Harpiste, qu’il ne remarqua leur absence que lorsque Dame Hayara se leva, fuyant une Jora ivre morte qui s’était effondrée sur la table.",55842,7.0,mourir,maidir
593,Maizella,"Il y eut non seulement des acrobates, mais un homme qui faisait disparaître les objets – et les faisait reparaître derrière l’oreille de Raid ou dans la manche de Maizella – ou qui sortait un minuscule canin de son manteau et un petit serpent de tunnel de son bonnet.",53069,7.0,disparaitre,maizella
593,Maizella,"Puis il annonça que sa sœur, Maizella, prononcerait les vœux du mariage dès la fin de la période de deuil traditionnelle, que Dame Hayara resterait au Fort jusqu’à ce qu’il trouve lui-même une épouse.",56261,7.0,deuil,maizella
596,Manora,"Les femmes de Manora s’étaient surpassées : elles avaient farci les volailles de pain et de fruits fermentés, ce qui avait fait disparaître le goût faisandé qu’avait souvent le wherry.",78433,9.0,disparaitre,manora
598,Mar Dook | Dook | Mar,"qu’ils tuent la chose, dit Mar Dook.",4405,1.0,tuer,mar dook
604,Marco Galliani | Galliani | Marco,— Marco et Duluth ont disparu exactement,9491,1.0,disparaitre,marco
604,Marco Galliani | Galliani | Marco,"— Je crois, commença-t-il, choisissant ses mots avec soin, que nous avons tous paniqué à voir Marco et Duluth mourir comme ça.",10136,1.0,mourir,marco
604,Marco Galliani | Galliani | Marco,Marco Galliani est mort à Kahrain avec son brun Duluth.,10236,1.0,mourir,marco galliani
605,Mardra,"— Plutôt mourir que d’avouer à Mardra, maîtresse de Loranth, qu’il y avait bien quelqu’un dans ce maudit sac !",42240,6.0,mourir,mardra
609,Mari,"— Oh, ton mari est mort de la maladie ?",39222,5.0,mourir,mari
613,Mary Tubberman | Tubberman | Mary,"Sorka, Hanrahan, Sean Connell et David Catarel qui, plongé dans l’eau jusqu’au cou, avait regardé, impuissant, sa compagne Lucy Tubberman disparaître sous l’horrible pluie, malgré les efforts frénétiques de leurs dragonets.",4242,1.0,disparaitre,tubberman
613,Mary Tubberman | Tubberman | Mary,Des recherches antérieures avaient révélé qu’il avait disparu avec un traîneau aérien après que Ted Tubberman eut illégalement lancé une fusée vers la vieille Terre pour demander des secours.,120128,15.0,disparaitre,tubberman
624,Menolly Nolly Monolly | Menolly Monolly | Menolly Nolly | Nolly Monolly | Menolly | Monolly | Nolly,"Tous les six repartirent vers le large, sautant et plongeant gracieusement, et Menolly et Alemi les suivirent des yeux jusqu’à ce qu’ils aient disparu.",13333,2.0,disparaitre,menolly
624,Menolly Nolly Monolly | Menolly Monolly | Menolly Nolly | Nolly Monolly | Menolly | Monolly | Nolly,"— Je ne connaissais presque rien de la vie des bandes, et je tenais de Menolly le peu que j’en savais, dit Sebell, alors j’ai conféré avec Alemi, qui m’a dit que tu avais disparu et pourquoi.",18631,2.0,disparaitre,menolly
624,Menolly Nolly Monolly | Menolly Monolly | Menolly Nolly | Nolly Monolly | Menolly | Monolly | Nolly,"Ils ne pouvaient pas honorer décemment le vieux harpiste de son chant funèbre, mais Menolly le pouvait.",80088,10.0,funebre,menolly
624,Menolly Nolly Monolly | Menolly Monolly | Menolly Nolly | Nolly Monolly | Menolly | Monolly | Nolly,"Menolly tint encore un peu compagnie au vieil oncle en buvant une tasse brûlante, puis le laissa bien installé, échangeant mélancoliquement avec la tante des souvenirs d’autres enterrements.",80232,10.0,enterrement,menolly
624,Menolly Nolly Monolly | Menolly Monolly | Menolly Nolly | Nolly Monolly | Menolly | Monolly | Nolly,— Où pourraient-ils disparaître sinon ? avait voulu savoir Menolly.,80631,10.0,disparaitre,menolly
624,Menolly Nolly Monolly | Menolly Monolly | Menolly Nolly | Nolly Monolly | Menolly | Monolly | Nolly,"Ce soir-là, Menolly se contenta d’avaler son bol de soupe et de disparaître dans un coin sombre de l’immense cuisine afin de ne pas se faire remarquer une fois de plus, tout en se demandant pourquoi elle était à ce point incomprise et isolée.",81000,10.0,disparaitre,menolly
624,Menolly Nolly Monolly | Menolly Monolly | Menolly Nolly | Nolly Monolly | Menolly | Monolly | Nolly,"Puis ils disparurent tous, ce qui rendit la course plus facile à Menolly qui put se concentrer sur l’endroit où elle mettait les pieds.",82655,10.0,disparaitre,menolly
624,Menolly Nolly Monolly | Menolly Monolly | Menolly Nolly | Nolly Monolly | Menolly | Monolly | Nolly,"— Si, je l’ai fait, Lessa – et T’gellan regarda alors directement Menolly –, précisément au moment où Menolly a disparu de son fort.",83407,10.0,disparaitre,menolly
624,Menolly Nolly Monolly | Menolly Monolly | Menolly Nolly | Nolly Monolly | Menolly | Monolly | Nolly,"Menolly essaya de ne pas rire devant la stupéfaction de Silvina car tous, sauf Belle, perchée selon sa coutume sur son épaule, avaient disparu.",85044,11.0,disparaitre,menolly
624,Menolly Nolly Monolly | Menolly Monolly | Menolly Nolly | Nolly Monolly | Menolly | Monolly | Nolly,"— J’ai marqué neuf lézards-de-feu, dit Menolly dans un souffle, parce que, vous voyez, les Fils tombaient hors de la grotte et la seule façon dont je pouvais empêcher les nouveau-nés de sortir et de se faire tuer par les Fils, c’était de les nourrir et ça…",85548,11.0,tuer,menolly
624,Menolly Nolly Monolly | Menolly Monolly | Menolly Nolly | Nolly Monolly | Menolly | Monolly | Nolly,"Puis ils disparurent avec un petit bruit sec tandis que Belle se posait délicatement sur l’épaule de Menolly, dans sa position habituelle.",86057,11.0,disparaitre,menolly
624,Menolly Nolly Monolly | Menolly Monolly | Menolly Nolly | Nolly Monolly | Menolly | Monolly | Nolly,"Le dernier vers, un hymne funèbre au déchant lugubre, cette fois-ci rendu avec une telle intensité par les lézards-de-feu que Menolly réduisit d’un geste les humains au silence, se termine sur l’adieu peiné d’un monde à ses héroïnes tandis que Orlith, Moreta agonisant sur son dos, cherche l’oubli dans l’Interstice.",87807,11.0,funebre,menolly
624,Menolly Nolly Monolly | Menolly Monolly | Menolly Nolly | Nolly Monolly | Menolly | Monolly | Nolly,"Avant que Menolly, effrayée que les lézards-de-feu aient pu disparaître pour de bon, ait pu prévenir maître Robinton, Domick pénétrait dans la pièce au pas de course.",88157,11.0,disparaitre,menolly
624,Menolly Nolly Monolly | Menolly Monolly | Menolly Nolly | Nolly Monolly | Menolly | Monolly | Nolly,"(Menolly se rappela le sac d’araignées-soldats, peu comestibles, disparu dans la gorge de ses amis nouvellement éclos.)",88472,11.0,disparaitre,menolly
624,Menolly Nolly Monolly | Menolly Monolly | Menolly Nolly | Nolly Monolly | Menolly | Monolly | Nolly,"— Oui, c’est Piemur qui a disparu, notre apprenti, dit Menolly, si heureuse que, pendant un instant, Sebell crut qu’elle allait entraîner Toric dans ses cabrioles.",96239,12.0,disparaitre,menolly
624,Menolly Nolly Monolly | Menolly Monolly | Menolly Nolly | Nolly Monolly | Menolly | Monolly | Nolly,"Mais si Menolly disparaissait trop longtemps sous les vagues, ses trois lézards plongeaient derrière elle, la tirant à la surface par les cheveux.",96444,12.0,disparaitre,menolly
624,Menolly Nolly Monolly | Menolly Monolly | Menolly Nolly | Nolly Monolly | Menolly | Monolly | Nolly,"— Les connaissances qu’il nous a prodiguées ne mourront pas, dit F’lar, s’écartant pour laisser entrer Menolly et Sebell.",119539,14.0,mourir,menolly
627,Merelan,"Quand mourut la dernière note, ils se regardèrent, Merelan perplexe, Robinton angoissé.",53563,7.0,mourir,merelan
627,Merelan,"Et quand la dernière note de Merelan mourut doucement – comme son espoir –, il lança la harpe par-dessus bord, pour qu’elle rejoigne le corps de son épouse qui s’enfonçait lentement.",58263,7.0,mourir,merelan
627,Merelan,"— J’ai appris que Merelan était morte il y a quelque temps, dit Rantou avec gravité.",59725,7.0,mourir,merelan
630,Meron,On pensait généralement que le défunt Seigneur Meron commerçait illégalement avec les Anciens.,42236,6.0,defunt,meron
630,Meron,"Maintenant, le rouge de son visage s’accordait à celui de la tunique de Meron, tandis que lui avait l’air prêt à tuer quelqu’un.",75159,9.0,tuer,meron
630,Meron,Et fit disparaître le sourire de Meron.,77420,9.0,disparaitre,meron
630,Meron,J’ai entendu dire que celui de lord Meron disparaît pendant des jours.,87758,11.0,disparaitre,meron
637,Milla,"Tu vas finir par la tuer aussi, comme tu l’as fait pour Milla.",20271,3.0,tuer,milla
637,Milla,Mais Milla était morte avant de communiquer cette science à sa fille.,20561,3.0,mourir,milla
640,Mirrim,"Mirrim a conféré l’Empreinte à trois lézards, et nous autres nous ne nous en sommes attaché qu’un, et pourtant nous avons essayé… et ils mouraient tous à nos pieds.",71796,9.0,mourir,mirrim
643,Moreta Moretta | Moretta | Moreta,"À ce moment, deux candidats, coureurs de fond à en juger sur leur apparence, passèrent près d’eux, menés par la bride, et Moreta les suivit des yeux jusqu’à ce qu’ils aient disparu dans la foule.",28036,4.0,disparaitre,moreta
643,Moreta Moretta | Moretta | Moreta,"Respirant leur arôme, Moreta réalisa qu’elle mourait de faim.",28225,4.0,mourir,moreta
643,Moreta Moretta | Moretta | Moreta,"— Qu’il y a une épidémie sur Pern et que tout le monde mourra, dit Nesso, regardant Moreta avec indignation.",29652,4.0,mourir,moreta
643,Moreta Moretta | Moretta | Moreta,Mais l’indignation de Nesso disparut comme par enchantement quand elle leva les yeux sur Moreta.,29661,4.0,disparaitre,moreta
643,Moreta Moretta | Moretta | Moreta,"Non seulement elle avait un contrôle respiratoire parfait pour soutenir sa voix de colorature, mais elle mettait tant d’émotion dans son interprétation que beaucoup avaient les larmes aux yeux quand sa voix mourut, lors du dernier et fatal transfert dans l’Interstice de Moreta et de son dragon.",50620,7.0,mourir,moreta
643,Moreta Moretta | Moretta | Moreta,"Le dernier vers, un hymne funèbre au déchant lugubre, cette fois-ci rendu avec une telle intensité par les lézards-de-feu que Menolly réduisit d’un geste les humains au silence, se termine sur l’adieu peiné d’un monde à ses héroïnes tandis que Orlith, Moreta agonisant sur son dos, cherche l’oubli dans l’Interstice.",87807,11.0,funebre,moreta
660,N’ton,"La terreur, l’horreur, une impression tourbillonnante de chaleur, de vent violent, d’oppression brûlante le firent chanceler contre N’ton comme Grall, avec un cri d’épouvante, s’envolait de sa main pour disparaître.",79658,9.0,disparaitre,n’ton
661,Nabhi Nabol | Nabhi | Nabol,"Le peu de prospérité que connaissait Nabol disparaîtrait, sans personne pour s’occuper convenablement des terres.",95162,12.0,disparaitre,nabol
671,Nazer,"Il revivait sans cesse la part qu’il avait prise à la bataille, se demandant comment il aurait pu éviter à Temma son épouvantable blessure, protéger Nazer et tuer davantage de brigands.",44916,6.0,tuer,nazer
672,Ned Tubberman | Tubberman | Ned,"Sorka, Hanrahan, Sean Connell et David Catarel qui, plongé dans l’eau jusqu’au cou, avait regardé, impuissant, sa compagne Lucy Tubberman disparaître sous l’horrible pluie, malgré les efforts frénétiques de leurs dragonets.",4242,1.0,disparaitre,tubberman
672,Ned Tubberman | Tubberman | Ned,Des recherches antérieures avaient révélé qu’il avait disparu avec un traîneau aérien après que Ted Tubberman eut illégalement lancé une fusée vers la vieille Terre pour demander des secours.,120128,15.0,disparaitre,tubberman
677,Nesso,"— Qu’il y a une épidémie sur Pern et que tout le monde mourra, dit Nesso, regardant Moreta avec indignation.",29652,4.0,mourir,nesso
677,Nesso,Mais l’indignation de Nesso disparut comme par enchantement quand elle leva les yeux sur Moreta.,29661,4.0,disparaitre,nesso
686,Norman,"Quand il aurait un peu dormi, il en parlerait à Norman, pour voir si l’on savait de quoi était mort le coureur de Vander.",29961,4.0,mourir,norman
686,Norman,"Le fils avait travaillé dur pour aider Norman, le régisseur du champ de courses, avant qu’eux aussi ne meurent, terrassés par l’infection.",39395,5.0,mourir,norman
692,Oklina,"Oklina et moi, nous les fîmes vivement disparaître par un vigoureux lavage.",39610,5.0,disparaitre,oklina
692,Oklina,"Oklina disposa des plantes et des fleurs dans le Hall, espérant nous égayer, mais certaines se flétrirent et moururent immédiatement, comme si, elles aussi, ne pouvaient pas survivre dans cette atmosphère.",39918,5.0,mourir,oklina
693,Oldive,"— Il lui a fallu huit jours pour mourir, dit le harpiste après un long soupir, alors que maître Oldive ne lui en donnait qu’un.",95537,12.0,mourir,oldive
697,Ongola,"— Qu’est-ce qu’on fait pour tuer ce truc, Ongola ?",4207,1.0,tuer,ongola
697,Ongola,Ongola et Kenjo disparurent derrière un tas de pièces mécaniques de rebut à un bout du terrain.,6009,1.0,disparaitre,ongola
697,Ongola,Avril dit qu’elle a tué Ongola et Kenjo.,6439,1.0,tuer,ongola
697,Ongola,Ou qu’Ongola a tué Kenjo pour les empêcher de s’emparer du Mariposa ?,6654,1.0,tuer,ongola
700,Oterel,"Oterel bouscula les autres pour passer le premier, avec un air triomphant qui disparut bientôt pour faire place à la confusion.",108791,14.0,disparaitre,oterel
700,Oterel,"— En ma présence, Oterel a rétracté cette déclaration deux septaines avant de mourir, annonça-t-il quand Lytol lui eut donné la parole d’un signe de tête.",113140,14.0,mourir,oterel
701,Otto Hegelman | Hegelman | Otto,"Shih Lao, qui avait conféré l’Empreinte au bronze Firth, arborait en permanence un sourire radieux sur son visage autrefois pensif, Tarrie Chernoff avait cessé de s’excuser pour la moindre peccadille, et le bégaiement d’Otto Hegelman avait complètement disparu.",7794,1.0,disparaitre,otto hegelman
702,Ozzie Munson Oz | Ozzie Munson | Munson Oz | Ozzie Oz | Munson | Ozzie | Oz,"Cobber avait déjà disparu dans le premier tunnel sur la gauche, et Ozzie lui emboîta le pas.",8274,1.0,disparaitre,ozzie
706,P’tero,M’leng était-il donc si sûr que P’tero allait mourir ?,21995,3.0,mourir,p’tero
706,P’tero,"Tandis qu’il glissait dans l’inconscience, P’tero se demanda comment Zulaya était arrivée ici et s’il allait mourir.",26202,3.0,mourir,p’tero
706,P’tero,"Les autres chevaliers-dragons étaient tout aussi excités, et P’tero s’irrita de voir qu’ils savaient tous ce que c’était et mouraient d’impatience de voir sa réaction.",26341,3.0,mourir,p’tero
717,Paul Logorides | Logorides | Paul,"Paul échangea quelques mots avec un psychologue, qui pensait que les frustrations des familles endeuillées pourraient se dissiper au cours d’une « incinération rituelle ».",4449,1.0,endeuiller,paul
717,Paul Logorides | Logorides | Paul,"Vers le milieu de la Chute, Paul Benden se rendit compte que ses équipes au sol étaient trop espacées pour être efficaces, même si les Fils tombaient souvent sur des roches ou des terres pauvres où ils dépérissaient et mouraient rapidement.",5093,1.0,mourir,paul
717,Paul Logorides | Logorides | Paul,"Très souvent, Paul vit une de ces petites créatures disparaître soudain quand l’",5114,1.0,disparaitre,paul
718,Paul Benden | Benden | Paul,"La navette atterrirait sans problème, mais l’amiral Benden mourrait à l’arrivée sur la terre promise.",926,1.0,mourir,benden
718,Paul Benden | Benden | Paul,"Paul échangea quelques mots avec un psychologue, qui pensait que les frustrations des familles endeuillées pourraient se dissiper au cours d’une « incinération rituelle ».",4449,1.0,endeuiller,paul
718,Paul Benden | Benden | Paul,"Vers le milieu de la Chute, Paul Benden se rendit compte que ses équipes au sol étaient trop espacées pour être efficaces, même si les Fils tombaient souvent sur des roches ou des terres pauvres où ils dépérissaient et mouraient rapidement.",5093,1.0,mourir,paul benden
718,Paul Benden | Benden | Paul,"Très souvent, Paul vit une de ces petites créatures disparaître soudain quand l’",5114,1.0,disparaitre,paul
718,Paul Benden | Benden | Paul,"Nous savions que deux bronze avaient disparu, mais il en a été de même, ajouta-t-il, les dents serrées, de tous les lézards de feu que nous avions pu envoyer pour prévenir Benden.",46507,6.0,disparaitre,benden
718,Paul Benden | Benden | Paul,"Furieuse qu’on ait laissé croire à Benden qu’Aramina était morte, Lessa ne demandait quand même pas mieux que d’apprendre ce qu’elle avait dit au Harpiste.",48045,6.0,mourir,benden
718,Paul Benden | Benden | Paul,"Tournée vers la Pierre de l’Étoile du Pic de Benden, Lessa regarda jusqu’à ce que les quatre escadrilles aient disparu.",67100,8.0,disparaitre,benden
718,Paul Benden | Benden | Paul,"Fax était mort de la main de F’lar, et elle était partie pour le Weyr de Benden.",68893,8.0,mourir,benden
718,Paul Benden | Benden | Paul,"Au cours de ces derniers mois, ce n’était pas la première fois que Robinton regrettait la hâte de F’lar de Benden à se démettre de son commandement après que Lessa fut remontée dans le temps interstitiel pour ramener jusqu’à son époque les cinq Weyrs disparus.",69490,9.0,disparu,benden
718,Paul Benden | Benden | Paul,Pour tuer Benden.,75585,9.0,tuer,benden
718,Paul Benden | Benden | Paul,"Les dragons de Benden avaient commencé leur hymne funèbre, de sorte que le Weyr tout entier avait bientôt su la nouvelle.",76878,9.0,funebre,benden
718,Paul Benden | Benden | Paul,"Ils disparurent dans l’Interstice pour surgir au-dessus de Benden, où trois dragons bronze s’élancèrent soudain vers eux en crachant des flammes.",98640,13.0,disparaitre,benden
718,Paul Benden | Benden | Paul,"avait une bonne raison de se rappeler l’époque où l’œuf de Ramoth avait disparu de l’Aire d’Éclosion, et où les dragons de Benden avaient failli combattre les dragons des Anciens.",114320,14.0,disparaitre,benden
718,Paul Benden | Benden | Paul,"Lessa de Ruatha et du Weyr de Benden, qui n’avait pas pleuré même quand Fax avait assassiné toute sa famille, pleurait maintenant !",129715,15.0,assassiner,benden
719,Paulin,Paulin était à moitié tenté de le recommander pour gouverner Fort quand il disparaîtrait.,22775,3.0,disparaitre,paulin
726,Persellan,"Avec Persellan, il regarda jusqu’à ce que toutes les nageoires aient disparu.",13999,2.0,disparaitre,persellan
726,Persellan,Persellan va me tuer !,16925,2.0,tuer,persellan
729,Peter Semling | Semling | Peter,"Puis, sous les yeux stupéfaits et incrédules de Peter Chernoff, ils disparurent.",10604,1.0,disparaitre,peter
736,Piemur,"— Maintenant, ce sont peut-être des pêcheurs naufragés qui ont construit ici, suggéra-t-il à Piemur comme les éminences disparaissaient lentement derrière eux.",42738,6.0,disparaitre,piemur
736,Piemur,"— Les dragons, Piemur – les dragons ont empêché Maître Robinton de mourir !",46588,6.0,mourir,piemur
736,Piemur,"— C’est vrai, mais si l’on diffuse partout la façon dont Thella est morte… cela dissuadera les hésitants et nous donnera le temps de respirer, dit F’lar, regardant Piemur d’un air entendu.",49450,6.0,mourir,piemur
736,Piemur,"J’y ai à peine jeté un coup d’œil, alors que Piemur… La voix étonnée de l’apprenti mourut tandis que Piemur, lentement, pouvant à peine forcer ses pieds à se mouvoir, quittait la salle de chorale et se dirigeait vers le bureau de maître Shonagar, de l’autre côté de la cour.",91609,12.0,mourir,piemur
736,Piemur,"Piemur resta aux aguets, tout en continuant à afficher un air stupide, tandis que les deux hommes disparaissaient.",92514,12.0,disparaitre,piemur
736,Piemur,"— Oui, c’est Piemur qui a disparu, notre apprenti, dit Menolly, si heureuse que, pendant un instant, Sebell crut qu’elle allait entraîner Toric dans ses cabrioles.",96239,12.0,disparaitre,piemur
737,Piemur,"— Maintenant, ce sont peut-être des pêcheurs naufragés qui ont construit ici, suggéra-t-il à Piemur comme les éminences disparaissaient lentement derrière eux.",42738,6.0,disparaitre,piemur
737,Piemur,"— Les dragons, Piemur – les dragons ont empêché Maître Robinton de mourir !",46588,6.0,mourir,piemur
737,Piemur,"— C’est vrai, mais si l’on diffuse partout la façon dont Thella est morte… cela dissuadera les hésitants et nous donnera le temps de respirer, dit F’lar, regardant Piemur d’un air entendu.",49450,6.0,mourir,piemur
737,Piemur,"J’y ai à peine jeté un coup d’œil, alors que Piemur… La voix étonnée de l’apprenti mourut tandis que Piemur, lentement, pouvant à peine forcer ses pieds à se mouvoir, quittait la salle de chorale et se dirigeait vers le bureau de maître Shonagar, de l’autre côté de la cour.",91609,12.0,mourir,piemur
737,Piemur,"Piemur resta aux aguets, tout en continuant à afficher un air stupide, tandis que les deux hommes disparaissaient.",92514,12.0,disparaitre,piemur
737,Piemur,"— Oui, c’est Piemur qui a disparu, notre apprenti, dit Menolly, si heureuse que, pendant un instant, Sebell crut qu’elle allait entraîner Toric dans ses cabrioles.",96239,12.0,disparaitre,piemur
738,Pierre de Courcis | de Courcis | Pierre,"Tournée vers la Pierre de l’Étoile du Pic de Benden, Lessa regarda jusqu’à ce que les quatre escadrilles aient disparu.",67100,8.0,disparaitre,pierre
738,Pierre de Courcis | de Courcis | Pierre,"Elle visualisa pour lui les références que Canth lui avait transmises, et les regarda disparaître au-dessus de la Pierre de l’Étoile.",67175,8.0,disparaitre,pierre
738,Pierre de Courcis | de Courcis | Pierre,"— Jusqu’à ce que nous ayons des moyens plus efficaces de tuer les Fils, tous les gens des Forts doivent former des brigades au sol pendant les attaques, repérer et marquer les Fils enterrés, et mettre dans les trous de la pierre de feu pour les brûler.",67772,8.0,tuer,pierre
738,Pierre de Courcis | de Courcis | Pierre,"À peine les dragons lourdement chargés avaient-ils disparu dans le ciel au-dessus de la Pierre de l’Étoile, que le jeune aspirant assigné au Fort de Nerat en qualité de messager se posa dans le Weyr, le visage livide de terreur.",68223,8.0,disparaitre,pierre
738,Pierre de Courcis | de Courcis | Pierre,"Il regarda Ramoth s’élever, battant puissamment l’air de ses ailes immenses, planant au-dessus de la Pierre de l’Étoile avant de disparaître dans l’Interstice pour rejoindre Ruatha.",68554,8.0,disparaitre,pierre
738,Pierre de Courcis | de Courcis | Pierre,"Elle ramassa du bois en quantité suffisante, éleva un foyer rudimentaire, démarra le feu, tua rapidement les araignées-soldats, les plaça sur une pierre à peu près plate et partit en exploration pendant la cuisson.",82625,10.0,tuer,pierre
743,Porrig Connell | Connell | Porrig,"Sorka, Hanrahan, Sean Connell et David Catarel qui, plongé dans l’eau jusqu’au cou, avait regardé, impuissant, sa compagne Lucy Tubberman disparaître sous l’horrible pluie, malgré les efforts frénétiques de leurs dragonets.",4242,1.0,disparaitre,connell
749,R’gul Rangul | Rangul | R’gul,"R’gul, S’lel et les autres chevaliers-dragons rapportèrent au Weyr le corps de leur chef assassiné.",60168,7.0,assassiner,r’gul
749,R’gul Rangul | Rangul | R’gul,"Maintenant, ses pensées le ramenaient inéluctablement à ce jour d’été où Hath, le dragon-bronze de R’gul, avait pris son vol pour s’accoupler à la grotesque Nemorth, et où R’gul était devenu Chef du Weyr à la place de F’lon, le père décédé de F’lar.",66355,8.0,deceder,r’gul
755,Raid,"Il y eut non seulement des acrobates, mais un homme qui faisait disparaître les objets – et les faisait reparaître derrière l’oreille de Raid ou dans la manche de Maizella – ou qui sortait un minuscule canin de son manteau et un petit serpent de tunnel de son bonnet.",53069,7.0,disparaitre,raid
756,Raïd,"Il y eut non seulement des acrobates, mais un homme qui faisait disparaître les objets – et les faisait reparaître derrière l’oreille de Raid ou dans la manche de Maizella – ou qui sortait un minuscule canin de son manteau et un petit serpent de tunnel de son bonnet.",53069,7.0,disparaitre,raid
757,Ram Da | Ram | Da,"Le jeune maître de Ruth y était venu la première fois quand il était à la recherche de D’ram, qui, après la mort de Fanna, avait renoncé à sa charge de Chef du Weyr et avait disparu.",46609,6.0,disparaitre,ram
757,Ram Da | Ram | Da,"Pour un chevalier-dragon, chercher à en tuer un autre… (D’ram secoua lentement la tête.",76136,9.0,tuer,ram
757,Ram Da | Ram | Da,Mais D’ram a disparu.,100246,13.0,disparaitre,ram
757,Ram Da | Ram | Da,"Il ne fallait pas s’immiscer sans nécessité dans le deuil de D’ram, et si Jaxom parvenait à passer inaperçu, ce serait encore mieux.",100586,13.0,deuil,ram
757,Ram Da | Ram | Da,"— Il va tuer son dragon, grommela D’ram, l’air consterné.",102580,13.0,tuer,ram
769,Readis,"S’élevant au-dessus du Fort assoupi dans la chaleur, il vit Readis qui les saluait de la main jusqu’à ce qu’ils disparaissent.",15082,2.0,disparaitre,readis
769,Readis,"L’une de ses sœurs était morte d’un de ces brusques accès de fièvre, mais elle était plus jeune que Readis et beaucoup moins vigoureuse.",15171,2.0,mourir,readis
769,Readis,"Bien des Révolutions plus tard, Readis se souvenait encore de cette soirée et des ombres projetées sur les visages familiers, tous attristés par ce deuil.",15491,2.0,deuil,readis
769,Readis,"Thella et Giron seraient-ils partis dans le Sud avec Readis – pour disparaître sur ce que certains prenaient pour un vaste continent, et d’autres pour une île comme Ista, en plus grand ?",44871,6.0,disparaitre,readis
769,Readis,"– il allait tuer Readis de ses propres mains, en même temps que Thella et Dushik.",45596,6.0,tuer,readis
770,Red Hanrahan | Hanrahan | Red,"Sorka, Hanrahan, Sean Connell et David Catarel qui, plongé dans l’eau jusqu’au cou, avait regardé, impuissant, sa compagne Lucy Tubberman disparaître sous l’horrible pluie, malgré les efforts frénétiques de leurs dragonets.",4242,1.0,disparaitre,hanrahan
776,Rill Nerilka | Nerilka | Rill,"En fait, quand Papa mourra, tout continuera sans doute comme avant, et il y aura peu de changement dans mes devoirs, à moi, Nerilka.",37618,5.0,mourir,nerilka
779,Robinton Rob Robie | Robinton Robie | Robinton Rob | Rob Robie | Robinton | Robie | Rob,Maître Robinton ne pouvait pas mourir.,15455,2.0,mourir,robinton
779,Robinton Rob Robie | Robinton Robie | Robinton Rob | Rob Robie | Robinton | Robie | Rob,"— Les dragons, Piemur – les dragons ont empêché Maître Robinton de mourir !",46588,6.0,mourir,robinton
779,Robinton Rob Robie | Robinton Robie | Robinton Rob | Rob Robie | Robinton | Robie | Rob,"Robinton laissa sa voix mourir, la tristesse du sourire l’avertissant qu’il ferait mieux de ne pas demander la raison de leur départ précipité.",52741,7.0,mourir,robinton
779,Robinton Rob Robie | Robinton Robie | Robinton Rob | Rob Robie | Robinton | Robie | Rob,"Robinton ignora la scène, les yeux braqués sur le « V » des dragons qui disparaissaient rapidement.",52921,7.0,disparaitre,robinton
779,Robinton Rob Robie | Robinton Robie | Robinton Rob | Rob Robie | Robinton | Robie | Rob,Un silence de mort s’abattit sur la salle frappée de stupeur quand Robinton laissa mourir la dernière note et que sa mère abaissa sa flûte.,53113,7.0,mourir,robinton
779,Robinton Rob Robie | Robinton Robie | Robinton Rob | Rob Robie | Robinton | Robie | Rob,"Quand mourut la dernière note, ils se regardèrent, Merelan perplexe, Robinton angoissé.",53563,7.0,mourir,robinton
779,Robinton Rob Robie | Robinton Robie | Robinton Rob | Rob Robie | Robinton | Robie | Rob,"Tous, sauf Robinton, se renfoncèrent sous leurs fourrures, s’efforçant de disparaître.",54028,7.0,disparaitre,robinton
779,Robinton Rob Robie | Robinton Robie | Robinton Rob | Rob Robie | Robinton | Robie | Rob,"À cet instant, Simanith, qui avait étonné Robinton en marchant jusqu’au bout de la grande cour des Hautes Terres, le fit presque mourir de peur en se laissant tomber de la falaise vers le fond de la vallée.",55231,7.0,mourir,robinton
779,Robinton Rob Robie | Robinton Robie | Robinton Rob | Rob Robie | Robinton | Robie | Rob,"Robinton ne sut jamais à quel moment le Seigneur Maidir et S’loner avaient quitté la table, car la nuit était tombée, et, bien qu’il y eût de nombreux paniers de brandons autour du Bassin, il y avait tant de gens qui allaient et venaient – pour aller chercher du vin ou satisfaire un besoin naturel –, et il avait tant de choses à surveiller en sa qualité de Harpiste, qu’il ne remarqua leur absence que lorsque Dame Hayara se leva, fuyant une Jora ivre morte qui s’était effondrée sur la table.",55842,7.0,mourir,robinton
779,Robinton Rob Robie | Robinton Robie | Robinton Rob | Rob Robie | Robinton | Robie | Rob,"Il était mort de fatigue, répondit Robinton.",56157,7.0,mourir,robinton
779,Robinton Rob Robie | Robinton Robie | Robinton Rob | Rob Robie | Robinton | Robie | Rob,"Pourtant, cette différence d’âge et son deuil prolongé firent hésiter Robinton à découvrir si l’attraction violente et soudaine qu’il éprouvait pour elle était payée de retour.",56751,7.0,deuil,robinton
779,Robinton Rob Robie | Robinton Robie | Robinton Rob | Rob Robie | Robinton | Robie | Rob,"Elle s’interrompit, les yeux assombris de cette tristesse que Robinton espérait disparue à jamais.",57087,7.0,disparaitre,robinton
779,Robinton Rob Robie | Robinton Robie | Robinton Rob | Rob Robie | Robinton | Robie | Rob,Robinton résidait à l’Atelier quand Betrice mourut subitement d’un arrêt cardiaque.,58891,7.0,mourir,robinton
779,Robinton Rob Robie | Robinton Robie | Robinton Rob | Rob Robie | Robinton | Robie | Rob,Repensant à la façon dont Jora se gorgeait de nourriture à la dernière Éclosion – qui remontait maintenant à des Révolutions – Robinton avait cru sans mal qu’elle était morte d’indigestion.,60948,7.0,mourir,robinton
779,Robinton Rob Robie | Robinton Robie | Robinton Rob | Rob Robie | Robinton | Robie | Rob,"J’ai failli mourir de rire, remarqua Robinton avec un grand sourire.",67959,8.0,mourir,robinton
779,Robinton Rob Robie | Robinton Robie | Robinton Rob | Rob Robie | Robinton | Robie | Rob,"Au cours de ces derniers mois, ce n’était pas la première fois que Robinton regrettait la hâte de F’lar de Benden à se démettre de son commandement après que Lessa fut remontée dans le temps interstitiel pour ramener jusqu’à son époque les cinq Weyrs disparus.",69490,9.0,disparu,robinton
779,Robinton Rob Robie | Robinton Robie | Robinton Rob | Rob Robie | Robinton | Robie | Rob,"Elle le regarda jusqu’à ce qu’il ait disparu au milieu des visiteurs, abasourdie, et certaine qu’elle n’oserait jamais demander au maître harpiste Robinton ce qu’il pensait de ses chansons.",84180,10.0,disparaitre,robinton
779,Robinton Rob Robie | Robinton Robie | Robinton Rob | Rob Robie | Robinton | Robie | Rob,"Avant que Menolly, effrayée que les lézards-de-feu aient pu disparaître pour de bon, ait pu prévenir maître Robinton, Domick pénétrait dans la pièce au pas de course.",88157,11.0,disparaitre,robinton
779,Robinton Rob Robie | Robinton Robie | Robinton Rob | Rob Robie | Robinton | Robie | Rob,Robinton regarda F’lar et le bronze Mnementh s’élever au-dessus des crêtes de feu et disparaître.,100597,13.0,disparaitre,robinton
779,Robinton Rob Robie | Robinton Robie | Robinton Rob | Rob Robie | Robinton | Robie | Rob,Robinton pria avec ferveur pour qu’aucun des deux vieux dragons ne mourût pendant ce vol nuptial.,102645,13.0,mourir,robinton
779,Robinton Rob Robie | Robinton Robie | Robinton Rob | Rob Robie | Robinton | Robie | Rob,"C’est Sebell qui l’est, parce que Maître Robinton a failli mourir d’un arrêt du cœur et a pris sa retraite.",107984,14.0,mourir,robinton
779,Robinton Rob Robie | Robinton Robie | Robinton Rob | Rob Robie | Robinton | Robie | Rob,"Le lendemain soir, Robinton n’était pas certain que toute la portée de l’enterrement de Sallah Telgar fût jamais perçue.",112278,14.0,enterrement,robinton
779,Robinton Rob Robie | Robinton Robie | Robinton Rob | Rob Robie | Robinton | Robie | Rob,"Si Maître Robinton était mort, ou si Biswy n’était pas décédé d’une défaillance cardiaque, il aurait peut-être dû décider autrement.",118337,14.0,deceder,robinton
779,Robinton Rob Robie | Robinton Robie | Robinton Rob | Rob Robie | Robinton | Robie | Rob,"— Il nous a abandonnés, et Maître Robinton disparu, nous avons plus besoin de lui que jamais.",119554,14.0,disparaitre,robinton
779,Robinton Rob Robie | Robinton Robie | Robinton Rob | Rob Robie | Robinton | Robie | Rob,Ou l’Abomination avait-elle tué Maître Robinton ?,119767,15.0,tuer,robinton
779,Robinton Rob Robie | Robinton Robie | Robinton Rob | Rob Robie | Robinton | Robie | Rob,"Avant le Passage actuel et le réveil de Siav, quand les chevaliers-dragons étaient dénigrés et que même l’Atelier des Harpistes était en danger de disparaître, Maître Robinton avait utilisé des talents rares – des Harpistes, hommes et femmes, qui savaient évoluer sans attirer l’attention dans la plupart des fortins et des ateliers, grands et petits.",122770,15.0,disparaitre,robinton
779,Robinton Rob Robie | Robinton Robie | Robinton Rob | Rob Robie | Robinton | Robie | Rob,"Ou que Siav, soupçonnant que Robinton avait deviné ses desseins tortueux pour polluer et corrompre la planète, ait tué le Maître Harpiste ?",130480,15.0,tuer,robinton
794,S’lel,"R’gul, S’lel et les autres chevaliers-dragons rapportèrent au Weyr le corps de leur chef assassiné.",60168,7.0,assassiner,s’lel
797,S’loner,"Robinton ne sut jamais à quel moment le Seigneur Maidir et S’loner avaient quitté la table, car la nuit était tombée, et, bien qu’il y eût de nombreux paniers de brandons autour du Bassin, il y avait tant de gens qui allaient et venaient – pour aller chercher du vin ou satisfaire un besoin naturel –, et il avait tant de choses à surveiller en sa qualité de Harpiste, qu’il ne remarqua leur absence que lorsque Dame Hayara se leva, fuyant une Jora ivre morte qui s’était effondrée sur la table.",55842,7.0,mourir,s’loner
802,Sabra Ongola Stein | Ongola Stein | Sabra Ongola | Sabra Stein | Ongola | Sabra | Stein,"— Qu’est-ce qu’on fait pour tuer ce truc, Ongola ?",4207,1.0,tuer,ongola
802,Sabra Ongola Stein | Ongola Stein | Sabra Ongola | Sabra Stein | Ongola | Sabra | Stein,Ongola et Kenjo disparurent derrière un tas de pièces mécaniques de rebut à un bout du terrain.,6009,1.0,disparaitre,ongola
802,Sabra Ongola Stein | Ongola Stein | Sabra Ongola | Sabra Stein | Ongola | Sabra | Stein,Avril dit qu’elle a tué Ongola et Kenjo.,6439,1.0,tuer,ongola
802,Sabra Ongola Stein | Ongola Stein | Sabra Ongola | Sabra Stein | Ongola | Sabra | Stein,Ou qu’Ongola a tué Kenjo pour les empêcher de s’emparer du Mariposa ?,6654,1.0,tuer,ongola
807,Sallah,Sallah Telgar-Andiyar a disparu.,6123,1.0,disparaitre,sallah
807,Sallah,"Tous s’arrêtèrent de respirer en réalisant qu’il s’agissait de Sallah Telgar, morte si vaillamment pour sauver la colonie.",111471,14.0,mourir,sallah
807,Sallah,"Maintenant, la dépouille mortelle de Sallah Telgar reposait dans un cercueil des plus beaux bois de Maître Bendarek.",112015,14.0,depouille,sallah
807,Sallah,"Nous pourrons mieux juger des réactions demain, après l’enterrement de Sallah Telgar.",112263,14.0,enterrement,sallah
807,Sallah,"Le lendemain soir, Robinton n’était pas certain que toute la portée de l’enterrement de Sallah Telgar fût jamais perçue.",112278,14.0,enterrement,sallah
808,Sallah Telgar-Andiyar | Telgar-Andiyar | Sallah,Sallah Telgar-Andiyar a disparu.,6123,1.0,disparaitre,sallah telgar-andiyar
808,Sallah Telgar-Andiyar | Telgar-Andiyar | Sallah,"Tous s’arrêtèrent de respirer en réalisant qu’il s’agissait de Sallah Telgar, morte si vaillamment pour sauver la colonie.",111471,14.0,mourir,sallah
808,Sallah Telgar-Andiyar | Telgar-Andiyar | Sallah,"Maintenant, la dépouille mortelle de Sallah Telgar reposait dans un cercueil des plus beaux bois de Maître Bendarek.",112015,14.0,depouille,sallah
808,Sallah Telgar-Andiyar | Telgar-Andiyar | Sallah,"Nous pourrons mieux juger des réactions demain, après l’enterrement de Sallah Telgar.",112263,14.0,enterrement,sallah
808,Sallah Telgar-Andiyar | Telgar-Andiyar | Sallah,"Le lendemain soir, Robinton n’était pas certain que toute la portée de l’enterrement de Sallah Telgar fût jamais perçue.",112278,14.0,enterrement,sallah
821,Sean Connell O’Connell | Connell O’Connell | Sean O’Connell | Sean Connell | O’Connell | Connell | Sean,"— Il meurt de faim, Sean, dit Sorka, cherchant à tâtons son paquet de sandwiches.",1897,1.0,mourir,sean
821,Sean Connell O’Connell | Connell O’Connell | Sean O’Connell | Sean Connell | O’Connell | Connell | Sean,"Sorka, Hanrahan, Sean Connell et David Catarel qui, plongé dans l’eau jusqu’au cou, avait regardé, impuissant, sa compagne Lucy Tubberman disparaître sous l’horrible pluie, malgré les efforts frénétiques de leurs dragonets.",4242,1.0,disparaitre,sean connell
822,Sebell Sebel Sevell | Sebell Sevell | Sebel Sevell | Sebell Sebel | Sebell | Sevell | Sebel,"— Je ne connaissais presque rien de la vie des bandes, et je tenais de Menolly le peu que j’en savais, dit Sebell, alors j’ai conféré avec Alemi, qui m’a dit que tu avais disparu et pourquoi.",18631,2.0,disparaitre,sebell
822,Sebell Sebel Sevell | Sebell Sevell | Sebel Sevell | Sebell Sebel | Sebell | Sevell | Sebel,» C’est ce qu’avait dit Sebell : Brekke ne voulait plus vivre si Canth et F’nor mourraient.,88802,11.0,mourir,sebell
822,Sebell Sebel Sevell | Sebell Sevell | Sebel Sevell | Sebell Sebel | Sebell | Sevell | Sebel,"— Oui, c’est Piemur qui a disparu, notre apprenti, dit Menolly, si heureuse que, pendant un instant, Sebell crut qu’elle allait entraîner Toric dans ses cabrioles.",96239,12.0,disparaitre,sebell
822,Sebell Sebel Sevell | Sebell Sevell | Sebel Sevell | Sebell Sebel | Sebell | Sevell | Sebel,"C’est Sebell qui l’est, parce que Maître Robinton a failli mourir d’un arrêt du cœur et a pris sa retraite.",107984,14.0,mourir,sebell
822,Sebell Sebel Sevell | Sebell Sevell | Sebel Sevell | Sebell Sebel | Sebell | Sevell | Sebel,"— Les connaissances qu’il nous a prodiguées ne mourront pas, dit F’lar, s’écartant pour laisser entrer Menolly et Sebell.",119539,14.0,mourir,sebell
822,Sebell Sebel Sevell | Sebell Sevell | Sebel Sevell | Sebell Sebel | Sebell | Sevell | Sebel,"Fandarel envoya un message indigné à Sebell, le Maître Harpiste de Pern, lui rappelant que ce n’était pas la première fois que des articles de valeur avaient mystérieusement disparu pendant leur transport aux autres Ateliers de Forgerons.",119979,15.0,disparaitre,sebell
836,Sharra Sharrie | Sharrie | Sharra,"Sharra le rassura gaiement, et refusa sa compassion en affirmant que les marques allaient progressivement disparaître.",95991,12.0,disparaitre,sharra
836,Sharra Sharrie | Sharrie | Sharra,"Pendant ce temps, Sharra, Toric et la moitié du fort Méridional apprenaient que le disparu avait été retrouvé.",96489,12.0,disparu,sharra
836,Sharra Sharrie | Sharrie | Sharra,"— Qui est mort de la tête de feu pour vous attrister ainsi, Sharra ?",102135,13.0,mourir,sharra
837,Sharra,"Sharra le rassura gaiement, et refusa sa compassion en affirmant que les marques allaient progressivement disparaître.",95991,12.0,disparaitre,sharra
837,Sharra,"Pendant ce temps, Sharra, Toric et la moitié du fort Méridional apprenaient que le disparu avait été retrouvé.",96489,12.0,disparu,sharra
837,Sharra,"— Qui est mort de la tête de feu pour vous attrister ainsi, Sharra ?",102135,13.0,mourir,sharra
843,Shih Lao | Shih | Lao,"Shih Lao, qui avait conféré l’Empreinte au bronze Firth, arborait en permanence un sourire radieux sur son visage autrefois pensif, Tarrie Chernoff avait cessé de s’excuser pour la moindre peccadille, et le bégaiement d’Otto Hegelman avait complètement disparu.",7794,1.0,disparaitre,shih lao
844,Shonagar,"Si je me rappelle les leçons de Shonagar, tu dois mourir de faim.",88636,11.0,mourir,shonagar
844,Shonagar,"J’y ai à peine jeté un coup d’œil, alors que Piemur… La voix étonnée de l’apprenti mourut tandis que Piemur, lentement, pouvant à peine forcer ses pieds à se mouvoir, quittait la salle de chorale et se dirigeait vers le bureau de maître Shonagar, de l’autre côté de la cour.",91609,12.0,mourir,shonagar
857,Silvina,"Menolly essaya de ne pas rire devant la stupéfaction de Silvina car tous, sauf Belle, perchée selon sa coutume sur son épaule, avaient disparu.",85044,11.0,disparaitre,silvina
859,Sintary,"Quand les deux hommes eurent disparu au détour de l’escalier, Sintary reprit sa marche.",121263,15.0,disparaitre,sintary
868,Sorka,"— Il meurt de faim, Sean, dit Sorka, cherchant à tâtons son paquet de sandwiches.",1897,1.0,mourir,sorka
868,Sorka,"Sorka, Hanrahan, Sean Connell et David Catarel qui, plongé dans l’eau jusqu’au cou, avait regardé, impuissant, sa compagne Lucy Tubberman disparaître sous l’horrible pluie, malgré les efforts frénétiques de leurs dragonets.",4242,1.0,disparaitre,sorka
873,Stev Kimmer | Kimmer | Stev,"Le lendemain matin, Stev ne fut pas surpris outre mesure de constater qu’Avril et le plus grand traîneau avaient disparu.",5253,1.0,disparaitre,stev
878,Sucho,"— Répare ce satané mur, Sucho, ou je tuerai les prochaines bêtes qui entreront dans mes plantations !",56420,7.0,tuer,sucho
881,Suriana,Dire qu’une partie de moi-même était morte avec Suriana n’était pas une exagération.,37590,5.0,mourir,suriana
881,Suriana,"Mais Suriana était morte, et même cette faible lueur d’espoir s’était éteinte, comme elle s’était éteinte elle-même après être tombée du coureur sur lequel elle chevauchait.",37647,5.0,mourir,suriana
881,Suriana,"Je ne connaissais que les détails rendus publics : Suriana s’était cassé la colonne vertébrale en montant un coureur, et était morte sans avoir repris connaissance, malgré les soins du Maître Guérisseur convoqué à la hâte.",37650,5.0,mourir,suriana
881,Suriana,"Suriana : défunte épouse d’Alessan, Seigneur Régnant du Fort de Ruatha.",50412,6.0,defunt,suriana
888,T’gellan,— Je pourrais envoyer Farli – si j’arrive à remettre la main dessus – prévenir T’gellan que les Anciens ont tous disparu.,45915,6.0,disparaitre,t’gellan
888,T’gellan,"— Si, je l’ai fait, Lessa – et T’gellan regarda alors directement Menolly –, précisément au moment où Menolly a disparu de son fort.",83407,10.0,disparaitre,t’gellan
888,T’gellan,"Mais quand T’gellan leva les yeux, elle avait disparu.",83499,10.0,disparaitre,t’gellan
893,T’kul T’kull | T’kull | T’kul,"T’kul sur Salth, et B’zon sur Ranilth avaient disparu du Weyr Méridional.",46463,6.0,disparaitre,t’kul
893,T’kul T’kull | T’kull | T’kul,"— Je vous tuerai, F’lar, dit T’kul en grinçant des dents, en s’efforçant d’abaisser sa main droite, plus près, toujours plus près du cou du chevalierbronze.",102743,13.0,tuer,t’kul
893,T’kul T’kull | T’kull | T’kul,— En tuant T’kul ?,103146,13.0,tuer,t’kul
893,T’kul T’kull | T’kull | T’kul,Mais je pouvais tuer T’kul.,103262,13.0,tuer,t’kul
893,T’kul T’kull | T’kull | T’kul,Cet idiot de T’kul aurait pu tuer F’lar aujourd’hui !,103304,13.0,tuer,t’kul
896,T’lion Gaddie | Gaddie | T’lion,"Gaddie, allons poser la question au Seigneur Jayge, fit T’lion, et son dragon s’exécuta, disparaissant dans l’Interstice, avant, espérait-il, qu’on ne l’ait vu de la plage.",14126,2.0,disparaitre,gaddie | t’lion
896,T’lion Gaddie | Gaddie | T’lion,"Il fit signe à T’lion de le suivre sur la véranda, et regarda vers l’ouest où le soleil disparaissait dans la mer.",14142,2.0,disparaitre,t’lion
896,T’lion Gaddie | Gaddie | T’lion,"— Je mourrai d’un rhume attrapé en parlant aux dauphins, dit T’lion, essorant le devant de sa chemise.",15019,2.0,mourir,t’lion
904,T’ron,"Si T’ron tuait F’lar, il pourrait contrôler les autres.",75547,9.0,tuer,t’ron
904,T’ron,"— Je vous tuerai, je vous tuerai comme T’ron l’aurait dû !",102749,13.0,tuer,t’ron
904,T’ron,Si seulement vous aviez tué T’ron au Fort de Telgar…,103257,13.0,tuer,t’ron
907,T’tel T’lel | T’lel | T’tel,"Une par une, les escadrilles disparurent, sauf celle de T’lel qui devait faire son enquête sur place.",26051,3.0,disparaitre,t’lel
909,Tagetarl Tag | Tagetarl | Tag,"Tagetarl se dit qu’il n’avait jamais vu spectacle plus impressionnant : douze dragons décollant dans la nuit, escortés de bandes de lézards de feu, et disparaissant tous en même temps.",128655,15.0,disparaitre,tagetarl
910,Tai,"— Ils ont déplacé des félins qui allaient tuer Golanth, F’lessan, Tai et Zaranth, dit pensivement Lessa.",129767,15.0,tuer,tai
910,Tai,"Du coin de l’œil, Tai vit F’lessan disparaître.",131115,15.0,disparaitre,tai
913,Talpan,"— C’est pour cela que vous avez fait tuer cet animal, vous et Talpan ?",28910,4.0,tuer,talpan
915,Tarathel,"Ou, peut-être, ainsi que le suggérait la mère de Larad, le Seigneur Tarathel avait-il accordé un traitement spécial à cette fille parce que sa mère était morte en la mettant au monde.",40710,6.0,mourir,tarathel
915,Tarathel,— Tarathel sera mort depuis longtemps quand les Fils reviendront.,60008,7.0,mourir,tarathel
915,Tarathel,"— Ton capitaine vient de tuer le Chef du Weyr, dit Tarathel, aussi résolu que C’gan.",60134,7.0,tuer,tarathel
915,Tarathel,Tarathel mourut,60513,7.0,mourir,tarathel
917,Tarrie Chernoff | Chernoff | Tarrie,"Shih Lao, qui avait conféré l’Empreinte au bronze Firth, arborait en permanence un sourire radieux sur son visage autrefois pensif, Tarrie Chernoff avait cessé de s’excuser pour la moindre peccadille, et le bégaiement d’Otto Hegelman avait complètement disparu.",7794,1.0,disparaitre,tarrie chernoff
917,Tarrie Chernoff | Chernoff | Tarrie,"Puis, sous les yeux stupéfaits et incrédules de Peter Chernoff, ils disparurent.",10604,1.0,disparaitre,chernoff
918,Tarvi Andiyar Andivar | Andiyar Andivar | Tarvi Andivar | Tarvi Andiyar | Andivar | Andiyar | Tarvi,Sallah Telgar-Andiyar a disparu.,6123,1.0,disparaitre,andiyar
922,Ted Tubberman Tubbermann | Tubberman Tubbermann | Ted Tubbermann | Ted Tubberman | Tubbermann | Tubberman | Ted,"Sorka, Hanrahan, Sean Connell et David Catarel qui, plongé dans l’eau jusqu’au cou, avait regardé, impuissant, sa compagne Lucy Tubberman disparaître sous l’horrible pluie, malgré les efforts frénétiques de leurs dragonets.",4242,1.0,disparaitre,tubberman
922,Ted Tubberman Tubbermann | Tubberman Tubbermann | Ted Tubbermann | Ted Tubberman | Tubbermann | Tubberman | Ted,Des recherches antérieures avaient révélé qu’il avait disparu avec un traîneau aérien après que Ted Tubberman eut illégalement lancé une fusée vers la vieille Terre pour demander des secours.,120128,15.0,disparaitre,ted tubberman
926,Temma,"Il revivait sans cesse la part qu’il avait prise à la bataille, se demandant comment il aurait pu éviter à Temma son épouvantable blessure, protéger Nazer et tuer davantage de brigands.",44916,6.0,tuer,temma
929,Terry,"— Tout cela, c’est très bien quand on peut compter mourir dans son lit et à une époque déterminée, mais le Maître d’Atelier et moi, nous aimerions que toutes les connaissances soient accessibles à ceux qui en ont besoin, dit Terry.",73490,9.0,mourir,terry
929,Terry,"Terry y était déjà, l’air très content de lui, mais écartant les gens des cordes qui s’enroulaient autour de Siav, couraient le long du mur de gauche, puis disparaissaient dans la pièce adjacente.",109184,14.0,disparaitre,terry
933,Thella,"Quand les équipes au sol eurent disparu sur le sentier, Thella donna le signal d’avancer vers les écuries.",42395,6.0,disparaitre,thella
933,Thella,"Thella et Giron seraient-ils partis dans le Sud avec Readis – pour disparaître sur ce que certains prenaient pour un vaste continent, et d’autres pour une île comme Ista, en plus grand ?",44871,6.0,disparaitre,thella
933,Thella,"sans savoir pourquoi, il était sûr que Thella chercherait à enlever Aramina – ne fût-ce que pour la tuer.",44875,6.0,tuer,thella
933,Thella,— Je ne crois pas Thella incapable de l’avoir tuée.,45565,6.0,tuer,thella
933,Thella,"– il allait tuer Readis de ses propres mains, en même temps que Thella et Dushik.",45596,6.0,tuer,thella
933,Thella,"Jayge avait l’habitude de veiller la nuit, mais il aurait voulu qu’un chevalier-dragon se pose assez près pour qu’il puisse l’appeler au besoin, ou qu’il ose allumer un feu sans être certain que Thella était morte.",45775,6.0,mourir,thella
933,Thella,"Aramina avait été sauvée, et elle vivait saine et sauve dans le Sud, dans le confort et le prestige, tandis qu’elle, Thella, avait failli mourir d’une infection pernicieuse et débilitante qui lui avait laissé d’affreuses cicatrices sur le visage.",48137,6.0,mourir,thella
933,Thella,Thella va mettre un bon moment à réaliser que sa proie a disparu.,49090,6.0,disparaitre,thella
933,Thella,"— C’est vrai, mais si l’on diffuse partout la façon dont Thella est morte… cela dissuadera les hésitants et nous donnera le temps de respirer, dit F’lar, regardant Piemur d’un air entendu.",49450,6.0,mourir,thella
933,Thella,Certains penseront peut-être qu’il n’aurait pas dû tuer Thella.,49563,6.0,tuer,thella
935,Théo Force | Force | Théo,"Et il est vigoureux, dit la sage-femme, bien qu’il soit prématuré et qu’on l’ait sorti en force du ventre de sa mère déjà morte.",61593,7.0,mourir,force
935,Théo Force | Force | Théo,"— Oui, et c’est un bébé vigoureux, dit la femme, surtout pour un enfant prématuré qu’on a retiré de force du ventre de sa mère morte.",63157,8.0,mourir,force
947,Tirone,"— Tirone, je ne vais pas mourir.",32564,4.0,mourir,tirone
947,Tirone,— En espérant que Maître Tirone soit bloqué par la quarantaine ou meure de la maladie…,37677,5.0,mourir,tirone
948,Tisha,"Une question discrète à Tisha lui avait appris qu’un chevalier bronze, Clim, était le père de l’enfant, la mère étant morte peu après la naissance.",25358,3.0,mourir,tisha
949,Tolocamp,"L’étonnement de Tolocamp lui procura une brève satisfaction, qui disparut à mesure qu’il comprenait le message.",30099,4.0,disparaitre,tolocamp
949,Tolocamp,"Le Seigneur Tolocamp, enfermé dans son appartement, était demeuré indemne, tandis que tout Ruatha était frappé et mourait.",33395,4.0,mourir,tolocamp
949,Tolocamp,Je me demandai si l’un d’entre nous espérait que Tolocamp eût contracté la maladie dont ma mère et mes sœurs étaient mortes.,38014,5.0,mourir,tolocamp
949,Tolocamp,"Tolocamp leur a permis, à elle et sa famille, de pénétrer dans son cher Fort par les crêtes de feu, tandis qu’il laisse mourir les guérisseurs et les harpistes sans soins dans son camp maudit !",38624,5.0,mourir,tolocamp
955,Toric,"Pour Toric, les forts survivaient – et si les faibles mouraient, on n’avait pas à les leurrer.",14244,2.0,mourir,toric
955,Toric,"Toric avait choqué la sensibilité du harpiste en remarquant que les chevaliers-dragons mourraient bientôt les uns après les autres, de préférence avant que sa patience soit épuisée.",41783,6.0,mourir,toric
955,Toric,"Toric et les deux harpistes regardèrent les dragons jusqu’à ce qu’ils aient disparu, inspectant frénétiquement les forêts environnantes.",45983,6.0,disparaitre,toric
955,Toric,"Par ailleurs, tous les lézards de feu du fort avaient disparu, juste au moment où Toric aurait eu besoin d’eux.",46465,6.0,disparaitre,toric
955,Toric,"— Oui, c’est Piemur qui a disparu, notre apprenti, dit Menolly, si heureuse que, pendant un instant, Sebell crut qu’elle allait entraîner Toric dans ses cabrioles.",96239,12.0,disparaitre,toric
955,Toric,"Pendant ce temps, Sharra, Toric et la moitié du fort Méridional apprenaient que le disparu avait été retrouvé.",96489,12.0,disparu,toric
955,Toric,"Les juristes pourraient arguer que, les Anciens n’ayant pas encore tous disparu dans l’Interstice, Toric peut continuer à étendre ses possessions.",107053,13.0,disparaitre,toric
955,Toric,Toric n’était pas du tout convaincu que Siav savait ce qu’il faisait : imaginer de déplacer l’orbite de toute une planète avec des trucs qui restaient dans des moteurs morts depuis des siècles !,121104,15.0,mourir,toric
963,Tracey Train | Tracey | Train,"Il était mince, avec un long visage osseux, un nez et des lèvres pincés, de petits yeux profondément enfoncés dans les orbites, et Capiam se dit qu’il avait l’air considérablement plus mal en point que les malades en train de mourir à l’infirmerie.",28889,4.0,mourir,train
963,Tracey Train | Tracey | Train,"C’était la routine, familière, et même réconfortante si l’on considérait que, partout ailleurs sur Pern, hommes et bêtes étaient sans doute en train de mourir du fléau.",30985,4.0,mourir,train
963,Tracey Train | Tracey | Train,"Je rentrai, sachant maintenant que des centaines de personnes étaient en train de mourir dans ce Fort martyr, et que plusieurs petits vassaux ne répondaient plus à l’appel des tambours.",37843,5.0,mourir,train
963,Tracey Train | Tracey | Train,— Elle croit qu’elle est en train de mourir.,50539,7.0,mourir,train
963,Tracey Train | Tracey | Train,— Il est en train de mourir.,93914,12.0,mourir,train
971,Tuero,Tuero regarda le curieux trio jusqu’à ce qu’ils aient disparu.,36715,4.0,disparaitre,tuero
971,Tuero,"Tuero avait pu établir que la fille de Dame Gana était morte parmi les premières, soignée par la servante qui avait aussi succombé à la maladie.",39393,5.0,mourir,tuero
972,Tuero,Tuero regarda le curieux trio jusqu’à ce qu’ils aient disparu.,36715,4.0,disparaitre,tuero
972,Tuero,"Tuero avait pu établir que la fille de Dame Gana était morte parmi les premières, soignée par la servante qui avait aussi succombé à la maladie.",39393,5.0,mourir,tuero
989,Vander,"Quand il aurait un peu dormi, il en parlerait à Norman, pour voir si l’on savait de quoi était mort le coureur de Vander.",29961,4.0,mourir,vander
998,Vieil Oncle,"Menolly tint encore un peu compagnie au vieil oncle en buvant une tasse brûlante, puis le laissa bien installé, échangeant mélancoliquement avec la tante des souvenirs d’autres enterrements.",80232,10.0,enterrement,vieil oncle
1007,Wansor,"— Oui, j’en ai peur, dit Wansor, tout enthousiasme disparu dans l’acceptation de cette réalité.",124046,15.0,disparaitre,wansor
1008,Wansôr,"— Oui, j’en ai peur, dit Wansor, tout enthousiasme disparu dans l’acceptation de cette réalité.",124046,15.0,disparaitre,wansor
1022,Z’gal,"K’vin tira sur les nœuds des sacs vides et vit Tracath plonger sous le ventre de Charanth, Z’gal attrapant adroitement les sacs vides et disparaissant instantanément dans l’Interstice.",27020,3.0,disparaitre,z’gal
1026,Zi Ongola | Ongola | Zi,"— Qu’est-ce qu’on fait pour tuer ce truc, Ongola ?",4207,1.0,tuer,ongola
1026,Zi Ongola | Ongola | Zi,Ongola et Kenjo disparurent derrière un tas de pièces mécaniques de rebut à un bout du terrain.,6009,1.0,disparaitre,ongola
1026,Zi Ongola | Ongola | Zi,Avril dit qu’elle a tué Ongola et Kenjo.,6439,1.0,tuer,ongola
1026,Zi Ongola | Ongola | Zi,Ou qu’Ongola a tué Kenjo pour les empêcher de s’emparer du Mariposa ?,6654,1.0,tuer,ongola
1027,Zulaya,"Tandis qu’il glissait dans l’inconscience, P’tero se demanda comment Zulaya était arrivée ici et s’il allait mourir.",26202,3.0,mourir,zulaya
1027,Zulaya,"— Elle mourait d’envie de nous prendre toutes sous son aile, chuchota Zulaya à K’vin quand la Dame du Weyr de Fort tourna la tête vers son compagnon qui faisait nerveusement les cent pas.",26896,3.0,mourir,zulaya
