full_name,book_1,book_2,book_3,book_4,book_5,book_6,book_7,book_8,book_9,book_10,book_11,book_12,book_13,book_14,book_15
Adessa 6,0.0,0.0,0.0,0.0,0.0,0.0,0.000628140703517588,0.0,0.0,0.0,0.0,0.0,0.0,0.0,0.0
Armald 33,0.0,0.0,0.0,0.0,0.0,0.004249532551419344,0.0,0.0,0.0,0.0,0.0,0.0,0.0,0.0,0.0
B’ner 49,0.0,0.0,0.002446782481037436,0.0,0.0,0.0,0.0,0.0,0.0,0.0,0.0,0.0,0.0,0.0,0.0
Barly 67,0.0,0.0,0.0,0.00024912805181863477,0.0,5.666043401892458e-05,0.0,0.0,0.0,0.0,0.0,0.0,0.0,0.0,0.0
Berchar Berch 88,0.0,0.0,0.0,0.0072915527361551635,0.0,4.145885416018872e-06,0.0,0.0,0.0,0.0,0.0,0.0,0.0,0.0,0.0
Betrice 96,0.0,0.0,0.0,0.0,0.0,0.0,0.01146356783919598,0.0,0.0,0.0,0.0,0.0,0.0,0.0,0.0
Brare 119,0.0,0.0,0.0,0.0,0.0,0.00407955124936257,0.0,0.0,0.0,0.0,0.0,0.0,0.0,0.0,0.0
C’gan 143,0.0,0.0,0.0,0.0,0.0,0.0,0.005689680285485397,0.0013195985498114207,9.986393538803381e-06,0.0,0.0,0.0,0.0,0.0,0.0
Caesar Galliani 151,0.002016709881878421,0.0,0.0,0.0,0.0,0.0,0.0,0.0,0.0,0.0,0.0,0.0,0.0,0.0,0.0
Carola 162,0.0,0.0,0.0,0.0,0.0,0.0,0.0029836683417085426,0.0,0.0,0.0,0.0,0.0,0.0,0.0,0.0
Catherine Radelin Doyle 164,0.0014116969173148949,5.835667600373482e-06,0.0,0.0,0.0,0.0,0.0,0.0,0.0,0.0,0.0,0.0,0.0,0.0005531824356393512,0.00041583499667332
Ch’mon 167,0.0,0.0,0.0,0.0005605381165919282,0.0,0.0,0.0,0.0,0.0,0.0,0.0,0.0,0.0,0.0,0.0
Dowell 246,0.0,0.0,0.0,0.0,0.0,0.008681408681408681,0.0,0.0,0.0,0.0,0.0,0.0,0.0,1.071251623615742e-05,0.0
Esselin 269,0.0,0.0,0.0,0.0,0.0,0.001361469285997588,0.0,0.0,0.0,0.0,0.0,0.0,0.0,0.002715877925776291,0.0018249215854006277
F’lon Falloner 279,0.0,0.0,0.0,0.0,0.0,0.0,0.06769945231776862,3.469198473552672e-05,0.0,0.0,0.0,0.0,0.0,0.0,0.0
Fanna 291,0.0,0.0,0.0,0.0,0.0,1.2141521575483839e-05,0.0,0.0,0.00030761658668635415,0.0,0.0,0.0,0.0007647086937819623,0.0,0.0
Farevene 293,0.0,0.0,0.0,0.0,0.0,0.0,0.002512562814070352,0.0,0.0,0.0,0.0,0.0,0.0,0.0,0.0
Faroguy 296,0.0,0.0,0.0,0.0,0.0,0.0,0.0064384422110552765,0.0,0.0,0.0,0.0,0.0,0.0,0.0,0.0
Fax 298,3.0959387935459146e-05,4.197949161902772e-06,0.0,0.0,0.0,0.00023670575632772758,0.017712898417487077,0.03525592597939967,4.895638750816577e-06,0.0,0.0,6.60051629238439e-07,1.069641378957896e-05,4.186063182867909e-06,2.9913529956073643e-06
G’lanar 335,0.0,0.0,0.0,0.0,0.0,0.0,0.0,0.0,0.0,0.0,0.0,0.0,0.0,0.005008101340403594,0.0
Gemma 364,0.0,0.0,0.0,0.0,0.0,2.2365960796943914e-06,0.00046490677069558315,0.013000364806155273,9.066594133913594e-06,0.0,0.0,0.0,8.804211934989699e-06,0.0,0.0
Gennell 366,0.0,0.0,0.0,0.0,0.0,0.0,0.030464824120603015,0.0,0.0,0.0,0.0,0.0,0.0,0.0,0.0
Gledia 373,0.0,0.0,0.0,0.0,0.0,0.000679925208227095,0.0,0.0,0.0,0.0,0.0,0.0,0.0,0.0,0.0
Grogellan 386,0.0,0.0,0.0,0.0,0.0,0.0,0.0051821608040201,0.0,0.0,0.0,0.0,0.0,0.0,0.0,0.0
Jim Tillek James 451,0.004275336979685552,0.00406536660465713,0.0001052178725942307,0.00020966692910690446,5.2056654298005605e-05,5.233521004801431e-05,0.0014384901607273006,3.9282272792135846e-05,0.0003436539089536308,1.3184089440862767e-06,6.668830331618703e-06,3.7822805828116154e-06,2.7241531076202226e-05,0.0004591321764701693,8.046883332571498e-05
Jora 461,0.0,0.0,0.0,0.0,0.0,0.0,0.0030001983602221637,0.0031837628096706796,0.0,0.0,0.0,0.0,0.0,0.0,0.0
K’dall 467,0.0,0.0,0.0,9.342301943198804e-05,0.0,8.499065102838688e-05,0.0,0.0,0.0,0.0,0.0,0.0,0.0,0.0,0.0
Kale 477,0.0,0.0,0.0,0.0,0.0,9.378278734166828e-05,0.003384378790504245,0.0,0.0,0.0,0.0,0.0,0.0,0.0,0.0
Kasia 487,0.0,0.0,0.0,0.0,0.0,0.0,0.031092964824120602,0.0,0.0,0.0,0.0,0.0,0.0,0.0,0.0
Kenjo Fusaiyuki 492,0.023465706737282162,0.0,0.0,0.0,0.0,0.0,0.0,0.0,0.0,0.0,0.0,0.0,0.0,3.133980813769458e-06,0.00012043731685565041
Kista 501,0.0,0.0,0.0,0.0,0.0010911074740861974,5.666043401892458e-05,0.0,0.0,0.0,0.0,0.0,0.0,0.0,0.0,0.0
L’mal 516,0.0,0.0,0.0,0.0035589721688376393,0.0,8.094347716989226e-06,0.0,0.0,0.0,0.0,0.0,0.0,0.0,0.0,0.0
Larna Lama 533,0.0,0.0,0.0,0.0,0.0,0.0,0.0021984924623115578,0.0,0.0,0.0,0.0,0.0,0.0,0.0,0.0
Lucy Tubberman 569,0.011742407011478568,0.0,4.1208968101683124e-05,0.0,0.0,0.0,0.0,0.0,0.0,0.0,0.0,0.0,0.0,0.0,1.772770248975733e-05
M’odon 577,0.0,0.0,0.0,0.0,0.0,0.0,0.000628140703517588,0.0,0.0,0.0,0.0,0.0,0.0,0.0,0.0
Maidir 590,0.0,0.0,0.0,0.0,0.0,0.0,0.007223618090452261,0.0,0.0,0.0,0.0,0.0,0.0,0.0,0.0
Marco Galliani 604,0.004033419763756842,0.0,0.0,0.0,0.0,0.0,0.0,0.0,0.0,0.0,0.0,0.0,0.0,0.0,0.0
Matsen 614,0.0,0.0,0.0,0.0,0.0,0.0,0.001727386934673367,0.0,0.0,0.0,0.0,0.0,0.0,0.0,0.0
Mercia 625,0.0,0.0,0.0,0.0,0.0004091653027823241,8.499065102838688e-05,0.0,0.0,0.0,0.0,0.0,0.0,0.0,0.0,0.0
Merelan 627,0.0,0.0,0.0,0.0,0.0,0.0,0.05260863684202725,0.0,0.0,0.0,3.436054172830089e-06,0.0,0.0,0.0,0.0
Merin 629,0.0,0.0,0.0,0.0,0.0010911074740861974,5.666043401892458e-05,0.0,0.0,0.0,0.0,0.0,0.0,0.0,0.0,0.0
Meron 630,0.0,0.0,0.0,0.0,0.0,2.833021700946229e-05,0.0,0.0008401596303297626,0.011649000685545535,0.0,9.904952079841838e-07,0.01474302095420108,3.641469970390297e-05,5.010105382556617e-07,0.0
Milla 637,0.0,0.0,0.00032623766413832474,0.0,0.0,0.0,5.234505862646566e-05,0.0,0.0,0.0,0.0,0.0,0.0,0.0,0.0
Moreta Moretta 643,0.0,0.0,0.0,0.19708299432997167,0.0011608554835056317,2.2951061881083375e-06,1.1926722218688379e-06,1.3027791736126066e-05,1.4537155151422642e-07,0.0,1.5727559353105826e-05,0.0,0.0,0.0,1.4212082164784355e-06
Norman 686,0.0,0.0,0.0,0.004696922839028916,2.8218296743608557e-05,5.8614242088542675e-06,0.0,0.0,0.0,0.0,0.0,0.0,0.0,0.0,0.0
Pendra 723,0.0,0.0,0.0,0.002174208452235358,0.0009299211426871002,7.726422820762444e-06,0.0,0.0,0.0,0.0,0.0,0.0,0.0,0.0,0.0
Petiron 734,0.0,5.335091147068308e-06,0.0,0.0,0.0,0.0,0.031690974624817084,0.0,0.0,0.006579024316073872,0.0028634120881215726,0.0,0.0,0.0,0.0
Robinton Rob Robie 779,0.0,0.00016447250859515905,0.0,0.0,0.0,0.0021660446951062206,0.13729050697205905,0.0002604804524427546,0.0020726537523868415,0.00016982243565918573,0.0019836161971406533,0.0010747899334085402,0.009905377462376698,0.009304064852820046,5.777713073993776e-05
Runel 787,0.0,0.0,0.0,0.00321197238237597,3.8968124074507054e-05,8.094347716989226e-06,0.0,0.0,0.0,0.0,0.0,0.0,0.0,0.0,0.0
S’loner 797,0.0,0.0,0.0,0.0,0.0,0.0,0.009265075376884422,0.0,0.0,0.0,0.0,0.0,0.0,0.0,0.0
Sallah 807,0.039278128740433356,0.0,0.0,0.0,0.0,5.362186184756269e-07,0.0,0.0,0.0,0.0,0.0,0.0,0.0,0.00022489525410608087,0.0
Silma 853,0.0,0.0,0.0,0.0,0.0010911074740861974,5.666043401892458e-05,0.0,0.0,0.0,0.0,0.0,0.0,0.0,0.0,0.0
Stev Kimmer 873,0.009489740388616793,0.0,0.0,0.0,0.0,0.0,0.0,0.0,0.0,0.0,0.0,0.0,0.0,0.0,0.0003513805721889554
Suriana 881,0.0,0.0,0.0,8.792754770069463e-05,0.020241648214113797,4.999450060493346e-06,0.0,0.0,0.0,0.0,0.0,0.0,0.0,0.0,0.0
T’kul T’kull 893,0.0,0.0,0.0,0.0,0.0,0.00042319482787927815,0.0,0.0,0.004566812201134575,0.0,0.0,4.100513845641282e-05,0.004153159285195141,0.0,0.0
T’ron 904,0.0,0.0,0.0,0.0,0.0,9.509443471707622e-06,0.0,0.002331002331002331,0.02337567686404896,0.0,0.0,0.00037550706447027517,0.00023395807939133466,2.0600992761841194e-06,0.0
Talpan 913,0.0,0.0,0.0,0.005797889205960955,0.0,5.150948547174962e-06,0.0,0.0,0.0,0.0,0.0,0.0,0.0,0.0,0.0
Tarathel 915,0.0,0.0,0.0,0.0,0.0,0.0001423099273033455,0.004999561762299871,0.0,0.0,0.0,0.0,0.0,0.0,0.0,0.0
Ted Tubberman Tubbermann 922,0.015058100451358879,0.0,5.0974635021613246e-05,0.0,0.0,0.0,0.0,0.0,0.0,0.0,0.0,0.0,0.0,0.0,1.403443113772455e-05
Thella 933,0.0,3.3032080756831034e-06,0.0,0.0,0.0,0.05303897703328105,4.938213077968459e-07,0.0,0.0,0.0,0.0,0.0,0.0,0.0,0.0
Trume 969,0.0,0.0,0.0,0.00024912805181863477,0.0,5.666043401892458e-05,0.0,0.0,0.0,0.0,0.0,0.0,0.0,0.0,0.0
Varena Vanira Nanira 990,0.0,0.0,0.0,0.0,0.0,0.0,0.0,0.0,0.0010335917312661498,0.0,0.0,0.0,0.0,0.0,0.0
Varney 991,0.0,0.0,0.0,0.00024912805181863477,0.0,5.666043401892458e-05,0.0,0.0,0.0,0.0,0.0,0.0,0.0,0.0,0.0
A. C. Sopers 1,0.00014405070584845865,0.0,0.0,0.0,0.0,0.0,0.0,0.0,0.0,0.0,0.0,0.0,0.0,0.0,0.0
A’dan 2,0.0,0.0,0.0,0.005051286016184733,0.0,5.8614242088542675e-06,0.0,0.0,0.0,0.0,0.0,0.0,0.0,0.0,0.0
A’murry 3,0.0,0.0,0.0,0.0037454137790460663,0.0,7.726422820762444e-06,0.0,0.0,0.0,0.0,0.0,0.0,0.0,0.0,0.0
Abula 4,0.0,0.0,0.0,0.0,0.0,0.0,0.0,0.0,0.0,0.0,0.00029120559114735004,0.0,0.0,0.0,0.0
Abuna 5,0.0,0.0,0.0,0.0,0.0,0.0,0.0,0.0,0.0,0.0,0.005064445063432174,0.00014541224371092046,0.0,0.0,0.0
Adrea Beljeth 7,0.0,0.00019098548510313216,0.0,0.0,0.0,0.00019316057051906109,0.0,0.0,0.0,0.0,0.0,0.0,0.0,2.678129059039355e-05,0.0010291916167664672
Afnor 8,0.0,0.0,0.0,0.0,0.0,0.0,0.0,0.0,0.0,0.0,0.0,0.0,0.0,0.0003314184710561202,4.6781437125748506e-05
Aida 9,0.00010380124392021285,6.178942165101334e-05,1.439283812374962e-05,9.891849116328146e-05,1.2034273611244825e-05,0.0004899461059283479,5.7733520543895956e-05,4.6332332554950145e-06,4.053300906926078e-05,0.00012191405059433098,4.282435163931618e-06,0.00013662098061075043,6.150000984000158e-05,0.00013863256305615487,2.7518492426910884e-06
Aisling Hempenstahl 10,0.0002881014116969173,0.0,0.0,0.0,0.0,0.0,0.0,0.0,0.0,0.0,0.0,0.0,0.0,0.0,0.0
Albuna 11,0.0,0.0,0.0,0.0,0.0,0.0,0.0,0.0,0.0,0.0,0.0,0.0003716090672612412,0.0,0.0,0.0
Alda 12,0.0,0.0,0.0,0.0,0.0,0.00016998130205677376,0.0,0.0,0.0,0.0,0.0,0.0,0.0,0.0,0.0
Aleki 13,0.0,0.0007878151260504202,0.0,0.0,0.0,0.0,0.0,0.0,0.0,0.0,0.0,0.0,0.0,0.0,0.0
Alemi 15,0.0,0.0876392223556089,0.0,0.0,0.0,4.316985449060921e-05,0.0,0.0,0.0,0.008598112052343485,2.054360431374603e-06,0.0,0.0,0.00011456440974779464,0.0
Alemi Onclemi Lemi 14,0.0,0.09511185127317259,0.0,0.0,0.0,4.1000515068970555e-05,0.0,0.0,0.0,0.008166046120064918,1.9511262388432166e-06,0.0,0.0,0.00010880740423283009,0.0
Alessan 16,0.0,0.0,0.0,0.0878461738496934,0.024452109728027333,1.4447281980921009e-05,0.0,0.0,0.0,0.0,0.0,0.0,0.0,0.0,0.0
Alianne Zulueta 17,0.00014405070584845865,0.0,0.0,0.0,0.0,0.0,0.0,0.0,0.0,0.0,0.0,0.0,0.0,0.0,0.0
Aliena Zuleita 18,0.0,0.0,0.00024467824810374357,0.0,0.0,0.0,0.0,0.0,0.0,0.0,0.0,0.0,0.0,0.0,0.0
Almie 19,0.0,0.0015756302521008404,0.0,0.0,0.0,0.0,0.0,0.0,0.0,0.0,0.0,0.0,0.0,0.0,0.0
Amilla 20,0.0,0.0,0.0,0.0,0.0018412438625204583,4.249532551419344e-05,0.0,0.0,0.0,0.0,0.0,0.0,0.0,0.0,0.0
Ampris 21,0.0,0.0,0.0,0.0,0.0,0.0,0.0,0.0,0.0,0.0,0.0,0.0,0.0,0.00014729709824716454,0.0
Anama 22,0.0,0.0,0.0,0.0,0.0,0.0003399626041135475,0.0,0.0,0.0,0.0,0.0,0.0,0.0,0.0,0.0
Anchoran 23,0.0,0.0,0.0,0.0,0.0,0.00016998130205677376,0.0,0.0,0.0,0.0,0.0,0.0,0.0,0.0,0.0
Andemon 24,0.0,4.863056333644568e-06,0.0,0.0,0.0,0.0,0.0,0.0,0.007975244840016589,0.0,0.0,0.0,2.7880004460800714e-05,0.0,0.0
Ander 25,0.0,0.0,0.0,0.0,0.0,0.00016998130205677376,0.0,0.0,0.0,0.0,0.0,0.0,0.0,0.0,0.0
Andremon 26,0.0,0.0002626050420168067,0.0,0.0,0.0,0.0,0.0,0.0,0.0,0.0,0.0,0.0,0.0,0.0,0.0
Anella 27,0.0,0.0,0.0,0.0,0.04093226740526249,3.2688711933994956e-06,0.0,0.0,0.0,0.0,0.0,0.0,0.0,0.0,0.0
Anguille 28,4.268169062176553e-06,0.0,0.0,0.0,0.0,0.0,0.020576260934301135,0.0,0.0,0.0,0.0,0.0,0.0,0.0,0.0
Anskono 29,0.0,0.0005252100840336134,0.0,0.0,0.0,0.0,0.0,0.0,0.0,0.0,0.0,0.0,0.0,0.0,0.0
Anta 30,0.0,0.0,0.0,0.0,0.0,0.0,0.00047110552763819093,0.0,0.0,0.0,0.0,0.0,0.0,0.0,0.0
Aramina Mina Ara 31,0.0,0.0061976679160872985,0.0,0.0,0.0,0.0209266549024931,0.0,0.0,0.0,0.0,0.0,0.0,0.0,6.411132693491693e-05,6.731142032481799e-07
Aranya 32,0.0,0.0029088558500323207,0.0,0.0,0.0,0.0,0.0,0.0,0.0,0.0,0.0,0.0,0.0,1.1330546019012658e-05,0.0
Arminet 34,0.0,0.0,0.0,0.0,0.0,0.0,0.0,0.0,0.0,0.0,0.0,0.0,0.0,0.0,0.00280688622754491
Armor 35,0.0,0.0,0.0,0.0,0.0,0.00016998130205677376,0.0,0.0,0.0,0.0,0.0,0.0,0.0,0.0,0.0
Arnor 36,0.0,0.0,0.0,0.0,0.0,5.666043401892458e-05,0.0,0.0,0.0,0.0,0.0015530964861192001,0.0001238696890870804,2.4782226187378412e-05,0.00026731695607818746,0.0
Arthied Desi 37,0.003457216940363008,0.0,0.0,0.0,0.0,0.0,0.0,0.0,0.0,0.0,0.0,0.0,0.0,0.0,0.0
Asgenar 38,0.0,3.50140056022409e-05,0.0,0.0,0.0,0.009524618958581223,0.0,0.0,0.005053753150221711,0.0,1.0785392264716668e-06,0.0,9.912890474951366e-06,0.0011047282368537338,2.772233311155467e-06
Ashmichel 39,0.0,0.0,0.0,0.0,0.0,0.0,0.000785175879396985,0.0,0.0,0.0,0.0,0.0,0.0,0.0,0.0
Athpathis 40,0.0002881014116969173,0.0,0.0,0.0,0.0,0.0,0.0,0.0,0.0,0.0,0.0,0.0,0.0,0.0,0.0
Audiva 41,0.0,0.0,0.0,0.0,0.0,0.0,0.0,0.0,0.0,0.0,0.022714036109493303,0.0,0.0,0.0,0.0
Avril Bitra 42,0.013223152110518511,0.0,0.012547219918002948,7.291552736155165e-06,1.995928306255239e-06,0.00014966646351828128,1.5320504963843608e-06,2.7663792705979992e-05,2.6890191382533978e-05,0.0,7.102575393837806e-07,9.063635786859541e-07,0.0,0.00017388242817470155,2.2363808967430992e-05
Azury 43,0.0,0.0,0.009542451676045999,0.0,0.0,0.0,0.0,0.0,0.0,0.0,0.0,0.0,0.0,0.0,0.0
B’dor 44,0.0,0.0,0.0,0.0,0.0,0.0,0.0,0.0,0.0010335917312661498,0.0,0.0,0.0,0.0,0.0,0.0
B’fol 45,0.0,0.0,0.0,0.0,0.0,0.0,0.0,0.000630119722747322,0.0,0.0,0.0,0.0,0.0,0.0,0.0
B’greal 46,0.0,0.0,0.0,0.0004204035874439462,0.0,4.249532551419344e-05,0.0,0.0,0.0,0.0,0.0,0.0,0.0,0.0,0.0
B’lerion 47,0.0,0.0,0.0,0.017650277599829168,0.0030921206453121343,4.8566086301935356e-06,0.0,0.0,0.0,0.0,0.0,0.0,0.0,0.0,0.0
B’naj 48,0.0,0.0,0.0,0.0,0.0,0.0,0.0,0.0,0.002239448751076658,0.0,0.0,0.0,0.0,0.0,0.0
B’nurrin 50,0.0,0.0,0.007829703939319794,0.0,0.0,0.0,0.0,0.0,0.0,0.0,0.0,0.0,0.0,0.0,0.0
B’rant 51,0.0,0.0,0.0,0.0,0.0,0.0,2.617252931323283e-05,0.001312749422390254,0.0,0.0,0.0,0.0,0.0,0.0,0.0
B’refli 52,0.0,0.0,0.0,0.0,0.0,0.0,0.000157035175879397,0.0,0.0,0.0,0.0,0.0,0.0,0.0,0.0
B’zon 53,0.0,0.0,0.0,0.0,0.0,0.00030353803938709597,0.0,0.0,0.0,0.0,0.0,0.0,0.0009678344405677962,0.0,0.0
Bahka 54,0.0002881014116969173,0.0,0.0,0.0,0.0,0.0,0.0,0.0,0.0,0.0,0.0,0.0,0.0,0.0,0.0
Baid 55,0.0,0.0,0.0,9.342301943198804e-05,0.0,8.499065102838688e-05,0.0,0.0,0.0,0.0,0.0,0.0,0.0,0.0,0.0
Baldor 56,0.0,0.0,0.0,0.0,0.0,0.0,0.0,0.0,0.0,0.0,0.0,0.0,0.0013382402141184342,0.0,0.0
Balfor 57,0.0,0.0,0.0,0.0014372772220305854,0.0002517940324814302,1.3075484773597983e-05,0.0,0.0,0.0,0.0,0.0,0.0,0.0,0.0,0.0
Ballora 58,0.0,0.0,0.0,0.0,0.0,0.0,0.0,0.0,0.0,0.0,0.0,0.0,0.0,0.0,0.002619760479041916
Banak 59,0.0,0.0,0.0,0.0,0.0,0.0,0.0,0.0,0.0,0.0,0.0,0.004087699739873653,0.0,0.0,0.0
Bandarek 60,0.0,0.0,0.0,0.0,0.0,0.0,0.0,0.0,0.0,0.0,0.0,0.0,0.0,0.00014729709824716454,0.0
Banger 61,0.0,0.0,0.0,0.0,0.0,0.0,0.0,0.000630119722747322,0.0,0.0,0.0,0.0,0.0,0.0,0.0
Bantur 62,0.0,0.0,0.0,0.0,0.0,0.0,0.0,0.0,0.0,0.0,3.2356176794150005e-05,0.002642553367191048,0.0,0.0,0.0
Barba 63,0.0,0.0,0.0,0.0,0.0,0.0,0.000628140703517588,0.0,0.0,0.0,0.0,0.0,0.0,0.0,0.0
Bardie 64,0.0,0.0,0.0,0.0,0.0,0.0,0.0,0.0,0.0,0.0005181347150259067,0.0,0.0,0.0,0.0,0.0
Bargen 65,0.0,5.252100840336135e-06,0.0,0.0,0.0,0.0,0.0006155778894472362,6.3011972274732205e-06,1.3781223083548664e-05,0.0,0.0,6.688963210702341e-05,0.0,0.0004978641920754161,0.0009580838323353294
Barla 66,0.0,0.0,0.0,0.0,0.0,0.0044421780270836875,0.0,0.0,0.0,0.0,0.0,0.0,0.0,1.9639613099621937e-05,0.0
Barndy 68,0.0,0.0,0.0,0.0,0.002618657937806874,3.399626041135475e-05,0.0,0.0,0.0,0.0,0.0,0.0,0.0,0.0,0.0
Barr Hamil 69,0.004177470469605301,0.0,0.0,0.0,0.0,0.0,0.0,0.0,0.0,0.0,0.0,0.0,0.0,0.0,0.0
Bart Lemos 70,0.0016441342908259263,1.621018777881523e-06,0.0,4.152134196977246e-05,2.0205693964559212e-05,0.0010744497117662736,3.877411750108568e-06,3.111702334554676e-05,0.0031007751937984496,0.0,1.797565377452778e-06,0.0,1.0325927578074337e-06,0.00015366178767759758,1.0395874916833e-05
Basil 71,0.00014405070584845865,0.0,0.0,0.0,0.0,0.0,0.0,0.0,0.0,0.0,0.0,0.0,0.0,0.0,0.0
Bastom 72,0.0,0.0,0.005138243210178615,0.0,0.0,0.0,0.0,0.0,0.0,0.0,0.0,0.0,0.0,0.0,0.0
Batim 73,0.0,0.0,0.0,0.0,0.0,0.0,0.0,0.0,0.0,0.0,0.0,0.0,0.0,0.0,0.0033682634730538923
Batunon 74,0.0,0.0,0.0,0.0,0.0,0.0,0.0,0.0,0.0,0.0,0.0,0.0,0.00033456005352960856,0.0,0.0
Bay Harkenon 75,0.029674445404782483,0.0,0.0,0.0,0.0,0.0,0.0,0.0,0.0,0.0,0.0,0.0,0.0,0.0,0.0
Becky Nielsen 76,0.000432152117545376,0.0,0.0,0.0,0.0,0.0,0.0,0.0,0.0,0.0,0.0,0.0,0.0,0.0,0.0
Bedda 77,0.0,0.0,0.0,0.0,0.0,0.00016998130205677376,0.0,0.0,0.0,0.0,0.0,0.0,0.0,0.0,0.0
Bedella 78,0.0,0.0,0.0,0.0,0.0,1.4165108504731146e-05,0.0,0.0,0.000918748205569911,0.0,0.0,0.0,0.0,0.0,0.0001403443113772455
Begamon 79,0.0,8.20640756302521e-06,0.0,0.0,0.0,0.0,0.0,0.0,0.0,0.0,0.0,0.0,0.00013068752091000333,0.003111651200471351,0.0
Belesdan Belesden 80,0.0,0.0,0.0,0.0,0.0,2.833021700946229e-05,0.0,0.0,0.000717772035601493,0.0,0.0,0.0,0.0,0.0,0.0
Belterac 81,0.0,0.0,0.0,0.0,0.0,0.0,0.0,0.0,0.0,0.0,0.0,0.0,0.0,0.0020621593754603035,0.0
Ben 82,0.0003292587562250483,3.751500600240096e-05,3.495403544339194e-05,0.0,0.0,0.0,0.0,0.0,0.0,0.0,4.160079873533572e-05,0.0,0.0,0.0,0.0
Bendarek 83,0.0,4.040077569489334e-06,0.0,0.0,0.0,1.0460387818878385e-05,0.0,0.0,0.0006784602133439343,0.0,4.4800860176515395e-06,0.0,0.00012610340479192938,0.003102303500005665,2.8788576692768313e-06
Benelek 84,0.0,0.00013315185229021185,0.0,0.0,0.0,2.394102845870053e-06,0.0,0.0,0.0,0.0,1.6405948797033805e-05,0.0,0.0007633623756591069,0.002995732533364867,9.48806612127857e-05
Benini 85,0.0,0.0,0.0,0.0,0.0,0.0,0.0,0.0,0.0,0.0,0.0,0.0,0.0,0.0,0.0020583832335329343
Benis 86,0.0,0.0,0.0,0.0,0.0,0.0,0.0,0.0,0.0,0.0,0.01019219569015725,0.0,0.0,0.0,0.0
Benoria 87,0.0,0.0,0.0,0.0,0.0,0.0,0.00047110552763819093,0.0,0.0,0.0,0.0,0.0,0.0,0.0,0.0
Berdine 89,0.0,0.0,0.0,0.0,0.0,0.0,0.0,0.0,0.0,0.0,0.0,0.004459308807134894,0.0,0.0,0.0
Besel 90,0.0,0.0,0.0,0.0,0.0,0.0,0.0,0.0,0.0,0.0,0.0,0.005574136008918618,0.0,0.0,0.0
Besic 91,0.0,0.0,0.0,0.0,0.0,0.0,0.0,0.0,0.0,0.0,0.0,0.0,0.0,0.0,0.002619760479041916
Bessel 92,0.0,0.0,0.0,9.342301943198804e-05,0.0,8.499065102838688e-05,0.0,0.0,0.0,0.0,0.0,0.0,0.0,0.0,0.0
Bessera 93,0.0,0.0,0.0,0.0,0.0004091653027823241,8.499065102838688e-05,0.0,0.0,0.0,0.0,0.0,0.0,0.0,0.0,0.0
Bestrum 94,0.0,0.0,0.0,0.0,0.010024549918166939,4.249532551419344e-05,0.0,0.0,0.0,0.0,0.0,0.0,0.0,0.0,0.0
Bethany 95,0.0,0.0,0.010765842916564718,0.0,0.0,0.0,0.0,0.0,0.0,0.0,0.0,0.0,0.0,0.0,0.0
Betsy 97,0.00014405070584845865,0.0,0.0,0.0,0.0,0.0,0.0,0.0,0.0,0.0,0.0,0.0,0.0,0.0,0.0
Betty Musgrave Blake 98,0.0023048112935753384,0.0,0.0,0.0,0.0,0.0,0.0,0.0,0.0,0.0,0.0,0.0,0.0,0.0,0.0
Bill Duff 99,0.003457216940363008,0.0,0.0,0.0,0.0,0.0,0.0,0.0,0.0,0.0,0.0,0.0,0.0,0.0,0.0
Binness 100,0.0,0.0,0.0,0.0,0.0,0.0,0.0,0.0,0.0,0.0,0.0,0.0,0.0,0.0,0.008233532934131737
Birsan 101,0.0,0.0,0.0,0.0,0.0,0.0003399626041135475,0.0,0.0,0.0,0.0,0.0,0.0,0.0,0.0,0.0
Birto 102,0.0,0.0,0.0,0.0,0.0,0.0,0.0,0.0,0.0003445305770887166,0.0,0.0,0.0,0.0,0.0,0.0
Blesserel 103,0.0,0.0,0.0,0.0,0.0,0.0,0.0,0.0,0.0,0.0,0.0,0.0,0.0,0.004418912947414936,0.0
Bloors 104,0.0,0.0,0.0,0.0,0.0,0.0015298317185109638,0.0,0.0,0.0,0.0,0.0,0.0,0.0,0.0,0.0
Bob Jorgensen 106,0.0002881014116969173,0.0,0.0,0.0,0.0,0.0,0.0,0.0,0.0,0.0,0.0,0.0,0.0,0.0,0.0
Bob Jepson 105,0.0011524056467876692,0.0,0.0,0.0,0.0,0.0,0.0,0.0,0.0,0.0,0.0,0.0,0.0,0.0,0.0
Bonna 107,0.0,0.0,0.0,0.0,0.0,0.0,0.0,0.0,0.0,0.0,0.0,0.0,0.0,0.00014729709824716454,0.0
Bonz 108,0.0,0.0,0.0,0.0,0.0,0.0,0.0,0.0,0.0,0.0,8.960172035303079e-05,0.0034588228568161678,0.0,0.0,0.0
Boranda 109,0.0,0.0,0.0,9.342301943198804e-05,0.0,8.499065102838688e-05,0.0,0.0,0.0,0.0,0.0,0.0,0.0,0.0,0.0
Borel 110,0.0,0.0,0.0,0.0,0.0,0.0010198878123406426,0.0,0.0,0.0,0.0,0.0,0.0,0.0,0.0,0.0
Borgald Amhold 111,0.0,0.0,0.0,0.0,0.0,0.007819139894611592,0.0,0.0,0.0,0.0,0.0,0.0,0.0,0.0,0.0
Boris Pahlevi 112,0.001936681711962611,0.0,0.0013321371285648263,0.0,0.0,0.0,0.0,0.0,0.0,0.0,0.0,0.0,0.0,0.0,0.0
Boskoney 113,0.0,0.010766806722689076,0.0,0.0,0.0,0.0,0.0,0.0,0.0,0.0,0.0,0.0,0.0,0.0,0.0
Bosler 114,0.0,0.0,0.0,0.0,0.0,0.0,0.0023555276381909546,0.0,0.0,0.0,0.0,0.0,0.0,0.0,0.0
Bourdon 115,0.0,0.0,0.0,0.0,0.0,0.0,0.002677862999206559,0.0,9.066594133913594e-06,0.0,0.0,0.0,0.0,0.0,0.0
Brace 116,0.0,0.0,0.0,0.0,0.002618657937806874,3.399626041135475e-05,0.0,0.0,0.0,0.0,0.0,0.0,0.0,0.0,0.0
Brahil 117,0.0,0.0,0.0,0.0,0.0,0.0,0.000314070351758794,0.0,0.0,0.0,0.0,0.0,0.0,0.0,0.0
Brand 118,0.0,0.0,0.0,0.0,0.0,1.6628605635988738e-05,0.0,3.4245637105832716e-06,0.0,0.0,0.0,0.0,0.0021019099015229755,0.003536731413347679,9.966480083311637e-05
Brashia 120,0.0,0.0,0.0,0.0,0.0,0.0,0.001727386934673367,0.0,0.0,0.0,0.0,0.0,0.0,0.0,0.0
Bravonner 121,0.0,0.0,0.0,0.0,0.0,0.0,0.000785175879396985,0.0,0.0,0.0,0.0,0.0,0.0,0.0,0.0
Breda 122,0.0,0.0,0.0,0.0,0.0,0.0,0.0,0.0,0.0,0.0,0.0,0.0,0.0,0.00162026808071881,0.0
Breide 123,0.0,0.0,0.0,0.0,0.0,0.005714462318235904,0.0,0.0,0.0,0.0,0.0,0.0,0.0,0.00038565058450166714,0.0
Brekke Brekker 124,0.0,0.0,0.0,0.0,0.0,6.885318564325013e-05,0.0,0.0,0.03833038955941517,0.001122351938086181,0.00011795669514829368,2.8811462493355722e-05,0.007206010646632589,2.330650288720958e-05,1.0659061623588266e-05
Brenton 125,0.0,0.0,0.00024467824810374357,0.0,0.0,0.0,0.0,0.0,0.0,0.0,0.0,0.0,0.0,0.0,0.0
Brestolli 126,0.0,0.0,0.0,0.0,0.0,0.0,0.0,0.0,0.0,0.0,0.0,0.0,0.0,0.00162026808071881,0.0
Brever 127,0.0,0.0,0.0,0.0,0.0,0.0003399626041135475,0.0,0.0,0.0,0.0,0.0,0.0,0.0,0.0,0.0
Briala 128,0.0,0.0,0.0,0.0,0.0,0.0,0.0,0.0,0.0,0.0,0.006988934187536401,0.0,0.0,0.0,0.0
Brian 129,0.0038893690579083835,0.0,0.0,0.0,0.0,0.0,0.0,0.0,0.0,0.0,0.0,0.0,0.0,0.0,0.0
Briaret 130,0.0,0.0,0.0,0.0,0.0,0.0006119326874043855,0.0,0.0,0.0,0.0,0.0,3.716090672612412e-05,1.672800267648043e-05,5.891883929886582e-05,0.0
Bridgely 131,0.0,0.0,0.020797651088818203,0.0,0.0,0.0,0.0,0.0,0.0,0.0,0.0,0.0,0.0,0.0,0.0
Brinaret 132,0.0,0.0,0.0,0.0,0.0,0.0,0.0,0.0,0.0,0.0,0.0,0.0003716090672612412,0.0,0.0,0.0
Brindel 133,0.0,0.0,0.0,0.0,0.0,0.00016998130205677376,0.0,0.0,0.0,0.0,0.0,0.0,0.0,0.0,0.0
Brinna 134,0.0,0.0,0.0,0.0,0.0,0.0,0.0,0.0,0.0,0.0,0.0,0.0,0.0,0.00014729709824716454,0.0
Briskin 135,0.0,0.0,0.0004893564962074871,0.0,0.0,0.0,0.0,0.0,0.0,0.0,0.0,0.0,0.0,0.0,0.0
Bristol 136,0.0,0.0,0.0,0.0,0.0,0.0,0.00047110552763819093,0.0,0.0,0.0,0.0,0.0,0.0,0.0,0.0
Brodo 137,0.0,0.0,0.0,0.0,0.0,0.0,0.00047110552763819093,0.0,0.0,0.0,0.0,0.0,0.0,0.0,0.0
Brolly 138,0.0,0.0,0.0,0.0,0.0,0.0,0.0,0.0,0.0,0.0,0.00209668025626092,0.0011891490152359718,0.0,0.0,0.0
Brookie 139,0.0,0.0,0.0007340347443112308,0.0,0.0,0.0,0.0,0.0,0.0,0.0,0.0,0.0,0.0,0.0,0.0
Brosil 140,0.0,0.0,0.0,0.0,0.0,0.0,0.000157035175879397,0.0,0.0,0.0,0.0,0.0,0.0,0.0,0.0
Brudegan Bruddie 141,0.0,0.0,0.0,0.0,0.0,0.0,0.0,0.0,0.0006138908464489858,0.0,0.008900301794885372,0.0,0.0,0.0,0.0
Burdion 142,0.0,0.0,0.0,0.0007785251619332337,0.0,2.833021700946229e-05,0.0,0.0,0.0,0.0,0.0,0.0,0.0,0.0,0.0
C’reel 144,0.0,0.0,0.0,0.0,0.0,0.0,0.0,0.0,0.0,0.0,0.0,0.0,0.0,0.0,0.00561377245508982
C’rob 145,0.0,0.0,0.0,0.0,0.0,0.0,0.004711055276381909,0.0,0.0,0.0,0.0,0.0,0.0,0.0,0.0
C’tarel 146,0.0,0.0,0.0,0.0,0.0,0.0,0.0,0.0,0.0,0.0010362694300518134,0.0,0.0,0.0,0.0,0.0
C’ver 147,0.0,0.0,0.0,0.0009609224855861627,0.0,2.4283043150967677e-05,0.0,0.0,0.0,0.0,0.0,0.0,0.0,0.0,0.0
C’vert 148,0.0,0.0,0.0,0.0003736920777279522,0.0,0.0,0.0,0.0,0.0,0.0,0.0,0.0,0.0,0.0,0.0
C’vrel 149,0.0,0.0,0.0,0.0,0.0,0.0,0.0021984924623115578,0.0,0.0,0.0,0.0,0.0,0.0,0.0,0.0
Cabot Francis Carter 150,0.0056179775280898875,0.0,0.0,0.0,0.0,0.0,0.0,0.0,0.0,0.0,0.0,0.0,0.0,0.0,0.0
Calewis 152,0.0,0.0,0.0,0.0,0.0,0.0,0.0,0.0,0.0,0.0,0.0,0.0,0.0,0.0002945941964943291,0.0
Camo 154,0.0,0.00022375814231017851,0.0,0.0,0.0,0.0,0.0001124334691207517,0.0,0.0,0.0,0.03377295613306545,7.915932793730582e-05,0.0,0.0,0.0
Camo 153,0.0,0.00022375814231017851,0.0,0.0,0.0,0.0,0.0001124334691207517,0.0,0.0,0.0,0.03377295613306545,7.915932793730582e-05,0.0,0.0,0.0
Campen 155,0.0,0.0,0.0,6.360716216645995e-05,0.029268377616046247,1.446649379206585e-05,0.0,0.0,0.0,0.0,0.0,0.0,0.0,0.0,0.0
Campila 156,0.0,0.0,0.0,0.0,0.0,0.0,0.0,0.0,0.0,0.0,0.0,0.0,0.0,0.00014729709824716454,0.0
Candler 157,0.0,0.0,0.0,0.0,0.0,0.0,0.0,0.0,0.0,0.0,0.0,0.007060572277963582,0.0,0.0,0.0
Canell 158,0.0,0.0,0.0007340347443112308,0.0,0.0,0.0,0.0,0.0,0.0,0.0,0.0,0.0,0.0,0.0,0.0
Capiam 159,0.0,0.0,0.0,0.07305972637841918,0.005765147123351728,3.3264442672558463e-07,0.0,0.0,0.0,0.0,5.128865597507143e-06,0.0,0.0,0.0,0.0
Cara 160,0.0012964563526361278,0.0,0.0,0.0,0.0,0.0,0.0,0.0,0.0,0.0,0.0,0.0,0.0,0.0,0.0
Carol Duff Vassaloe 161,0.003313166234514549,0.0,0.0,0.0,0.0,0.0,0.0,0.0,0.0,0.0,0.0,0.0,0.0,0.0,0.0
Caselon 163,0.0,0.0,0.0,0.0,0.0,0.0,0.0,0.0,0.0,0.0,0.0,0.0,0.0,0.0045662100456621,0.0
Cathy 165,0.0005762028233938346,0.0,0.0,0.0,0.0,0.0,0.0,0.0,0.0,0.0,0.0,0.0,0.0,0.0,0.0
Celina 166,0.0,0.0,0.0,0.0,0.0,0.0,0.0,0.0,0.0,0.0,0.0,0.0,0.0,0.0002945941964943291,0.0
Chad 168,0.0,0.0,0.0,0.0,0.0,0.0,0.0,0.0,0.0012058570198105081,0.0,0.0,0.0,0.0,0.0,0.0
Chaila Zavior Kimmage 169,0.00026142535505831383,0.0,0.0,0.0,0.0,0.0025182415119522038,0.0,0.0,0.0,0.0,0.0,0.0,0.0,0.0,0.0
Chaldon 170,0.0,0.0,0.0017127477367262051,0.0,0.0,0.0,0.0,0.0,0.0,0.0,0.0,0.0,0.0,0.0,0.0
Chalkin 171,0.0,0.0,0.07413750917543431,0.0,0.0,0.0,0.0,0.0,0.0,0.0,0.0,0.0,0.0,0.0,0.0
Chenoa 172,0.0,0.0,0.0,0.0,0.0,0.0,0.0,0.0,0.0,0.0,0.0,0.0,0.0,0.0,0.00037425149700598805
Cherry Duff 173,0.004727482255572143,0.0,0.00020019129390306292,0.0,0.0,0.0,0.0,0.0,0.0,0.0,0.0,0.0,0.0,0.0,0.0
Chesmic 174,0.0,0.0,0.0,0.0,0.0,0.0,0.0,0.0,0.0,0.0,0.0,0.0,0.0,0.0,0.003181137724550898
Chichis-Fusi 175,0.000432152117545376,0.0,0.0,0.0,0.0,0.0,0.0,0.0,0.0,0.0,0.0,0.0,0.0,0.0,0.0
Childon 176,0.0,0.0,0.0,0.0,0.0,0.002039775624681285,0.0,0.0,0.0,0.0,0.0,0.0,0.0,0.0,0.0
Chio-Chio 177,0.0002881014116969173,0.0,0.0,0.0,0.0,0.0,0.0,0.0,0.0,0.0,0.0,0.0,0.0,0.0,0.0
Chochol 178,0.0,0.0,0.0,0.0,0.0,0.0,0.0023555276381909546,0.0,0.0,0.0,0.0,0.0,0.0,0.0,0.0
Chomas 179,0.0,0.0,0.0009787129924149743,0.0,0.0,0.0,0.0,0.0,0.0,0.0,0.0,0.0,0.0,0.0,0.0
Chris MacArdle Cooney 180,0.0002881014116969173,0.0,0.0,0.0,0.0,0.0,0.0,0.0,0.0,0.0,0.0,0.0,0.0,0.0,0.0
Christee 181,0.0,0.0,0.00024467824810374357,0.0,0.0,0.0,0.0,0.0,0.0,0.0,0.0,0.0,0.0,0.0,0.0
Chuck Havers 183,0.002016709881878421,0.0,0.0,0.0,0.0,0.0,0.0,0.0,0.0,0.0,0.0,0.0,0.0,0.0,0.0
Chuck Kimmage 182,0.0006482281763180639,0.0,0.0,0.0,0.0,0.002124766275709672,0.0,0.0,0.0,0.0,0.0,0.0,0.0,0.0,0.0
Chung 184,0.0011524056467876692,0.0,0.0,0.0,0.0,0.0,0.0,0.0,0.0,0.0,0.0,0.0,0.0,0.0,0.0
Ciparis 185,0.0,0.0,0.0,0.0,0.0,0.0,0.0,0.0,0.0,0.0,0.0,0.0,0.0,0.00011783767859773164,0.0003368263473053892
Clagesh 186,0.0,0.0,0.0,0.0005605381165919282,0.0,0.0,0.0,0.0,0.0,0.0,0.0,0.0,0.0,0.0,0.0
Clargesh 187,0.0,0.0,0.0,9.342301943198804e-05,0.0,8.499065102838688e-05,0.0,0.0,0.0,0.0,0.0,0.0,0.0,0.0,0.0
Clell 188,0.0,0.0,0.0,0.0,0.0,0.0,0.0,0.0,0.0,0.0,0.0,0.00929022668153103,0.0,0.0,0.0
Clim 189,0.0,0.0,0.00024467824810374357,0.0,0.0,0.0,0.0,0.0,0.0,0.0,0.0,0.0,0.0,0.0,0.0
Clisser Cliss 190,0.0,0.0,0.04037191093711769,0.0,0.0,0.0,0.0,0.0,0.0,0.0,0.0,0.0,0.0,0.0,0.0
Clostan 191,0.0,0.0,0.0,0.0,0.0,0.0,0.0064384422110552765,0.0,0.0,0.0,0.0,0.0,0.0,0.0,0.0
Cobber Alhinwa 192,0.003745318352059925,0.0,0.0,0.0,0.0,0.0,0.0,0.0,0.0,0.0,0.0,0.0,0.0,0.0,0.0
Cogneur 193,0.0,0.0,0.0,0.0,0.0,0.00815910249872514,0.0,0.0,0.0,0.0,0.0,0.0,0.0,0.0,0.0
Colmin 194,0.0,0.0,0.0,0.0,0.0,0.0,0.0,0.0,0.0,0.0,0.0,0.0,0.0,0.0,0.00018712574850299402
Conwy 195,0.0,0.0,0.0,0.0,0.0,0.002889682134965154,0.0,0.0,0.0,0.0,0.0,0.0,0.0,0.0,0.0
Corana 196,0.0,0.0,0.0,0.0,0.0,0.0,0.0,0.0,0.0,0.0,0.0,0.0,0.007193041150886584,0.0,0.0
Cording 197,0.0,0.0,0.0,0.0,0.0,0.0,0.000628140703517588,0.0,0.0,0.0,0.0,0.0,0.0,0.0,0.0
Corman 198,0.0,2.6796432858857825e-06,0.0,0.0,0.0,0.00024976844383852473,0.0,1.2859586178516774e-05,0.0005695301376364499,0.0,0.0,0.0,4.2673476215511296e-05,0.005056198352076137,7.637785653183429e-06
Cosira 199,0.0,0.0,0.0,0.0,0.0,0.0,0.0,0.0,0.0,0.0,0.0,0.0,0.00022304003568640569,0.0,0.000998003992015968
Cr’not 200,0.0,0.0,0.0,0.0015134529147982064,0.0,1.6998130205677375e-05,0.0,0.0,0.0,0.0,0.0,0.0,0.0,0.0,0.0
Creline 201,0.0,0.0,0.0,0.0,0.0,0.0,0.00047110552763819093,0.0,0.0,0.0,0.0,0.0,0.0,0.0,0.0
Crenden Cren 202,0.0,0.0,0.0,0.0,0.0,0.012748597654258032,0.0,0.0,0.0,0.0,0.0,0.0,0.0,0.0,0.0
Crivelan Crivellan-aux-doigts-agiles 203,0.0,0.0,0.0,0.0,0.0,0.0,0.0,0.0,0.0,0.0,0.0,0.0,0.0,0.0,0.00018712574850299402
Curella 204,0.0,0.0,0.0,0.0,0.0,0.0,0.0,0.0,0.0,0.0,0.0,0.0,0.0,0.0,0.00018712574850299402
Curmir 205,0.0,0.0,0.0,0.002255498612000854,0.0,1.2141521575483839e-05,0.0,0.0,0.0,0.0,0.0,0.0,0.0,0.0,0.0
Curran 206,0.0,0.006238859180035651,0.0,0.0,0.0,0.0,0.0,0.0,0.0,0.0,0.0,0.0,0.0,0.0,0.00014176193068408637
D’clan 207,0.0,0.0,0.0,0.0,0.0,0.0,0.0,0.0,0.0,0.0,0.0,0.0,0.0,0.0007364854912358227,0.0
D’fio 208,0.0,0.0,0.0,0.0,0.0,0.0,0.0,0.0,0.0,0.0,0.0,0.0,0.0008364001338240214,0.0,0.0
D’miel 209,0.0,0.0,0.0017127477367262051,0.0,0.0,0.0,0.0,0.0,0.0,0.0,0.0,0.0,0.0,0.0,0.0
D’namal 210,0.0,0.0,0.0,0.0,0.0,0.0,0.0,0.0,0.0,0.0005181347150259067,0.0,0.0,0.0,0.0,0.0
D’nek 211,0.0,0.0,0.0,0.0,0.0,0.0,0.0,0.0,0.0001722652885443583,0.0,0.0,0.0,0.0,0.0,0.0
D’nol 212,0.0,0.0,0.0,0.0,0.0,0.0,0.0,0.006616257088846881,0.0,0.0,0.0,0.0,0.0,0.0,0.0
D’ram 213,0.0,7.654883815874528e-05,0.0,0.0,0.0,0.0008949825235823251,0.0,7.717053284658498e-05,0.0039181635264866595,0.0,0.0,0.0,0.006263180921137287,0.004809220440543556,0.0009852511576038208
D’say 214,0.0,0.0,0.0,0.0030659736377225168,0.0,6.953780538686199e-05,0.0,0.0,0.0,0.0,0.0,0.0,0.0,0.0,0.0
D’wer 215,0.0,0.0,0.0,0.0,0.0,0.0,0.0,0.0,0.0017226528854435831,0.0,0.0,0.0,0.0,0.0,0.0
Dag 216,0.0,0.0,0.0,0.009957025411061285,0.005114566284779051,6.7992520822709505e-06,0.0,0.0,0.0,0.0,0.0,0.0,0.0,0.0,0.0
Dalma 217,0.0,0.0,0.0,0.0,0.0,0.0,0.001256281407035176,0.0,0.0,0.0,0.0,0.0,0.0,0.0,0.0
Dalova 218,0.0,0.0,0.0,0.0017391054386570082,0.0,5.230193909439193e-05,0.0,0.0,0.0,0.0,0.0,0.0,0.0,0.0,0.0
Danegga 219,0.0,0.0,0.0,0.0,0.0,0.0,0.0,0.0,0.0,0.0,0.0,0.0,0.0,0.0,0.0009356287425149701
Dangel 220,0.0,0.0,0.0,0.00024912805181863477,0.0,5.666043401892458e-05,0.0,0.0,0.0,0.0,0.0,0.0,0.0,0.0,0.0
Danja 221,0.0,0.0,0.004648886713971128,0.0,0.0,0.0,0.0,0.0,0.0,0.0,0.0,0.0,0.0,0.0,0.0
Dannell 222,0.0,0.0,0.0,0.00024912805181863477,0.0,5.666043401892458e-05,0.0,0.0,0.0,0.0,0.0,0.0,0.0,0.0,0.0
David Catarel Dave 223,0.007634687409968309,0.0,0.0,0.0,0.0,0.0,0.0,0.0,0.0,0.0,0.0,0.0,0.0,0.0,0.0
Debera Deb 224,0.0,0.0,0.042084658673843894,0.0,0.0,0.0,0.0,0.0,0.0,0.0,0.0,0.0,0.0,0.0,0.0
Decker 225,0.0,0.0,0.0,0.0,0.0,0.0,0.0,0.0,0.0,0.0,0.0,0.0,0.0,0.0002945941964943291,0.0
Deckter 226,0.0,8.471130387638926e-06,0.0,0.0,0.0,0.0,0.0,0.0,0.0,0.0,0.0,0.00479495570659666,0.0,0.00023282444561648587,5.4326830210546646e-05
Declan 227,0.0,0.0,0.0,0.0016986003533088732,0.0,1.5452845641524887e-05,0.0,0.0,0.0,0.0,0.0,0.0,0.0,0.0,0.0
Deece 228,0.0,0.0,0.0,0.0,0.0,0.0,0.0,0.0,0.0,0.0,5.824111822947001e-05,0.0011891490152359718,0.0,0.0,0.0
Deefer 229,0.0,0.0,0.0,0.0005174197999310107,0.002266146292332872,1.3075484773597983e-05,0.0,0.0,0.0,0.0,0.0,0.0,0.0,0.0,0.0
Deegan 230,0.0,0.0,0.0,0.0,0.0,0.0,0.0,0.0,0.0,0.0,0.0,0.0,0.0,0.0004418912947414936,0.0
Deelan 231,0.0,0.0,0.0,0.0,0.0,0.0,0.0,0.0,0.0,0.0,0.0,0.0,0.003011040481766477,0.0,0.0
Delart 232,0.0,0.0,0.0,0.0,0.0,0.0,0.0,0.0,0.0,0.0,0.0,0.0,0.0,0.0,0.00018712574850299402
Denol 233,0.0,0.00011671335200746965,0.0,0.0,0.0,0.0013645721192891004,0.0,0.0,0.0,0.0,0.0,0.0,0.0,0.0008019508682345625,5.1979374584165005e-06
Dermently 234,0.0,0.0,0.0,0.0,0.0,0.0,0.0,0.0,0.0,0.0,0.001213356629780625,0.0,2.788000446080071e-05,0.0,0.0
Desdra 235,0.0,0.0,0.0,0.017522104238937304,0.018914245128616863,8.017985946074234e-07,0.0,0.0,0.0,0.0,0.0,0.0,0.0,0.0,0.0
Desi Arthied 236,0.003025064822817632,0.0,0.0,0.0,0.0,0.0,0.0,0.0,0.0,0.0,0.0,0.0,0.0,0.0,0.0
Diatis 237,0.0,0.0,0.0,0.0004982561036372695,0.0,0.00011332086803784917,0.0,0.0,0.0,0.0,0.0,0.0,0.0,0.0,0.0
Dieter Clissmann 238,0.003313166234514549,0.0,0.0,0.0,0.0,0.0,0.0,0.0,0.0,0.0,0.0,0.0,0.0,0.0,0.0
Diona 239,0.0,0.0,0.0,0.003186216662733066,0.0,8.946384318777566e-06,0.0,0.0,0.0,0.0,0.0,0.0,0.0,0.0,0.0
Dirzan 240,0.0,0.0,0.0,0.0,0.0,0.0,0.0,0.0,0.0,0.0,0.0,0.032701597918989224,0.0,0.0,0.0
Domaize 241,0.0,0.0,0.008319060435527282,0.0,0.0,0.0,0.0,0.0,0.0,0.0,0.0,0.0,0.0,0.0,0.0
Domick 242,0.0,0.0,0.0,0.0,0.0,7.906107072408082e-07,2.9215846675236646e-06,0.0,0.0,0.0,0.040069889341875366,0.0017698962087233068,0.0,4.384657808287688e-05,0.0
Dorai 243,0.0,0.0,0.0,0.0,0.0,0.00016998130205677376,0.0,0.0,0.0,0.0,0.0,0.0,0.0,0.0,0.0
Doral 244,0.0,0.0,0.0,0.0,0.0057283142389525366,0.0,0.0,0.0,0.0,0.0,0.0,0.0,0.0,0.0,0.0
Dorse 245,0.0,0.0,0.0,0.0,0.0,0.0003672810276583861,0.0,0.0,0.0,0.0,0.0,0.0,0.0018669645844286195,0.0,0.0013366124893071
Drake Bonneau 247,0.011539131541744555,3.053547000195427e-06,0.0,0.0,0.0,1.97652676810202e-06,0.0,0.0,0.0,0.0,0.0,0.0,0.0,1.7127569563623783e-06,0.0
Dresda 248,0.0,0.0,0.0,0.0001868460388639761,0.0,0.0,0.0,0.0,0.0,0.0,0.0,0.0,0.0,0.0,0.0
Dugall 249,0.0,0.0,0.0,0.0,0.0,0.0,0.000157035175879397,0.0,0.0,0.0,0.0,0.0,0.0,0.0,0.0
Dulsay 250,0.0,0.0,0.0,0.0,0.0,0.00018131338886055867,0.0,0.0,0.0,0.0,0.0,0.0,0.0,0.0,0.0015094810379241517
Dunca 251,0.0,0.0,0.0,0.0,0.0,0.0,0.0,0.0,0.0,0.0,0.028538147932440302,0.0,0.0,0.0,0.0
Dunegrine 252,0.0,0.0,0.0,0.0,0.0008183306055646482,0.0,0.0,0.0,0.0,0.0,0.0,0.0,0.0,0.0,0.0
Durak 253,0.0,0.0,0.0,0.0,0.0,0.0,0.0,0.0,0.0,0.0,0.0,0.0,0.0,0.00014729709824716454,0.0
Durras 254,0.0,0.0007878151260504202,0.0,0.0,0.0,0.0,0.0,0.0,0.0,0.0,0.0,0.0,0.0,0.0,0.0
Dushik 255,0.0,0.0,0.0,0.0,0.0,0.011048784633690294,0.0,0.0,0.0,0.0,0.0,0.0,0.0,0.0,0.0
Eddik 256,0.0,0.0,0.0,0.0,0.0,0.0003399626041135475,0.0,0.0,0.0,0.0,0.0,0.0,0.0,0.0,0.0
Effram 257,0.0002881014116969173,0.0,0.0,0.0,0.0,0.0,0.0,0.0,0.0,0.0,0.0,0.0,0.0,0.0,0.0
Egara 258,0.0,0.0,0.0,0.0,0.0,0.0,0.0,0.0,0.0,0.0,0.0,0.0,0.0,0.0,0.00018712574850299402
Elgion 259,0.0,0.0,0.0,0.0,0.0,0.0,0.0,0.0,0.0,0.075852363589842,0.00011504418415697779,0.0,0.0,0.0,0.0
Elimona 260,0.0,0.0,0.0,0.0,0.0,0.0,0.0,0.0,0.0,0.0,0.0,0.0,0.0,0.0002945941964943291,0.0
Emilin 261,0.0,0.0,0.00024467824810374357,0.0,0.0,0.0,0.0,0.0,0.0,0.0,0.0,0.0,0.0,0.0,0.0
Emily Boll Em 262,0.022754325311983504,2.4878372401592217e-05,6.438901265887988e-05,9.637322004562976e-05,5.383753983977948e-05,8.767456632402014e-05,6.983932822004761e-05,7.461944085165655e-06,0.000219411578040709,0.0,1.915826257548355e-05,9.77918598055898e-07,7.043369547991759e-06,1.899357319502911e-05,0.00047323116924046643
Empie 263,0.0,0.0,0.0,0.00024912805181863477,0.0,5.666043401892458e-05,0.0,0.0,0.0,0.0,0.0,0.0,0.0,0.0,0.0
Emsor 264,0.0,0.0,0.0,0.0,0.0,0.0,0.000314070351758794,0.0,0.0,0.0,0.0,0.0,0.0,0.0,0.0
Eric Hegelman 265,0.0011524056467876692,0.0,0.0,0.0,0.0,0.0,0.0,0.0,0.0,0.0,0.0,0.0,0.0,0.0,0.0
Erkin 266,0.0,0.0,0.0,0.0,0.0,0.0,0.000628140703517588,0.0,0.0,0.0,0.0,0.0,0.0,0.0,0.0
Erragon 267,0.0,0.0,0.0,0.0,0.0,0.0,0.0,0.0,0.0,0.0,0.0,0.0,0.0,0.0,0.02563622754491018
Esrella 268,0.0,0.0,0.0,0.0,0.0,0.0,0.0,0.0,0.0,0.0,0.0,0.0,0.0,0.00014729709824716454,0.0
Evan 270,0.0,0.0,0.0,0.0,0.0,0.0,0.0,0.0,0.0,0.0,0.0,0.0,0.0,0.0023567535719546326,0.0
Evarel 271,0.0,0.0,0.0,0.0,0.0,0.0,0.002826633165829146,0.0,0.0,0.0,0.0,0.0,0.0,0.0,0.0
Evelene 272,0.0,0.0,0.0,0.0,0.0,0.0,0.0009422110552763819,0.0,0.0,0.0,0.0,0.0,0.0,0.0,0.0
Evenek 273,0.0,0.0,0.0,0.0,0.0,0.0,0.0026695979899497486,0.0,0.0,0.0,0.0,0.0,0.0,0.0,0.0
Ezra Keroon 274,0.005531327738023683,2.6660410357036212e-06,0.00010495082215617428,0.0031887126023385157,0.0005317071954937815,0.0007252247938006008,3.985664362421243e-05,0.0004997776988795383,0.00014165978042734033,5.260250913968595e-06,0.0,3.7726808859009253e-06,5.137280009782061e-05,6.31807350349513e-05,0.0006155202285783762
F’duril 275,0.0,0.0,0.0,0.0037454137790460663,0.0,7.726422820762444e-06,0.0,0.0,0.0,0.0,0.0,0.0,0.0,0.0,0.0
F’gal 276,0.0,0.0,0.0,0.002472962279082036,0.0,3.9995600483946766e-05,0.0,0.0,0.0,0.0,0.0,0.0,0.0,0.0,0.0
F’lar Falla Fallarnon 277,0.0,0.0005162718593223538,0.0,0.0,0.0,0.00025202129059200354,0.00034207798693946243,0.07675064116504805,0.042762365956438814,4.514720457679786e-05,9.911694729317563e-08,2.1375742807062544e-05,0.009385218002655984,0.006900653471694342,0.0027821102179575495
F’lessan 278,0.0,0.00016172068361686932,0.0,0.0,0.0,0.0,0.0,0.0,0.0,0.0,0.0,0.0,0.00017526428881062148,0.0010166757805674487,0.11576984273594836
F’neldril 280,0.0,0.0,0.0,0.00321197238237597,3.8968124074507054e-05,8.094347716989226e-06,0.0,0.0,0.0,0.0,0.0,0.0,0.0,0.0,0.0
F’nor F’lor 281,0.0,0.0,0.0,0.0,0.0,2.6549759748239153e-05,7.677597785600832e-05,0.017478251551713498,0.04728936906643996,8.092861999942536e-05,6.889891990177597e-05,2.7819163075933947e-05,0.003295509288834166,0.00013940132033742744,0.00027671090351644216
F’rad 282,0.0,0.0,0.0,0.0,0.0,0.0,0.0,0.0,0.0010335917312661498,0.0,0.0,0.0,0.0,0.0,0.0
F’tol 283,0.0,0.0,0.0007340347443112308,0.0,0.0,0.0,0.0,0.0,0.0,0.0,0.0,0.0,0.0,0.0,0.0
Fabry 284,0.0,0.0021008403361344537,0.0,0.0,0.0,0.0,0.0,0.0,0.0,0.0,0.0,0.0,0.0,0.0,0.0
Facenden 285,0.0,0.0,0.0,0.0,0.0,0.0,0.0,0.0,0.0,0.0,9.706853038245001e-05,0.0,0.0,0.00019639613099621937,0.0
Falawny 286,0.0,0.0,0.0,0.0,0.0,0.0,0.00047110552763819093,0.0,0.0,0.0,0.0,0.0,0.0,0.0,0.0
Falga 287,0.0,0.0,0.0,0.008813492399244156,1.544020010499336e-05,1.2828777513718774e-05,0.0,0.0,0.0,0.0,0.0,0.0,0.0,0.0,0.0
Famanoran 288,0.0,0.0,0.0,0.0,0.0,0.0,0.0009422110552763819,0.0,0.0,0.0,0.0,0.0,0.0,0.0,0.0
Famira 289,0.0,0.0,0.0,0.0,0.0,0.0,0.0,0.0,0.0018949181739879415,0.0,0.0,0.0,0.0,0.0,0.0
Fandarel 290,0.0,0.0007119826540241765,0.0,0.0,0.0,0.001319854815970243,2.799200996067682e-07,0.0006879649379371385,0.003132403223602494,0.0,5.190830501735295e-07,6.624047544763657e-07,0.0026910913396655236,0.011689508219361875,4.03604555594693e-05
Farelly 292,0.0,0.0,0.0,9.342301943198804e-05,0.0,8.499065102838688e-05,0.0,0.0,0.0,0.0,0.0,0.0,0.0,0.0,0.0
Farley 294,0.0,0.0,0.0007340347443112308,0.0,0.0,0.0,0.0,0.0,0.0,0.0,0.0,0.0,0.0,0.0,0.0
Farnol 295,0.0,0.0,0.0,0.0,0.0,0.0,0.0,0.0,0.0,0.0,0.00029120559114735004,0.0,0.0,0.0,0.0
Faselly 297,0.0,0.0,0.0,0.0,0.0,0.0,0.0,0.0,0.0,0.0,0.0,0.0,0.0,0.00014729709824716454,0.0
Federen 299,0.0,0.0,0.0,0.0,0.0,0.0,0.0,0.0,0.0,0.0,0.0,0.0,0.0,0.00014729709824716454,0.0
Feldon 300,0.0,0.0,0.0,0.0,0.0,0.0,0.0,0.0,0.0,0.0,0.0005824111822947001,0.0,0.0,0.0,0.0
Felena 301,0.0,0.0,0.0,0.0,0.0,0.0,0.0,0.0,0.0,0.011565507031828275,9.360179715450537e-05,0.0,0.0,0.0,0.0
Felessan Fesselan 302,0.0,0.0,0.0,0.0,0.0,0.0,0.0,0.0,0.015609457920035565,0.0,2.3484321866721777e-06,0.00029968473166229123,6.610259122157589e-05,0.0,0.0
Felicia 303,0.0005762028233938346,0.0,0.0,0.0,0.0,0.0,0.0,0.0,0.0,0.0,0.0,0.0,0.0,0.0,0.0
Felim 304,0.0,0.0,0.0,0.0,0.011507774140752863,1.062383137854836e-05,0.0,0.0,0.0,0.0,0.0,0.0,0.0,0.0,0.0
Fender 305,0.0,0.0,4.893564962074872e-05,0.0,0.0,0.0,0.0,0.0,0.0,0.0,0.0,0.0,0.0005352960856473737,0.0,0.0
Fenela 306,0.0,0.0,0.0,0.0,0.0,0.0,0.0,0.0,0.0,0.00025906735751295336,0.00014560279557367502,0.0,0.0,0.0,0.0
Ferfar 307,0.0,0.0,0.0,0.0,0.0,0.0005099439061703213,0.0,0.0,0.0,0.0,0.0,0.0,0.0,0.0,0.0
Fergal 308,0.0,0.0,0.0,0.0009554626987362412,0.014581163517333729,3.863211410381222e-06,0.0,0.0,0.0,0.0,0.0,0.0,0.0,0.0,0.0
Ferina 309,0.0,0.0,0.001223391240518718,0.0,0.0,0.0,0.0,0.0,0.0,0.0,0.0,0.0,0.0,0.0,0.0
Fesnal 310,0.0,0.0,0.0,0.0,0.0,0.0,0.0,0.0,0.0,0.0,0.00029120559114735004,0.0,0.0,0.0,0.0
Fidello 311,0.0,0.0,0.0,0.0,0.0,0.0,0.0,0.0,0.0,0.0,0.0,0.0,0.002843760455001673,0.0,0.0
Filatric 312,0.0,0.0,0.0,0.0001868460388639761,0.0,0.0,0.0,0.0,0.0,0.0,0.0,0.0,0.0,0.0,0.0
Finder 313,0.0,0.0,0.0,0.0,0.0,0.0,0.0,0.0,0.0,0.0,0.0,0.0,0.00234192037470726,0.0,0.0
Fira 314,0.0,0.0,0.0,0.0,0.0,0.0003399626041135475,0.0,0.0,0.0,0.0,0.0,0.0,0.0,0.0,0.0
Fitatric 315,0.0,0.0,0.0,0.0001868460388639761,0.0,0.00016998130205677376,0.0,0.0,0.0,0.0,0.0,0.0,0.0,0.0,0.0
Fleur du Vent 316,0.007028734984279684,2.8544026306174643e-06,2.3935915575366218e-05,8.123740820172873e-06,0.0,1.847622848443193e-06,6.827616342582477e-06,3.082107339524945e-05,0.0,0.0001407974769092138,0.0,4.039228991970013e-06,1.6364350444383027e-05,1.6010554157300492e-06,1.830577974485811e-05
Florist 317,0.0,0.0,0.0,0.0,0.0,0.0,0.000157035175879397,0.0,0.0,0.0,0.0,0.0,0.0,0.0,0.0
Follen 318,0.0,0.0,0.0,0.004489643390988683,0.0005845218611176058,4.8566086301935356e-06,0.0,0.0,0.0,0.0,0.0,0.0,0.0,0.0,0.0
Fondarel 319,0.0,0.0,0.0,0.0,0.0,0.0,0.0,0.0,0.0,0.0,0.0,0.0,0.0,0.00014729709824716454,0.0
Forris 320,0.0,0.0,0.0,0.0,0.0,0.00016998130205677376,0.0,0.0,0.0,0.0,0.0,0.0,0.0,0.0,0.0
Fortine 321,0.0,0.0,0.0,0.005560700591408332,0.0006404326478332029,3.695245696886386e-06,0.0,0.0,0.0,0.0,0.0,0.0,0.0,0.0,1.6271804217651655e-05
Fosdak 322,0.0,0.0,0.0,0.0,0.0,0.0,0.0,0.0,0.0,0.0,0.0,0.0,0.0,0.0008837825894829872,0.0
Franco 323,0.0,0.0,0.0031808172253486667,0.0,0.0,0.0,0.0,0.0,0.0,0.0,0.0,0.0,0.0,0.0,0.0
Fransman 324,0.0,0.0,0.0,0.0,0.0,0.0,0.0,0.0,0.0,0.0,0.00029120559114735004,0.0,0.0,0.0,0.0
Frenkal 325,0.0,0.0,0.0004893564962074871,0.0,0.0,0.0,0.0,0.0,0.0,0.0,0.0,0.0,0.0,0.0,0.0
Fromelin 326,0.0,0.0,0.0,0.0,0.0,0.0,0.0,0.0,0.0,0.0,0.0,0.0,0.0,0.0,0.00018712574850299402
Fulmar Stone 327,0.005775123752651843,0.0,2.2243477100340324e-05,0.0,0.0,0.0,0.0,0.0,0.0,0.0,0.0,0.0,0.0,0.0,0.0
Furet 328,0.0,0.0,0.0,0.0,0.0,0.0,0.0037688442211055275,0.0,0.0,0.0,0.0,0.0,0.0,0.0,0.0
Furlo 329,0.0,0.0,0.0,0.0,0.0,0.0,0.000628140703517588,0.0,0.0,0.0,0.0,0.0,0.0,0.0,0.0
G’bear 330,0.0,0.0,0.0,0.0,0.0,0.0,0.0,0.0,0.0,0.0,0.0,0.0,0.0,0.0,0.0007485029940119761
G’bol 331,0.0,0.0,0.0,0.0,0.0,0.0,0.0,0.0,0.0,0.0,0.0,0.0,0.0,0.0,0.0009356287425149701
G’dened G’neded 332,0.0,0.00020496003279360525,0.0,0.0,0.0,0.0,0.0,0.0,0.0,0.0,0.0,0.0,0.00029376004700160753,7.185224304739734e-06,0.008215276763546078
G’don 333,0.0,0.0,0.005382921458282359,0.0,0.0,0.0,0.0,0.0,0.0,0.0,0.0,0.0,0.0,0.0,0.0
G’drel 334,0.0,0.0,0.0,0.0,0.0018412438625204583,4.249532551419344e-05,0.0,0.0,0.0,0.0,0.0,0.0,0.0,0.0,0.0
G’nag 336,0.0,0.0,0.0,0.0,0.0,0.0,0.0,0.0,0.0005167958656330749,0.0,0.0,0.0,0.0,0.0,0.0
G’narish 337,0.0,2.9506184496270416e-06,0.0,0.0,0.0,0.0,0.0,0.0,0.009215225154603258,0.0,0.0,1.6701531112864773e-05,4.698877156314727e-05,1.6550235758108374e-06,0.00025440691650407054
G’ranad 338,0.0,0.0,0.0,0.0,0.0,0.0,0.000157035175879397,0.0,0.0,0.0,0.0,0.0,0.0,0.0,0.0
G’rannat 339,0.0,0.0,0.0,0.0,0.0,0.0,0.0,0.0,0.0,0.0,0.0,0.0,0.0,0.0002945941964943291,0.0
G’ron Giron 340,0.0,0.0,2.330269029559463e-06,0.0,7.793624814901411e-06,0.01618869543397845,0.0,0.0,0.0,0.0,2.773386582355715e-06,0.0,0.0,0.0,7.128599942971202e-06
G’sel 341,0.0,0.0,0.0,0.0,0.0,0.0,0.0,0.0,0.0007751937984496124,0.00233160621761658,0.0,0.0,0.0,0.0,0.0
Gabin 342,0.0,0.0,0.0,0.0,0.0018412438625204583,4.249532551419344e-05,0.0,0.0,0.0,0.0,0.0,0.0,0.0,0.0,0.0
Gabred 343,0.0,0.0,0.0,0.0,0.0,0.0003399626041135475,0.0,0.0,0.0,0.0,0.0,0.0,0.0,0.0,0.0
Gaby 344,0.0,0.0,0.0,0.0,0.0016366612111292963,0.0,0.0,0.0,0.0,0.0,0.0,0.0,0.0,0.0,0.0
Gallardy 345,0.0,0.0,0.0,0.0018840308918784256,0.0,1.4165108504731146e-05,0.0,0.0,0.0,0.0,0.0,0.0,0.0,0.0,0.0
Gallen 346,0.0,0.0,0.0,0.0,0.002618657937806874,3.399626041135475e-05,0.0,0.0,0.0,0.0,0.0,0.0,0.0,0.0,0.0
Gallian Galli 347,0.0,0.0,0.009542451676045999,0.0,0.0,0.0,0.0,0.0,0.0,0.0,0.0,0.0,0.0,0.0,0.0
Galnich Galnish 348,0.0,0.0,0.0,9.342301943198804e-05,0.0,8.499065102838688e-05,0.0,0.0,0.0,0.0,0.0,0.0,0.0,0.0,0.0
Galter 349,0.0,0.0,0.0,0.0,0.0,0.0,0.0,0.0,0.0,0.0,0.0,0.0,0.0,0.0,0.00018712574850299402
Gana 350,0.0,0.0,0.0,0.0,0.009819967266775777,0.0,0.0,0.0,0.0,0.0,0.0,0.0,0.0,0.0,0.0
Gandidan Gandiran 351,0.0,0.0,0.0,0.0,0.0,0.0,0.0,0.0,0.0010335917312661498,0.0,0.0,0.0,0.0,0.0,0.0
Ganmar 352,0.0,0.0,0.0031808172253486667,0.0,0.0,0.0,0.0,0.0,0.0,0.0,0.0,0.0,0.0,0.0,0.0
Garben 353,0.001536540862383559,1.0941876750700279e-05,1.0194927004322648e-05,0.0,0.00030687397708674305,6.374298827129016e-05,0.0,0.0,0.0,0.0,0.0,0.0,0.0,0.0,0.0
Gardillon 354,0.0,0.0,0.0,0.0,0.0,0.0003399626041135475,0.0,0.0,0.0,0.0,0.0,0.0,0.0,0.0,0.0
Gardner 355,0.0,0.0,0.0017127477367262051,0.0,0.0,0.0,0.0,0.0,0.0,0.0,0.0,0.0,0.0,0.0,0.0
Gardrow 356,0.0,0.0,0.0,0.0,0.0,0.0005099439061703213,0.0,0.0,0.0,0.0,0.0,0.0,0.0,0.0,0.0
Garm 357,0.0,0.0,0.0,0.0,0.0,0.00407955124936257,0.0,0.0,0.0,0.0,0.0,0.0,0.0,0.0,0.0
Garrel 359,0.0,0.0,0.0,0.0,0.0,0.0,0.0,0.0,0.0,0.0,0.0,0.0,0.0,0.0,0.00018712574850299402
Garrel 358,0.0,0.0,0.0,0.0,0.0,0.0,0.0,0.0,0.0,0.0,0.0,0.0,0.0,0.0,0.00018712574850299402
Gayton 360,0.0,0.0,0.0,0.0,0.0,0.0,0.0,0.0,0.0,0.0,0.0,0.0,0.0,0.0002945941964943291,0.0
Gedenase 361,0.0,0.0,0.0,0.0,0.0,0.0008499065102838688,0.0,0.0,0.0,0.0,0.0,0.0,0.0,0.0,0.0
Geger 362,0.0,0.0,0.0,0.0,0.0,0.0,0.0,0.0,0.0,0.0,0.0,0.0,0.0,0.0,0.0014970059880239522
Gellim 363,0.0,0.0,0.0,0.0,0.0,0.0,0.0,0.0,0.0,0.0,0.0,0.0,0.0,0.0,0.00018712574850299402
Genjon 365,0.0,0.0,0.0,0.00024912805181863477,0.0,5.666043401892458e-05,0.0,0.0,0.0,0.0,0.0,0.0,0.0,0.0,0.0
Germathen 367,0.0,0.0,0.0,0.0,0.0,0.0,0.000628140703517588,0.0,0.0,0.0,0.0,0.0,0.0,0.0,0.0
Gifflen 368,0.0,0.0,0.0,0.0,0.0,0.0,0.000628140703517588,0.0,0.0,0.0,0.0,0.0,0.0,0.0,0.0
Ginia 369,0.0,0.0,0.0,0.0,0.0,0.0,0.008165829145728644,0.0,0.0,0.0,0.0,0.0,0.0,0.0,0.0
Gisa 370,0.0,0.0,0.0017127477367262051,0.0,0.0,0.0,0.0,0.0,0.0,0.0,0.0,0.0,0.0,0.0,0.0
Glammie 371,0.0,0.0,0.0,0.0,0.0,0.00016998130205677376,0.0,0.0,0.0,0.0,0.0,0.0,0.0,0.0,0.0
Glay 372,0.0,0.0,0.0,0.0,0.0,0.00016998130205677376,0.0,0.0,0.0,0.0,0.0,0.0,0.0,0.0,0.0
Gomalsi 374,0.0,0.0,0.0,0.0,0.0,0.0,0.0,0.0,0.0,0.0,0.0,0.0,0.0,0.0010310796877301518,0.0
Gorazde 375,0.0,0.0,0.0,0.0,0.0,0.0,0.000314070351758794,0.0,0.0,0.0,0.0,0.0,0.0,0.0,0.0
Gorby 376,0.0,0.0,0.0,0.00024912805181863477,0.0,5.666043401892458e-05,0.0,0.0,0.0,0.0,0.0,0.0,0.0,0.0,0.0
Gorta 377,0.0,0.0,0.0,0.0004204035874439462,0.0,4.249532551419344e-05,0.0,0.0,0.0,0.0,0.0,0.0,0.0,0.0,0.0
Gostol 378,0.0,0.0,0.0,0.0,0.0,0.0,0.0032977386934673367,0.0,0.0,0.0,0.0,0.0,0.0,0.0,0.0
Gram 379,0.0,0.0,0.0,4.671150971599402e-05,0.0,0.00016998130205677376,0.0,0.0,0.0,0.00012953367875647668,0.0,0.0,0.0,0.0,0.0
Grasella 380,0.0,0.0,0.0004893564962074871,0.0,0.0,0.0,0.0,0.0,0.0,0.0,0.0,0.0,0.0,0.0,0.0
Greg Keating 381,0.00014405070584845865,0.0,0.0,0.0,0.0,0.0,0.0,0.0,0.0,0.0,0.0,0.0,0.0,0.0,0.0
Greta 382,0.003313166234514549,0.0,0.0,0.0,0.0,0.0,0.0,0.0,0.0,0.0,0.0,0.0,0.0,0.0,0.0
Grevil 383,0.0,0.0,0.0,0.0,0.0,0.0,0.0,0.0,0.0,0.0,0.0,0.0,0.0,0.0002945941964943291,0.0
Grisella 384,0.0,0.0,0.0004893564962074871,0.0,0.0,0.0,0.0,0.0,0.0,0.0,0.0,0.0,0.0,0.0,0.0
Grodon 385,0.0,0.0,0.0,0.0,0.0,0.0,0.000628140703517588,0.0,0.0,0.0,0.0,0.0,0.0,0.0,0.0
Groghe 387,0.0,0.0001284481183777859,0.0,0.0,0.0,3.3257211271977473e-06,0.0011484050688223726,0.0,0.0017316406396285064,0.0,0.0036565293357980295,8.078457983940025e-05,0.0012233261087756556,0.0019481642298603238,0.0035944415516792503
Gyorgy 388,0.00014405070584845865,0.0,0.0,0.0,0.0,0.0,0.0,0.0,0.0,0.0,0.0,0.0,0.0,0.0,0.0
H’ages 389,0.0,0.0,0.0,0.0,0.0,0.0,0.0,0.0,0.0003445305770887166,0.0,0.0,0.0,0.0,0.0,0.0
H’grave 390,0.0,0.0,0.0,9.342301943198804e-05,0.0,8.499065102838688e-05,0.0,0.0,0.0,0.0,0.0,0.0,0.0,0.0,0.0
H’mar 391,0.0,0.0002626050420168067,0.0,0.0,0.0,0.0,0.0,0.0,0.0,0.0,0.0,0.0,0.0,0.0,0.0
H’nalt 392,0.0,0.0,0.0,0.0,0.0,0.0,0.0,0.0,0.0,0.0,0.0,0.0,0.0,0.0002945941964943291,0.0
H’nor 393,0.0,0.0,0.0,0.0,0.0,0.0,0.0,0.0,0.0,0.0,0.0,0.0,0.0,0.0,0.0009356287425149701
H’redan 394,0.0,0.0,0.0,0.0,0.0,0.0,0.0,0.0,0.0,0.0,0.0,0.0,0.0,0.0,0.00018712574850299402
Halanna 395,0.0,0.0,0.0,0.0,0.0,0.0,0.008479899497487437,0.0,0.0,0.0,0.0,0.0,0.0,0.0,0.0
Halefor 396,0.0,0.0,0.0,0.0,0.0,0.0,0.0,0.0,0.0,0.0,0.0,0.0,0.0,0.0002945941964943291,0.0
Halibran 397,0.0,0.0,0.0,0.0,0.0,0.0,0.002512562814070352,0.0,0.0,0.0,0.0,0.0,0.0,0.0,0.0
Haligon 398,0.0,0.0,0.0,0.0,0.0,0.0,0.0,0.0,0.0,0.0,0.0,0.0,0.0,0.0,0.015531437125748502
Hally 399,0.0,0.0002626050420168067,0.0,0.0,0.0,0.0,0.0,0.0,0.0,0.0,0.0,0.0,0.0,0.0,0.0
Hamian 400,0.0,6.436398088647225e-05,0.0,0.0,0.0,0.004334523202447731,0.0,0.0,0.0,0.0,0.0,0.0,0.0,0.0026701209280294825,1.651109545614653e-05
Haura 401,0.0,0.0,0.0,0.002472962279082036,4.81370944449793e-05,9.998900120986691e-06,0.0,0.0,0.0,0.0,0.0,0.0,0.0,0.0,0.0
Hayara 402,0.0,0.0,0.0,0.0,0.0,0.0,0.007223618090452261,0.0,0.0,0.0,0.0,0.0,0.0,0.0,0.0
Hayon 403,5.14466806601638e-06,0.0,0.0,0.0,0.0,0.0,0.0037912778176597277,0.0,0.0,0.0,0.0,1.3271752402187184e-05,0.0,0.0,0.0
Hedelman 404,0.0,0.0,0.0,0.0,0.0,0.00016998130205677376,0.0,0.0,0.0,0.0,0.0,0.0,0.0,0.0,0.0
Hegmon 405,0.0,0.0,0.004893564962074872,0.0,0.0,0.0,0.0,0.0,0.0,0.0,0.0,0.0,0.0,0.0,0.0
Heinrich 406,0.00014405070584845865,0.0,0.0,0.0,0.0,0.0,0.0,0.0,0.0,0.0,0.0,0.0,0.0,0.0,0.0
Helly 407,0.0,0.0,0.0,0.0026275224215246635,0.0,1.062383137854836e-05,0.0,0.0,0.0,0.0,0.0,0.0,0.0,0.0,0.0
Hillegel 408,0.0,0.0,0.0,0.0,0.0,0.0,0.0,0.0,0.0,0.0,0.0,0.0,0.0,0.0,0.00018712574850299402
Hittet 409,0.0,0.0,0.0,0.0,0.0,0.0,0.0,0.0,0.0,0.0,0.0,0.004087699739873653,0.0,0.0,0.0
Hobson 410,0.0,0.002888655462184874,0.0,0.0,0.0,0.0,0.0,0.0,0.0,0.0,0.0,0.0,0.0,0.0,0.0
Holht 411,0.0,0.0,0.0,0.0001868460388639761,0.0,0.0,0.0,0.0,0.0,0.0,0.0,0.0,0.0,0.0,0.0
Horon 412,0.0,1.250500200080032e-05,0.0,0.0,0.0,0.0,0.0,0.0,0.0,0.0,0.0,0.0,7.965715560228775e-06,0.0,0.003216780724265754
Hosbon 413,0.0,0.0,0.0,0.0,0.0,0.0,0.0,0.0,0.0,0.0,0.0,0.0,0.0,0.0,0.00280688622754491
Iantine Ian 414,0.0,0.0,0.09224369953511133,0.0,0.0,0.0,0.0,0.0,0.0,0.0,0.0,0.0,0.0,0.0,0.0
Idarolan Iddie 415,0.0,0.0077095058206768955,0.0,0.0,0.0,7.797307433796961e-05,2.5932414365405007e-05,0.0,7.902077456163226e-07,0.0,0.0,0.0,0.0005187215508853564,0.0009249987500016892,0.0028875734768994124
Idoralan 416,0.0,0.0,0.0,0.0,0.0,0.0,0.0,0.0,0.0,0.0,0.0,0.0,0.00033456005352960856,0.0,0.0
Ifor 417,0.0,0.0,0.0,0.0,0.0,0.0,0.001727386934673367,0.0,0.0,0.0,0.0,0.0,0.0,0.0,0.0
Irene 418,0.0,0.0,0.007585025691216051,0.0,0.0,0.0,0.0,0.0,0.0,0.0,0.0,0.0,0.0,0.0,0.0
Irtine 419,0.0,0.0,0.0,0.0,0.0,0.00016998130205677376,0.0,0.0,0.0,0.0,0.0,0.0,0.0,0.0,0.0
Isla 420,0.0,0.0,0.0,0.0,0.0,0.0,0.000314070351758794,0.0,0.0,0.0,0.0,0.0,0.0,0.0,0.0
Issony 421,0.0,0.0,0.007829703939319794,0.0,0.0,0.0,0.0,0.0,0.0,0.0,0.0,0.0,0.0,0.0,0.0
Ita 422,0.0,0.0,0.0,0.0,0.0,0.0,0.0,0.0,0.0,0.0,0.0,0.0,0.0,0.0,0.000561377245508982
Ivan le Terrible 423,3.601267646211466e-05,0.0,0.0,0.0,0.0,0.0,0.0,0.0,4.3066322136089577e-05,0.00012953367875647668,0.0,0.0,0.0,0.0,4.6781437125748506e-05
J’dar 424,0.0,0.0,0.001223391240518718,0.0,0.0,0.0,0.0,0.0,0.0,0.0,0.0,0.0,0.0,0.0,0.0
J’fery 425,0.0,0.0,0.0,0.0,0.0,0.0,0.0,0.0,0.0,0.0,0.0,0.0,0.0,0.0,0.0024326347305389222
J’lono 426,0.0,0.0,0.0,0.0,0.0,0.0,0.0,0.0,0.0,0.0,0.0,0.0,0.0,0.00014729709824716454,0.0
J’ralt Jeralte 427,0.0,0.0,0.0,0.0,0.0,0.0,0.0,0.0,0.0006890611541774332,0.0,0.0,0.0,0.0,0.0,0.0
Jacob Chernoff 428,0.003313166234514549,0.0,0.0,0.0,0.0,0.0,0.0,0.0,0.0,0.0,0.0,0.0,0.0,0.0,0.0
Jake Chernoff 429,0.004177470469605301,0.0,0.0,0.0,0.0,0.0,0.0,0.0,0.0,0.0,0.0,0.0,0.0,0.0,0.0
Jallora 430,0.0,0.0,0.0,0.004510997224001708,2.922609305588029e-05,6.070760787741919e-06,0.0,0.0,0.0,0.0,0.0,0.0,0.0,0.0,0.0
Jamson 431,0.0,0.0,0.020797651088818203,0.0,0.0,0.0,0.0,0.0,0.0,0.0,0.0,0.0,0.0,0.0,0.0
Janara 432,0.0,0.0,0.0,0.0,0.0,0.0003399626041135475,0.0,0.0,0.0,0.0,0.0,0.0,0.0,0.0,0.0
Jancis 433,0.0,3.2221477548074446e-06,0.0,0.0,0.0,0.009929827964322697,0.0,0.0,0.0,0.0,0.0,0.0,0.0,0.013995935323018922,5.740053635061166e-05
Jane 434,0.0,0.0,0.0026914607291411794,0.0,0.0,0.0,0.0,0.0,0.0,0.0,0.0,0.0,0.0,0.0,0.0
Janissian 435,0.0,0.0,0.0,0.0,0.0,0.0,0.0,0.0,0.0,0.0,0.0,0.0,0.0,0.0,0.003929640718562874
Jarrol 436,0.0,1.250500200080032e-05,0.0,0.0,0.0,8.094347716989226e-06,0.0,0.0,0.0,0.0,0.0,0.0,0.0,0.0025321072603441143,0.0
Jaxom Jax 438,0.0,0.00014346411297700752,0.0,0.0,0.0,0.0008770305984573741,0.0,4.0956758059624443e-07,0.0030133269062760943,6.0620246151877285e-06,2.3659862784152586e-06,1.9323188417874096e-06,0.10173930997994705,0.06654176332290765,0.0007903432653704616
Jayge Lilcamp 439,0.0,0.007469406353063705,0.0,0.0,0.0,0.0835440543824505,0.0,0.0,0.0,0.0,0.0,0.0,0.0,0.0001304733713513766,1.114114420005675e-05
Jemmy 440,0.0,0.0,0.012478590653290923,0.0,0.0,0.0,0.0,0.0,0.0,0.0,0.0,0.0,0.0,0.0,0.0
Jenfa 441,0.0,0.0,0.0,0.0,0.0,0.00016998130205677376,0.0,0.0,0.0,0.0,0.0,0.0,0.0,0.0,0.0
Jepson 442,0.0010083549409392106,0.0,0.0,0.0,0.0,0.0,0.0,0.0,0.0,0.0,0.0,0.0,0.0,0.0,0.0
Jerin 443,0.0,0.0,0.0,0.0,0.0,0.0,0.0,0.0,0.0,0.0,0.00029120559114735004,0.0,0.0,0.0,0.0
Jerint 444,0.0,0.0,0.0,0.0,0.0,0.0,0.00012824539363484087,0.0,0.0,0.0,0.012623762376237623,2.477393781741608e-05,0.0,0.0,0.0
Jerrint 445,0.0,0.0,0.0,0.0,0.0,0.0,0.0,0.0,0.0,0.0,0.0,0.0003716090672612412,0.0,0.0,0.0
Jerry Mercer 446,0.00216076058772688,0.0,0.0,0.0,0.0,0.0,0.0,0.0,0.0,0.0,0.0,0.0,0.0,0.0,0.0
Jesken 447,0.0,0.0,0.0,0.0,0.0,0.0,0.001256281407035176,0.0,0.0,0.0,0.0,0.0,0.0,0.0,0.0
Jess 448,2.400845097474311e-05,0.0,0.0,0.0,0.002182214948172395,2.833021700946229e-05,0.0,0.0,0.0,0.0,0.0,0.0,0.0,0.0,0.0
Jessuan 449,0.0,0.0,0.0,0.0,0.0,0.0,0.0,0.0,0.0,0.0,0.00029120559114735004,0.0,0.0,0.0,0.0
Jez 450,0.0,0.0,0.0,0.0,0.0,0.0,0.00047110552763819093,0.0,0.0,0.0,0.0,0.0,0.0,0.0,0.0
Jiro Akamoto 452,0.0018726591760299626,0.0,0.0,0.0,0.0,0.0,0.0,0.0,0.0,0.0,0.0,0.0,0.0,0.0,0.0
Jissamy 453,0.0,0.0,0.0,0.0,0.0,0.0,0.0,0.0,0.0,0.0,0.0,0.0,0.0,0.0007364854912358227,0.0
Jivan 454,0.000432152117545376,0.0,0.0,0.0,0.0,0.0,0.0,0.0,0.0,0.0,0.0,0.0,0.0,0.0,0.0
Joanson 455,0.0,0.0,0.0009787129924149743,0.0,0.0,0.0,0.0,0.0,0.0,0.0,0.0,0.0,0.0,0.0,0.0
Joe Millan 456,0.00014405070584845865,0.0,0.0,0.0,0.0,0.0,0.0,0.0,0.0,0.0,0.0,0.0,0.0,0.0,0.0
Joël Lilienkamp Joel Lili 457,0.012282218077605421,0.0,0.0,0.0,0.0,0.0,0.0,0.0,0.0,0.0,0.0,0.0,0.0,3.876239427556961e-05,0.0
Johnny Greene 458,0.00014405070584845865,0.0,0.0,0.0,0.0,0.0,0.0,0.0,0.0,0.0,0.0,0.0,0.0,0.0,0.0
Jol 459,0.0,0.0,0.005382921458282359,0.0,0.0,0.0,0.0,0.0,0.0,0.0,0.0,0.0,0.0,0.0,0.0
Jonno 460,0.0,0.0,0.0,0.0,0.0,0.0,0.000157035175879397,0.0,0.0,0.0,0.0,0.0,0.0,0.0,0.0
Josetta 462,0.0,0.0,0.0,0.0,0.0,0.0,0.0,0.0,0.0,0.0,0.0,0.0,0.0,0.0,0.00018712574850299402
Ju Adjai Adjar 463,0.0008823105733218093,0.0,0.0,0.0,0.0,0.0,0.0,0.0,0.0,0.0,0.0,0.0,0.0,1.8412137280895567e-05,0.0
Jubb 464,0.0,0.0,0.0,0.0,0.0,0.0,0.0,0.0,0.0,0.0,0.0,0.0,0.0,0.0,0.0016841317365269462
Jule 465,0.0,0.0,0.004159530217763641,0.0,0.0,0.0,0.0,0.0,0.0,0.0,0.0,0.0,0.0,0.0,0.0
Juvana 466,0.0,0.0,0.0,0.0,0.0,0.0,0.009108040201005025,0.0,0.0,0.0,0.0,0.0,0.0,0.0,0.0
K’dor 468,0.0,0.0,0.0,0.0,0.0,0.0,0.0,0.0,0.0001722652885443583,0.0,0.0,0.0,0.0,0.0,0.0
K’dren 469,0.0,0.0,0.0,0.0071179443376752785,0.0,1.618869543397845e-05,0.0,0.0,0.0,0.0,0.0,0.0,0.0,0.0,0.0
K’drin 470,0.0,0.0,0.0,0.0,0.0,0.0,0.0,0.0,0.0,0.0,0.0,0.0,0.0,0.0,0.00018712574850299402
K’lon 471,0.0,0.0,0.0,0.032141765185487156,4.649605713435501e-06,9.658028525953055e-07,0.0,0.0,0.0,0.0,0.0,0.0,0.0,0.0,0.0
K’nebel 472,0.0,0.0,0.0,0.0,0.0,0.0,0.0,0.0,0.0,0.0,0.0,0.0,0.0013382402141184342,0.0,0.0
K’net 473,0.0,0.0,0.0,0.0,0.0,0.0,5.710370031978072e-05,0.01145672223176949,0.0,0.0,0.0,0.0,0.0,0.0,0.0
K’van 474,0.0,0.0017525239262371618,0.0,0.0,0.0,0.002834202126654957,0.0,0.0,0.0,0.0,0.0,0.0,1.161666852533363e-06,0.000860255969624065,0.0015022039254823686
K’vin Kev 475,0.0,0.0,0.07291411793491559,0.0,0.0,0.0,0.0,0.0,0.0,0.0,0.0,0.0,0.0,0.0,0.0
Kailey 476,0.0,0.0,0.0,0.0,0.0,0.0,0.000785175879396985,0.0,0.0,0.0,0.0,0.0,0.0,0.0,0.0
Kalem 478,0.0,0.0,0.0,0.0,0.0,0.0,0.000157035175879397,0.0,0.0,0.0,0.0,0.0,0.0,0.0,0.0
Kaljan 479,0.0,0.0,0.0,0.0,0.0,0.0,0.0,0.0,0.0,0.0,0.0,0.0011148272017837235,0.0,0.0,0.0
Kalvi 480,0.0,0.0,0.013457303645705897,0.0,0.0,0.0,0.0,0.0,0.0,0.0,0.0,0.0,0.0,0.0,0.0
Kami 481,0.0,0.008140756302521009,0.0,0.0,0.0,0.0,0.0,0.0,0.0,0.0,0.0,0.0,0.0,0.0,0.0
Kamiana 482,0.0,0.0,0.0,0.003295964125560538,0.0002945990180032733,6.7992520822709505e-06,0.0,0.0,0.0,0.0,0.0,0.0,0.0,0.0,0.0
Kamina 483,0.0,0.0,0.0,0.0003736920777279522,0.0,0.0,0.0,0.0,0.0,0.0,0.0,0.0,0.0,0.0,0.0
Kanadin K’din 484,0.0,0.004726890756302521,0.0,0.0,0.0,0.0,0.0,0.0,0.0,0.0,0.0,0.0,0.0,0.0,0.0
Karenchok 485,0.0,0.0,0.0,0.0,0.0,0.0,0.0026695979899497486,0.0,0.0,0.0,0.0,0.0,0.0,0.0,0.0
Kashman 486,0.0,0.0,0.0,0.0,0.0,0.0,0.0,0.0,0.0,0.0,0.0,0.0,0.0,0.0,0.005426646706586827
Kathy Duff 488,0.004033419763756842,0.0,0.0,0.0,0.0,0.0,0.0,0.0,0.0,0.0,0.0,0.0,0.0,0.0,0.0
Kayla 489,0.0,0.0,0.0,0.0,0.0,0.0,0.0,0.0,0.0,0.0,0.00029120559114735004,0.0,0.0,0.0,0.0
Keita 490,0.0,0.0,0.0,0.0,0.0,6.324885657926465e-05,0.0,0.0,0.0,0.0,0.0,0.0,0.0,0.0,0.006619029383094276
Kenalas 491,0.0,0.0,0.0,0.0,0.0,0.0,0.0,0.0,0.0001722652885443583,0.0,0.0,0.0,0.0,0.0,0.0
Kepiru 493,0.0,0.0,0.0,0.0,0.0,0.0,0.000628140703517588,0.0,0.0,0.0,0.0,0.0,0.0,0.0,0.0
Ker 494,0.0,0.0,0.0,0.0,0.0,0.0,0.0,0.0,0.0,0.0,0.0,0.0,0.0,0.0005891883929886581,0.0
Kern 495,0.0,0.00013130252100840336,0.0,0.0,0.0,0.0,0.0,0.0,0.0,0.0,0.0,0.0,8.364001338240214e-05,0.0,0.0
Ketrin 496,0.0,0.0,0.0,0.0,0.0,0.002039775624681285,0.0,0.0,0.0,0.0,0.0,0.0,0.0,0.0,0.0
Kevelon 497,0.0,0.0,0.0,0.0,0.0,0.0011898691143974163,0.0,0.0,0.0,0.0,0.0,0.0,0.0,0.0,0.0
Kinsale 498,0.0,0.0,0.0,0.0,0.0,0.0,0.000314070351758794,0.0,0.0,0.0,0.0,0.0,0.0,0.0,0.0
Kinver 499,0.0,0.0,0.00024467824810374357,0.0,0.0,0.0,0.0,0.0,0.0,0.0,0.0,0.0,0.0,0.0,0.0
Kirnety 500,0.0,0.0,0.0,0.0,0.0,0.0,0.0,0.0,0.0,0.0,0.0,0.0,0.00016728002676480428,0.0,0.0
Kit Ping Kitti 502,0.01599463880851277,0.0,0.0,0.0,0.0,0.0,0.0,0.0,0.0,0.0,0.0,0.0,0.0,5.123377330336158e-06,0.0
Kitral 503,0.0,0.0002626050420168067,0.0,0.0,0.0,0.0,0.0,0.0,0.0,0.0,0.0,0.0,0.0,0.0,0.0
Kitrin 504,0.0,0.006827731092436975,0.0,0.0,0.0,0.0,0.0,0.0,0.0,0.0,0.0,0.0,0.0,0.0,0.0
Kizan 505,0.0,0.0,0.0009787129924149743,0.0,0.0,0.0,0.0,0.0,0.0,0.0,0.0,0.0,0.0,0.0,0.0
Klada 506,0.0,0.0,0.0,0.0,0.0,0.0,0.000628140703517588,0.0,0.0,0.0,0.0,0.0,0.0,0.0,0.0
Kubisa 507,0.0,0.0,0.0,0.0,0.0,0.0,0.0037688442211055275,0.0,0.0,0.0,0.0,0.0,0.0,0.0,0.0
Kulan 508,0.0,0.0,0.0,0.0011444319880418536,0.0,2.124766275709672e-05,0.0,0.0,0.0,0.0,0.0,0.0,0.0,0.0,0.0
Kulla 509,0.0,0.0,0.0,0.0,0.0,0.0,0.001413316582914573,0.0,0.0,0.0,0.0,0.0,0.0,0.0,0.0
Kung 510,0.00014405070584845865,0.0,0.0,0.0,0.0,0.0,0.0,0.0,0.0,0.0,0.0,0.0,0.0,0.0,0.0
Kurt 511,0.0002881014116969173,0.0,0.0,0.0,0.0,0.0,0.0,0.0,0.0,0.0,0.0,0.0,0.0,0.0,0.0
Kwan Marceau 512,0.00216076058772688,0.0,0.0,0.0,0.0,0.0,0.0,0.0,0.0,0.0,0.0,0.0,0.0,0.0,0.0
Kylara 513,0.0,0.0,0.0,0.0,0.0,9.509443471707622e-06,0.0,0.0015907218175649177,0.03186305511886907,4.529149606869815e-05,0.0,1.1693991627101995e-05,2.105622714522012e-05,0.0,0.0
Kylos 514,0.0,0.0,0.0,9.342301943198804e-05,0.0,8.499065102838688e-05,0.0,0.0,0.0,0.0,0.0,0.0,0.0,0.0,0.0
L’bol 515,0.0,0.0,0.0,0.004325139788517965,0.0,2.5182415119522037e-05,0.0,0.0,0.0,0.0,0.0,0.0,0.0,0.0,0.0
L’rad 517,0.0,0.0,0.0,0.0,0.0,0.0,0.0,0.000315059861373661,0.0,0.0,0.0,0.0,0.0,0.0,0.0
L’rayl 518,0.0,0.0,0.0,0.0005979073243647235,0.0,3.399626041135475e-05,0.0,0.0,0.0,0.0,0.0,0.0,0.0,0.0,0.0
L’sur 519,0.0,0.0,0.0009787129924149743,0.0,0.0,0.0,0.0,0.0,0.0,0.0,0.0,0.0,0.0,0.0,0.0
L’tol Lytol Lytonal 520,0.0,2.925056161078293e-06,0.0,0.0,0.0,6.816081914157759e-05,2.3516406288870094e-05,0.002433525488654726,0.004298957027485694,0.0,3.2436266340670177e-06,0.0,0.011530728181550173,0.010764537567322796,0.0012341498932827413
L’trel 521,0.0,0.0,0.0,0.0,0.0,0.0,0.0,0.0,0.0001722652885443583,0.0,0.0,0.0,0.0,0.0,0.0
L’vin 522,0.0,0.0,0.0,9.342301943198804e-05,0.0,8.499065102838688e-05,0.0,0.0,0.0,0.0,0.0,0.0,0.0,0.0,0.0
L’zal 523,0.0,0.0,0.0,0.0,0.0,0.0,0.0,0.0,0.0,0.0,0.0,0.0,0.0,0.00014729709824716454,0.0
L’zan 524,0.0,0.0,0.0,0.0,0.0,0.0,0.0,0.0,0.0,0.0,0.0,0.0,0.0,0.0004418912947414936,0.0
Laela 525,0.0,0.0,0.0,0.0,0.0,0.0,0.000785175879396985,0.0,0.0,0.0,0.0,0.0,0.0,0.0,0.0
Laland 526,0.0,0.0,0.00024467824810374357,0.0,0.0,0.0,0.0,0.0,0.0,0.0,0.0,0.0,0.0,0.0,0.0
Lally Moorhouse 527,0.00014405070584845865,0.0,0.0,0.0,0.0,0.0,0.0,0.0,0.0,0.0,0.0,0.0,0.0,0.0,0.0
Landon 528,0.0,0.0,0.0,0.0,0.0,0.0,0.0010992462311557789,0.0,0.0,0.0,0.0,0.0,0.0,0.0,0.0
Langrell 529,0.0,0.0,0.0,0.0,0.0,0.0,0.0,0.0,0.0,0.0,0.0,0.0,0.0,0.0,0.001122754491017964
Larad 530,0.0,0.00013571942538483282,0.0,0.0,0.0,0.005514775637676797,0.00025404161480183795,0.0008102915700772137,0.0024359470771532503,0.0,0.0,0.0,2.046238859508309e-06,0.0025337803597562706,0.00011216099910271199
Laradian 532,0.0,0.0,0.0,0.0,0.0,0.0,0.0,0.0,0.0,0.0,0.0,0.0,0.0,0.00019639613099621937,6.2375249500998e-05
Laradian 531,0.0,0.0,0.0,0.0,0.0,0.0,0.0,0.0,0.0,0.0,0.0,0.0,0.0,0.00019639613099621937,6.2375249500998e-05
Laudey 534,0.0,0.00014589169000933706,0.0,0.0,0.0,0.001223865374808771,0.0,0.0,6.12498803713274e-05,0.0,0.0,7.432181345224824e-05,3.717333928106762e-06,0.0004713507143909265,1.6633399866932804e-05
Lauley 535,0.0,0.0,0.0,0.0,0.0,0.0,0.0,0.0,0.0,0.0,0.0,0.0003716090672612412,0.0,0.0,0.0
Laura 536,0.0,0.0,0.0014680694886224615,0.0,0.0,0.0,0.0,0.0,0.0,0.0,0.0,0.0,0.0,0.0,0.0
Lavel 537,0.0,0.0,0.002446782481037436,0.0,0.0,0.0,0.0,0.0,0.0,0.0,0.0,0.0,0.0,0.0,0.0
Layrence 538,0.0,0.0,0.00024467824810374357,0.0,0.0,0.0,0.0,0.0,0.0,0.0,0.0,0.0,0.0,0.0,0.0
Lear 539,0.0,0.0,0.0,0.0,0.0,0.0,0.000314070351758794,0.0,0.0,0.0,0.0,0.0,0.0,0.0,0.0
Lechi 540,0.0,0.0,0.0,0.0,0.0,0.0,0.0,0.0,0.0,0.0,0.0,0.0,0.0,0.0,0.00037425149700598805
Leef Leff 541,0.0,0.0,0.0,0.005281148333772971,9.62741888899586e-05,4.999450060493346e-06,0.0,0.0,0.0,0.0,0.0,0.0,0.0,0.0,0.0
Lemsia 542,0.0,0.0,0.0,0.0,0.0,0.0,0.0,0.0,0.0,0.0,0.0,0.0,0.0,0.00014729709824716454,0.0
Lensdale 543,0.00014405070584845865,0.0,0.0,0.0,0.0,0.0,0.0,0.0,0.0,0.0,0.0,0.0,0.0,0.0,0.0
Léo Léopol 544,0.0,0.0,0.020063616344506974,0.0,0.0,0.0,0.0,0.0,0.0,0.0,0.0,0.0,0.0,0.0,0.0
Leri 545,0.0,0.0,0.0,0.054673486547085204,0.0004321808510638298,5.31191568927418e-07,0.0,0.0,0.0,0.0,0.0,0.0,0.0,0.0,0.0
Lesnour 546,0.0,0.0,0.0007340347443112308,0.0,0.0,0.0,0.0,0.0,0.0,0.0,0.0,0.0,0.0,0.0,0.0
Lessa 547,0.0,0.0007504276678797317,0.0,0.0,0.0,0.0010576694617140778,1.308070313317544e-05,0.06082623611788407,0.014173633600589788,0.00044590854140563583,1.1138335403001065e-06,6.317196213535761e-05,0.006787957601160338,0.00780048623692347,0.006780743655061318
Lesselam 548,0.0,0.0002626050420168067,0.0,0.0,0.0,0.0,0.0,0.0,0.0,0.0,0.0,0.0,0.0,0.0,0.0
Lesselden 549,0.0,0.0,0.0,0.0,0.0,0.0,0.00047110552763819093,0.0,0.0,0.0,0.0,0.0,0.0,0.0,0.0
Levalla 550,0.0,0.0,0.0,0.004139358399448086,0.0,2.6150969547195965e-05,0.0,0.0,0.0,0.0,0.0,0.0,0.0,0.0,0.0
Lexey 551,0.0,0.0,0.0,0.0,0.0,0.0,0.004082914572864322,0.0,0.0,0.0,0.0,0.0,0.0,0.0,0.0
Lias 552,0.0,0.0,0.0,0.0,0.0,0.0,0.0,0.0,0.0,0.0,0.0,0.0,0.0,0.0,0.0016841317365269462
Libby 553,0.0,0.0,0.0,0.0,0.0,0.0,0.002041457286432161,0.0,0.0,0.0,0.0,0.0,0.0,0.0,0.0
Lidora 554,0.0,0.0,0.0,0.0022888639760837073,5.114566284779051e-05,1.062383137854836e-05,0.0,0.0,0.0,0.0,0.0,0.0,0.0,0.0,0.0
Ligand 555,0.0,0.0,0.0,0.0,0.0,0.0,0.0,0.0,0.0,0.0,0.0009318578916715202,0.0,0.0,2.945941964943291e-05,0.0
Lilla 556,0.0,0.0,0.0,0.0,0.004208557400046761,2.4283043150967677e-05,0.0,0.0,0.0,0.0,0.0,0.0,0.0,0.0,0.0
Lissala 557,0.0,0.0,0.0,0.0,0.0,0.0,0.00047110552763819093,0.0,0.0,0.0,0.0,0.0,0.0,0.0,0.0
Lobirn 558,0.0,0.0,0.0,0.0,0.0,0.0,0.011620603015075377,0.0,0.0,0.0,0.0,0.0,0.0,0.0,0.0
Lonada 559,0.0,0.0,0.0004893564962074871,0.0,0.0,0.0,0.0,0.0,0.0,0.0,0.0,0.0,0.0,0.0,0.0
Londik 560,0.0,0.0,0.0,0.0,0.0,0.0,0.00157035175879397,0.0,0.0,0.0,0.0,0.0,0.0,0.0,0.0
Loreana 561,0.0,0.0,0.0,9.342301943198804e-05,0.0,8.499065102838688e-05,0.0,0.0,0.0,0.0,0.0,0.0,0.0,0.0,0.0
Lorra 562,0.0,0.0,0.0,0.0,0.0,0.0,0.007537688442211055,0.0,0.0,0.0,0.0,0.0,0.0,0.0,0.0
Losacot 563,0.0,0.0,0.0,0.0,0.0,0.0,0.0,0.0,0.0,0.0,0.0,0.0,0.0,0.0002945941964943291,0.0
Lotricia 565,0.0,0.0,0.0,0.0,0.0,0.0,0.0023555276381909546,0.0,0.0,0.0,0.0,0.0,0.0,0.0,0.0
Lotricia 564,0.0,0.0,0.0,0.0,0.0,0.0,0.0023555276381909546,0.0,0.0,0.0,0.0,0.0,0.0,0.0,0.0
Lozell 566,0.0,0.0,0.0017127477367262051,0.0,0.0,0.0,0.0,0.0,0.0,0.0,0.0,0.0,0.0,0.0,0.0
Luccha 567,0.0,0.0,0.001223391240518718,0.0,0.0,0.0,0.0,0.0,0.0,0.0,0.0,0.0,0.0,0.0,0.0
Lucil 568,0.0,0.0,0.0,0.0,0.0004091653027823241,8.499065102838688e-05,0.0,0.0,0.0,0.0,0.0,0.0,0.0,0.0,0.0
Lur 570,0.0,0.0005252100840336134,0.0,0.0,0.0,0.0,0.0,0.0,0.0,0.0,0.0,0.0,0.0,0.0,0.0
M’barak 571,0.0,0.0,0.0,0.00791823213347877,0.003195912770380856,2.2970446223888348e-06,0.0,0.0,0.0,0.0,0.0,0.0,0.0,0.0,0.0
M’dani 572,0.0,0.0,0.00024467824810374357,0.0,0.0,0.0,0.0,0.0,0.0,0.0,0.0,0.0,0.0,0.0,0.0
M’gent 573,0.0,0.0,0.0,0.0006673072816570574,0.0,9.713217260387071e-05,0.0,0.0,0.0,0.0,0.0,0.0,0.0,0.0,0.0
M’hall 574,0.0,0.0,0.00024467824810374357,0.0,0.0,0.0,0.0,0.0,0.0,0.0,0.0,0.0,0.0,0.0,0.0
M’leng 575,0.0,0.0,0.01712747736726205,0.0,0.0,0.0,0.0,0.0,0.0,0.0,0.0,0.0,0.0,0.0,0.0
M’ling 576,0.0,0.0,0.0,0.0,0.0,0.0,0.0,0.0,0.0,0.0,0.0,0.0,0.0,0.0,0.00018712574850299402
M’rak 578,0.0,0.0,0.001223391240518718,0.0,0.0,0.0,0.0,0.0,0.0,0.0,0.0,0.0,0.0,0.0,0.0
M’rand 579,0.0,0.0,0.0,0.0,0.0,0.0,0.0,0.0,0.0,0.0,0.0,0.0,0.0,3.399163805703797e-05,0.006218332565637956
M’ray 580,0.0,0.0,0.0,0.0011444319880418536,0.0,2.124766275709672e-05,0.0,0.0,0.0,0.0,0.0,0.0,0.0,0.0,0.0
M’rek 581,0.0,0.0,0.0,0.0,0.0,0.0,0.0,0.0,0.0010335917312661498,0.0,0.0,0.0,0.0,0.0,0.0
M’ridin 582,0.0,0.0,0.0,0.0,0.0,0.0,0.00157035175879397,0.0,0.0,0.0,0.0,0.0,0.0,0.0,0.0
M’shall 583,0.0,0.0,0.03498898947883533,0.0,0.0,0.0,0.0,0.0,0.0,0.0,0.0,0.0,0.0,0.0,0.0
M’sur 584,0.0,0.0005252100840336134,0.0,0.0,0.0,0.0,0.0,0.0,0.0,0.0,0.0,0.0,0.0,0.0,0.0
M’tani 585,0.0,0.0,0.0,0.006766495836002563,1.9484062037253527e-05,1.618869543397845e-05,0.0,0.0,0.0,0.0,0.0,0.0,0.0,0.0,0.0
Macabir 586,0.0,0.0,0.0,0.0,0.0050122749590834695,2.124766275709672e-05,0.0,0.0,0.0,0.0,0.0,0.0,0.0,0.0,0.0
Macester 587,0.0,0.0,0.0,0.0,0.0,0.0,0.0009422110552763819,0.0,0.0,0.0,0.0,0.0,0.0,0.0,0.0
Macy 588,0.0,0.0,0.0,0.0,0.0,0.0,0.0,0.0,0.0,0.0,0.0,0.0,0.0,0.0,0.0007485029940119761
Magalia 589,0.0,0.0,0.0,0.0,0.0,0.0,0.0,0.0,0.0,0.0,0.0,0.0,0.0,0.0,0.00018712574850299402
Mairi 591,0.00432152117545376,0.0,0.0,0.0,0.0,0.0,0.0,0.0,0.0,0.0,0.0,0.0,0.0,0.0,0.0
Mairian 592,0.0,0.0,0.00024467824810374357,0.0,0.0,0.0,0.0,0.0,0.0,0.0,0.0,0.0,0.0,0.0,0.0
Maizella 593,0.0,0.0,0.0,0.0,0.0,0.0,0.008951005025125629,0.0,0.0,0.0,0.0,0.0,0.0,0.0,0.0
Makfar 594,0.0,0.0,0.0,0.0007785251619332337,0.0,2.833021700946229e-05,0.0,0.0,0.0,0.0,0.0,0.0,0.0,0.0,0.0
Mallan 595,0.0,0.0,0.0,0.0,0.0,0.0,0.004239949748743719,0.0,0.0,0.0,0.0,0.0,0.0,0.0,0.0
Manora 596,0.0,0.0,0.0,0.0,0.0,0.0,5.256136052161635e-05,0.00468684091299661,0.003690178743032866,0.005352631353573416,4.331984000539092e-05,6.14229863241721e-06,1.7280994500496308e-05,9.738651123779474e-06,0.0008938734102043847
Manotti 597,0.0,0.0,0.0,0.0,0.0,0.0,0.0,0.0,0.0,0.0,0.0,0.0,0.0,0.0014729709824716454,0.0
Mar Dook 598,0.0036066028575391868,9.726112667289137e-06,0.0,0.0,0.0,0.0,0.0,0.0,0.0,0.0,0.0,0.0,0.0,0.0,0.0
Mara 599,0.0,0.0,0.0,0.0,0.0018412438625204583,4.249532551419344e-05,0.0,0.0,0.0,0.0,0.0,0.0,0.0,0.0,0.0
Maranis 600,0.0,0.0,0.003914851969659897,0.0,0.0,0.0,0.0,0.0,0.0,0.0,0.0,0.0,0.0,0.0,0.0
Marcator 601,0.0,0.0,0.0009787129924149743,0.0,0.0,0.0,0.0,0.0,0.0,0.0,0.0,0.0,0.0,0.0,0.0
Marchane 602,0.0,0.0,0.0004893564962074871,0.0,0.0,0.0,0.0,0.0,0.0,0.0,0.0,0.0,0.0,0.0,0.0
Marcine 603,0.0,0.0,0.0,0.0,0.0,0.0,0.0010992462311557789,0.0,0.0,0.0,0.0,0.0,0.0,0.0,0.0
Mardra 605,0.0,0.0,0.0,0.0,0.0,0.0005507394186639469,0.0,0.001969124133585381,0.003645133505598622,0.0,0.0,9.29022668153103e-05,2.6764804282368685e-05,5.891883929886582e-06,0.0
Mardy 606,0.0,0.0,0.0,0.0,0.0,0.0,0.00047110552763819093,0.0,0.0,0.0,0.0,0.0,0.0,0.0,0.0
Marella 607,0.0,0.0,0.0,0.0,0.0,0.0016318204997450283,0.0,0.0,0.0,0.0,0.0,0.0,0.0,0.0,0.0001122754491017964
Margatta 608,0.0,0.0,0.0,0.0,0.0,0.0,0.0,0.0,0.0,0.0,0.0,0.0,0.00013382402141184343,0.0,0.0003368263473053892
Mari 609,3.601267646211466e-05,1.641281512605042e-05,0.000646103498898948,2.9194693572496264e-06,0.0003196603927986907,0.0004488568757436682,0.0008857765389447236,0.0,0.0,0.0,4.550087361677344e-06,0.0,0.0,5.753792900279865e-05,2.9238398203592816e-06
Marley 610,0.0,0.0,0.0,0.0,0.0,0.0,0.0,0.0,0.0,0.0,0.0,0.0,0.0,0.0,0.0007485029940119761
Marlifin 611,0.0,0.0,0.0,0.0,0.0,0.0,0.00047110552763819093,0.0,0.0,0.0,0.0,0.0,0.0,0.0,0.0
Marshal 612,0.0,0.0,0.0,0.0,0.0,0.0,0.0,0.0,0.0,0.0,0.00029120559114735004,0.0,0.0,0.0,0.0
Mary Tubberman 613,0.014610499417534102,0.0,3.404219104052084e-05,0.0,0.0,0.0,0.0,0.0,0.0,0.0,0.0,0.0,0.0,0.0,1.4644623795886487e-05
Mattew Matt 615,0.0,0.0,0.001223391240518718,0.0,0.0,0.0,0.0,0.0,0.0,0.0,0.0,0.0,0.0,0.0,0.0
Mavi 616,0.0,3.053547000195427e-06,0.0,0.0,0.0,0.0,0.0,0.0,0.0,0.04251114592119532,3.3861115249691865e-06,0.0,0.0,0.0,0.0
Maxilant 617,0.0,0.0,0.0,0.0,0.0,0.0,0.001256281407035176,0.0,0.0,0.0,0.0,0.0,0.0,0.0,0.0
Maylone 618,0.0,0.0,0.0,0.0011444319880418536,0.0,2.124766275709672e-05,0.0,0.0,0.0,0.0,0.0,0.0,0.0,0.0,0.0
Mechalla 619,0.0,0.0,0.0,0.0,0.0,0.00016998130205677376,0.0,0.0,0.0,0.0,0.0,0.0,0.0,0.0,0.0
Medaman 620,0.0,0.0,0.0,0.0,0.0,0.0003399626041135475,0.0,0.0,0.0,0.0,0.0,0.0,0.0,0.0,0.0
Medda 621,0.0,0.0,0.0,0.0,0.0,0.0,0.0,0.0,0.0,0.0,0.0,0.0,0.0,0.0,0.0029940119760479044
Mekelroy Pinch 622,0.0,0.0,0.0,0.0,0.0,0.0,0.0,0.0,0.0,0.0,0.0,0.0,0.0,0.0,0.03330838323353293
Melongel 623,0.0,0.0,0.0,0.0,0.0,0.0,0.015232412060301508,0.0,0.0,0.0,0.0,0.0,0.0,0.0,0.0
Menolly Nolly Monolly 624,0.0,0.0021917341721340066,0.0,0.0,0.0,5.989944081875348e-05,0.0,0.0,0.0,0.07548861686027404,0.11288207336556585,0.013358283812132847,0.006833264648529861,0.0008443918619564355,4.952897650275018e-05
Merdine 626,0.0,0.0,0.0,0.0,0.0,0.0,0.000785175879396985,0.0,0.0,0.0,0.0,0.0,0.0,0.0,0.0
Merika 628,0.0,0.0,0.0,0.0,0.0,0.0,0.0,0.0,0.0007751937984496124,0.0,0.0,0.0,8.364001338240214e-05,0.0,0.0
Mesla 631,0.0,0.0,0.001223391240518718,0.0,0.0,0.0,0.0,0.0,0.0,0.0,0.0,0.0,0.0,0.0,0.0
Miata 632,0.0,0.0,0.0,0.0,0.0,0.0,0.000157035175879397,0.0,0.0,0.0,0.0,0.0,0.0,0.0,0.0
Mibbut 633,0.0,0.0,0.0,9.342301943198804e-05,0.0,8.499065102838688e-05,0.0,0.0,0.0,0.0,0.0,0.0,0.0,0.0,0.0
Michael 634,0.00014405070584845865,0.0,0.0,0.0,0.0,0.0,0.0,0.0,0.0,0.0,0.0,0.0,0.0,0.0,0.0
Mick 635,0.000432152117545376,0.0,0.0,0.0,0.0,0.0,0.0,0.0,0.0,0.0,0.0,0.0,0.0,0.0,0.0
Mickulin 636,0.0,0.0,0.0,0.0,0.0,0.0,0.0,0.0,0.0,0.0,0.0,0.0,0.0,0.0,0.0007485029940119761
Minnarden 638,0.0,0.0,0.0,0.0,0.0,0.0,0.005496231155778895,0.0,0.0,0.0,0.0,0.0,0.0,0.0,0.0
Miridan 639,0.0,0.0,0.0,0.0001868460388639761,0.0,0.00016998130205677376,0.0,0.0,0.0,0.0,0.0,0.0,0.0,0.0,0.0
Mirrim 640,0.0,0.0012847604795342795,0.0,0.0,0.0,1.3305777069023385e-06,0.0,0.0,0.0010571897159982536,0.01182685580442696,9.117983284457143e-06,0.0011061005700672168,0.0020430423621118268,0.002033910616892354,0.0029006321993976817
Miskin 641,0.0,0.0,0.0,0.0,0.0,0.0,0.0,0.0,0.0,0.0,0.0,0.0,0.0,0.0005891883929886581,0.0
Mislue 642,0.0,0.0002626050420168067,0.0,0.0,0.0,0.0,0.0,0.0,0.0,0.0,0.0,0.0,0.0,0.0,0.0
Morif 644,0.0,0.0,0.0,0.0,0.0,0.0,0.000157035175879397,0.0,0.0,0.0,0.0,0.0,0.0,0.0,0.0
Morilton 645,0.0,0.0,0.0,0.0,0.0,0.0,0.0,0.0,0.0,0.0,0.0,0.0,0.0,0.0024286058150020298,0.0010269095954432597
Morin 646,0.0,0.0,0.0007340347443112308,0.0,0.0,0.0,0.0,0.0,0.0,0.0,0.0,0.0,0.0,0.0,0.0
Morshal Morshall 647,0.0,0.0,0.0,0.0,0.0,0.0,0.0,0.0,0.0,0.0,0.0122306348281887,0.0,0.0,0.0,0.0
Mosser 648,0.0,0.0,0.0,0.0,0.0,0.0,0.000628140703517588,0.0,0.0,0.0,0.0,0.0,0.0,0.0,0.0
Mostar 649,0.0,0.0,0.0,1.868460388639761e-05,0.004009819967266776,6.79925208227095e-05,0.0,0.0,0.0,0.0,0.0,0.0,0.0,0.0,0.0
Mumolon 650,0.0,0.0,0.0,0.0,0.0,0.0,0.001727386934673367,0.0,0.0,0.0,0.0,0.0,0.0,0.0,0.0
Munchaun 651,0.0,0.0,0.0,0.0,0.010692853246044735,1.1332086803784917e-05,0.0,0.0,0.0,0.0,0.0,0.0,0.0,0.0,0.0
Murda 652,0.0,0.0,0.0,0.0,0.0,0.0011898691143974163,0.0,0.0,0.0,0.0,0.0,0.0,0.0,0.0,0.0
Murfytwen 653,0.0,0.0,0.0,0.0,0.0,0.0,0.000314070351758794,0.0,0.0,0.0,0.0,0.0,0.0,0.0,0.0
Murolin 654,0.0,0.0,0.0,0.0,0.0,0.0,0.0,0.0,0.0,0.0,0.0,0.0,0.0,0.0,0.00018712574850299402
N’bil 655,0.0,0.0,0.0,0.0,0.0,0.0,0.0,0.0,0.0,0.0,0.0,0.0,0.0,0.0,0.00037425149700598805
N’gent 656,0.0,0.0,0.0,0.0001868460388639761,0.0,0.0,0.0,0.0,0.0,0.0,0.0,0.0,0.0,0.0,0.0
N’men 657,0.0,0.0,0.0,9.342301943198804e-05,0.0,8.499065102838688e-05,0.0,0.0,0.0,0.0,0.0,0.0,0.0,0.0,0.0
N’mool 658,0.0,0.0,0.0,9.342301943198804e-05,0.0,8.499065102838688e-05,0.0,0.0,0.0,0.0,0.0,0.0,0.0,0.0,0.0
N’ran N’nan 659,0.0,0.0,0.0004893564962074871,0.0,0.0,0.0,0.0,0.0,0.0,0.0,0.0,0.0,0.0,0.0,0.0
N’ton 660,0.0,4.459330902172189e-06,0.0,0.0,0.0,0.00018473439619755034,0.0,4.815065805899348e-05,0.002632733655111891,0.00035291817381953274,2.197778046395095e-06,0.0008589077498019254,0.013655100147080174,0.0015218847358518357,0.0015379618122246075
Nabhi Nabol 661,0.002081695162712312,3.948948000252733e-06,0.0,0.00017982175168863865,3.076430847987399e-06,3.1312345115721484e-05,0.00013283050591302375,0.00026649800304163053,0.0034511342956875394,0.0,1.094757861456203e-06,0.006085447733044987,2.5154891242827708e-06,1.99349456274358e-05,0.0
Nadira 662,0.0,0.0,0.0,0.0,0.0,0.0,0.0,0.0,0.0004593741027849555,0.0,0.0,0.0,0.0,0.0,0.000124750499001996
Nadona 663,0.0,0.0,0.004404208465867384,0.0,0.0,0.0,0.0,0.0,0.0,0.0,0.0,0.0,0.0,0.0,0.0
Nalka 664,0.0,0.0,0.0,0.0,0.007364975450081833,0.0,0.0,0.0,0.0,0.0,0.0,0.0,0.0,0.0,0.0
Namurra 665,0.0,0.0,0.0,9.342301943198804e-05,0.0,8.499065102838688e-05,0.0,0.0,0.0,0.0,0.0,0.0,0.0,0.0,0.0
Naprila 666,0.0,0.0,0.0,0.0,0.0,0.0,0.000628140703517588,0.0,0.0,0.0,0.0,0.0,0.0,0.0,0.0
Nataly 667,0.0,0.0,0.0,0.0,0.0,0.0,0.0,0.0,0.0,0.0,0.0,0.0,0.0,0.0008837825894829872,0.0
Naton 668,0.0,0.0,0.0,0.0,0.0,0.0,0.0,0.000630119722747322,0.0,0.0,0.0,0.0,0.0,0.0,0.0
Nattai 669,0.0,0.0,0.0,9.342301943198804e-05,0.0,8.499065102838688e-05,0.0,0.0,0.0,0.0,0.0,0.0,0.0,0.0,0.0
Naylor 670,0.0,0.0,0.0,0.0,0.0,0.0,0.000157035175879397,0.0,0.0,0.0,0.0,0.0,0.0,0.0,0.0
Nazer 671,0.0,0.00045257464688002857,0.0,0.0,0.0,0.005222404258935772,0.0,0.0,0.0,0.0,0.0,0.0,0.0,0.0,0.0
Ned Tubberman 672,0.014466987116307046,0.0,3.434080675140261e-05,0.0,0.0,0.0,0.0,0.0,0.0,0.0,0.0,0.0,0.0,0.0,1.4773085408131104e-05
Neilla 673,0.0,0.0,0.0,0.0,0.0,0.0,0.000157035175879397,0.0,0.0,0.0,0.0,0.0,0.0,0.0,0.0
Neldama 674,0.0,0.0,0.0,0.0,0.0,0.0,0.0,0.0,0.0,0.0,0.0,0.0,0.0,0.0,0.001122754491017964
Nera 675,0.0,0.0,0.0,9.342301943198804e-05,0.0,0.0,0.0,0.0,0.0,0.0,0.0,0.0,0.0,7.364854912358227e-05,0.0
Nessel 676,0.0,5.96829640947288e-06,0.0,0.0,0.0,0.0,0.0,0.00011456722231769491,0.0014133583901025763,0.0,0.0,3.3782642478294656e-05,3.8018187901091884e-06,0.000967474122577967,0.0
Nesso 677,0.0,0.0,0.0,0.015884060959057093,0.0,1.953808069618089e-06,0.0,0.0,0.0,0.0,0.0,0.0,0.0,0.0,0.0
Nia 678,0.0,0.0,0.0,0.0,0.003273322422258592,1.8886811339641527e-05,0.0,0.0,0.0,0.0,0.0,0.0,1.8586669640533807e-05,1.6366344249684947e-05,0.0
Nicat 679,0.0,0.0018114388612587894,0.0,0.0,0.0,2.7752049315391632e-05,0.0,0.0,7.031236267116665e-06,0.0006397377603891297,2.674337061557296e-05,6.067086812428427e-05,0.003011040481766477,5.410913813161146e-05,0.0
Nielsen 680,0.000432152117545376,0.0,0.0,0.0,0.0,0.0,0.0,0.0,0.0,0.0,0.0,0.0,0.0,0.0,0.0
Nika 681,0.0,0.0002626050420168067,0.0,0.0,0.0,0.0,0.0,0.0,0.0,0.0,0.0,0.0,0.0,0.0,0.0
Niness 682,0.0,0.0,0.0,0.0,0.0,0.0,0.0,0.0,0.0,0.0,0.0,0.0,0.0,0.0,0.00018712574850299402
Nip 683,0.0,0.0,0.0,0.0,0.0,0.0,0.0,0.0,0.0,0.0,0.0,0.0,0.0,0.0,0.00037425149700598805
Nora Sejby 684,0.001728608470181504,0.0,0.0,0.0,0.0,0.0,0.0,0.0,0.0,0.0,0.0,0.0,0.0,0.0,0.0
Norist 685,0.0,0.0,0.0,0.0,0.0,0.0,0.0,0.0,0.0,0.0,0.0,0.0,0.0,0.0058103444647854725,0.0002706640290846878
Nurevin 687,0.0,0.0,0.0,0.0,0.0,0.0,0.0,0.0,0.0,0.0,0.0,0.0,0.0,0.002504050670201797,0.0
Nyassa Clissmann 688,0.001728608470181504,0.0,0.0,0.0,0.0,0.0,0.0,0.0,0.0,0.0,0.0,0.0,0.0,0.0,0.0
O’ney 689,0.0,0.0,0.001223391240518718,0.0,0.0,0.0,0.0,0.0,0.0,0.0,0.0,0.0,0.0,0.0,0.0
Ogolly 690,0.0,0.0,0.0,0.0,0.0,0.0,0.00314070351758794,0.0,0.0,0.0,0.0,0.0,0.0,0.0,0.0
Oharan 691,0.0,0.0,0.0,0.0,0.0,0.0,0.0,0.0,0.0,0.0051016341171781585,0.0,0.0011577051710830975,6.433847183261703e-06,0.0,0.0
Oklina 692,0.0,0.0,0.0,0.010800349067281856,0.024521536758653966,9.825508789408887e-07,0.0,0.0,0.0,0.0,0.0,0.0,0.0,0.0,0.0
Oldive 693,0.0,0.0011315078439307735,0.0,0.0,0.0,3.900420812067613e-05,8.719233561575584e-05,0.0,0.0,0.0,0.000646756893653038,0.002631792261056949,0.000648743219946224,0.004867063325651352,0.002451188275008057
Olodkey 694,0.0,0.0,0.0,0.0,0.0,0.0,0.0,0.0,0.0,0.0,0.0,0.007432181345224823,0.0,0.0,0.0
Olos 695,0.0,0.00013130252100840336,0.0,0.0,0.0,0.0,0.0,0.0,0.0,0.0,0.0,0.0,0.0,7.364854912358227e-05,0.0
Oma 696,0.0,0.0,0.0,0.0011210762331838565,0.0,0.0,0.0,0.0,0.0,0.0,0.0,0.0,0.0,0.0,0.0
Ongola 697,0.028089887640449437,0.0,0.0,0.0,0.0,0.0,0.0,0.0,0.0,0.0,0.0,0.0,0.0,0.0,0.0
Orna 698,0.0,0.0,0.0,0.003186216662733066,0.0,8.946384318777566e-06,0.0,0.0,0.0,0.0,0.0,0.0,0.0,0.0,0.0
Osemore 699,0.0,0.0,0.0,0.0,0.0,0.0005099439061703213,0.0,0.0,0.0,0.0,0.0,0.0,0.0,0.0,0.0
Oterel 700,0.0,0.00010057214375111747,0.0,0.0,0.0,1.6274805516074084e-05,0.00013531754517267188,0.0,0.0012388439899573003,0.0,0.0,0.00047834784190010834,0.0,0.002383392408871673,0.0
Otto Hegelman 701,0.0031691155286660906,0.0,0.0,0.0,0.0,0.0,0.0,0.0,0.0,0.0,0.0,0.0,0.0,0.0,0.0
Ozzie Munson Oz 702,0.0044655718813022185,0.0,0.0,0.0,0.0,0.0,0.0,0.0,0.0,0.0,0.0,0.0,0.0,0.0,0.0
P’leen 703,0.0,0.0,0.0,0.0004204035874439462,0.0,4.249532551419344e-05,0.0,0.0,0.0,0.0,0.0,0.0,0.0,0.0,0.0
P’nine 704,0.0,0.0,0.0,0.00024912805181863477,0.0,5.666043401892458e-05,0.0,0.0,0.0,0.0,0.0,0.0,0.0,0.0,0.0
P’ratan 705,0.0,0.0,0.0,0.0,0.0,0.0022210890135418437,0.0,0.0,1.1484352569623887e-05,0.0,0.0,0.0,0.0,0.0,0.0
P’tero 706,0.0,0.0,0.029850746268656716,0.0,0.0,0.0,0.0,0.0,0.0,0.0,0.0,0.0,0.0,0.0,0.0
P’zar 707,0.0,0.0,0.0,0.0,0.0,0.0,0.0,0.0,0.0017226528854435831,0.0,0.0,0.0,0.0,0.0,0.0
Palim 708,0.0,0.0,0.0,0.0,0.0,0.0,0.0,0.0,0.0,0.0,0.0020384391380314504,0.0,0.0,0.0,0.0
Palla 709,0.0,0.0,0.0,0.0,0.0,0.0,0.0,0.0,0.0,0.0,0.0,0.0,0.0,0.0,0.0029940119760479044
Pardure 711,0.0,0.001838235294117647,0.0,0.0,0.0,0.0,0.0,0.0,0.0,0.0,0.0,0.0,0.0,0.0,0.0
Pardure 710,0.0,0.001838235294117647,0.0,0.0,0.0,0.0,0.0,0.0,0.0,0.0,0.0,0.0,0.0,0.0,0.0
Parren 712,0.0,0.0007878151260504202,0.0,0.0,0.0,0.0,0.0,0.0,0.0,0.0,0.0,0.0,0.0,0.0,0.0
Pat Hempenstall 713,0.000432152117545376,0.0,0.0,0.0,0.0,0.0,0.0,0.0,0.0,0.0,0.0,0.0,0.0,0.0,0.0
Patrice de Broglie 714,0.0036012676462114663,0.0,0.0,0.0,0.0,0.0,0.0,0.0,0.0,0.0,0.0,0.0,0.0,0.0,0.0
Patry 715,0.0,0.0,0.0,0.0,0.0,0.0,0.000157035175879397,0.0,0.0,0.0,0.0,0.0,0.0,0.0,0.0
Patsy Swann 716,0.00014405070584845865,0.0,0.0,0.0,0.0,0.0,0.0,0.0,0.0,0.0,0.0,0.0,0.0,0.0,0.0
Paul Benden 718,0.017132517132517133,0.00016150604385898503,0.0014990767621058788,0.00032723306265907163,3.1455350604286776e-05,0.0025164379065449947,0.0014037907253987656,0.00047306285491540686,0.005331326158199544,0.00033888811090883623,0.0002266681358119914,0.0004320931857163741,0.0024137553411558094,0.0005109838074928663,0.0017560599521677367
Paul Logorides 717,0.05849699285536068,0.0,0.0,0.0,0.0,4.0665383267170754e-07,0.0,0.0,0.0,1.2395567345117385e-06,6.966640936539475e-07,8.890169073235435e-07,0.0,3.5238540250517833e-07,4.476692547918517e-07
Paulin 719,0.0,0.0,0.061658918522143384,0.0,0.0,0.0,0.0,0.0,0.0,0.0,0.0,0.0,0.0,0.0,0.0
Pell 720,0.0,0.0,0.0,0.0,0.0,2.124766275709672e-05,0.0,0.0,0.0,0.0,0.0,0.0,0.0,0.0009021947267638828,0.0
Pellomar 721,0.0,0.0,0.0,0.0,0.0,0.0,0.0,0.0,0.0003445305770887166,0.0,0.0,0.0,0.0,0.0,0.0
Pendora 722,0.0,0.0,0.0,0.0,0.0,0.00016998130205677376,0.0,0.0,0.0,0.0,0.0,0.0,0.0,0.0,0.0
Pergamol 724,0.0,0.0,0.0,0.0,0.0,0.0,0.0,0.0,0.0,0.0,0.004368083867210251,0.0,0.0,0.0,0.0
Perschar Pershar 725,0.0,5.252100840336135e-06,0.0,0.0,0.0,0.005996940336562978,0.0,0.0,0.0,0.0,0.0,0.0,0.0,0.00014435115628222127,0.0
Persellan 726,0.0,0.024394132653061222,0.0,0.0,0.0,0.0,0.0,0.0,0.0,0.0,0.0,0.0,0.0,0.0,0.0001670765611633875
Pessia 727,0.0,0.0,0.0,0.0,0.0,0.0,0.001256281407035176,0.0,0.0,0.0,0.0,0.0,0.0,0.0,0.0
Petan 728,0.0,0.0,0.0,0.0,0.0,0.0,0.0,0.0,0.0,0.0,0.0,0.0,0.0,0.0,0.000561377245508982
Peter Semling 729,0.005762028233938346,0.0,0.0,0.0,0.0,0.0,0.0,0.0,0.0,0.0,0.0,0.0,0.0,0.0,0.0
Peterpar 730,0.0,0.0,0.0,0.0037454137790460663,0.0,7.726422820762444e-06,0.0,0.0,0.0,0.0,0.0,0.0,0.0,0.0,0.0
Petey Pete 731,0.002881014116969173,0.0,0.0,0.0,0.0,0.0,0.0,0.0,0.0,0.0,0.0,0.0,0.0,0.0,0.0
Peth 732,0.0,0.0,0.0,0.0,0.0010911074740861974,5.666043401892458e-05,0.0,0.0,0.0,0.0,0.0,0.0,0.0,0.0,0.0
Petillo 733,0.0,0.0,0.0,0.0,0.0,0.0,0.0,0.0,0.0,0.0,0.00029120559114735004,0.0,0.0,0.0,0.0
Phas Radamanth 735,0.004033419763756842,0.0,0.0,0.0,0.0,0.0,0.0,0.0,0.0,0.0,0.0,0.0,0.0,0.0,0.0
Piemur 737,0.0,3.0073871050939846e-06,0.0,0.0,0.0,0.025121414381477133,0.0,0.0,0.0,0.0,0.010911338769348897,0.09600910927366343,0.002594334670705091,0.009692122074814916,8.571953664818783e-06
Pierre de Courcis 738,0.0010466232710026238,0.00022687260649400148,0.00023305206784827412,0.00025222197470839105,6.362829762489704e-05,0.00014685209680930777,8.682722467629726e-05,0.005269597335804818,0.0010451256922701998,0.0002193399657561074,0.00010629318553758564,0.0001573118297693375,0.002429353995608086,6.235471113702862e-05,0.000145901501532572
Pilgra 739,0.0,0.0,0.0,0.0,0.0,0.0,0.0,0.0,0.00041015544891513883,0.0,0.0,0.0,0.0,0.0,0.004562303963501569
Pol 740,0.028929685323922816,0.0,0.0,0.0,0.0009813176141418394,1.1285065696715271e-05,0.0,0.0,0.0,0.0,0.0,0.0,0.0,0.0,0.0
Pol Nietro 741,0.0307888534244369,0.0,0.0,0.0,0.0009310926968826115,1.070748359412748e-05,0.0,0.0,0.0,0.0,0.0,0.0,0.0,0.0,0.0
Pona 742,0.0,0.0,0.0,0.0,0.0,0.0,0.0,0.0,0.0,0.0,0.022714036109493303,0.0,0.0,0.0,0.0
Porrig Connell 743,0.0048689138576779025,0.0,4.893564962074872e-05,0.0,0.0,0.0,0.0,0.0,0.0,0.0,0.0,0.0,0.0,2.9459419649432907e-05,0.0
Possil 744,0.0,0.0,0.0,0.0,0.0,0.0,0.0,0.0,0.0,0.0,0.0,0.0,0.0,0.0,0.00037425149700598805
Pragal 745,0.0,0.0,0.0,0.0,0.0,0.0,0.00047110552763819093,0.0,0.0,0.0,0.0,0.0,0.0,0.0,0.0
Pressen 746,0.0,0.0,0.0,0.0071048206278026904,0.0,4.249532551419344e-06,0.0,0.0,0.0,0.0,0.0,0.0,0.0,0.0,0.0
Prilla 747,0.0,0.0,0.0,0.0,0.0,0.0,0.0,0.0,0.0,0.0,0.0,0.0,0.00013382402141184343,0.0,0.0003368263473053892
Quitrin 748,0.0,0.0,0.0,0.00024912805181863477,0.0,5.666043401892458e-05,0.0,0.0,0.0,0.0,0.0,0.0,0.0,0.0,0.0
R’gul Rangul 749,0.0,0.0,0.0,0.0,0.0,0.0,0.0009031365748932457,0.04375930018252764,8.087572232129498e-07,0.0,0.0,0.0,0.0,0.0,2.196311602147817e-05
R’limeak 750,0.0,0.0,0.0,0.0005979073243647235,0.0,3.399626041135475e-05,0.0,0.0,0.0,0.0,0.0,0.0,0.0,0.0,0.0
R’mart 751,0.0,0.0014609291992659136,0.0,0.0,0.0,7.815232278472356e-06,0.0,0.0,0.002566158781074579,0.0,0.0,0.0,0.0003768607499528924,4.2326752369874864e-05,0.00013765572303668525
R’miel R’mel 752,0.0,0.0,0.0,0.0,0.0,0.0,0.0,0.0,0.0001722652885443583,0.0,0.0,0.0,0.0,0.0,0.0
R’nor 753,0.0,0.0,0.0,0.0,0.0,0.0,0.0,0.0,0.0001722652885443583,0.0,0.0,0.0,0.0,0.0,0.0
R’yar 754,0.0,0.0,0.0,0.0,0.0,0.0,0.000314070351758794,0.0,0.0,0.0,0.0,0.0,0.0,0.0,0.0
Raid 755,0.0,0.0,0.0,0.0,0.0,0.0005036483023904407,0.004328354736646194,2.3337767509160074e-06,0.0025839793281653744,0.0,0.0,2.7526597574906755e-06,4.956445237475683e-06,4.364358466582653e-06,1.24750499001996e-05
Raïd 756,0.0,0.0,0.0,0.0,0.0,0.0,0.0,0.0,0.0001722652885443583,0.0,0.0,0.0,0.0,0.0,0.0
Ram Da 757,1.1616992407133763e-06,7.624017348875035e-05,0.0,0.0,0.0,0.0008913737230840093,0.0,7.685936134317133e-05,0.0039023644800088913,0.0,0.0,0.0,0.006237926159358508,0.004789828422638138,0.0009812783706779989
Ramala 758,0.0,6.25250100040016e-06,0.0,0.0,0.0,0.003889334078013323,0.0,0.0,0.0,0.0,0.0,0.0,0.0,3.5070737677896317e-06,0.000360885372112917
Rammany 759,0.0,0.0,0.0,0.0,0.0,0.0,0.0,0.0,0.0,0.0,0.00029120559114735004,0.0,0.0,0.0,0.0
Rampesi 760,0.0,8.20640756302521e-06,0.0,0.0,0.0,0.005104750977392486,0.0,0.0,0.0,0.0,0.0,0.0,0.0,0.0,0.0
Randy 761,0.0,0.0,0.0,0.0,0.0,0.0,0.0,0.0,0.0,0.0,0.00029120559114735004,0.0,0.0,0.0,0.0
Ranly 762,0.0,0.0,0.0,0.0,0.0,0.0,0.0,0.0,0.0,0.0,0.0062437904690122985,0.0005355542439941417,0.0,0.0,0.0
Rannelly Rannely 763,0.0,0.0,0.0,0.0,0.0,0.0,0.0,0.0,0.0024117140396210162,0.0,0.0,0.0,0.0,0.0,0.0
Ranneth 764,0.0,0.0,0.0,0.0,0.0,0.0,0.0,0.0,0.0,0.0,0.0,0.0,0.0,0.0,0.0007485029940119761
Ranrel 765,0.0,0.0,0.0,0.0,0.0,0.0,0.0,0.0,0.0,0.0,0.0,0.0,0.0,0.006638189227672215,0.00019960079840319363
Rapal 766,0.0,0.0,0.0,9.342301943198804e-05,0.0,8.499065102838688e-05,0.0,0.0,0.0,0.0,0.0,0.0,0.0,0.0,0.0
Rasa 767,0.0,0.0,0.0,0.0,0.0,0.0,0.00047110552763819093,0.0,0.0,0.0,0.0,0.0,0.0,0.0,0.0
Ratoshigan Ratoshinga 768,0.0,0.0,0.0,0.007603196504541795,0.0002517940324814302,1.3075484773597983e-05,0.0,0.0,0.0,0.0,0.0,0.0,0.0,0.0,0.0
Readis 769,0.0,0.1017610950630252,0.0,0.0,0.0,0.003635740693523712,0.0,0.0,0.0,0.0,0.0,0.0,0.0,0.00010149690676093682,4.678143712574851e-06
Red Hanrahan 770,0.009595577643330452,0.0,7.646195253241987e-05,0.0,0.0,0.0,0.0,0.0,0.0,0.0,0.0,0.0,0.0,7.3648549123582275e-06,0.0
Relna 771,0.0,0.0,0.0,0.0,0.0,0.0,0.00047110552763819093,0.0,0.0,0.0,0.0,0.0,0.0,0.0,0.0
Rency 772,0.0,0.0,0.0,0.0,0.0,0.0,0.0,0.0,0.0,0.0,0.0,0.0,0.0,0.0,0.0020583832335329343
René Mallibeau 773,0.0002881014116969173,0.0,0.0,0.0,0.0,0.0,0.0,0.0,0.0,0.0,0.0,0.0,0.0,0.0,0.0
Ricardy 774,0.0,0.0,0.0,0.0,0.0,0.0,0.000157035175879397,0.0,0.0,0.0,0.0,0.0,0.0,0.0,0.0
Richud 775,0.0,0.0,0.004159530217763641,0.0,0.0,0.0,0.0,0.0,0.0,0.0,0.0,0.0,0.0,0.0,0.0
Rill Nerilka 776,0.0,0.0,0.0,0.0018479841104080922,0.04439723785395601,7.451235158653096e-05,0.0,0.0,0.0,0.00042941301724749804,0.0,0.0,0.0,0.0,0.0
Riller 777,0.0,0.0,0.0,0.0,0.0,0.0,0.0,0.0,0.0,0.0,0.0,0.0,0.0,0.0,0.000561377245508982
Robina 778,0.0,0.0007878151260504202,0.0,0.0,0.0,0.0,0.0,0.0,0.0,0.0,0.0,0.0,0.0,0.0,0.0
Roblyn 780,0.0,0.0,0.0,0.0,0.0,0.0,0.000157035175879397,0.0,0.0,0.0,0.0,0.0,0.0,0.0,0.0
Robse 781,0.0,0.0016412815126050423,0.0,0.0,0.0,1.062383137854836e-05,0.0,0.0,0.0,0.0,0.0,0.0,0.0,3.6824274561791134e-05,0.00010525823353293412
Rokayas 782,0.0,0.0,0.0,0.0,0.0,0.0,0.0,0.0,0.0,0.0,0.0,0.008918617614269788,0.0,0.0,0.0
Ronchin 783,0.0,0.0,0.0,0.0,0.0,0.0,0.0,0.0,0.0,0.0,0.0,0.0,0.0,0.0,0.000561377245508982
Rosheen 784,0.0,0.0,0.0,0.0,0.0,0.0,0.0,0.0,0.0,0.0,0.0,0.0,0.0,0.0,0.008607784431137725
Rudi Shwartz Rudolph 785,0.0018726591760299626,0.0,0.0,0.0,0.0,0.0,0.0,0.0,0.0,0.0,0.0,0.0,0.0,0.0,0.0
Rulyar 786,0.0,0.0,0.0,0.0,0.0,0.0,0.0009422110552763819,0.0,0.0,0.0,0.0,0.0,0.0,0.0,0.0
S’bran 788,0.0,0.0,0.0,0.0,0.0,0.0,0.001256281407035176,0.0,0.0,0.0,0.0,0.0,0.0,0.0,0.0
S’dra 789,0.0,0.0,0.0,0.0,0.0,0.0,0.0,0.0,0.0,0.0,0.0,0.0,0.0,0.0,0.00037425149700598805
S’gar 790,0.0,0.0,0.0,0.0,0.0,0.0,0.0,0.0,0.0,0.0,0.0,0.0,0.0,0.00014729709824716454,0.0
S’gor 791,0.0,0.0,0.0,0.005611220104633782,0.0,5.31191568927418e-06,0.0,0.0,0.0,0.0,0.0,0.0,0.0,0.0,0.0
S’goral 792,0.0,0.0,0.0,0.0,0.0,0.0,0.0,0.0,0.0008613264427217916,0.0,0.0,0.0,0.0,0.0,0.0
S’lan Selessan Sellie 793,0.0,0.0,0.0,0.0,0.0,0.0,0.0,0.0007351396765385423,0.0,0.0,0.0,0.0,0.0,0.0,0.0017465069860279439
S’lel 794,0.0,0.0,0.0,0.0,0.0,0.0,0.0003028535534816942,0.007681459477300687,4.101554489151388e-06,0.0,0.0,0.0,0.0,0.0,0.0
S’len 795,0.0,0.0,0.0,0.0,0.0,0.0,0.0,0.0,0.0,0.0,0.0,0.0,0.0,0.004418912947414936,0.0
S’ligar 796,0.0,0.0,0.0,0.007304376542566135,0.0,1.581221414481616e-05,0.0,0.0,0.0,0.0,0.0,0.0,0.0,0.0,0.0
S’mon Thomas 798,0.0,0.0,0.0031808172253486667,0.0,0.0,0.0,0.0,0.0,0.0,0.0,0.0,0.0,0.0,0.0,0.0
S’nan 799,0.0,0.0,0.021531685833129435,0.0,0.0,0.0,0.0,0.0,0.0,0.0,0.0,0.0,0.0,0.0,0.0
S’peren 800,0.0,0.0,0.0,0.008278716798896172,6.294850812035755e-05,1.3075484773597983e-05,0.0,0.0,0.0,0.0,0.0,0.0,0.0,0.0,0.0
S’rond 801,0.0,0.0,0.0,0.0,0.0,0.0,0.0,0.0,0.0,0.0,0.0,0.0,0.0,0.00014729709824716454,0.0
Sabra Ongola Stein 802,0.030682800345721694,0.0,0.0,0.0,0.0,0.0,0.0,0.0,0.0,0.0,0.0,0.0,0.0,0.0,0.0
Saday 803,0.0,0.0,0.0,0.0,0.0,0.0,0.001256281407035176,0.0,0.0,0.0,0.0,0.0,0.0,0.0,0.0
Sagassy 804,0.0,0.0,0.0,0.0,0.0,0.0,0.0,0.0,0.0,0.0,0.0,0.0,0.0,0.0,0.003929640718562874
Sal 805,0.00014405070584845865,0.0,0.0,0.0,0.006188625204582652,1.062383137854836e-05,0.0,0.0,0.0,0.0,0.0,0.0,0.0,0.0,0.0
Salda 806,0.0,0.0,0.006361634450697333,0.0,0.0,0.0,0.0,0.0,0.0,0.0,0.0,0.0,0.0,0.0,0.0
Sallah Telgar-Andiyar 808,0.039278128740433356,0.0,0.0,0.0,0.0,5.362186184756269e-07,0.0,0.0,0.0,0.0,0.0,0.0,0.0,0.00022489525410608087,0.0
Sallisha 809,0.0,0.0,0.0066063126988010765,0.0,0.0,0.0,0.0,0.0,0.0,0.0,0.0,0.0,0.0,0.0,0.0
Saltor 810,0.0,0.0,0.0,0.0,0.0,0.0,0.000628140703517588,0.0,0.0,0.0,0.0,0.0,0.0,0.0,0.0
Samvel 811,0.0,0.004051620648259304,0.0,0.0,0.0,0.0,0.0,0.0,0.0,0.0,0.0,0.0,0.0,0.0,8.0196749358426e-05
Saneter 812,0.0,0.0,0.0,0.0,0.0,0.013330909837541633,0.0,0.0,0.0,0.0,0.0,0.0005298188681744429,0.0,0.0,0.0
Sangel 813,0.0,9.726112667289137e-06,0.0,0.0,0.0,2.5182415119522037e-05,1.3086264656616414e-05,0.0,0.0024260694803330462,0.0,4.314156905886667e-05,0.0,0.0008193623533201987,0.0005455448083228315,0.0002928171434907962
Sanra 814,0.0,0.0,0.0,0.0,0.0,0.0,0.0,0.0,0.0,0.011398963730569948,0.0,0.0,0.0,0.0,0.0
Sarah 815,0.00014405070584845865,0.0,0.0,0.0,0.0,0.0,0.0,0.0,0.0,0.0,0.0,0.0,0.0,0.0,0.0
Sarai 816,0.0,0.0,0.0014680694886224615,0.0,0.0,0.0,0.0,0.0,0.0,0.0,0.0,0.0,0.0,0.0,0.0
Sarra 817,0.0,0.0,0.004159530217763641,0.0,0.0,0.0,0.0,0.0,0.0,0.0,0.0,0.0,0.0,0.0,0.0
Scallak 818,0.0,0.0,0.0,0.0,0.0,0.000679925208227095,0.0,0.0,0.0,0.0,0.0,0.0,0.0,0.0,0.0
Scand 819,0.0,0.0,0.0,0.0018840308918784256,0.0,1.4165108504731146e-05,0.0,0.0,0.0,0.0,0.0,0.0,0.0,0.0,0.0
Sch’gall 820,0.0,0.0,0.0,0.0001868460388639761,0.0,0.0,0.0,0.0,0.0,0.0,0.0,0.0,0.0,0.0,0.0
Sean Connell O’Connell 821,0.07723223990006937,0.0,1.5899669551867815e-05,0.0,0.0,0.0,0.0,0.0,0.0,0.0,0.0,0.0,0.0,2.3929131484196403e-06,0.0
Sebell Sebel Sevell 822,0.0,0.0005079037345597264,0.0,0.0,0.0,0.0002863868355569713,0.0003601160050491234,0.0,8.062081316784678e-06,4.948755635395479e-07,0.012149141763999425,0.037720272428133396,0.0005374689685165249,0.0036466934896511476,0.003967888006222512
Sefal 823,0.0,0.0,0.0,0.0,0.0,0.0,0.0,0.0,0.0,0.0,0.0,0.0,0.0,0.0005891883929886581,0.0
Sefran 824,0.0,0.0,0.0,0.0,0.0,0.0,0.0,0.0,0.0,0.0,0.00029120559114735004,0.0,0.0,0.0,0.0
Segoina 825,0.0,0.0,0.0,0.0,0.0,0.0,0.00157035175879397,0.0,0.0,0.0,0.0,0.0,0.0,0.0,0.0
Sella 826,0.0,0.0,0.0,3.6636478208622764e-06,0.0,3.332966706995564e-06,3.0791210956744507e-06,0.0,0.0,0.022442344813573094,5.709913551908824e-06,0.0,0.0,0.0,0.0
Sellel 827,0.0,0.0,0.0,0.0,0.0,0.0,0.000628140703517588,0.0,0.0,0.0,0.0,0.0,0.0,0.0,0.0
Semment 828,0.0,0.0,0.0,9.342301943198804e-05,0.0,8.499065102838688e-05,0.0,0.0,0.0,0.0,0.0,0.0,0.0,0.0,0.0
Serubil 829,0.0,0.0,0.0,0.0,0.0,0.0,0.0,0.0,0.0,0.0,0.0,0.0,0.0,0.0,0.001309880239520958
Sev Ritecamp 830,0.0,0.0,0.0,0.0,0.0,0.0,0.0023647650014779783,0.0,0.0,0.0,0.0,0.0,0.0,0.0,1.1007396970764354e-05
Severeid 831,0.0,0.0,0.0,0.0,0.0,0.0,0.000157035175879397,0.0,0.0,0.0,0.0,0.0,0.0,0.0,0.0
Sh’gall 832,0.0,0.0,0.0,0.037811693164832176,0.0001822645439666716,3.090569128304977e-06,0.0,0.0,0.0,0.0,0.0,0.0,0.0,0.0,0.0
Shadder 833,0.0,0.0,0.0,0.0016986003533088732,0.0,1.5452845641524887e-05,0.0,0.0,0.0,0.0,0.0,0.0,0.0,0.0,0.0
Shankolin Glasstol de Crom 834,0.0,0.0,0.0,0.0,0.0,0.0,0.0,0.0,0.0,0.0,0.0,0.0,0.0,0.0,0.005426646706586827
Shanna 835,0.0,0.0,0.0009787129924149743,0.0,0.0,0.0,0.0,0.0,0.0,0.0,0.0,0.0,0.0,0.0,0.0
Sharra 837,0.0,3.0107584435047907e-06,0.0,0.0,0.0,0.004807331066194184,0.0,0.0,0.0,0.0,0.0,0.0005472357729350252,0.011668261331889966,0.014606055318035074,0.0017630344406727944
Sharra Sharrie 836,0.0,3.0069279620245046e-06,0.0,0.0,0.0,0.0048658769672740585,0.0,0.0,0.0,0.0,0.0,0.0005465395442162783,0.011653416215691633,0.014587472550454877,0.0017607913943106152
Shavva Fahroud 838,0.0010083549409392106,0.0,0.0,0.0,0.0,0.0,0.0,0.0,0.0,0.0,0.0,0.0,0.0,0.0,0.0
Shawan 839,0.0,0.0,0.0,0.0,0.0,0.0,0.0,0.0,0.0,0.0,0.0,0.0,0.0,0.0007364854912358227,0.0
Sheledon Shel 840,0.0,0.0,0.014925373134328358,0.0,0.0,0.0,0.0,0.0,0.0,0.0,0.0,0.0,0.0,0.0,0.0
Sherris 841,0.0,0.0,0.0,0.0,0.0,0.0,0.0,0.0,0.0,0.0,0.0,0.0018580453363062058,0.0,0.0,0.0
Sheve 842,0.0,0.0,0.0,0.0,0.0,0.0,0.000628140703517588,0.0,0.0,0.0,0.0,0.0,0.0,0.0,0.0
Shih Lao 843,0.0002592912705272256,0.0,0.00019574259848299488,0.0,0.0,0.0,0.0,0.0,0.0,0.0,0.0,0.0,0.0,0.0,0.0
Shonagar 844,0.0,0.0,0.0,0.0,0.0,1.2975671912730821e-06,0.001385745521500633,0.0,0.0,0.0,0.008002596397942444,0.0034749702854581714,0.0,1.124405330131027e-06,0.0
Shonagor 845,0.0,0.0,0.0,0.0,0.0,0.0,0.0,0.0,0.0,0.0,0.00029120559114735004,0.0,0.0,0.0,0.0
Shulse 846,0.0,0.0,0.0009787129924149743,0.0,0.0,0.0,0.0,0.0,0.0,0.0,0.0,0.0,0.0,0.0,0.0
Shuvin 847,0.0011524056467876692,0.0,0.0,0.0,0.0,0.0,0.0,0.0,0.0,0.0,0.0,0.0,0.0,0.0,0.0
Sicca 848,0.0,0.0,0.0,0.0,0.0,0.0,0.0,0.0,0.0,0.0,0.0,0.0,0.0,0.0,0.00018712574850299402
Sifer 849,0.0,0.0,0.0,0.0,0.0,0.0019588321475113926,3.7389327590332615e-06,0.0,0.0013289036544850497,0.0,0.0,0.0,0.0,3.5070737677896317e-06,0.0
Sigomal 850,0.0,0.0,0.0,0.0,0.0,0.0,0.0,0.0,0.0,0.0,0.0,0.0,0.0,0.007659449108852556,0.0
Sigomel 851,0.0,0.0,0.0,0.0,0.0,0.0,0.0,0.0,0.0,0.0,0.0,0.0,0.00016728002676480428,0.0,0.0
Silga 852,0.0,0.0,0.0,3.736920777279522e-05,0.0,3.399626041135475e-05,0.0,0.0,0.0,0.0,0.0,0.0,0.0,0.0002651347768448962,0.0
Silon 854,0.0,0.0,0.0,0.0,0.0,0.0,0.0,0.0,0.0001722652885443583,0.0,0.0,0.0,0.0,0.0,0.0
Silton 855,0.0,0.0,0.0,0.0,0.0,0.0,0.0,0.0,0.0,0.0,0.0,0.0,0.0,0.0002945941964943291,0.0
Silvana 856,0.0,0.0,0.0,0.0,0.0,0.0,0.00027917364600781687,0.0,0.0,0.0,3.2356176794150005e-05,0.0,0.0002973867142485409,0.0,0.0
Silvina 857,0.0,0.0,0.0,0.0,0.0,4.94131692025505e-07,0.0008837793619259087,0.0,0.0,0.0,0.040971949452127156,0.00591549782651906,1.2156978689302636e-05,0.0,0.0
Sim 858,0.0,0.0,0.0,2.5771867429513944e-05,0.019075568598679385,5.8614242088542675e-06,0.0,0.0,0.0,0.0,0.0,0.0,0.0,0.0,0.0
Sintary 859,0.0,0.0,0.0,0.0,0.0,0.0,0.0,0.0,0.0,0.0,0.0,0.0,0.0,0.0,0.004303892215568862
Sira 860,2.881014116969173e-05,0.0,0.0,0.0,0.0014729950900163665,3.399626041135475e-05,0.0,0.0,0.0,0.0,0.0,0.0,0.0,0.0,0.0
Sirrie 861,0.0,0.0,0.0,0.0,0.0,0.0,0.000785175879396985,0.0,0.0,0.0,0.0,0.0,0.0,0.0,0.0
Sitta 862,0.0,0.0,0.0,0.0,0.0,0.0,0.001727386934673367,0.0,0.0,0.0,0.0,0.0,0.0,0.0,0.0
Sneel 863,0.0,0.0,0.0,9.342301943198804e-05,0.0,8.499065102838688e-05,0.0,0.0,0.0,0.0,0.0,0.0,0.0,0.0,0.0
Sograny 864,0.0,0.0,0.0,0.0,0.0,0.0,0.0,0.0,0.0031093884582256677,0.0,0.0,0.0,8.364001338240215e-06,0.0,0.0
Solth 865,0.0,0.0,0.0,0.0,0.0,0.0,0.0,0.0,5.7421762848119435e-05,0.0,0.0,0.0,0.0,4.909903274905484e-05,6.2375249500998e-05
Soover 866,0.0,0.0,0.0,9.342301943198804e-05,0.0,8.499065102838688e-05,0.0,0.0,0.0,0.0,0.0,0.0,0.0,0.0,0.0
Soreel 867,0.0,0.0,0.0,0.0,0.0,0.0,0.0,0.0,0.0,0.0031088082901554403,0.0,0.0,0.0,0.0,0.0
Sorka 868,0.06209110436030658,0.0,2.229414561309736e-06,0.0,0.0,0.0,0.0,0.0,0.0,0.0,0.0,0.0,0.0,1.3421147904069662e-06,0.0
Sousmal 869,0.0,0.0,0.0,0.0,0.0,0.0,0.0,0.0,0.0,0.0,0.0,0.0,0.0,0.00019639613099621937,6.2375249500998e-05
Sparling 870,0.0,0.0,0.0,0.0,0.0,0.0,0.0,0.0,0.0,0.0,0.0,0.0,0.0,0.0,0.000561377245508982
St’ven 871,0.0,0.0,0.0,0.0,0.0,0.0,0.0,0.0,0.0,0.0,0.0,0.0,0.0,0.0,0.0037425149700598802
Stella 872,0.0,0.0,0.0,0.0,0.0,0.0,0.0,0.0,0.0,0.0005181347150259067,0.0,0.0,0.0,0.0,0.0
Stinar 874,0.0,0.0,0.0,0.0,0.0,0.0,0.0,0.0,0.0,0.0,0.0,0.0,0.0,0.0,0.00561377245508982
Stolla 875,0.0,0.0,0.0,0.0,0.0,0.0,0.000314070351758794,0.0,0.0,0.0,0.0,0.0,0.0,0.0,0.0
Struan 876,0.0,0.0,0.0,0.0,0.0,0.0,0.000157035175879397,0.0,0.0,0.0,0.0,0.0,0.0,0.0,0.0
Strud 877,0.0,0.0,0.0,0.0,0.0,0.0,0.0,0.0,0.0,0.0,7.280139778683751e-05,0.0008361204013377926,0.0,0.0,0.0
Sucho 878,0.0,0.0,0.0,0.0,0.0,0.0,0.002826633165829146,0.0,0.0,0.0,0.0,0.0,0.0,0.0,0.0
Sue Havers 879,0.0006455605706542036,0.002489884842826019,0.0,0.0,0.0,0.0,0.0,0.0,0.0,0.0,0.0,0.0,0.0,0.0,0.0
Sufur 880,0.0,0.0,0.0,0.0005979073243647235,0.0,3.399626041135475e-05,0.0,0.0,0.0,0.0,0.0,0.0,0.0,0.0,0.0
Suze 882,0.0,0.0,0.001223391240518718,0.0,0.0,0.0,0.0,0.0,0.0,0.0,0.0,0.0,0.0,0.0,0.0
Svenda Olubushtu 883,0.0015845577643330453,0.0,0.0,0.0,0.0,0.0,0.0,0.0,0.0,0.0,0.0,0.0,0.0,0.0,0.0
Sydra 884,0.0,0.0,0.004893564962074872,0.0,0.0,0.0,0.0,0.0,0.0,0.0,0.0,0.0,0.0,0.0,0.0
T’bor 885,0.0,5.668566986265872e-05,0.0,0.0,0.0,2.9952652344805953e-06,0.0,0.000867455565456115,0.02458764470853396,2.2825317842550957e-06,0.0,8.02151731092547e-05,6.632247757194884e-06,2.5955435814478335e-06,0.0
T’bot 886,0.0,0.0,0.0,0.0,0.0,0.00016998130205677376,0.0,0.0,0.0,0.0,0.0,0.0,0.0,0.0,0.0
T’dam 887,0.0,0.0,0.008319060435527282,0.0,0.0,0.0,0.0,0.0,0.0,0.0,0.0,0.0,0.0,0.0,0.0
T’gellan 888,0.0,0.0033404666214311807,0.0,0.0,0.0,0.0002328004789038423,0.0,0.0,0.0,0.017404177260000646,0.001520237884219551,4.616261705108586e-06,8.312051019369155e-06,0.00030923241743814665,0.0020920891136980697
T’gor 889,0.0,0.0,0.0,0.0,0.0,0.0,0.0,0.0,0.0003445305770887166,0.0,0.0,0.0,0.0,0.0,0.0
T’gran 890,0.0,0.0,0.0,0.0,0.0,0.0,0.0,0.0,0.0,0.0051813471502590676,0.0,0.0,0.0,0.0,0.0
T’grel 891,0.0,0.0,0.0,0.0017391054386570082,0.0,5.230193909439193e-05,0.0,0.0,0.0,0.0,0.0,0.0,0.0,0.0,0.0
T’kil 892,0.0,0.0,0.0,0.0,0.0,0.0,0.0,0.000630119722747322,0.0,0.0,0.0,0.0,0.0,0.0,0.0
T’lan 894,0.0,0.0,0.0009787129924149743,0.0,0.0,0.0,0.0,0.0,0.0,0.0,0.0,0.0,0.0,0.0,0.0
T’ledon 895,0.0,0.0,0.0,0.0,0.0,0.0,0.0,0.0,0.0,0.0,0.00029120559114735004,0.0,0.0,0.0,0.0
T’lion Gaddie 896,0.0,0.11995967741935484,0.0,0.0,0.0,0.0,0.0,0.0,0.0,0.0,0.0,0.0,0.0,0.0,0.0001509078616959629
T’lonneg 897,0.0,0.0,0.0,0.0001868460388639761,0.0,0.00016998130205677376,0.0,0.0,0.0,0.0,0.0,0.0,0.0,0.0,0.0
T’nure 898,0.0,0.0,0.0,0.00024912805181863477,0.0,5.666043401892458e-05,0.0,0.0,0.0,0.0,0.0,0.0,0.0,0.0,0.0
T’ragel 899,0.0,0.0,0.0,0.00024912805181863477,0.0,5.666043401892458e-05,0.0,0.0,0.0,0.0,0.0,0.0,0.0,0.0,0.0
T’ral 900,0.0,0.0,0.0,0.0011444319880418536,0.0,2.124766275709672e-05,0.0,0.0,0.0,0.0,0.0,0.0,0.0,0.0,0.0
T’ran 901,0.0,0.0,0.0,0.0,0.0,0.0,0.0,0.0,0.0,0.0,0.0,0.0,0.00016728002676480428,0.0,0.0
T’reb 902,0.0,0.0,0.0,0.0,0.0,0.0,0.0,0.0,0.005857019810508183,0.0,0.0,0.0,0.0,0.0,0.0
T’red 903,0.0,0.0,0.0007340347443112308,0.0,0.0,0.0,0.0,0.0,0.0,0.0,0.0,0.0,0.0,0.0,0.0
T’sen 905,0.0,0.0,0.0009787129924149743,0.0,0.0,0.0,0.0,0.0,0.0,0.0,0.0,0.0,0.0,0.0,0.0
T’sum 906,0.0,0.0,0.0,0.0,0.0,0.0,0.0,0.005671077504725898,0.0,0.0,0.0,0.0,0.0,0.0,0.0
T’tel T’lel 907,0.0,0.0,0.0019574259848299485,0.0,0.0,0.0,0.0,0.0,0.0,0.0,0.0,0.0,0.0,0.0,0.0
T’ton 908,0.0,0.0,0.0,0.0,0.0,0.0003399626041135475,0.0,0.0,0.0,0.0,0.0,0.0,0.0,0.0,0.0
Tagetarl Tag 909,0.0,1.1671335200746965e-06,0.0,0.0,0.0,0.0,0.0,0.0,2.756244616709733e-05,0.0,0.0,1.6515958544944053e-06,0.0,0.000189194939526358,0.0332667997338656
Tai 910,0.0,0.0,0.0,0.0,0.0,0.0,0.0,0.0,0.0,0.0,0.0,0.0,0.0,0.0,0.08963323353293413
Talina 911,0.0,0.0,0.0,0.0,0.0,0.0,0.0,0.0,0.0013842746400885937,0.0,1.040019968383393e-05,0.0,0.0,0.0,0.0009623609923011119
Talmor 912,0.0,0.0005547531512605042,0.0,0.0,0.0,0.0,0.0,0.0,7.751937984496123e-05,0.0,0.012671083284799068,1.858045336306206e-05,0.0,0.0,0.0
Tanus 914,0.0,0.0,0.0,0.0,0.0,0.0,0.0,0.0,0.0,0.0005181347150259067,0.0,0.0,0.0,0.0,0.0
Targus 916,0.0,0.0,0.0,0.0,0.0,0.0,0.002826633165829146,0.0,0.0,0.0,0.0,0.0,0.0,0.0,0.0
Tarrie Chernoff 917,0.006194180351483722,0.0,0.0,0.0,0.0,0.0,0.0,0.0,0.0,0.0,0.0,0.0,0.0,0.0,0.0
Tarvi Andiyar Andivar 918,0.010596833533679717,0.0,2.8123936563648686e-06,0.0,0.0,1.953808069618089e-06,0.0,0.0,0.0,0.0,0.0,0.0,0.0,4.2326752369874864e-05,0.0
Tashkovich 919,0.00014405070584845865,0.0,0.0,0.0,0.0,0.0,0.0,0.0,0.0,0.0,0.0,0.0,0.0,0.0,0.0
Tashvi 920,0.0,0.0,0.01027648642035723,0.0,0.0,0.0,0.0,0.0,0.0,0.0,0.0,0.0,0.0,0.0,0.0
Tawkin 921,0.0,0.0,0.0,0.0,0.0,0.0003399626041135475,0.0,0.0,0.0,0.0,0.0,0.0,0.0,0.0,0.0
Tegger 923,0.0,0.0,0.0,0.0,0.0,0.0,0.0,0.0,0.0,0.0,0.0,0.0,0.0006691201070592171,0.0,0.0
Tela 924,0.0,0.0,0.0,0.0,0.0,0.0,7.85175879396985e-05,0.0014177693761814746,0.0,0.0,0.0,0.0,0.0,0.0,0.0
Tellani 925,0.0,0.0,0.0,0.0013286829430327188,0.0,1.8886811339641527e-05,0.0,0.0,0.0,0.0,0.0,0.0,0.0,0.0,0.0
Temma 926,0.0,0.0034728176985079746,0.0,0.0,0.0,0.00666742984802284,0.0,0.0,0.0,0.0,0.0,0.0,0.0,0.0,0.0
Tenna 927,0.0,0.0,0.0,0.0,0.0,0.0,0.0,0.0,0.0,0.0,0.0,0.0,0.0,0.0,0.0033682634730538923
Terentel 928,0.0,0.0,0.0,0.0,0.0,0.0,0.0,0.0,0.0,0.0,0.0,0.0,0.0,0.0029459419649432907,0.0
Terry 929,0.0,2.793670659753263e-06,0.0,0.0,0.0,1.8083117240082313e-06,0.0,0.0,0.009500247402276101,0.0,0.0,0.0,0.0,0.0006267961627538916,0.0
Tesner 930,0.0,0.0,0.0,0.0,0.0,0.0,0.000314070351758794,0.0,0.0,0.0,0.0,0.0,0.0,0.0,0.0
Texur 931,0.0,0.0002626050420168067,0.0,0.0,0.0,0.0,0.0,0.0,0.0,0.0,0.0,0.0,0.0,0.0,0.0
Thea 932,0.0,0.0,0.005872277954489846,0.0,0.0,0.0,0.0,0.0,0.0,0.0,0.0,0.0,0.0,0.0,0.0
Theng 934,0.0,0.0,0.0,0.00045777279521674137,0.005891980360065466,8.499065102838687e-06,0.0,0.0,0.0,0.0,0.0,0.0,0.0,0.0,0.0
Théo Force 935,0.00014986254988845412,0.0001937374373380476,0.0006776247735668518,0.0003101536552900583,8.489885245051106e-05,0.00041197197414912597,0.0003805953398114491,0.0016016299581070258,0.0001985767014920557,0.00033596631377760523,0.00010154431276319698,0.0006168496332636165,0.00032588270343806246,0.0003094512525134955,0.00042278555281368097
Theskin 936,0.0,0.0,0.0,0.0,0.010692853246044735,1.1332086803784917e-05,0.0,0.0,0.0,0.0,0.0,0.0,0.0,0.0,0.0
Thomas 937,0.0,0.0,0.0014680694886224615,0.0,0.0,0.0,0.0,0.0,0.0,0.0,0.0,0.0,0.0,0.0,0.0
Tikini 938,0.0,0.0005252100840336134,0.0,0.0,0.0,0.0,0.0,0.0,0.0,0.0,0.0,0.0,0.0,0.0,0.0
Tilarek 939,0.0,0.0,0.0,0.0,0.0,0.0,0.0,0.002520478890989288,0.0,0.0,0.0,0.0,0.0,0.0,0.0
Tilgin 940,0.0,0.0,0.0,0.0,0.0,0.0,0.0,0.0,0.0,0.0,0.0,0.006688963210702341,0.0,0.0,0.0
Tilsit 941,0.0,0.0,0.0,0.0,0.0,0.0,0.0,0.0,0.0,0.0005181347150259067,0.0,0.0,0.0,0.0,0.0
Timareen 942,0.0,0.0,0.0,0.0,0.0,0.0,0.0,0.0,0.0,0.0,0.00029120559114735004,0.0,0.0,0.0,0.0
Timiny Tim 943,0.0,0.0,0.0,0.0,0.0,0.0,0.0,0.0,0.0,0.0,0.0018928363424577752,0.0024154589371980675,0.0,0.0,0.0
Tinamon 944,0.0,0.0,0.0,0.0,0.0,0.0,0.000314070351758794,0.0,0.0,0.0,0.0,0.0,0.0,0.0,0.0
Tino 945,0.0,0.0,0.0,0.0,0.0,0.0016998130205677375,0.0,0.0,0.0,0.0,0.0,0.0,0.0,0.0,0.0
Tippel 946,0.0,0.0,0.0,0.0,0.0,0.0,0.0,0.0,0.0,0.0,0.0,0.0,0.0,0.0,0.000561377245508982
Tirone 947,0.0,0.0,0.0,0.016505610644434617,0.004518107005371015,4.788205691740106e-06,0.0,0.0,0.0,0.0,0.0,0.0,0.0,0.0,0.0
Tisha 948,0.0,0.0,0.02128700758502569,0.0,0.0,0.0,0.0,0.0,0.0,0.0,0.0,0.0,0.0,0.0,0.0
Tolocamp 949,0.0,0.0,0.0,0.016231325952386983,0.009782980572738955,4.705697062588653e-05,0.0,0.0,0.0,0.0,0.0,0.0,0.0,0.0,0.0
Tom Patrick 950,0.0006482281763180639,3.282563025210084e-05,0.0,0.0,0.0,0.0,0.0,0.0,0.0,0.0,0.0,0.0,0.0,0.0,2.3390718562874253e-05
Tomlinson 951,0.0,0.0,0.0007340347443112308,0.0,0.0,0.0,0.0,0.0,0.0,0.0,0.0,0.0,0.0,0.0,0.0
Tomol 952,0.0,0.0002626050420168067,0.0,0.0,0.0,0.0,0.0,0.0,0.0,0.0,0.0,0.0,0.0,0.0,0.0
Tordril 953,0.0,0.0,0.0,0.0,0.0,0.0,0.0,0.0,0.0,0.0,0.0,0.0,0.0016728002676480427,0.0,0.0
Torene 954,0.0,0.0,0.0,0.0,0.0,0.0,0.0,0.000945179584120983,0.0,0.0,0.0,0.0,0.0,0.0,0.0
Toric 955,0.0,0.0026332484789757114,0.0,0.0,0.0,0.03282406421115983,0.0,0.0,7.978260055457048e-06,0.0,0.0,0.0029728725380899295,0.004304535660370317,0.0008470279260262277,0.004584580838323354
Torjus 956,0.0,0.0,0.0,0.0,0.0,0.0,0.0,0.0,0.0,0.0,0.0,0.0,0.0,0.0,0.00037425149700598805
Torlin 957,0.0,0.0,0.0,0.0,0.0,0.0,0.000314070351758794,0.0,0.0,0.0,0.0,0.0,0.0,0.0,0.0
Torlo 958,0.0,0.0,0.0,0.0,0.0,0.0,0.0,0.0,0.0,0.0,0.0,0.0,0.0,0.0,0.008794910179640719
Toronas 959,0.0,4.040077569489334e-05,0.0,0.0,0.0,0.0,0.0,0.0,0.0,0.0,0.0,0.0,0.0,0.0011103935098632403,0.0007197144173192078
Torsten 960,0.0,0.0,0.0,0.0,0.0,0.0003399626041135475,0.0,0.0,0.0,0.0,0.0,0.0,0.0,0.0,0.0
Tortole 961,0.0,0.0,0.0,0.0,0.0,0.0,0.002826633165829146,0.0,0.0,0.0,0.0,0.0,0.0,0.0,0.0
Tosikin 962,0.0,0.0,0.0,0.0,0.0,0.0,0.0,0.0,0.0,0.0,0.0,0.0,0.0,0.0002945941964943291,0.0
Tracey Train 963,0.00014405070584845865,0.0,0.0,0.0,0.0,0.0,0.0,0.0,0.0,0.0,0.0,0.0,0.0,0.0,0.0
Tragger 964,0.0,0.0,0.0,0.0,0.0,0.0008499065102838688,0.0,0.0,0.0,0.0,0.0,0.0,0.0,0.0,0.0
Traller 965,0.0,0.0,0.0,0.0,0.0,0.0,0.0010992462311557789,0.0,0.0,0.0,0.0,0.0,0.0,0.0,0.0
Tranilty 966,0.0,0.0,0.0,0.0,0.0,0.0,0.0,0.0,0.0,0.0005181347150259067,0.0,0.0,0.0,0.0,0.0
Trelbin 967,0.0,0.0,0.0,0.0,0.0004091653027823241,8.499065102838688e-05,0.0,0.0,0.0,0.0,0.0,0.0,0.0,0.0,0.0
Triana 968,0.0,0.0,0.0,0.0,0.0,0.0,0.000785175879396985,0.0,0.0,0.0,0.0,0.0,0.0,0.0,0.0
Tuck 970,0.0,0.0,0.0,0.0,0.0,0.0,0.0,0.0,0.0,0.0,0.0,0.0,0.0,0.0,0.00018712574850299402
Tuero 972,0.0,0.0,0.0,0.009892541459223426,0.0124747090738044,1.338435449265935e-06,0.0,0.0,0.0,0.0,0.0,0.0,0.0,0.0,0.0
Tuero 971,0.0,0.0,0.0,0.009892541459223426,0.0124747090738044,1.338435449265935e-06,0.0,0.0,0.0,0.0,0.0,0.0,0.0,0.0,0.0
Tumara 973,0.0,0.0,0.0,0.0,0.0,0.0,0.0,0.0,0.0,0.0,0.0,0.0,0.0,0.0008837825894829872,0.0
Tunge 974,0.0,0.0,0.0,0.0,0.0,0.0,0.0,0.0,0.0,0.0,0.0,0.0,0.0,0.0,0.0020583832335329343
Turlon 975,0.0,0.0,0.0,0.0,0.0,0.0,0.0,0.0,0.0,0.0005181347150259067,0.0,0.0,0.0,0.0,0.0
Turvine Turving 976,0.0,0.0,0.0,0.0003363228699551569,0.0,0.000135985041645419,0.0,0.0,0.0,0.0,0.0,0.0,0.0,0.0,0.0
Tuvor 977,0.0,0.0,0.0,0.0,0.0,0.0,0.0,0.0,0.0,0.0,0.0,0.0,0.0,0.0,0.00018712574850299402
Twenone 978,0.0,0.0,0.0,0.0,0.0,0.0,0.000157035175879397,0.0,0.0,0.0,0.0,0.0,0.0,0.0,0.0
Ussie 979,0.0,0.0,0.0034254954734524103,0.0,0.0,0.0,0.0,0.0,0.0,0.0,0.0,0.0,0.0,0.0,0.0
Usuai 980,0.00014405070584845865,0.0,0.0,0.0,0.0,0.0,0.0,0.0,0.0,0.0,0.0,0.0,0.0,0.0,0.0
Uvor 981,0.0,0.0,0.0,0.0,0.0,0.0010198878123406426,0.0,0.0,0.0,0.0,0.0,0.0,0.0,0.0,0.0
V’last 982,0.0,0.0,0.001223391240518718,0.0,0.0,0.0,0.0,0.0,0.0,0.0,0.0,0.0,0.0,0.0,0.0
V’line 983,0.0,0.00010275849470222872,0.0,0.0,0.0,0.0023945192115823783,0.0,0.0,0.0,0.0,0.0,0.0,0.0,2.5616886651680787e-05,0.0
V’mul 984,0.0,0.0,0.0,9.342301943198804e-05,0.0,8.499065102838688e-05,0.0,0.0,0.0,0.0,0.0,0.0,0.0,0.0,0.0
Valden 985,0.0,0.0,0.0,0.0,0.0,0.0,0.000314070351758794,0.0,0.0,0.0,0.0,0.0,0.0,0.0,0.0
Valli Lieb 986,0.0011524056467876692,0.0,0.0,0.0,0.0,0.0,0.0,0.0,0.0,0.0,0.0,0.0,0.0,0.0,0.0
Valrol 987,0.0,0.0,0.0,0.0,0.0,0.0,0.000785175879396985,0.0,0.0,0.0,0.0,0.0,0.0,0.0,0.0
Vandentine 988,0.0,0.0,0.0,0.0,0.0,0.0,0.0,0.0,0.0,0.0,0.0,0.0,0.0,0.0002945941964943291,0.0
Vander 989,0.0,0.0,0.0,0.005237917289486796,0.0,5.666043401892458e-06,0.0,0.0,0.0,0.0,0.0,0.0,0.0,0.0,0.0
Venabil 992,0.0,0.0,0.0,0.0,0.0,0.0,0.0,0.0,0.0,0.0,0.0,0.0,0.0,0.0,0.0024326347305389222
Vendross 993,0.0,0.0,0.0,0.0,0.0,0.0,0.00157035175879397,0.0,0.0,0.0,0.0,0.0,0.0,0.0,0.0
Vergerin 994,0.0,0.0,0.022265720577440664,0.0,0.0,0.0,0.0,0.0,0.0,0.0,0.0,0.0,0.0,0.0,0.0
Vesna 995,0.0,0.0,0.0,0.0,0.0,0.0,0.0009422110552763819,0.0,0.0,0.0,0.0,0.0,0.0,0.0,0.0
Vessa 996,0.0,0.0,0.0,0.0,0.0,0.0,0.0,0.0,0.0,0.0,0.0,0.0,0.0,0.0,0.00018712574850299402
Viderian 997,0.0,0.0,0.0,0.0,0.0,0.0,0.0,0.0,0.0,0.0,0.0020384391380314504,0.0,0.0,0.0,0.0
Vieil Oncle 998,0.0,0.0,0.0,0.0,0.0,0.0,0.0,0.0,0.0,0.010963730569948187,4.659289458357601e-05,0.0,0.0,0.0,0.0
Vincet 999,0.0,0.0,0.0,0.0,0.0,0.0011105445067709219,0.0,0.001270741440873766,0.00014355440712029858,0.0,0.0,0.0,0.0,0.0,0.0
Viredian 1000,0.0,0.0,0.0,0.0,0.0,0.0,0.0,0.0,0.0,0.0,0.00029120559114735004,0.0,0.0,0.0,0.0
Virginia 1001,0.0,0.0,0.0,0.0,0.0,0.0,0.0,0.000315059861373661,0.0,0.0,0.0,0.0,0.0,0.0,0.0
Vormital 1002,0.0,0.0,0.0,0.0,0.0,0.0,0.0,0.0,0.0,0.0,0.0,0.0,0.0,0.0,0.0007485029940119761
W’ter 1003,0.0,0.0,0.0,9.342301943198804e-05,0.0,8.499065102838688e-05,0.0,0.0,0.0,0.0,0.0,0.0,0.0,0.0,0.0
Wade Lorenzo 1004,0.0010083549409392106,0.0,0.0,0.0,0.0,0.0,0.0,0.0,0.0,0.0,0.0,0.0,0.0,0.0,0.0
Waine 1005,0.0,0.0,0.002446782481037436,0.0,0.0,0.0,0.0,0.0,0.0,0.0,0.0,0.0,0.0,0.0,0.0
Wanson 1006,0.0,0.0,0.0,0.0,0.0,4.249532551419344e-05,0.0,0.0,0.0001722652885443583,0.0,0.0,0.0,4.182000669120107e-05,0.0,0.0
Wansor 1007,0.0,1.1174682639013052e-06,0.0,0.0,0.0,0.00010415875530287413,0.0,0.0,0.0022988252973408837,0.0,1.239172728286596e-06,0.0,0.0031954044261583254,0.00016045981766499626,0.00535418524652822
Wansôr 1008,0.0,0.0,0.0,0.0,0.0,0.0,0.0,0.0,0.0,0.0,0.00029120559114735004,0.0,0.0,0.0,0.0
Warbret 1009,0.0,6.405001024800164e-06,0.0,0.0,0.0,0.0,0.0,0.0,6.722547845633496e-05,0.0,0.0,0.0,0.0004936800789888127,0.002069344599765043,4.5640426464144885e-06
Warlow 1010,0.0,0.0,0.0,0.0,0.0,0.0,0.0,0.0,0.0,0.0,0.0,0.0,0.0,0.0,0.000561377245508982
Washell Wachell Wash 1011,0.0,0.0,0.0,0.0,0.0,0.0,0.008636934673366833,0.0,0.0,0.0,0.0,0.0,0.0,0.0,0.0
Wil 1012,0.0,0.0,0.0,0.0,0.0,0.0,0.0,0.0,0.0,0.0,0.0,0.0,0.0,0.0,0.00018712574850299402
Wimmia 1013,0.0,0.0,0.0,0.0006673072816570574,0.0,9.713217260387071e-05,0.0,0.0,0.0,0.0,0.0,0.0,0.0,0.0,0.0
Winalla 1014,0.0,0.0,0.0,0.0,0.0,0.0,0.0010992462311557789,0.0,0.0,0.0,0.0,0.0,0.0,0.0,0.0
Winnia 1015,0.0,0.0,0.0,0.0001868460388639761,0.0,0.0,0.0,0.0,0.0,0.0,0.0,0.0,0.0,0.0,0.0
Wonegal 1016,0.0,0.0,0.0,0.0,0.0,0.0,0.000157035175879397,0.0,0.0,0.0,0.0,0.0,0.0,0.0,0.0
Wyzall 1017,0.0,0.0,0.0,0.0,0.0,0.0,0.0,0.0,0.0,0.0,0.0,0.0,0.0,0.0,0.0018712574850299401
Xi Chi Yuen 1018,0.000864304235090752,0.0,0.0,0.0,0.0,0.0,0.0,0.0,0.0,0.0,0.0,0.0,0.0,0.0,0.0
Yanus 1019,0.0,0.00010294117647058824,0.0,0.0,0.0,0.0,0.0,0.0,0.0,0.04745699481865285,0.0002818870122306348,0.0,0.0,0.0,0.0
Yorag 1020,0.0,0.0,0.0,0.0,0.0,0.0,0.000157035175879397,0.0,0.0,0.0,0.0,0.0,0.0,0.0,0.0
Yvonne Yves 1021,0.0005762028233938346,0.0,0.0,0.0,0.0,0.0,0.0,0.0,0.0,0.0,0.0,0.0,0.0,0.0,0.0
Z’gal 1022,0.0,0.0,0.0014680694886224615,0.0,0.0,0.0,0.0,0.0,0.0,0.0,0.0,0.0,0.0,0.0,0.0
Z’ran 1023,0.0,0.0,0.0004893564962074871,0.0,0.0,0.0,0.0,0.0,0.0,0.0,0.0,0.0,0.0,0.0,0.0
Zalla 1024,0.0,0.0,0.0,0.0,0.0,0.0,0.0,0.0,0.0,0.0,0.0,0.0,0.0,0.0,0.00037425149700598805
Zewe 1025,0.0,0.0,0.0,0.0,0.0,0.0,0.0,0.0,0.0,0.0,0.0,0.0,0.0,0.0,0.000561377245508982
Zi Ongola 1026,0.02895419187554019,0.0,0.0,0.0,0.0,0.0,0.0,0.0,0.0,0.0,0.0,0.0,0.0,0.0,0.0
Zulaya 1027,0.0,0.0,0.04355272816246636,0.0,0.0,0.0,0.0,0.0,0.0,0.0,0.0,0.0,0.0,0.0,0.0
Zurg 1028,0.0,0.0,0.0,0.0,0.0,0.0,0.0,0.0009114231704023765,0.0004983388704318937,0.0,0.0,0.0,0.0,0.0004261094627864403,6.6830624465355e-06
