full_name,book_1,book_2,book_3,book_4,book_5,book_6,book_7,book_8,book_9,book_10,book_11,book_12,book_13,book_14,book_15
6,0.0,0.0,0.0,0.0,0.0,0.0,0.0006268609935746748,0.0,0.0,0.0,0.0,0.0,0.0,0.0,0.0
33,0.0,0.0,0.0,0.0,0.0,0.003859215807347947,0.0,0.0,0.0,0.0,0.0,0.0,0.0,0.0,0.0
49,0.0,0.0,0.0024319066147859923,0.0,0.0,0.0,0.0,0.0,0.0,0.0,0.0,0.0,0.0,0.0,0.0
67,0.0,0.0,0.0,0.0003723701359150996,0.0,0.00015436863229391788,0.0,0.0,0.0,0.0,0.0,0.0,0.0,0.0,0.0
88,0.0,0.0,0.0,0.007447402718301992,0.0,0.00015436863229391788,0.0,0.0,0.0,0.0,0.0,0.0,0.0,0.0,0.0
96,0.0,0.0,0.0,0.0,0.0,0.0,0.011440213132737815,0.0,0.0,0.0,0.0,0.0,0.0,0.0,0.0
119,0.0,0.0,0.0,0.0,0.0,0.003704847175054029,0.0,0.0,0.0,0.0,0.0,0.0,0.0,0.0,0.0
143,0.0,0.0,0.0,0.0,0.0,0.0,0.007835762419683435,0.0053509600251809885,0.00034264176803152307,0.0,0.0,0.0,0.0,0.0,0.0
151,0.002010916403332376,0.0,0.0,0.0,0.0,0.0,0.0,0.0,0.0,0.0,0.0,0.0,0.0,0.0,0.0
162,0.0,0.0,0.0,0.0,0.0,0.0,0.0029775897194797055,0.0,0.0,0.0,0.0,0.0,0.0,0.0,0.0
164,0.0030163746049985635,0.00026143790849673205,0.0,0.0,0.0,0.0,0.0,0.0,0.0,0.0,0.0,0.0,0.0,0.001809576837416481,0.001863238308179616
167,0.0,0.0,0.0,0.0005585552038726494,0.0,0.0,0.0,0.0,0.0,0.0,0.0,0.0,0.0,0.0,0.0
246,0.0,0.0,0.0,0.0,0.0,0.008181537511577647,0.0,0.0,0.0,0.0,0.0,0.0,0.0,0.00027839643652561246,0.0
269,0.0,0.0,0.0,0.0,0.0,0.004476690336523618,0.0,0.0,0.0,0.0,0.0,0.0,0.0,0.006124721603563474,0.005962362586174772
279,0.0,0.0,0.0,0.0,0.0,0.0,0.0686412787964269,0.0022033364809568774,0.0,0.0,0.0,0.0,0.0,0.0,0.0
291,0.0,0.0,0.0,0.0,0.0,0.00015436863229391788,0.0,0.0,0.0008566044200788076,0.0,0.0,0.0,0.0012949174490126255,0.0,0.0
293,0.0,0.0,0.0,0.0,0.0,0.0,0.0025074439742986993,0.0,0.0,0.0,0.0,0.0,0.0,0.0,0.0
296,0.0,0.0,0.0,0.0,0.0,0.0,0.006425325184140417,0.0,0.0,0.0,0.0,0.0,0.0,0.0,0.0
298,0.001580005745475438,0.000784313725490196,0.0,0.0,0.0,0.0043223217042297,0.039492242595204514,0.07900535096002519,0.0006852835360630461,0.0,0.0,0.0002894356005788712,0.0009711880867594691,0.0005567928730512249,0.0005589714924538849
335,0.0,0.0,0.0,0.0,0.0,0.0,0.0,0.0,0.0,0.0,0.0,0.0,0.0,0.004732739420935412,0.0
364,0.0,0.0,0.0,0.0,0.0,0.00015436863229391788,0.0023507287259050304,0.01762669184765502,0.00034264176803152307,0.0,0.0,0.0,0.0003237293622531564,0.0,0.0
366,0.0,0.0,0.0,0.0,0.0,0.0,0.03040275818837173,0.0,0.0,0.0,0.0,0.0,0.0,0.0,0.0
373,0.0,0.0,0.0,0.0,0.0,0.0006174745291756715,0.0,0.0,0.0,0.0,0.0,0.0,0.0,0.0,0.0
386,0.0,0.0,0.0,0.0,0.0,0.0,0.005171603196991067,0.0,0.0,0.0,0.0,0.0,0.0,0.0,0.0
451,0.015512783682849756,0.0203921568627451,0.00316147859922179,0.003909886427108546,0.004058441558441558,0.0016980549552330967,0.009402914903620122,0.0022033364809568774,0.004796984752441323,0.0005165289256198347,0.0008045052292839903,0.0005788712011577424,0.0012949174490126255,0.0048719376391982185,0.002422209800633501
461,0.0,0.0,0.0,0.0,0.0,0.0,0.005171603196991067,0.007554296506137866,0.0,0.0,0.0,0.0,0.0,0.0,0.0
467,0.0,0.0,0.0,0.0001861850679575498,0.0,0.00015436863229391788,0.0,0.0,0.0,0.0,0.0,0.0,0.0,0.0,0.0
477,0.0,0.0,0.0,0.0,0.0,0.0006174745291756715,0.003917881209841718,0.0,0.0,0.0,0.0,0.0,0.0,0.0,0.0
487,0.0,0.0,0.0,0.0,0.0,0.0,0.031029619181946404,0.0,0.0,0.0,0.0,0.0,0.0,0.0,0.0
492,0.025136455041654696,0.0,0.0,0.0,0.0,0.0,0.0,0.0,0.0,0.0,0.0,0.0,0.0,0.00027839643652561246,0.0020495621389975778
501,0.0,0.0,0.0,0.0,0.0016233766233766235,0.00015436863229391788,0.0,0.0,0.0,0.0,0.0,0.0,0.0,0.0,0.0
516,0.0,0.0,0.0,0.003723701359150996,0.0,0.00015436863229391788,0.0,0.0,0.0,0.0,0.0,0.0,0.0,0.0,0.0
533,0.0,0.0,0.0,0.0,0.0,0.0,0.002194013477511362,0.0,0.0,0.0,0.0,0.0,0.0,0.0,0.0
569,0.012640045963803505,0.0,0.0009727626459143969,0.0,0.0,0.0,0.0,0.0,0.0,0.0,0.0,0.0,0.0,0.0,0.0005589714924538849
577,0.0,0.0,0.0,0.0,0.0,0.0,0.0006268609935746748,0.0,0.0,0.0,0.0,0.0,0.0,0.0,0.0
590,0.0,0.0,0.0,0.0,0.0,0.0,0.0072089014261087605,0.0,0.0,0.0,0.0,0.0,0.0,0.0,0.0
604,0.004021832806664752,0.0,0.0,0.0,0.0,0.0,0.0,0.0,0.0,0.0,0.0,0.0,0.0,0.0,0.0
614,0.0,0.0,0.0,0.0,0.0,0.0,0.0017238677323303557,0.0,0.0,0.0,0.0,0.0,0.0,0.0,0.0
625,0.0,0.0,0.0,0.0,0.0008116883116883117,0.00015436863229391788,0.0,0.0,0.0,0.0,0.0,0.0,0.0,0.0,0.0
627,0.0,0.0,0.0,0.0,0.0,0.0,0.052813038708666354,0.0,0.0,0.0,0.0005363368195226602,0.0,0.0,0.0,0.0
629,0.0,0.0,0.0,0.0,0.0016233766233766235,0.00015436863229391788,0.0,0.0,0.0,0.0,0.0,0.0,0.0,0.0,0.0
630,0.0,0.0,0.0,0.0,0.0,0.001080580426057425,0.0,0.00881334592382751,0.024156244646222375,0.0,0.0002681684097613301,0.03125904486251809,0.0012949174490126255,0.00013919821826280623,0.0
637,0.0,0.0,0.00048638132295719845,0.0,0.0,0.0,0.0001567152483936687,0.0,0.0,0.0,0.0,0.0,0.0,0.0,0.0
643,0.0,0.0,0.0,0.20815490597654068,0.033279220779220776,0.0006174745291756715,0.0004701457451810061,0.0022033364809568774,0.00017132088401576153,0.0,0.002145347278090641,0.0,0.0,0.0,0.0005589714924538849
686,0.0,0.0,0.0,0.005026996834853845,0.0008116883116883117,0.00015436863229391788,0.0,0.0,0.0,0.0,0.0,0.0,0.0,0.0,0.0
723,0.0,0.0,0.0,0.002978961087320797,0.004058441558441558,0.00015436863229391788,0.0,0.0,0.0,0.0,0.0,0.0,0.0,0.0,0.0
734,0.0,0.000784313725490196,0.0,0.0,0.0,0.0,0.04685785926970694,0.0,0.0,0.038739669421487606,0.017699115044247787,0.0,0.0,0.0,0.0
779,0.0,0.012287581699346406,0.0,0.0,0.0,0.03272615004631059,0.27519197617928226,0.0169971671388102,0.03529210210724688,0.01756198347107438,0.041566103513006165,0.02923299565846599,0.07397215927484622,0.06570155902004454,0.006148686416992733
787,0.0,0.0,0.0,0.003537516291193446,0.0008116883116883117,0.00015436863229391788,0.0,0.0,0.0,0.0,0.0,0.0,0.0,0.0,0.0
797,0.0,0.0,0.0,0.0,0.0,0.0,0.009246199655226453,0.0,0.0,0.0,0.0,0.0,0.0,0.0,0.0
807,0.04222924446997989,0.0,0.0,0.0,0.0,0.00015436863229391788,0.0,0.0,0.0,0.0,0.0,0.0,0.0,0.003062360801781737,0.0
853,0.0,0.0,0.0,0.0,0.0016233766233766235,0.00015436863229391788,0.0,0.0,0.0,0.0,0.0,0.0,0.0,0.0,0.0
873,0.011060040218328066,0.0,0.0,0.0,0.0,0.0,0.0,0.0,0.0,0.0,0.0,0.0,0.0,0.0,0.002422209800633501
881,0.0,0.0,0.0,0.0007447402718301992,0.02353896103896104,0.00015436863229391788,0.0,0.0,0.0,0.0,0.0,0.0,0.0,0.0,0.0
893,0.0,0.0,0.0,0.0,0.0,0.0029330040135844395,0.0,0.0,0.010621894808977215,0.0,0.0,0.0011577424023154848,0.009711880867594691,0.0,0.0
904,0.0,0.0,0.0,0.0,0.0,0.0006174745291756715,0.0,0.01447906830343091,0.03375021415110502,0.0,0.0,0.004920405209840811,0.0032372936225315637,0.00027839643652561246,0.0
913,0.0,0.0,0.0,0.005957922174641594,0.0,0.00015436863229391788,0.0,0.0,0.0,0.0,0.0,0.0,0.0,0.0,0.0
915,0.0,0.0,0.0,0.0,0.0,0.0009262117937635072,0.005798464190565742,0.0,0.0,0.0,0.0,0.0,0.0,0.0,0.0
922,0.016087331226659007,0.0,0.0012159533073929961,0.0,0.0,0.0,0.0,0.0,0.0,0.0,0.0,0.0,0.0,0.0,0.0005589714924538849
933,0.0,0.0005228758169934641,0.0,0.0,0.0,0.04862611917258413,0.0001567152483936687,0.0,0.0,0.0,0.0,0.0,0.0,0.0,0.0
969,0.0,0.0,0.0,0.0003723701359150996,0.0,0.00015436863229391788,0.0,0.0,0.0,0.0,0.0,0.0,0.0,0.0,0.0
990,0.0,0.0,0.0,0.0,0.0,0.0,0.0,0.0,0.001027925304094569,0.0,0.0,0.0,0.0,0.0,0.0
991,0.0,0.0,0.0,0.0003723701359150996,0.0,0.00015436863229391788,0.0,0.0,0.0,0.0,0.0,0.0,0.0,0.0,0.0
1,0.00014363688595231256,0.0,0.0,0.0,0.0,0.0,0.0,0.0,0.0,0.0,0.0,0.0,0.0,0.0,0.0
2,0.0,0.0,0.0,0.005213181902811394,0.0,0.00015436863229391788,0.0,0.0,0.0,0.0,0.0,0.0,0.0,0.0,0.0
3,0.0,0.0,0.0,0.003909886427108546,0.0,0.00015436863229391788,0.0,0.0,0.0,0.0,0.0,0.0,0.0,0.0,0.0
4,0.0,0.0,0.0,0.0,0.0,0.0,0.0,0.0,0.0,0.0,0.0002681684097613301,0.0,0.0,0.0,0.0
5,0.0,0.0,0.0,0.0,0.0,0.0,0.0,0.0,0.0,0.0,0.0053633681952266025,0.0008683068017366136,0.0,0.0,0.0
7,0.0,0.0010457516339869282,0.0,0.0,0.0,0.0007718431614695894,0.0,0.0,0.0,0.0,0.0,0.0,0.0,0.00027839643652561246,0.0020495621389975778
8,0.0,0.0,0.0,0.0,0.0,0.0,0.0,0.0,0.0,0.0,0.0,0.0,0.0,0.0004175946547884187,0.0001863238308179616
9,0.001005458201666188,0.0010457516339869282,0.00048638132295719845,0.0011171104077452988,0.0008116883116883117,0.00216116085211485,0.0007835762419683435,0.0003147623544224111,0.0006852835360630461,0.002066115702479339,0.0002681684097613301,0.001447178002894356,0.0008093234056328909,0.0011135857461024498,0.0001863238308179616
10,0.0002872737719046251,0.0,0.0,0.0,0.0,0.0,0.0,0.0,0.0,0.0,0.0,0.0,0.0,0.0,0.0
11,0.0,0.0,0.0,0.0,0.0,0.0,0.0,0.0,0.0,0.0,0.0,0.0002894356005788712,0.0,0.0,0.0
12,0.0,0.0,0.0,0.0,0.0,0.00015436863229391788,0.0,0.0,0.0,0.0,0.0,0.0,0.0,0.0,0.0
13,0.0,0.000784313725490196,0.0,0.0,0.0,0.0,0.0,0.0,0.0,0.0,0.0,0.0,0.0,0.0,0.0
15,0.0,0.11372549019607843,0.0,0.0,0.0,0.0018524235875270144,0.0,0.0,0.0,0.05010330578512397,0.0005363368195226602,0.0,0.0,0.002923162583518931,0.0
14,0.0,0.12156862745098039,0.0,0.0,0.0,0.0018524235875270144,0.0,0.0,0.0,0.05010330578512397,0.0005363368195226602,0.0,0.0,0.002923162583518931,0.0
16,0.0,0.0,0.0,0.11078011543474213,0.12175324675324675,0.001234949058351343,0.0,0.0,0.0,0.0,0.0,0.0,0.0,0.0,0.0
17,0.00014363688595231256,0.0,0.0,0.0,0.0,0.0,0.0,0.0,0.0,0.0,0.0,0.0,0.0,0.0,0.0
18,0.0,0.0,0.00024319066147859923,0.0,0.0,0.0,0.0,0.0,0.0,0.0,0.0,0.0,0.0,0.0,0.0
19,0.0,0.001568627450980392,0.0,0.0,0.0,0.0,0.0,0.0,0.0,0.0,0.0,0.0,0.0,0.0,0.0
20,0.0,0.0,0.0,0.0,0.002435064935064935,0.00015436863229391788,0.0,0.0,0.0,0.0,0.0,0.0,0.0,0.0,0.0
21,0.0,0.0,0.0,0.0,0.0,0.0,0.0,0.0,0.0,0.0,0.0,0.0,0.0,0.00013919821826280623,0.0
22,0.0,0.0,0.0,0.0,0.0,0.00030873726458783575,0.0,0.0,0.0,0.0,0.0,0.0,0.0,0.0,0.0
23,0.0,0.0,0.0,0.0,0.0,0.00015436863229391788,0.0,0.0,0.0,0.0,0.0,0.0,0.0,0.0,0.0
24,0.0,0.00026143790849673205,0.0,0.0,0.0,0.0,0.0,0.0,0.008566044200788075,0.0,0.0,0.0,0.00048559404337973454,0.0,0.0
25,0.0,0.0,0.0,0.0,0.0,0.00015436863229391788,0.0,0.0,0.0,0.0,0.0,0.0,0.0,0.0,0.0
26,0.0,0.00026143790849673205,0.0,0.0,0.0,0.0,0.0,0.0,0.0,0.0,0.0,0.0,0.0,0.0,0.0
27,0.0,0.0,0.0,0.0,0.041396103896103896,0.00015436863229391788,0.0,0.0,0.0,0.0,0.0,0.0,0.0,0.0,0.0
28,0.0002872737719046251,0.0,0.0,0.0,0.0,0.0,0.020843128036357936,0.0,0.0,0.0,0.0,0.0,0.0,0.0,0.0
29,0.0,0.0005228758169934641,0.0,0.0,0.0,0.0,0.0,0.0,0.0,0.0,0.0,0.0,0.0,0.0,0.0
30,0.0,0.0,0.0,0.0,0.0,0.0,0.0004701457451810061,0.0,0.0,0.0,0.0,0.0,0.0,0.0,0.0
31,0.0,0.021176470588235293,0.0,0.0,0.0,0.028558196974374808,0.0,0.0,0.0,0.0,0.0,0.0,0.0,0.0015311804008908685,0.0001863238308179616
32,0.0,0.003137254901960784,0.0,0.0,0.0,0.0,0.0,0.0,0.0,0.0,0.0,0.0,0.0,0.00013919821826280623,0.0
34,0.0,0.0,0.0,0.0,0.0,0.0,0.0,0.0,0.0,0.0,0.0,0.0,0.0,0.0,0.002794857462269424
35,0.0,0.0,0.0,0.0,0.0,0.00015436863229391788,0.0,0.0,0.0,0.0,0.0,0.0,0.0,0.0,0.0
36,0.0,0.0,0.0,0.0,0.0,0.0004631058968817536,0.0,0.0,0.0,0.0,0.003218020917135961,0.0008683068017366136,0.0003237293622531564,0.0009743875278396437,0.0
37,0.0034472852628555013,0.0,0.0,0.0,0.0,0.0,0.0,0.0,0.0,0.0,0.0,0.0,0.0,0.0,0.0
38,0.0,0.001568627450980392,0.0,0.0,0.0,0.0189873417721519,0.0,0.0,0.015247558677402776,0.0,0.0002681684097613301,0.0,0.0006474587245063128,0.00626391982182628,0.0003726476616359232
39,0.0,0.0,0.0,0.0,0.0,0.0,0.0007835762419683435,0.0,0.0,0.0,0.0,0.0,0.0,0.0,0.0
40,0.0002872737719046251,0.0,0.0,0.0,0.0,0.0,0.0,0.0,0.0,0.0,0.0,0.0,0.0,0.0,0.0
41,0.0,0.0,0.0,0.0,0.0,0.0,0.0,0.0,0.0,0.0,0.02091713596138375,0.0,0.0,0.0,0.0
42,0.027865555874748635,0.0,0.03526264591439689,0.0007447402718301992,0.0008116883116883117,0.0029330040135844395,0.0003134304967873374,0.0018885741265344666,0.0013705670721260923,0.0,0.0002681684097613301,0.0002894356005788712,0.0,0.003062360801781737,0.0013042668157257314
43,0.0,0.0,0.009484435797665369,0.0,0.0,0.0,0.0,0.0,0.0,0.0,0.0,0.0,0.0,0.0,0.0
44,0.0,0.0,0.0,0.0,0.0,0.0,0.0,0.0,0.001027925304094569,0.0,0.0,0.0,0.0,0.0,0.0
45,0.0,0.0,0.0,0.0,0.0,0.0,0.0,0.0006295247088448222,0.0,0.0,0.0,0.0,0.0,0.0,0.0
46,0.0,0.0,0.0,0.0005585552038726494,0.0,0.00015436863229391788,0.0,0.0,0.0,0.0,0.0,0.0,0.0,0.0,0.0
47,0.0,0.0,0.0,0.021411282815118227,0.018668831168831168,0.00030873726458783575,0.0,0.0,0.0,0.0,0.0,0.0,0.0,0.0,0.0
48,0.0,0.0,0.0,0.0,0.0,0.0,0.0,0.0,0.0022271714922048997,0.0,0.0,0.0,0.0,0.0,0.0
50,0.0,0.0,0.007782101167315175,0.0,0.0,0.0,0.0,0.0,0.0,0.0,0.0,0.0,0.0,0.0,0.0
51,0.0,0.0,0.0,0.0,0.0,0.0,0.0001567152483936687,0.0015738117721120553,0.0,0.0,0.0,0.0,0.0,0.0,0.0
52,0.0,0.0,0.0,0.0,0.0,0.0,0.0001567152483936687,0.0,0.0,0.0,0.0,0.0,0.0,0.0,0.0
53,0.0,0.0,0.0,0.0,0.0,0.0007718431614695894,0.0,0.0,0.0,0.0,0.0,0.0,0.0014567821301392037,0.0,0.0
54,0.0002872737719046251,0.0,0.0,0.0,0.0,0.0,0.0,0.0,0.0,0.0,0.0,0.0,0.0,0.0,0.0
55,0.0,0.0,0.0,0.0001861850679575498,0.0,0.00015436863229391788,0.0,0.0,0.0,0.0,0.0,0.0,0.0,0.0,0.0
56,0.0,0.0,0.0,0.0,0.0,0.0,0.0,0.0,0.0,0.0,0.0,0.0,0.0012949174490126255,0.0,0.0
57,0.0,0.0,0.0,0.001861850679575498,0.0016233766233766235,0.00015436863229391788,0.0,0.0,0.0,0.0,0.0,0.0,0.0,0.0,0.0
58,0.0,0.0,0.0,0.0,0.0,0.0,0.0,0.0,0.0,0.0,0.0,0.0,0.0,0.0,0.002608533631451463
59,0.0,0.0,0.0,0.0,0.0,0.0,0.0,0.0,0.0,0.0,0.0,0.0031837916063675834,0.0,0.0,0.0
60,0.0,0.0,0.0,0.0,0.0,0.0,0.0,0.0,0.0,0.0,0.0,0.0,0.0,0.00013919821826280623,0.0
61,0.0,0.0,0.0,0.0,0.0,0.0,0.0,0.0006295247088448222,0.0,0.0,0.0,0.0,0.0,0.0,0.0
62,0.0,0.0,0.0,0.0,0.0,0.0,0.0,0.0,0.0,0.0,0.0002681684097613301,0.0023154848046309695,0.0,0.0,0.0
63,0.0,0.0,0.0,0.0,0.0,0.0,0.0006268609935746748,0.0,0.0,0.0,0.0,0.0,0.0,0.0,0.0
64,0.0,0.0,0.0,0.0,0.0,0.0,0.0,0.0,0.0,0.0005165289256198347,0.0,0.0,0.0,0.0,0.0
65,0.0,0.00026143790849673205,0.0,0.0,0.0,0.0,0.002194013477511362,0.0003147623544224111,0.00034264176803152307,0.0,0.0,0.0008683068017366136,0.0,0.001809576837416481,0.002981181293087386
66,0.0,0.0,0.0,0.0,0.0,0.0043223217042297,0.0,0.0,0.0,0.0,0.0,0.0,0.0,0.00027839643652561246,0.0
68,0.0,0.0,0.0,0.0,0.003246753246753247,0.00015436863229391788,0.0,0.0,0.0,0.0,0.0,0.0,0.0,0.0,0.0
69,0.004165469692617064,0.0,0.0,0.0,0.0,0.0,0.0,0.0,0.0,0.0,0.0,0.0,0.0,0.0,0.0
70,0.00617638609594944,0.00026143790849673205,0.0,0.0011171104077452988,0.0016233766233766235,0.004939796233405372,0.0003134304967873374,0.0012590494176896443,0.009251327736851122,0.0,0.0002681684097613301,0.0,0.0001618646811265782,0.001809576837416481,0.0005589714924538849
71,0.00014363688595231256,0.0,0.0,0.0,0.0,0.0,0.0,0.0,0.0,0.0,0.0,0.0,0.0,0.0,0.0
72,0.0,0.0,0.005107003891050584,0.0,0.0,0.0,0.0,0.0,0.0,0.0,0.0,0.0,0.0,0.0,0.0
73,0.0,0.0,0.0,0.0,0.0,0.0,0.0,0.0,0.0,0.0,0.0,0.0,0.0,0.0,0.003353828954723309
74,0.0,0.0,0.0,0.0,0.0,0.0,0.0,0.0,0.0,0.0,0.0,0.0,0.0003237293622531564,0.0,0.0
75,0.029589198506176386,0.0,0.0,0.0,0.0,0.0,0.0,0.0,0.0,0.0,0.0,0.0,0.0,0.0,0.0
76,0.00043091065785693766,0.0,0.0,0.0,0.0,0.0,0.0,0.0,0.0,0.0,0.0,0.0,0.0,0.0,0.0
77,0.0,0.0,0.0,0.0,0.0,0.00015436863229391788,0.0,0.0,0.0,0.0,0.0,0.0,0.0,0.0,0.0
78,0.0,0.0,0.0,0.0,0.0,0.00015436863229391788,0.0,0.0,0.0013705670721260923,0.0,0.0,0.0,0.0,0.0,0.0005589714924538849
79,0.0,0.00026143790849673205,0.0,0.0,0.0,0.0,0.0,0.0,0.0,0.0,0.0,0.0,0.0008093234056328909,0.003619153674832962,0.0
80,0.0,0.0,0.0,0.0,0.0,0.00015436863229391788,0.0,0.0,0.0008566044200788076,0.0,0.0,0.0,0.0,0.0,0.0
81,0.0,0.0,0.0,0.0,0.0,0.0,0.0,0.0,0.0,0.0,0.0,0.0,0.0,0.0019487750556792874,0.0
82,0.0005745475438092502,0.00026143790849673205,0.00024319066147859923,0.0,0.0,0.0,0.0,0.0,0.0,0.0,0.0002681684097613301,0.0,0.0,0.0,0.0
83,0.0,0.00026143790849673205,0.0,0.0,0.0,0.00030873726458783575,0.0,0.0,0.0027411341442521845,0.0,0.0002681684097613301,0.0,0.0011330527678860473,0.00515033407572383,0.0001863238308179616
84,0.0,0.001568627450980392,0.0,0.0,0.0,0.00015436863229391788,0.0,0.0,0.0,0.0,0.0005363368195226602,0.0,0.0029135642602784073,0.005289532293986637,0.0011179429849077697
85,0.0,0.0,0.0,0.0,0.0,0.0,0.0,0.0,0.0,0.0,0.0,0.0,0.0,0.0,0.0020495621389975778
86,0.0,0.0,0.0,0.0,0.0,0.0,0.0,0.0,0.0,0.0,0.009385894341646554,0.0,0.0,0.0,0.0
87,0.0,0.0,0.0,0.0,0.0,0.0,0.0004701457451810061,0.0,0.0,0.0,0.0,0.0,0.0,0.0,0.0
89,0.0,0.0,0.0,0.0,0.0,0.0,0.0,0.0,0.0,0.0,0.0,0.0034732272069464545,0.0,0.0,0.0
90,0.0,0.0,0.0,0.0,0.0,0.0,0.0,0.0,0.0,0.0,0.0,0.004341534008683068,0.0,0.0,0.0
91,0.0,0.0,0.0,0.0,0.0,0.0,0.0,0.0,0.0,0.0,0.0,0.0,0.0,0.0,0.002608533631451463
92,0.0,0.0,0.0,0.0001861850679575498,0.0,0.00015436863229391788,0.0,0.0,0.0,0.0,0.0,0.0,0.0,0.0,0.0
93,0.0,0.0,0.0,0.0,0.0008116883116883117,0.00015436863229391788,0.0,0.0,0.0,0.0,0.0,0.0,0.0,0.0,0.0
94,0.0,0.0,0.0,0.0,0.011363636363636364,0.00030873726458783575,0.0,0.0,0.0,0.0,0.0,0.0,0.0,0.0,0.0
95,0.0,0.0,0.010700389105058366,0.0,0.0,0.0,0.0,0.0,0.0,0.0,0.0,0.0,0.0,0.0,0.0
97,0.00014363688595231256,0.0,0.0,0.0,0.0,0.0,0.0,0.0,0.0,0.0,0.0,0.0,0.0,0.0,0.0
98,0.002298190175237001,0.0,0.0,0.0,0.0,0.0,0.0,0.0,0.0,0.0,0.0,0.0,0.0,0.0,0.0
99,0.0034472852628555013,0.0,0.0,0.0,0.0,0.0,0.0,0.0,0.0,0.0,0.0,0.0,0.0,0.0,0.0
100,0.0,0.0,0.0,0.0,0.0,0.0,0.0,0.0,0.0,0.0,0.0,0.0,0.0,0.0,0.008198248555990311
101,0.0,0.0,0.0,0.0,0.0,0.00030873726458783575,0.0,0.0,0.0,0.0,0.0,0.0,0.0,0.0,0.0
102,0.0,0.0,0.0,0.0,0.0,0.0,0.0,0.0,0.00034264176803152307,0.0,0.0,0.0,0.0,0.0,0.0
103,0.0,0.0,0.0,0.0,0.0,0.0,0.0,0.0,0.0,0.0,0.0,0.0,0.0,0.0041759465478841875,0.0
104,0.0,0.0,0.0,0.0,0.0,0.001389317690645261,0.0,0.0,0.0,0.0,0.0,0.0,0.0,0.0,0.0
106,0.0002872737719046251,0.0,0.0,0.0,0.0,0.0,0.0,0.0,0.0,0.0,0.0,0.0,0.0,0.0,0.0
105,0.0011490950876185005,0.0,0.0,0.0,0.0,0.0,0.0,0.0,0.0,0.0,0.0,0.0,0.0,0.0,0.0
107,0.0,0.0,0.0,0.0,0.0,0.0,0.0,0.0,0.0,0.0,0.0,0.0,0.0,0.00013919821826280623,0.0
108,0.0,0.0,0.0,0.0,0.0,0.0,0.0,0.0,0.0,0.0,0.0005363368195226602,0.0031837916063675834,0.0,0.0,0.0
109,0.0,0.0,0.0,0.0001861850679575498,0.0,0.00015436863229391788,0.0,0.0,0.0,0.0,0.0,0.0,0.0,0.0,0.0
110,0.0,0.0,0.0,0.0,0.0,0.0009262117937635072,0.0,0.0,0.0,0.0,0.0,0.0,0.0,0.0,0.0
111,0.0,0.0,0.0,0.0,0.0,0.007100957085520223,0.0,0.0,0.0,0.0,0.0,0.0,0.0,0.0,0.0
112,0.003160011490950876,0.0,0.003404669260700389,0.0,0.0,0.0,0.0,0.0,0.0,0.0,0.0,0.0,0.0,0.0,0.0
113,0.0,0.010718954248366013,0.0,0.0,0.0,0.0,0.0,0.0,0.0,0.0,0.0,0.0,0.0,0.0,0.0
114,0.0,0.0,0.0,0.0,0.0,0.0,0.0023507287259050304,0.0,0.0,0.0,0.0,0.0,0.0,0.0,0.0
115,0.0,0.0,0.0,0.0,0.0,0.0,0.0028208744710860366,0.0,0.00017132088401576153,0.0,0.0,0.0,0.0,0.0,0.0
116,0.0,0.0,0.0,0.0,0.003246753246753247,0.00015436863229391788,0.0,0.0,0.0,0.0,0.0,0.0,0.0,0.0,0.0
117,0.0,0.0,0.0,0.0,0.0,0.0,0.0003134304967873374,0.0,0.0,0.0,0.0,0.0,0.0,0.0,0.0
118,0.0,0.0,0.0,0.0,0.0,0.0004631058968817536,0.0,0.0003147623544224111,0.0,0.0,0.0,0.0,0.005503399158303658,0.006542316258351893,0.0013042668157257314
120,0.0,0.0,0.0,0.0,0.0,0.0,0.0017238677323303557,0.0,0.0,0.0,0.0,0.0,0.0,0.0,0.0
121,0.0,0.0,0.0,0.0,0.0,0.0,0.0007835762419683435,0.0,0.0,0.0,0.0,0.0,0.0,0.0,0.0
122,0.0,0.0,0.0,0.0,0.0,0.0,0.0,0.0,0.0,0.0,0.0,0.0,0.0,0.0015311804008908685,0.0
123,0.0,0.0,0.0,0.0,0.0,0.006637851188638469,0.0,0.0,0.0,0.0,0.0,0.0,0.0,0.0016703786191536749,0.0
124,0.0,0.0,0.0,0.0,0.0,0.002469898116702686,0.0,0.0,0.06424533150591057,0.019111570247933883,0.004290694556181282,0.0020260492040520984,0.0267076723858854,0.0013919821826280624,0.0011179429849077697
125,0.0,0.0,0.00024319066147859923,0.0,0.0,0.0,0.0,0.0,0.0,0.0,0.0,0.0,0.0,0.0,0.0
126,0.0,0.0,0.0,0.0,0.0,0.0,0.0,0.0,0.0,0.0,0.0,0.0,0.0,0.0015311804008908685,0.0
127,0.0,0.0,0.0,0.0,0.0,0.00030873726458783575,0.0,0.0,0.0,0.0,0.0,0.0,0.0,0.0,0.0
128,0.0,0.0,0.0,0.0,0.0,0.0,0.0,0.0,0.0,0.0,0.006436041834271922,0.0,0.0,0.0,0.0
129,0.003878195920712439,0.0,0.0,0.0,0.0,0.0,0.0,0.0,0.0,0.0,0.0,0.0,0.0,0.0,0.0
130,0.0,0.0,0.0,0.0,0.0,0.0009262117937635072,0.0,0.0,0.0,0.0,0.0,0.0002894356005788712,0.0001618646811265782,0.00027839643652561246,0.0
131,0.0,0.0,0.020671206225680933,0.0,0.0,0.0,0.0,0.0,0.0,0.0,0.0,0.0,0.0,0.0,0.0
132,0.0,0.0,0.0,0.0,0.0,0.0,0.0,0.0,0.0,0.0,0.0,0.0002894356005788712,0.0,0.0,0.0
133,0.0,0.0,0.0,0.0,0.0,0.00015436863229391788,0.0,0.0,0.0,0.0,0.0,0.0,0.0,0.0,0.0
134,0.0,0.0,0.0,0.0,0.0,0.0,0.0,0.0,0.0,0.0,0.0,0.0,0.0,0.00013919821826280623,0.0
135,0.0,0.0,0.00048638132295719845,0.0,0.0,0.0,0.0,0.0,0.0,0.0,0.0,0.0,0.0,0.0,0.0
136,0.0,0.0,0.0,0.0,0.0,0.0,0.0004701457451810061,0.0,0.0,0.0,0.0,0.0,0.0,0.0,0.0
137,0.0,0.0,0.0,0.0,0.0,0.0,0.0004701457451810061,0.0,0.0,0.0,0.0,0.0,0.0,0.0,0.0
138,0.0,0.0,0.0,0.0,0.0,0.0,0.0,0.0,0.0,0.0,0.003218020917135961,0.0023154848046309695,0.0,0.0,0.0
139,0.0,0.0,0.0007295719844357977,0.0,0.0,0.0,0.0,0.0,0.0,0.0,0.0,0.0,0.0,0.0,0.0
140,0.0,0.0,0.0,0.0,0.0,0.0,0.0001567152483936687,0.0,0.0,0.0,0.0,0.0,0.0,0.0,0.0
141,0.0,0.0,0.0,0.0,0.0,0.0,0.0,0.0,0.0023984923762206613,0.0,0.010994904800214535,0.0,0.0,0.0,0.0
142,0.0,0.0,0.0,0.000930925339787749,0.0,0.00015436863229391788,0.0,0.0,0.0,0.0,0.0,0.0,0.0,0.0,0.0
144,0.0,0.0,0.0,0.0,0.0,0.0,0.0,0.0,0.0,0.0,0.0,0.0,0.0,0.0,0.005589714924538848
145,0.0,0.0,0.0,0.0,0.0,0.0,0.004701457451810061,0.0,0.0,0.0,0.0,0.0,0.0,0.0,0.0
146,0.0,0.0,0.0,0.0,0.0,0.0,0.0,0.0,0.0,0.0010330578512396695,0.0,0.0,0.0,0.0,0.0
147,0.0,0.0,0.0,0.0011171104077452988,0.0,0.00015436863229391788,0.0,0.0,0.0,0.0,0.0,0.0,0.0,0.0,0.0
148,0.0,0.0,0.0,0.0003723701359150996,0.0,0.0,0.0,0.0,0.0,0.0,0.0,0.0,0.0,0.0,0.0
149,0.0,0.0,0.0,0.0,0.0,0.0,0.002194013477511362,0.0,0.0,0.0,0.0,0.0,0.0,0.0,0.0
150,0.00560183855214019,0.0,0.0,0.0,0.0,0.0,0.0,0.0,0.0,0.0,0.0,0.0,0.0,0.0,0.0
152,0.0,0.0,0.0,0.0,0.0,0.0,0.0,0.0,0.0,0.0,0.0,0.0,0.0,0.00027839643652561246,0.0
154,0.0,0.003137254901960784,0.0,0.0,0.0,0.0,0.0017238677323303557,0.0,0.0,0.0,0.037543577366586214,0.0017366136034732273,0.0,0.0,0.0
153,0.0,0.003137254901960784,0.0,0.0,0.0,0.0,0.0017238677323303557,0.0,0.0,0.0,0.037543577366586214,0.0017366136034732273,0.0,0.0,0.0
155,0.0,0.0,0.0,0.0007447402718301992,0.033279220779220776,0.00030873726458783575,0.0,0.0,0.0,0.0,0.0,0.0,0.0,0.0,0.0
156,0.0,0.0,0.0,0.0,0.0,0.0,0.0,0.0,0.0,0.0,0.0,0.0,0.0,0.00013919821826280623,0.0
157,0.0,0.0,0.0,0.0,0.0,0.0,0.0,0.0,0.0,0.0,0.0,0.005499276410998553,0.0,0.0,0.0
158,0.0,0.0,0.0007295719844357977,0.0,0.0,0.0,0.0,0.0,0.0,0.0,0.0,0.0,0.0,0.0,0.0
159,0.0,0.0,0.0,0.08322472537702476,0.048701298701298704,0.00015436863229391788,0.0,0.0,0.0,0.0,0.0008045052292839903,0.0,0.0,0.0,0.0
160,0.001292731973570813,0.0,0.0,0.0,0.0,0.0,0.0,0.0,0.0,0.0,0.0,0.0,0.0,0.0,0.0
161,0.003303648376903189,0.0,0.0,0.0,0.0,0.0,0.0,0.0,0.0,0.0,0.0,0.0,0.0,0.0,0.0
163,0.0,0.0,0.0,0.0,0.0,0.0,0.0,0.0,0.0,0.0,0.0,0.0,0.0,0.004315144766146993,0.0
165,0.0005745475438092502,0.0,0.0,0.0,0.0,0.0,0.0,0.0,0.0,0.0,0.0,0.0,0.0,0.0,0.0
166,0.0,0.0,0.0,0.0,0.0,0.0,0.0,0.0,0.0,0.0,0.0,0.0,0.0,0.00027839643652561246,0.0
168,0.0,0.0,0.0,0.0,0.0,0.0,0.0,0.0,0.0011992461881103306,0.0,0.0,0.0,0.0,0.0,0.0
169,0.001005458201666188,0.0,0.0,0.0,0.0,0.0030873726458783574,0.0,0.0,0.0,0.0,0.0,0.0,0.0,0.0,0.0
170,0.0,0.0,0.0017023346303501946,0.0,0.0,0.0,0.0,0.0,0.0,0.0,0.0,0.0,0.0,0.0,0.0
171,0.0,0.0,0.07368677042801557,0.0,0.0,0.0,0.0,0.0,0.0,0.0,0.0,0.0,0.0,0.0,0.0
172,0.0,0.0,0.0,0.0,0.0,0.0,0.0,0.0,0.0,0.0,0.0,0.0,0.0,0.0,0.0003726476616359232
173,0.005458201666187877,0.0,0.0014591439688715954,0.0,0.0,0.0,0.0,0.0,0.0,0.0,0.0,0.0,0.0,0.0,0.0
174,0.0,0.0,0.0,0.0,0.0,0.0,0.0,0.0,0.0,0.0,0.0,0.0,0.0,0.0,0.0031675051239053475
175,0.00043091065785693766,0.0,0.0,0.0,0.0,0.0,0.0,0.0,0.0,0.0,0.0,0.0,0.0,0.0,0.0
176,0.0,0.0,0.0,0.0,0.0,0.0018524235875270144,0.0,0.0,0.0,0.0,0.0,0.0,0.0,0.0,0.0
177,0.0002872737719046251,0.0,0.0,0.0,0.0,0.0,0.0,0.0,0.0,0.0,0.0,0.0,0.0,0.0,0.0
178,0.0,0.0,0.0,0.0,0.0,0.0,0.0023507287259050304,0.0,0.0,0.0,0.0,0.0,0.0,0.0,0.0
179,0.0,0.0,0.0009727626459143969,0.0,0.0,0.0,0.0,0.0,0.0,0.0,0.0,0.0,0.0,0.0,0.0
180,0.0002872737719046251,0.0,0.0,0.0,0.0,0.0,0.0,0.0,0.0,0.0,0.0,0.0,0.0,0.0,0.0
181,0.0,0.0,0.00024319066147859923,0.0,0.0,0.0,0.0,0.0,0.0,0.0,0.0,0.0,0.0,0.0,0.0
183,0.002010916403332376,0.0,0.0,0.0,0.0,0.0,0.0,0.0,0.0,0.0,0.0,0.0,0.0,0.0,0.0
182,0.0017236426314277506,0.0,0.0,0.0,0.0,0.0030873726458783574,0.0,0.0,0.0,0.0,0.0,0.0,0.0,0.0,0.0
184,0.0011490950876185005,0.0,0.0,0.0,0.0,0.0,0.0,0.0,0.0,0.0,0.0,0.0,0.0,0.0,0.0
185,0.0,0.0,0.0,0.0,0.0,0.0,0.0,0.0,0.0,0.0,0.0,0.0,0.0,0.00027839643652561246,0.0005589714924538849
186,0.0,0.0,0.0,0.0005585552038726494,0.0,0.0,0.0,0.0,0.0,0.0,0.0,0.0,0.0,0.0,0.0
187,0.0,0.0,0.0,0.0001861850679575498,0.0,0.00015436863229391788,0.0,0.0,0.0,0.0,0.0,0.0,0.0,0.0,0.0
188,0.0,0.0,0.0,0.0,0.0,0.0,0.0,0.0,0.0,0.0,0.0,0.00723589001447178,0.0,0.0,0.0
189,0.0,0.0,0.00024319066147859923,0.0,0.0,0.0,0.0,0.0,0.0,0.0,0.0,0.0,0.0,0.0,0.0
190,0.0,0.0,0.040126459143968875,0.0,0.0,0.0,0.0,0.0,0.0,0.0,0.0,0.0,0.0,0.0,0.0
191,0.0,0.0,0.0,0.0,0.0,0.0,0.006425325184140417,0.0,0.0,0.0,0.0,0.0,0.0,0.0,0.0
192,0.0037345590347601263,0.0,0.0,0.0,0.0,0.0,0.0,0.0,0.0,0.0,0.0,0.0,0.0,0.0,0.0
193,0.0,0.0,0.0,0.0,0.0,0.007409694350108058,0.0,0.0,0.0,0.0,0.0,0.0,0.0,0.0,0.0
194,0.0,0.0,0.0,0.0,0.0,0.0,0.0,0.0,0.0,0.0,0.0,0.0,0.0,0.0,0.0001863238308179616
195,0.0,0.0,0.0,0.0,0.0,0.002624266748996604,0.0,0.0,0.0,0.0,0.0,0.0,0.0,0.0,0.0
196,0.0,0.0,0.0,0.0,0.0,0.0,0.0,0.0,0.0,0.0,0.0,0.0,0.006960181288442862,0.0,0.0
197,0.0,0.0,0.0,0.0,0.0,0.0,0.0006268609935746748,0.0,0.0,0.0,0.0,0.0,0.0,0.0,0.0
198,0.0,0.00026143790849673205,0.0,0.0,0.0,0.0018524235875270144,0.0,0.0006295247088448222,0.0030837759122837073,0.0,0.0,0.0,0.0008093234056328909,0.008073496659242762,0.0003726476616359232
199,0.0,0.0,0.0,0.0,0.0,0.0,0.0,0.0,0.0,0.0,0.0,0.0,0.0006474587245063128,0.0,0.001490590646543693
200,0.0,0.0,0.0,0.0016756656116179481,0.0,0.00015436863229391788,0.0,0.0,0.0,0.0,0.0,0.0,0.0,0.0,0.0
201,0.0,0.0,0.0,0.0,0.0,0.0,0.0004701457451810061,0.0,0.0,0.0,0.0,0.0,0.0,0.0,0.0
202,0.0,0.0,0.0,0.0,0.0,0.01157764742204384,0.0,0.0,0.0,0.0,0.0,0.0,0.0,0.0,0.0
203,0.0,0.0,0.0,0.0,0.0,0.0,0.0,0.0,0.0,0.0,0.0,0.0,0.0,0.0,0.0001863238308179616
204,0.0,0.0,0.0,0.0,0.0,0.0,0.0,0.0,0.0,0.0,0.0,0.0,0.0,0.0,0.0001863238308179616
205,0.0,0.0,0.0,0.0024204058834481476,0.0,0.00015436863229391788,0.0,0.0,0.0,0.0,0.0,0.0,0.0,0.0,0.0
206,0.0,0.007320261437908497,0.0,0.0,0.0,0.0,0.0,0.0,0.0,0.0,0.0,0.0,0.0,0.0,0.000931619154089808
207,0.0,0.0,0.0,0.0,0.0,0.0,0.0,0.0,0.0,0.0,0.0,0.0,0.0,0.0006959910913140312,0.0
208,0.0,0.0,0.0,0.0,0.0,0.0,0.0,0.0,0.0,0.0,0.0,0.0,0.0008093234056328909,0.0,0.0
209,0.0,0.0,0.0017023346303501946,0.0,0.0,0.0,0.0,0.0,0.0,0.0,0.0,0.0,0.0,0.0,0.0
210,0.0,0.0,0.0,0.0,0.0,0.0,0.0,0.0,0.0,0.0005165289256198347,0.0,0.0,0.0,0.0,0.0
211,0.0,0.0,0.0,0.0,0.0,0.0,0.0,0.0,0.00017132088401576153,0.0,0.0,0.0,0.0,0.0,0.0
212,0.0,0.0,0.0,0.0,0.0,0.0,0.0,0.0066100094428706326,0.0,0.0,0.0,0.0,0.0,0.0,0.0
213,0.0,0.003137254901960784,0.0,0.0,0.0,0.007872800246989812,0.0,0.003462385898646522,0.018160013705670722,0.0,0.0,0.0,0.022013596633214633,0.017678173719376394,0.009502515371716043
214,0.0,0.0,0.0,0.003537516291193446,0.0,0.0004631058968817536,0.0,0.0,0.0,0.0,0.0,0.0,0.0,0.0,0.0
215,0.0,0.0,0.0,0.0,0.0,0.0,0.0,0.0,0.0017132088401576153,0.0,0.0,0.0,0.0,0.0,0.0
216,0.0,0.0,0.0,0.013591509960901136,0.020292207792207792,0.00030873726458783575,0.0,0.0,0.0,0.0,0.0,0.0,0.0,0.0,0.0
217,0.0,0.0,0.0,0.0,0.0,0.0,0.0012537219871493496,0.0,0.0,0.0,0.0,0.0,0.0,0.0,0.0
218,0.0,0.0,0.0,0.0020480357475330477,0.0,0.00030873726458783575,0.0,0.0,0.0,0.0,0.0,0.0,0.0,0.0,0.0
219,0.0,0.0,0.0,0.0,0.0,0.0,0.0,0.0,0.0,0.0,0.0,0.0,0.0,0.0,0.000931619154089808
220,0.0,0.0,0.0,0.0003723701359150996,0.0,0.00015436863229391788,0.0,0.0,0.0,0.0,0.0,0.0,0.0,0.0,0.0
221,0.0,0.0,0.004620622568093385,0.0,0.0,0.0,0.0,0.0,0.0,0.0,0.0,0.0,0.0,0.0,0.0
222,0.0,0.0,0.0,0.0003723701359150996,0.0,0.00015436863229391788,0.0,0.0,0.0,0.0,0.0,0.0,0.0,0.0,0.0
223,0.007612754955472565,0.0,0.0,0.0,0.0,0.0,0.0,0.0,0.0,0.0,0.0,0.0,0.0,0.0,0.0
224,0.0,0.0,0.04182879377431906,0.0,0.0,0.0,0.0,0.0,0.0,0.0,0.0,0.0,0.0,0.0,0.0
225,0.0,0.0,0.0,0.0,0.0,0.0,0.0,0.0,0.0,0.0,0.0,0.0,0.0,0.00027839643652561246,0.0
226,0.0,0.00026143790849673205,0.0,0.0,0.0,0.0,0.0,0.0,0.0,0.0,0.0,0.005788712011577424,0.0,0.0009743875278396437,0.0005589714924538849
227,0.0,0.0,0.0,0.001861850679575498,0.0,0.00015436863229391788,0.0,0.0,0.0,0.0,0.0,0.0,0.0,0.0,0.0
228,0.0,0.0,0.0,0.0,0.0,0.0,0.0,0.0,0.0,0.0,0.0002681684097613301,0.0011577424023154848,0.0,0.0,0.0
229,0.0,0.0,0.0,0.0011171104077452988,0.00487012987012987,0.00015436863229391788,0.0,0.0,0.0,0.0,0.0,0.0,0.0,0.0,0.0
230,0.0,0.0,0.0,0.0,0.0,0.0,0.0,0.0,0.0,0.0,0.0,0.0,0.0,0.0004175946547884187,0.0
231,0.0,0.0,0.0,0.0,0.0,0.0,0.0,0.0,0.0,0.0,0.0,0.0,0.0029135642602784073,0.0,0.0
232,0.0,0.0,0.0,0.0,0.0,0.0,0.0,0.0,0.0,0.0,0.0,0.0,0.0,0.0,0.0001863238308179616
233,0.0,0.0010457516339869282,0.0,0.0,0.0,0.002624266748996604,0.0,0.0,0.0,0.0,0.0,0.0,0.0,0.0019487750556792874,0.0001863238308179616
234,0.0,0.0,0.0,0.0,0.0,0.0,0.0,0.0,0.0,0.0,0.0013408420488066506,0.0,0.0001618646811265782,0.0,0.0
235,0.0,0.0,0.0,0.026252094582014524,0.056818181818181816,0.00015436863229391788,0.0,0.0,0.0,0.0,0.0,0.0,0.0,0.0,0.0
236,0.0030163746049985635,0.0,0.0,0.0,0.0,0.0,0.0,0.0,0.0,0.0,0.0,0.0,0.0,0.0,0.0
237,0.0,0.0,0.0,0.0007447402718301992,0.0,0.00030873726458783575,0.0,0.0,0.0,0.0,0.0,0.0,0.0,0.0,0.0
238,0.003303648376903189,0.0,0.0,0.0,0.0,0.0,0.0,0.0,0.0,0.0,0.0,0.0,0.0,0.0,0.0
239,0.0,0.0,0.0,0.0033513312232358963,0.0,0.00015436863229391788,0.0,0.0,0.0,0.0,0.0,0.0,0.0,0.0,0.0
240,0.0,0.0,0.0,0.0,0.0,0.0,0.0,0.0,0.0,0.0,0.0,0.025470332850940667,0.0,0.0,0.0
241,0.0,0.0,0.008268482490272374,0.0,0.0,0.0,0.0,0.0,0.0,0.0,0.0,0.0,0.0,0.0,0.0
242,0.0,0.0,0.0,0.0,0.0,0.00015436863229391788,0.0003134304967873374,0.0,0.0,0.0,0.04612496647894878,0.009261939218523878,0.0,0.0011135857461024498,0.0
243,0.0,0.0,0.0,0.0,0.0,0.00015436863229391788,0.0,0.0,0.0,0.0,0.0,0.0,0.0,0.0,0.0
244,0.0,0.0,0.0,0.0,0.005681818181818182,0.0,0.0,0.0,0.0,0.0,0.0,0.0,0.0,0.0,0.0
245,0.0,0.0,0.0,0.0,0.0,0.0016980549552330967,0.0,0.0,0.0,0.0,0.0,0.0,0.004046617028164455,0.0,0.003726476616359232
247,0.011921861534041941,0.00026143790849673205,0.0,0.0,0.0,0.00015436863229391788,0.0,0.0,0.0,0.0,0.0,0.0,0.0,0.00013919821826280623,0.0
248,0.0,0.0,0.0,0.0001861850679575498,0.0,0.0,0.0,0.0,0.0,0.0,0.0,0.0,0.0,0.0,0.0
249,0.0,0.0,0.0,0.0,0.0,0.0,0.0001567152483936687,0.0,0.0,0.0,0.0,0.0,0.0,0.0,0.0
250,0.0,0.0,0.0,0.0,0.0,0.0006174745291756715,0.0,0.0,0.0,0.0,0.0,0.0,0.0,0.0,0.0020495621389975778
251,0.0,0.0,0.0,0.0,0.0,0.0,0.0,0.0,0.0,0.0,0.026280504156610353,0.0,0.0,0.0,0.0
252,0.0,0.0,0.0,0.0,0.0008116883116883117,0.0,0.0,0.0,0.0,0.0,0.0,0.0,0.0,0.0,0.0
253,0.0,0.0,0.0,0.0,0.0,0.0,0.0,0.0,0.0,0.0,0.0,0.0,0.0,0.00013919821826280623,0.0
254,0.0,0.000784313725490196,0.0,0.0,0.0,0.0,0.0,0.0,0.0,0.0,0.0,0.0,0.0,0.0,0.0
255,0.0,0.0,0.0,0.0,0.0,0.010033961099104661,0.0,0.0,0.0,0.0,0.0,0.0,0.0,0.0,0.0
256,0.0,0.0,0.0,0.0,0.0,0.00030873726458783575,0.0,0.0,0.0,0.0,0.0,0.0,0.0,0.0,0.0
257,0.0002872737719046251,0.0,0.0,0.0,0.0,0.0,0.0,0.0,0.0,0.0,0.0,0.0,0.0,0.0,0.0
258,0.0,0.0,0.0,0.0,0.0,0.0,0.0,0.0,0.0,0.0,0.0,0.0,0.0,0.0,0.0001863238308179616
259,0.0,0.0,0.0,0.0,0.0,0.0,0.0,0.0,0.0,0.07954545454545454,0.002145347278090641,0.0,0.0,0.0,0.0
260,0.0,0.0,0.0,0.0,0.0,0.0,0.0,0.0,0.0,0.0,0.0,0.0,0.0,0.00027839643652561246,0.0
261,0.0,0.0,0.00024319066147859923,0.0,0.0,0.0,0.0,0.0,0.0,0.0,0.0,0.0,0.0,0.0,0.0
262,0.035191037058316575,0.001568627450980392,0.0024319066147859923,0.002606590951405697,0.004058441558441558,0.00216116085211485,0.002037298229117693,0.0009442870632672333,0.0037690594483467533,0.0,0.0013408420488066506,0.0002894356005788712,0.0006474587245063128,0.0009743875278396437,0.00577603875535681
263,0.0,0.0,0.0,0.0003723701359150996,0.0,0.00015436863229391788,0.0,0.0,0.0,0.0,0.0,0.0,0.0,0.0,0.0
264,0.0,0.0,0.0,0.0,0.0,0.0,0.0003134304967873374,0.0,0.0,0.0,0.0,0.0,0.0,0.0,0.0
265,0.0011490950876185005,0.0,0.0,0.0,0.0,0.0,0.0,0.0,0.0,0.0,0.0,0.0,0.0,0.0,0.0
266,0.0,0.0,0.0,0.0,0.0,0.0,0.0006268609935746748,0.0,0.0,0.0,0.0,0.0,0.0,0.0,0.0
267,0.0,0.0,0.0,0.0,0.0,0.0,0.0,0.0,0.0,0.0,0.0,0.0,0.0,0.0,0.02552636482206074
268,0.0,0.0,0.0,0.0,0.0,0.0,0.0,0.0,0.0,0.0,0.0,0.0,0.0,0.00013919821826280623,0.0
270,0.0,0.0,0.0,0.0,0.0,0.0,0.0,0.0,0.0,0.0,0.0,0.0,0.0,0.0022271714922048997,0.0
271,0.0,0.0,0.0,0.0,0.0,0.0,0.0028208744710860366,0.0,0.0,0.0,0.0,0.0,0.0,0.0,0.0
272,0.0,0.0,0.0,0.0,0.0,0.0,0.0009402914903620122,0.0,0.0,0.0,0.0,0.0,0.0,0.0,0.0
273,0.0,0.0,0.0,0.0,0.0,0.0,0.002664159222692368,0.0,0.0,0.0,0.0,0.0,0.0,0.0,0.0
274,0.017667336972134445,0.0005228758169934641,0.00316147859922179,0.015267175572519083,0.012987012987012988,0.006329113924050633,0.001567152483936687,0.007869058860560278,0.0030837759122837073,0.0010330578512396695,0.0,0.0005788712011577424,0.00178051149239236,0.001809576837416481,0.006707657909446618
275,0.0,0.0,0.0,0.003909886427108546,0.0,0.00015436863229391788,0.0,0.0,0.0,0.0,0.0,0.0,0.0,0.0,0.0
276,0.0,0.0,0.0,0.002792776019363247,0.0,0.00030873726458783575,0.0,0.0,0.0,0.0,0.0,0.0,0.0,0.0,0.0
277,0.0,0.019869281045751634,0.0,0.0,0.0,0.01018832973139858,0.012537219871493496,0.26628895184135976,0.14630803494946035,0.008264462809917356,0.0002681684097613301,0.0037626628075253256,0.06571706053739074,0.05164253897550111,0.03894168064095398
278,0.0,0.006013071895424837,0.0,0.0,0.0,0.0,0.0,0.0,0.0,0.0,0.0,0.0,0.004855940433797346,0.01071826280623608,0.13583007266629402
280,0.0,0.0,0.0,0.003537516291193446,0.0008116883116883117,0.00015436863229391788,0.0,0.0,0.0,0.0,0.0,0.0,0.0,0.0,0.0
281,0.0,0.0,0.0,0.0,0.0,0.0020067922198209326,0.0036044507130543802,0.07711677683349072,0.09336988178859003,0.006714876033057851,0.004290694556181282,0.0026049204052098407,0.023632243444480415,0.004454342984409799,0.007452953232718464
282,0.0,0.0,0.0,0.0,0.0,0.0,0.0,0.0,0.001027925304094569,0.0,0.0,0.0,0.0,0.0,0.0
283,0.0,0.0,0.0007295719844357977,0.0,0.0,0.0,0.0,0.0,0.0,0.0,0.0,0.0,0.0,0.0,0.0
284,0.0,0.0020915032679738564,0.0,0.0,0.0,0.0,0.0,0.0,0.0,0.0,0.0,0.0,0.0,0.0,0.0
285,0.0,0.0,0.0,0.0,0.0,0.0,0.0,0.0,0.0,0.0,0.0002681684097613301,0.0,0.0,0.00027839643652561246,0.0
286,0.0,0.0,0.0,0.0,0.0,0.0,0.0004701457451810061,0.0,0.0,0.0,0.0,0.0,0.0,0.0,0.0
287,0.0,0.0,0.0,0.00930925339787749,0.0008116883116883117,0.00030873726458783575,0.0,0.0,0.0,0.0,0.0,0.0,0.0,0.0,0.0
288,0.0,0.0,0.0,0.0,0.0,0.0,0.0009402914903620122,0.0,0.0,0.0,0.0,0.0,0.0,0.0,0.0
289,0.0,0.0,0.0,0.0,0.0,0.0,0.0,0.0,0.0018845297241733767,0.0,0.0,0.0,0.0,0.0,0.0
290,0.0,0.01019607843137255,0.0,0.0,0.0,0.01018832973139858,0.0001567152483936687,0.011016682404784388,0.017303409285591913,0.0,0.0002681684097613301,0.0002894356005788712,0.015377144707024927,0.029370824053452114,0.0020495621389975778
292,0.0,0.0,0.0,0.0001861850679575498,0.0,0.00015436863229391788,0.0,0.0,0.0,0.0,0.0,0.0,0.0,0.0,0.0
294,0.0,0.0,0.0007295719844357977,0.0,0.0,0.0,0.0,0.0,0.0,0.0,0.0,0.0,0.0,0.0,0.0
295,0.0,0.0,0.0,0.0,0.0,0.0,0.0,0.0,0.0,0.0,0.0002681684097613301,0.0,0.0,0.0,0.0
297,0.0,0.0,0.0,0.0,0.0,0.0,0.0,0.0,0.0,0.0,0.0,0.0,0.0,0.00013919821826280623,0.0
299,0.0,0.0,0.0,0.0,0.0,0.0,0.0,0.0,0.0,0.0,0.0,0.0,0.0,0.00013919821826280623,0.0
300,0.0,0.0,0.0,0.0,0.0,0.0,0.0,0.0,0.0,0.0,0.0005363368195226602,0.0,0.0,0.0,0.0
301,0.0,0.0,0.0,0.0,0.0,0.0,0.0,0.0,0.0,0.012913223140495868,0.0008045052292839903,0.0,0.0,0.0,0.0
302,0.0,0.0,0.0,0.0,0.0,0.0,0.0,0.0,0.018160013705670722,0.0,0.0002681684097613301,0.002894356005788712,0.0011330527678860473,0.0,0.0
303,0.0005745475438092502,0.0,0.0,0.0,0.0,0.0,0.0,0.0,0.0,0.0,0.0,0.0,0.0,0.0,0.0
304,0.0,0.0,0.0,0.0,0.012175324675324676,0.00015436863229391788,0.0,0.0,0.0,0.0,0.0,0.0,0.0,0.0,0.0
305,0.0,0.0,0.00024319066147859923,0.0,0.0,0.0,0.0,0.0,0.0,0.0,0.0,0.0,0.0006474587245063128,0.0,0.0
306,0.0,0.0,0.0,0.0,0.0,0.0,0.0,0.0,0.0,0.0005165289256198347,0.0002681684097613301,0.0,0.0,0.0,0.0
307,0.0,0.0,0.0,0.0,0.0,0.0004631058968817536,0.0,0.0,0.0,0.0,0.0,0.0,0.0,0.0,0.0
308,0.0,0.0,0.0,0.002792776019363247,0.022727272727272728,0.00015436863229391788,0.0,0.0,0.0,0.0,0.0,0.0,0.0,0.0,0.0
309,0.0,0.0,0.0012159533073929961,0.0,0.0,0.0,0.0,0.0,0.0,0.0,0.0,0.0,0.0,0.0,0.0
310,0.0,0.0,0.0,0.0,0.0,0.0,0.0,0.0,0.0,0.0,0.0002681684097613301,0.0,0.0,0.0,0.0
311,0.0,0.0,0.0,0.0,0.0,0.0,0.0,0.0,0.0,0.0,0.0,0.0,0.002751699579151829,0.0,0.0
312,0.0,0.0,0.0,0.0001861850679575498,0.0,0.0,0.0,0.0,0.0,0.0,0.0,0.0,0.0,0.0,0.0
313,0.0,0.0,0.0,0.0,0.0,0.0,0.0,0.0,0.0,0.0,0.0,0.0,0.0022661055357720947,0.0,0.0
314,0.0,0.0,0.0,0.0,0.0,0.00030873726458783575,0.0,0.0,0.0,0.0,0.0,0.0,0.0,0.0,0.0
315,0.0,0.0,0.0,0.0003723701359150996,0.0,0.00030873726458783575,0.0,0.0,0.0,0.0,0.0,0.0,0.0,0.0,0.0
316,0.009623671358804941,0.00026143790849673205,0.0007295719844357977,0.0003723701359150996,0.0,0.00015436863229391788,0.0003134304967873374,0.0009442870632672333,0.0,0.0025826446280991736,0.0,0.0002894356005788712,0.00048559404337973454,0.00013919821826280623,0.0005589714924538849
317,0.0,0.0,0.0,0.0,0.0,0.0,0.0001567152483936687,0.0,0.0,0.0,0.0,0.0,0.0,0.0,0.0
318,0.0,0.0,0.0,0.0053993669707689445,0.004058441558441558,0.00015436863229391788,0.0,0.0,0.0,0.0,0.0,0.0,0.0,0.0,0.0
319,0.0,0.0,0.0,0.0,0.0,0.0,0.0,0.0,0.0,0.0,0.0,0.0,0.0,0.00013919821826280623,0.0
320,0.0,0.0,0.0,0.0,0.0,0.00015436863229391788,0.0,0.0,0.0,0.0,0.0,0.0,0.0,0.0,0.0
321,0.0,0.0,0.0,0.006888847514429343,0.00487012987012987,0.00015436863229391788,0.0,0.0,0.0,0.0,0.0,0.0,0.0,0.0,0.0003726476616359232
322,0.0,0.0,0.0,0.0,0.0,0.0,0.0,0.0,0.0,0.0,0.0,0.0,0.0,0.0008351893095768374,0.0
323,0.0,0.0,0.00316147859922179,0.0,0.0,0.0,0.0,0.0,0.0,0.0,0.0,0.0,0.0,0.0,0.0
324,0.0,0.0,0.0,0.0,0.0,0.0,0.0,0.0,0.0,0.0,0.0002681684097613301,0.0,0.0,0.0,0.0
325,0.0,0.0,0.00048638132295719845,0.0,0.0,0.0,0.0,0.0,0.0,0.0,0.0,0.0,0.0,0.0,0.0
326,0.0,0.0,0.0,0.0,0.0,0.0,0.0,0.0,0.0,0.0,0.0,0.0,0.0,0.0,0.0001863238308179616
327,0.006032749209997127,0.0,0.00048638132295719845,0.0,0.0,0.0,0.0,0.0,0.0,0.0,0.0,0.0,0.0,0.0,0.0
328,0.0,0.0,0.0,0.0,0.0,0.0,0.0037611659614480487,0.0,0.0,0.0,0.0,0.0,0.0,0.0,0.0
329,0.0,0.0,0.0,0.0,0.0,0.0,0.0006268609935746748,0.0,0.0,0.0,0.0,0.0,0.0,0.0,0.0
330,0.0,0.0,0.0,0.0,0.0,0.0,0.0,0.0,0.0,0.0,0.0,0.0,0.0,0.0,0.0007452953232718465
331,0.0,0.0,0.0,0.0,0.0,0.0,0.0,0.0,0.0,0.0,0.0,0.0,0.0,0.0,0.000931619154089808
332,0.0,0.0020915032679738564,0.0,0.0,0.0,0.0,0.0,0.0,0.0,0.0,0.0,0.0,0.0019423761735189381,0.00027839643652561246,0.011179429849077696
333,0.0,0.0,0.005350194552529183,0.0,0.0,0.0,0.0,0.0,0.0,0.0,0.0,0.0,0.0,0.0,0.0
334,0.0,0.0,0.0,0.0,0.002435064935064935,0.00015436863229391788,0.0,0.0,0.0,0.0,0.0,0.0,0.0,0.0,0.0
336,0.0,0.0,0.0,0.0,0.0,0.0,0.0,0.0,0.0005139626520472845,0.0,0.0,0.0,0.0,0.0,0.0
337,0.0,0.00026143790849673205,0.0,0.0,0.0,0.0,0.0,0.0,0.011821140997087545,0.0,0.0,0.0005788712011577424,0.0008093234056328909,0.00013919821826280623,0.0020495621389975778
338,0.0,0.0,0.0,0.0,0.0,0.0,0.0001567152483936687,0.0,0.0,0.0,0.0,0.0,0.0,0.0,0.0
339,0.0,0.0,0.0,0.0,0.0,0.0,0.0,0.0,0.0,0.0,0.0,0.0,0.0,0.00027839643652561246,0.0
340,0.0,0.0,0.00024319066147859923,0.0,0.0008116883116883117,0.015436863229391787,0.0,0.0,0.0,0.0,0.0002681684097613301,0.0,0.0,0.0,0.0003726476616359232
341,0.0,0.0,0.0,0.0,0.0,0.0,0.0,0.0,0.0015418879561418537,0.0046487603305785125,0.0,0.0,0.0,0.0,0.0
342,0.0,0.0,0.0,0.0,0.002435064935064935,0.00015436863229391788,0.0,0.0,0.0,0.0,0.0,0.0,0.0,0.0,0.0
343,0.0,0.0,0.0,0.0,0.0,0.00030873726458783575,0.0,0.0,0.0,0.0,0.0,0.0,0.0,0.0,0.0
344,0.0,0.0,0.0,0.0,0.0016233766233766235,0.0,0.0,0.0,0.0,0.0,0.0,0.0,0.0,0.0,0.0
345,0.0,0.0,0.0,0.0020480357475330477,0.0,0.00015436863229391788,0.0,0.0,0.0,0.0,0.0,0.0,0.0,0.0,0.0
346,0.0,0.0,0.0,0.0,0.003246753246753247,0.00015436863229391788,0.0,0.0,0.0,0.0,0.0,0.0,0.0,0.0,0.0
347,0.0,0.0,0.009484435797665369,0.0,0.0,0.0,0.0,0.0,0.0,0.0,0.0,0.0,0.0,0.0,0.0
348,0.0,0.0,0.0,0.0001861850679575498,0.0,0.00015436863229391788,0.0,0.0,0.0,0.0,0.0,0.0,0.0,0.0,0.0
349,0.0,0.0,0.0,0.0,0.0,0.0,0.0,0.0,0.0,0.0,0.0,0.0,0.0,0.0,0.0001863238308179616
350,0.0,0.0,0.0,0.0,0.00974025974025974,0.0,0.0,0.0,0.0,0.0,0.0,0.0,0.0,0.0,0.0
351,0.0,0.0,0.0,0.0,0.0,0.0,0.0,0.0,0.001027925304094569,0.0,0.0,0.0,0.0,0.0,0.0
352,0.0,0.0,0.00316147859922179,0.0,0.0,0.0,0.0,0.0,0.0,0.0,0.0,0.0,0.0,0.0,0.0
353,0.002298190175237001,0.00026143790849673205,0.00024319066147859923,0.0,0.002435064935064935,0.0004631058968817536,0.0,0.0,0.0,0.0,0.0,0.0,0.0,0.0,0.0
354,0.0,0.0,0.0,0.0,0.0,0.00030873726458783575,0.0,0.0,0.0,0.0,0.0,0.0,0.0,0.0,0.0
355,0.0,0.0,0.0017023346303501946,0.0,0.0,0.0,0.0,0.0,0.0,0.0,0.0,0.0,0.0,0.0,0.0
356,0.0,0.0,0.0,0.0,0.0,0.0004631058968817536,0.0,0.0,0.0,0.0,0.0,0.0,0.0,0.0,0.0
357,0.0,0.0,0.0,0.0,0.0,0.003704847175054029,0.0,0.0,0.0,0.0,0.0,0.0,0.0,0.0,0.0
359,0.0,0.0,0.0,0.0,0.0,0.0,0.0,0.0,0.0,0.0,0.0,0.0,0.0,0.0,0.0001863238308179616
358,0.0,0.0,0.0,0.0,0.0,0.0,0.0,0.0,0.0,0.0,0.0,0.0,0.0,0.0,0.0001863238308179616
360,0.0,0.0,0.0,0.0,0.0,0.0,0.0,0.0,0.0,0.0,0.0,0.0,0.0,0.00027839643652561246,0.0
361,0.0,0.0,0.0,0.0,0.0,0.0007718431614695894,0.0,0.0,0.0,0.0,0.0,0.0,0.0,0.0,0.0
362,0.0,0.0,0.0,0.0,0.0,0.0,0.0,0.0,0.0,0.0,0.0,0.0,0.0,0.0,0.001490590646543693
363,0.0,0.0,0.0,0.0,0.0,0.0,0.0,0.0,0.0,0.0,0.0,0.0,0.0,0.0,0.0001863238308179616
365,0.0,0.0,0.0,0.0003723701359150996,0.0,0.00015436863229391788,0.0,0.0,0.0,0.0,0.0,0.0,0.0,0.0,0.0
367,0.0,0.0,0.0,0.0,0.0,0.0,0.0006268609935746748,0.0,0.0,0.0,0.0,0.0,0.0,0.0,0.0
368,0.0,0.0,0.0,0.0,0.0,0.0,0.0006268609935746748,0.0,0.0,0.0,0.0,0.0,0.0,0.0,0.0
369,0.0,0.0,0.0,0.0,0.0,0.0,0.008149192916470772,0.0,0.0,0.0,0.0,0.0,0.0,0.0,0.0
370,0.0,0.0,0.0017023346303501946,0.0,0.0,0.0,0.0,0.0,0.0,0.0,0.0,0.0,0.0,0.0,0.0
371,0.0,0.0,0.0,0.0,0.0,0.00015436863229391788,0.0,0.0,0.0,0.0,0.0,0.0,0.0,0.0,0.0
372,0.0,0.0,0.0,0.0,0.0,0.00015436863229391788,0.0,0.0,0.0,0.0,0.0,0.0,0.0,0.0,0.0
374,0.0,0.0,0.0,0.0,0.0,0.0,0.0,0.0,0.0,0.0,0.0,0.0,0.0,0.0009743875278396437,0.0
375,0.0,0.0,0.0,0.0,0.0,0.0,0.0003134304967873374,0.0,0.0,0.0,0.0,0.0,0.0,0.0,0.0
376,0.0,0.0,0.0,0.0003723701359150996,0.0,0.00015436863229391788,0.0,0.0,0.0,0.0,0.0,0.0,0.0,0.0,0.0
377,0.0,0.0,0.0,0.0005585552038726494,0.0,0.00015436863229391788,0.0,0.0,0.0,0.0,0.0,0.0,0.0,0.0,0.0
378,0.0,0.0,0.0,0.0,0.0,0.0,0.003291020216267043,0.0,0.0,0.0,0.0,0.0,0.0,0.0,0.0
379,0.0,0.0,0.0,0.0001861850679575498,0.0,0.00030873726458783575,0.0,0.0,0.0,0.0005165289256198347,0.0,0.0,0.0,0.0,0.0
380,0.0,0.0,0.00048638132295719845,0.0,0.0,0.0,0.0,0.0,0.0,0.0,0.0,0.0,0.0,0.0,0.0
381,0.00014363688595231256,0.0,0.0,0.0,0.0,0.0,0.0,0.0,0.0,0.0,0.0,0.0,0.0,0.0,0.0
382,0.003303648376903189,0.0,0.0,0.0,0.0,0.0,0.0,0.0,0.0,0.0,0.0,0.0,0.0,0.0,0.0
383,0.0,0.0,0.0,0.0,0.0,0.0,0.0,0.0,0.0,0.0,0.0,0.0,0.0,0.00027839643652561246,0.0
384,0.0,0.0,0.00048638132295719845,0.0,0.0,0.0,0.0,0.0,0.0,0.0,0.0,0.0,0.0,0.0,0.0
385,0.0,0.0,0.0,0.0,0.0,0.0,0.0006268609935746748,0.0,0.0,0.0,0.0,0.0,0.0,0.0,0.0
387,0.0,0.00392156862745098,0.0,0.0,0.0,0.0004631058968817536,0.009089484406832785,0.0,0.011649820113071783,0.0,0.02038079914186109,0.002894356005788712,0.009388151505341535,0.010857461024498886,0.017514440096888392
388,0.00014363688595231256,0.0,0.0,0.0,0.0,0.0,0.0,0.0,0.0,0.0,0.0,0.0,0.0,0.0,0.0
389,0.0,0.0,0.0,0.0,0.0,0.0,0.0,0.0,0.00034264176803152307,0.0,0.0,0.0,0.0,0.0,0.0
390,0.0,0.0,0.0,0.0001861850679575498,0.0,0.00015436863229391788,0.0,0.0,0.0,0.0,0.0,0.0,0.0,0.0,0.0
391,0.0,0.00026143790849673205,0.0,0.0,0.0,0.0,0.0,0.0,0.0,0.0,0.0,0.0,0.0,0.0,0.0
392,0.0,0.0,0.0,0.0,0.0,0.0,0.0,0.0,0.0,0.0,0.0,0.0,0.0,0.00027839643652561246,0.0
393,0.0,0.0,0.0,0.0,0.0,0.0,0.0,0.0,0.0,0.0,0.0,0.0,0.0,0.0,0.000931619154089808
394,0.0,0.0,0.0,0.0,0.0,0.0,0.0,0.0,0.0,0.0,0.0,0.0,0.0,0.0,0.0001863238308179616
395,0.0,0.0,0.0,0.0,0.0,0.0,0.00846262341325811,0.0,0.0,0.0,0.0,0.0,0.0,0.0,0.0
396,0.0,0.0,0.0,0.0,0.0,0.0,0.0,0.0,0.0,0.0,0.0,0.0,0.0,0.00027839643652561246,0.0
397,0.0,0.0,0.0,0.0,0.0,0.0,0.0025074439742986993,0.0,0.0,0.0,0.0,0.0,0.0,0.0,0.0
398,0.0,0.0,0.0,0.0,0.0,0.0,0.0,0.0,0.0,0.0,0.0,0.0,0.0,0.0,0.015464877957890814
399,0.0,0.00026143790849673205,0.0,0.0,0.0,0.0,0.0,0.0,0.0,0.0,0.0,0.0,0.0,0.0,0.0
400,0.0,0.00130718954248366,0.0,0.0,0.0,0.007872800246989812,0.0,0.0,0.0,0.0,0.0,0.0,0.0,0.0059855233853006685,0.0005589714924538849
401,0.0,0.0,0.0,0.002792776019363247,0.0008116883116883117,0.00015436863229391788,0.0,0.0,0.0,0.0,0.0,0.0,0.0,0.0,0.0
402,0.0,0.0,0.0,0.0,0.0,0.0,0.0072089014261087605,0.0,0.0,0.0,0.0,0.0,0.0,0.0,0.0
403,0.00014363688595231256,0.0,0.0,0.0,0.0,0.0,0.004074596458235386,0.0,0.0,0.0,0.0,0.0002894356005788712,0.0,0.0,0.0
404,0.0,0.0,0.0,0.0,0.0,0.00015436863229391788,0.0,0.0,0.0,0.0,0.0,0.0,0.0,0.0,0.0
405,0.0,0.0,0.0048638132295719845,0.0,0.0,0.0,0.0,0.0,0.0,0.0,0.0,0.0,0.0,0.0,0.0
406,0.00014363688595231256,0.0,0.0,0.0,0.0,0.0,0.0,0.0,0.0,0.0,0.0,0.0,0.0,0.0,0.0
407,0.0,0.0,0.0,0.002792776019363247,0.0,0.00015436863229391788,0.0,0.0,0.0,0.0,0.0,0.0,0.0,0.0,0.0
408,0.0,0.0,0.0,0.0,0.0,0.0,0.0,0.0,0.0,0.0,0.0,0.0,0.0,0.0,0.0001863238308179616
409,0.0,0.0,0.0,0.0,0.0,0.0,0.0,0.0,0.0,0.0,0.0,0.0031837916063675834,0.0,0.0,0.0
410,0.0,0.002875816993464052,0.0,0.0,0.0,0.0,0.0,0.0,0.0,0.0,0.0,0.0,0.0,0.0,0.0
411,0.0,0.0,0.0,0.0001861850679575498,0.0,0.0,0.0,0.0,0.0,0.0,0.0,0.0,0.0,0.0,0.0
412,0.0,0.00026143790849673205,0.0,0.0,0.0,0.0,0.0,0.0,0.0,0.0,0.0,0.0,0.0001618646811265782,0.0,0.003540152785541271
413,0.0,0.0,0.0,0.0,0.0,0.0,0.0,0.0,0.0,0.0,0.0,0.0,0.0,0.0,0.002794857462269424
414,0.0,0.0,0.0916828793774319,0.0,0.0,0.0,0.0,0.0,0.0,0.0,0.0,0.0,0.0,0.0,0.0
415,0.0,0.02091503267973856,0.0,0.0,0.0,0.0015436863229391787,0.0009402914903620122,0.0,0.00017132088401576153,0.0,0.0,0.0,0.004208481709291033,0.00515033407572383,0.010806782187441773
416,0.0,0.0,0.0,0.0,0.0,0.0,0.0,0.0,0.0,0.0,0.0,0.0,0.0003237293622531564,0.0,0.0
417,0.0,0.0,0.0,0.0,0.0,0.0,0.0017238677323303557,0.0,0.0,0.0,0.0,0.0,0.0,0.0,0.0
418,0.0,0.0,0.007538910505836576,0.0,0.0,0.0,0.0,0.0,0.0,0.0,0.0,0.0,0.0,0.0,0.0
419,0.0,0.0,0.0,0.0,0.0,0.00015436863229391788,0.0,0.0,0.0,0.0,0.0,0.0,0.0,0.0,0.0
420,0.0,0.0,0.0,0.0,0.0,0.0,0.0003134304967873374,0.0,0.0,0.0,0.0,0.0,0.0,0.0,0.0
421,0.0,0.0,0.007782101167315175,0.0,0.0,0.0,0.0,0.0,0.0,0.0,0.0,0.0,0.0,0.0,0.0
422,0.0,0.0,0.0,0.0,0.0,0.0,0.0,0.0,0.0,0.0,0.0,0.0,0.0,0.0,0.0005589714924538849
423,0.00014363688595231256,0.0,0.0,0.0,0.0,0.0,0.0,0.0,0.00017132088401576153,0.0005165289256198347,0.0,0.0,0.0,0.0,0.0001863238308179616
424,0.0,0.0,0.0012159533073929961,0.0,0.0,0.0,0.0,0.0,0.0,0.0,0.0,0.0,0.0,0.0,0.0
425,0.0,0.0,0.0,0.0,0.0,0.0,0.0,0.0,0.0,0.0,0.0,0.0,0.0,0.0,0.002422209800633501
426,0.0,0.0,0.0,0.0,0.0,0.0,0.0,0.0,0.0,0.0,0.0,0.0,0.0,0.00013919821826280623,0.0
427,0.0,0.0,0.0,0.0,0.0,0.0,0.0,0.0,0.0006852835360630461,0.0,0.0,0.0,0.0,0.0,0.0
428,0.003303648376903189,0.0,0.0,0.0,0.0,0.0,0.0,0.0,0.0,0.0,0.0,0.0,0.0,0.0,0.0
429,0.004165469692617064,0.0,0.0,0.0,0.0,0.0,0.0,0.0,0.0,0.0,0.0,0.0,0.0,0.0,0.0
430,0.0,0.0,0.0,0.004840811766896295,0.0008116883116883117,0.00015436863229391788,0.0,0.0,0.0,0.0,0.0,0.0,0.0,0.0,0.0
431,0.0,0.0,0.020671206225680933,0.0,0.0,0.0,0.0,0.0,0.0,0.0,0.0,0.0,0.0,0.0,0.0
432,0.0,0.0,0.0,0.0,0.0,0.00030873726458783575,0.0,0.0,0.0,0.0,0.0,0.0,0.0,0.0,0.0
433,0.0,0.0005228758169934641,0.0,0.0,0.0,0.021302871256560666,0.0,0.0,0.0,0.0,0.0,0.0,0.0,0.024498886414253896,0.001863238308179616
434,0.0,0.0,0.0026750972762645915,0.0,0.0,0.0,0.0,0.0,0.0,0.0,0.0,0.0,0.0,0.0,0.0
435,0.0,0.0,0.0,0.0,0.0,0.0,0.0,0.0,0.0,0.0,0.0,0.0,0.0,0.0,0.003912800447177194
436,0.0,0.00026143790849673205,0.0,0.0,0.0,0.00015436863229391788,0.0,0.0,0.0,0.0,0.0,0.0,0.0,0.0026447661469933183,0.0
438,0.0,0.010718954248366013,0.0,0.0,0.0,0.019450447669033654,0.0,0.0006295247088448222,0.039746445091656674,0.0030991735537190084,0.0013408420488066506,0.0011577424023154848,0.22143088378115894,0.16411469933184855,0.021240916713247623
439,0.0,0.04,0.0,0.0,0.0,0.09817845013893177,0.0,0.0,0.0,0.0,0.0,0.0,0.0,0.0037583518930957684,0.0013042668157257314
440,0.0,0.0,0.01240272373540856,0.0,0.0,0.0,0.0,0.0,0.0,0.0,0.0,0.0,0.0,0.0,0.0
441,0.0,0.0,0.0,0.0,0.0,0.00015436863229391788,0.0,0.0,0.0,0.0,0.0,0.0,0.0,0.0,0.0
442,0.001005458201666188,0.0,0.0,0.0,0.0,0.0,0.0,0.0,0.0,0.0,0.0,0.0,0.0,0.0,0.0
443,0.0,0.0,0.0,0.0,0.0,0.0,0.0,0.0,0.0,0.0,0.0002681684097613301,0.0,0.0,0.0,0.0
444,0.0,0.0,0.0,0.0,0.0,0.0,0.001097006738755681,0.0,0.0,0.0,0.013676588897827836,0.0005788712011577424,0.0,0.0,0.0
445,0.0,0.0,0.0,0.0,0.0,0.0,0.0,0.0,0.0,0.0,0.0,0.0002894356005788712,0.0,0.0,0.0
446,0.0021545532892846882,0.0,0.0,0.0,0.0,0.0,0.0,0.0,0.0,0.0,0.0,0.0,0.0,0.0,0.0
447,0.0,0.0,0.0,0.0,0.0,0.0,0.0012537219871493496,0.0,0.0,0.0,0.0,0.0,0.0,0.0,0.0
448,0.00014363688595231256,0.0,0.0,0.0,0.003246753246753247,0.00015436863229391788,0.0,0.0,0.0,0.0,0.0,0.0,0.0,0.0,0.0
449,0.0,0.0,0.0,0.0,0.0,0.0,0.0,0.0,0.0,0.0,0.0002681684097613301,0.0,0.0,0.0,0.0
450,0.0,0.0,0.0,0.0,0.0,0.0,0.0004701457451810061,0.0,0.0,0.0,0.0,0.0,0.0,0.0,0.0
452,0.0018672795173800632,0.0,0.0,0.0,0.0,0.0,0.0,0.0,0.0,0.0,0.0,0.0,0.0,0.0,0.0
453,0.0,0.0,0.0,0.0,0.0,0.0,0.0,0.0,0.0,0.0,0.0,0.0,0.0,0.0006959910913140312,0.0
454,0.00043091065785693766,0.0,0.0,0.0,0.0,0.0,0.0,0.0,0.0,0.0,0.0,0.0,0.0,0.0,0.0
455,0.0,0.0,0.0009727626459143969,0.0,0.0,0.0,0.0,0.0,0.0,0.0,0.0,0.0,0.0,0.0,0.0
456,0.00014363688595231256,0.0,0.0,0.0,0.0,0.0,0.0,0.0,0.0,0.0,0.0,0.0,0.0,0.0,0.0
457,0.01292731973570813,0.0,0.0,0.0,0.0,0.0,0.0,0.0,0.0,0.0,0.0,0.0,0.0,0.0006959910913140312,0.0
458,0.00014363688595231256,0.0,0.0,0.0,0.0,0.0,0.0,0.0,0.0,0.0,0.0,0.0,0.0,0.0,0.0
459,0.0,0.0,0.005350194552529183,0.0,0.0,0.0,0.0,0.0,0.0,0.0,0.0,0.0,0.0,0.0,0.0
460,0.0,0.0,0.0,0.0,0.0,0.0,0.0001567152483936687,0.0,0.0,0.0,0.0,0.0,0.0,0.0,0.0
462,0.0,0.0,0.0,0.0,0.0,0.0,0.0,0.0,0.0,0.0,0.0,0.0,0.0,0.0,0.0001863238308179616
463,0.001005458201666188,0.0,0.0,0.0,0.0,0.0,0.0,0.0,0.0,0.0,0.0,0.0,0.0,0.00013919821826280623,0.0
464,0.0,0.0,0.0,0.0,0.0,0.0,0.0,0.0,0.0,0.0,0.0,0.0,0.0,0.0,0.0016769144773616546
465,0.0,0.0,0.004134241245136187,0.0,0.0,0.0,0.0,0.0,0.0,0.0,0.0,0.0,0.0,0.0,0.0
466,0.0,0.0,0.0,0.0,0.0,0.0,0.009089484406832785,0.0,0.0,0.0,0.0,0.0,0.0,0.0,0.0
468,0.0,0.0,0.0,0.0,0.0,0.0,0.0,0.0,0.00017132088401576153,0.0,0.0,0.0,0.0,0.0,0.0
469,0.0,0.0,0.0,0.007447402718301992,0.0,0.00030873726458783575,0.0,0.0,0.0,0.0,0.0,0.0,0.0,0.0,0.0
470,0.0,0.0,0.0,0.0,0.0,0.0,0.0,0.0,0.0,0.0,0.0,0.0,0.0,0.0,0.0001863238308179616
471,0.0,0.0,0.0,0.03239620182461367,0.0008116883116883117,0.00015436863229391788,0.0,0.0,0.0,0.0,0.0,0.0,0.0,0.0,0.0
472,0.0,0.0,0.0,0.0,0.0,0.0,0.0,0.0,0.0,0.0,0.0,0.0,0.0012949174490126255,0.0,0.0
473,0.0,0.0,0.0,0.0,0.0,0.0,0.0006268609935746748,0.012590494176896443,0.0,0.0,0.0,0.0,0.0,0.0,0.0
474,0.0,0.008104575163398693,0.0,0.0,0.0,0.007564062982401976,0.0,0.0,0.0,0.0,0.0,0.0,0.0001618646811265782,0.004036748329621381,0.006335010247810695
475,0.0,0.0,0.07247081712062257,0.0,0.0,0.0,0.0,0.0,0.0,0.0,0.0,0.0,0.0,0.0,0.0
476,0.0,0.0,0.0,0.0,0.0,0.0,0.0007835762419683435,0.0,0.0,0.0,0.0,0.0,0.0,0.0,0.0
478,0.0,0.0,0.0,0.0,0.0,0.0,0.0001567152483936687,0.0,0.0,0.0,0.0,0.0,0.0,0.0,0.0
479,0.0,0.0,0.0,0.0,0.0,0.0,0.0,0.0,0.0,0.0,0.0,0.0008683068017366136,0.0,0.0,0.0
480,0.0,0.0,0.013375486381322957,0.0,0.0,0.0,0.0,0.0,0.0,0.0,0.0,0.0,0.0,0.0,0.0
481,0.0,0.008104575163398693,0.0,0.0,0.0,0.0,0.0,0.0,0.0,0.0,0.0,0.0,0.0,0.0,0.0
482,0.0,0.0,0.0,0.003909886427108546,0.002435064935064935,0.00015436863229391788,0.0,0.0,0.0,0.0,0.0,0.0,0.0,0.0,0.0
483,0.0,0.0,0.0,0.0003723701359150996,0.0,0.0,0.0,0.0,0.0,0.0,0.0,0.0,0.0,0.0,0.0
484,0.0,0.004705882352941176,0.0,0.0,0.0,0.0,0.0,0.0,0.0,0.0,0.0,0.0,0.0,0.0,0.0
485,0.0,0.0,0.0,0.0,0.0,0.0,0.002664159222692368,0.0,0.0,0.0,0.0,0.0,0.0,0.0,0.0
486,0.0,0.0,0.0,0.0,0.0,0.0,0.0,0.0,0.0,0.0,0.0,0.0,0.0,0.0,0.0054033910937208865
488,0.004021832806664752,0.0,0.0,0.0,0.0,0.0,0.0,0.0,0.0,0.0,0.0,0.0,0.0,0.0,0.0
489,0.0,0.0,0.0,0.0,0.0,0.0,0.0,0.0,0.0,0.0,0.0002681684097613301,0.0,0.0,0.0,0.0
490,0.0,0.0,0.0,0.0,0.0,0.0006174745291756715,0.0,0.0,0.0,0.0,0.0,0.0,0.0,0.0,0.0072666294019005035
491,0.0,0.0,0.0,0.0,0.0,0.0,0.0,0.0,0.00017132088401576153,0.0,0.0,0.0,0.0,0.0,0.0
493,0.0,0.0,0.0,0.0,0.0,0.0,0.0006268609935746748,0.0,0.0,0.0,0.0,0.0,0.0,0.0,0.0
494,0.0,0.0,0.0,0.0,0.0,0.0,0.0,0.0,0.0,0.0,0.0,0.0,0.0,0.0005567928730512249,0.0
495,0.0,0.00026143790849673205,0.0,0.0,0.0,0.0,0.0,0.0,0.0,0.0,0.0,0.0,0.0001618646811265782,0.0,0.0
496,0.0,0.0,0.0,0.0,0.0,0.0018524235875270144,0.0,0.0,0.0,0.0,0.0,0.0,0.0,0.0,0.0
497,0.0,0.0,0.0,0.0,0.0,0.001080580426057425,0.0,0.0,0.0,0.0,0.0,0.0,0.0,0.0,0.0
498,0.0,0.0,0.0,0.0,0.0,0.0,0.0003134304967873374,0.0,0.0,0.0,0.0,0.0,0.0,0.0,0.0
499,0.0,0.0,0.00024319066147859923,0.0,0.0,0.0,0.0,0.0,0.0,0.0,0.0,0.0,0.0,0.0,0.0
500,0.0,0.0,0.0,0.0,0.0,0.0,0.0,0.0,0.0,0.0,0.0,0.0,0.0001618646811265782,0.0,0.0
502,0.016230968112611318,0.0,0.0,0.0,0.0,0.0,0.0,0.0,0.0,0.0,0.0,0.0,0.0,0.00027839643652561246,0.0
503,0.0,0.00026143790849673205,0.0,0.0,0.0,0.0,0.0,0.0,0.0,0.0,0.0,0.0,0.0,0.0,0.0
504,0.0,0.0067973856209150325,0.0,0.0,0.0,0.0,0.0,0.0,0.0,0.0,0.0,0.0,0.0,0.0,0.0
505,0.0,0.0,0.0009727626459143969,0.0,0.0,0.0,0.0,0.0,0.0,0.0,0.0,0.0,0.0,0.0,0.0
506,0.0,0.0,0.0,0.0,0.0,0.0,0.0006268609935746748,0.0,0.0,0.0,0.0,0.0,0.0,0.0,0.0
507,0.0,0.0,0.0,0.0,0.0,0.0,0.0037611659614480487,0.0,0.0,0.0,0.0,0.0,0.0,0.0,0.0
508,0.0,0.0,0.0,0.0013032954757028485,0.0,0.00015436863229391788,0.0,0.0,0.0,0.0,0.0,0.0,0.0,0.0,0.0
509,0.0,0.0,0.0,0.0,0.0,0.0,0.0014104372355430183,0.0,0.0,0.0,0.0,0.0,0.0,0.0,0.0
510,0.00014363688595231256,0.0,0.0,0.0,0.0,0.0,0.0,0.0,0.0,0.0,0.0,0.0,0.0,0.0,0.0
511,0.0002872737719046251,0.0,0.0,0.0,0.0,0.0,0.0,0.0,0.0,0.0,0.0,0.0,0.0,0.0,0.0
512,0.0021545532892846882,0.0,0.0,0.0,0.0,0.0,0.0,0.0,0.0,0.0,0.0,0.0,0.0,0.0,0.0
513,0.0,0.0,0.0,0.0,0.0,0.0006174745291756715,0.0,0.011960969468051622,0.03940380332362515,0.0025826446280991736,0.0,0.0008683068017366136,0.0009711880867594691,0.0,0.0
514,0.0,0.0,0.0,0.0001861850679575498,0.0,0.00015436863229391788,0.0,0.0,0.0,0.0,0.0,0.0,0.0,0.0,0.0
515,0.0,0.0,0.0,0.004654626698938745,0.0,0.00030873726458783575,0.0,0.0,0.0,0.0,0.0,0.0,0.0,0.0,0.0
517,0.0,0.0,0.0,0.0,0.0,0.0,0.0,0.0003147623544224111,0.0,0.0,0.0,0.0,0.0,0.0,0.0
518,0.0,0.0,0.0,0.0007447402718301992,0.0,0.00015436863229391788,0.0,0.0,0.0,0.0,0.0,0.0,0.0,0.0,0.0
519,0.0,0.0,0.0009727626459143969,0.0,0.0,0.0,0.0,0.0,0.0,0.0,0.0,0.0,0.0,0.0,0.0
520,0.0,0.000784313725490196,0.0,0.0,0.0,0.002778635381290522,0.0017238677323303557,0.024866225999370474,0.024327565530238137,0.0,0.0008045052292839903,0.0,0.03820006474587245,0.03382516703786192,0.013601639649711198
521,0.0,0.0,0.0,0.0,0.0,0.0,0.0,0.0,0.00017132088401576153,0.0,0.0,0.0,0.0,0.0,0.0
522,0.0,0.0,0.0,0.0001861850679575498,0.0,0.00015436863229391788,0.0,0.0,0.0,0.0,0.0,0.0,0.0,0.0,0.0
523,0.0,0.0,0.0,0.0,0.0,0.0,0.0,0.0,0.0,0.0,0.0,0.0,0.0,0.00013919821826280623,0.0
524,0.0,0.0,0.0,0.0,0.0,0.0,0.0,0.0,0.0,0.0,0.0,0.0,0.0,0.0004175946547884187,0.0
525,0.0,0.0,0.0,0.0,0.0,0.0,0.0007835762419683435,0.0,0.0,0.0,0.0,0.0,0.0,0.0,0.0
526,0.0,0.0,0.00024319066147859923,0.0,0.0,0.0,0.0,0.0,0.0,0.0,0.0,0.0,0.0,0.0,0.0
527,0.00014363688595231256,0.0,0.0,0.0,0.0,0.0,0.0,0.0,0.0,0.0,0.0,0.0,0.0,0.0,0.0
528,0.0,0.0,0.0,0.0,0.0,0.0,0.001097006738755681,0.0,0.0,0.0,0.0,0.0,0.0,0.0,0.0
529,0.0,0.0,0.0,0.0,0.0,0.0,0.0,0.0,0.0,0.0,0.0,0.0,0.0,0.0,0.0011179429849077697
530,0.0,0.0033986928104575162,0.0,0.0,0.0,0.01589996912627354,0.0036044507130543802,0.00912810827824992,0.011649820113071783,0.0,0.0,0.0,0.0003237293622531564,0.010439866369710468,0.002608533631451463
532,0.0,0.0,0.0,0.0,0.0,0.0,0.0,0.0,0.0,0.0,0.0,0.0,0.0,0.00027839643652561246,0.0001863238308179616
531,0.0,0.0,0.0,0.0,0.0,0.0,0.0,0.0,0.0,0.0,0.0,0.0,0.0,0.00027839643652561246,0.0001863238308179616
534,0.0,0.00130718954248366,0.0,0.0,0.0,0.002778635381290522,0.0,0.0,0.0006852835360630461,0.0,0.0,0.0008683068017366136,0.0001618646811265782,0.0016703786191536749,0.0003726476616359232
535,0.0,0.0,0.0,0.0,0.0,0.0,0.0,0.0,0.0,0.0,0.0,0.0002894356005788712,0.0,0.0,0.0
536,0.0,0.0,0.0014591439688715954,0.0,0.0,0.0,0.0,0.0,0.0,0.0,0.0,0.0,0.0,0.0,0.0
537,0.0,0.0,0.0024319066147859923,0.0,0.0,0.0,0.0,0.0,0.0,0.0,0.0,0.0,0.0,0.0,0.0
538,0.0,0.0,0.00024319066147859923,0.0,0.0,0.0,0.0,0.0,0.0,0.0,0.0,0.0,0.0,0.0,0.0
539,0.0,0.0,0.0,0.0,0.0,0.0,0.0003134304967873374,0.0,0.0,0.0,0.0,0.0,0.0,0.0,0.0
540,0.0,0.0,0.0,0.0,0.0,0.0,0.0,0.0,0.0,0.0,0.0,0.0,0.0,0.0,0.0003726476616359232
541,0.0,0.0,0.0,0.005771737106684044,0.0016233766233766235,0.00015436863229391788,0.0,0.0,0.0,0.0,0.0,0.0,0.0,0.0,0.0
542,0.0,0.0,0.0,0.0,0.0,0.0,0.0,0.0,0.0,0.0,0.0,0.0,0.0,0.00013919821826280623,0.0
543,0.00014363688595231256,0.0,0.0,0.0,0.0,0.0,0.0,0.0,0.0,0.0,0.0,0.0,0.0,0.0,0.0
544,0.0,0.0,0.019941634241245135,0.0,0.0,0.0,0.0,0.0,0.0,0.0,0.0,0.0,0.0,0.0,0.0
545,0.0,0.0,0.0,0.05697263079501024,0.010551948051948052,0.00015436863229391788,0.0,0.0,0.0,0.0,0.0,0.0,0.0,0.0,0.0
546,0.0,0.0,0.0007295719844357977,0.0,0.0,0.0,0.0,0.0,0.0,0.0,0.0,0.0,0.0,0.0,0.0
547,0.0,0.021437908496732026,0.0,0.0,0.0,0.01867860450756406,0.002194013477511362,0.21214982688070508,0.07538118896693508,0.02324380165289256,0.0008045052292839903,0.005788712011577424,0.05001618646811266,0.0491369710467706,0.054406558598844794
548,0.0,0.00026143790849673205,0.0,0.0,0.0,0.0,0.0,0.0,0.0,0.0,0.0,0.0,0.0,0.0,0.0
549,0.0,0.0,0.0,0.0,0.0,0.0,0.0004701457451810061,0.0,0.0,0.0,0.0,0.0,0.0,0.0,0.0
550,0.0,0.0,0.0,0.004468441630981195,0.0,0.00030873726458783575,0.0,0.0,0.0,0.0,0.0,0.0,0.0,0.0,0.0
551,0.0,0.0,0.0,0.0,0.0,0.0,0.004074596458235386,0.0,0.0,0.0,0.0,0.0,0.0,0.0,0.0
552,0.0,0.0,0.0,0.0,0.0,0.0,0.0,0.0,0.0,0.0,0.0,0.0,0.0,0.0,0.0016769144773616546
553,0.0,0.0,0.0,0.0,0.0,0.0,0.002037298229117693,0.0,0.0,0.0,0.0,0.0,0.0,0.0,0.0
554,0.0,0.0,0.0,0.002606590951405697,0.0008116883116883117,0.00015436863229391788,0.0,0.0,0.0,0.0,0.0,0.0,0.0,0.0,0.0
555,0.0,0.0,0.0,0.0,0.0,0.0,0.0,0.0,0.0,0.0,0.0010726736390453205,0.0,0.0,0.00013919821826280623,0.0
556,0.0,0.0,0.0,0.0,0.00487012987012987,0.00015436863229391788,0.0,0.0,0.0,0.0,0.0,0.0,0.0,0.0,0.0
557,0.0,0.0,0.0,0.0,0.0,0.0,0.0004701457451810061,0.0,0.0,0.0,0.0,0.0,0.0,0.0,0.0
558,0.0,0.0,0.0,0.0,0.0,0.0,0.011596928381131483,0.0,0.0,0.0,0.0,0.0,0.0,0.0,0.0
559,0.0,0.0,0.00048638132295719845,0.0,0.0,0.0,0.0,0.0,0.0,0.0,0.0,0.0,0.0,0.0,0.0
560,0.0,0.0,0.0,0.0,0.0,0.0,0.001567152483936687,0.0,0.0,0.0,0.0,0.0,0.0,0.0,0.0
561,0.0,0.0,0.0,0.0001861850679575498,0.0,0.00015436863229391788,0.0,0.0,0.0,0.0,0.0,0.0,0.0,0.0,0.0
562,0.0,0.0,0.0,0.0,0.0,0.0,0.007522331922896097,0.0,0.0,0.0,0.0,0.0,0.0,0.0,0.0
563,0.0,0.0,0.0,0.0,0.0,0.0,0.0,0.0,0.0,0.0,0.0,0.0,0.0,0.00027839643652561246,0.0
565,0.0,0.0,0.0,0.0,0.0,0.0,0.0023507287259050304,0.0,0.0,0.0,0.0,0.0,0.0,0.0,0.0
564,0.0,0.0,0.0,0.0,0.0,0.0,0.0023507287259050304,0.0,0.0,0.0,0.0,0.0,0.0,0.0,0.0
566,0.0,0.0,0.0017023346303501946,0.0,0.0,0.0,0.0,0.0,0.0,0.0,0.0,0.0,0.0,0.0,0.0
567,0.0,0.0,0.0012159533073929961,0.0,0.0,0.0,0.0,0.0,0.0,0.0,0.0,0.0,0.0,0.0,0.0
568,0.0,0.0,0.0,0.0,0.0008116883116883117,0.00015436863229391788,0.0,0.0,0.0,0.0,0.0,0.0,0.0,0.0,0.0
570,0.0,0.0005228758169934641,0.0,0.0,0.0,0.0,0.0,0.0,0.0,0.0,0.0,0.0,0.0,0.0,0.0
571,0.0,0.0,0.0,0.010426363805622788,0.013798701298701298,0.00015436863229391788,0.0,0.0,0.0,0.0,0.0,0.0,0.0,0.0,0.0
572,0.0,0.0,0.00024319066147859923,0.0,0.0,0.0,0.0,0.0,0.0,0.0,0.0,0.0,0.0,0.0,0.0
573,0.0,0.0,0.0,0.000930925339787749,0.0,0.00030873726458783575,0.0,0.0,0.0,0.0,0.0,0.0,0.0,0.0,0.0
574,0.0,0.0,0.00024319066147859923,0.0,0.0,0.0,0.0,0.0,0.0,0.0,0.0,0.0,0.0,0.0,0.0
575,0.0,0.0,0.017023346303501944,0.0,0.0,0.0,0.0,0.0,0.0,0.0,0.0,0.0,0.0,0.0,0.0
576,0.0,0.0,0.0,0.0,0.0,0.0,0.0,0.0,0.0,0.0,0.0,0.0,0.0,0.0,0.0001863238308179616
578,0.0,0.0,0.0012159533073929961,0.0,0.0,0.0,0.0,0.0,0.0,0.0,0.0,0.0,0.0,0.0,0.0
579,0.0,0.0,0.0,0.0,0.0,0.0,0.0,0.0,0.0,0.0,0.0,0.0,0.0,0.0004175946547884187,0.006707657909446618
580,0.0,0.0,0.0,0.0013032954757028485,0.0,0.00015436863229391788,0.0,0.0,0.0,0.0,0.0,0.0,0.0,0.0,0.0
581,0.0,0.0,0.0,0.0,0.0,0.0,0.0,0.0,0.001027925304094569,0.0,0.0,0.0,0.0,0.0,0.0
582,0.0,0.0,0.0,0.0,0.0,0.0,0.001567152483936687,0.0,0.0,0.0,0.0,0.0,0.0,0.0,0.0
583,0.0,0.0,0.03477626459143969,0.0,0.0,0.0,0.0,0.0,0.0,0.0,0.0,0.0,0.0,0.0,0.0
584,0.0,0.0005228758169934641,0.0,0.0,0.0,0.0,0.0,0.0,0.0,0.0,0.0,0.0,0.0,0.0,0.0
585,0.0,0.0,0.0,0.007261217650344443,0.0008116883116883117,0.00030873726458783575,0.0,0.0,0.0,0.0,0.0,0.0,0.0,0.0,0.0
586,0.0,0.0,0.0,0.0,0.005681818181818182,0.00015436863229391788,0.0,0.0,0.0,0.0,0.0,0.0,0.0,0.0,0.0
587,0.0,0.0,0.0,0.0,0.0,0.0,0.0009402914903620122,0.0,0.0,0.0,0.0,0.0,0.0,0.0,0.0
588,0.0,0.0,0.0,0.0,0.0,0.0,0.0,0.0,0.0,0.0,0.0,0.0,0.0,0.0,0.0007452953232718465
589,0.0,0.0,0.0,0.0,0.0,0.0,0.0,0.0,0.0,0.0,0.0,0.0,0.0,0.0,0.0001863238308179616
591,0.0043091065785693765,0.0,0.0,0.0,0.0,0.0,0.0,0.0,0.0,0.0,0.0,0.0,0.0,0.0,0.0
592,0.0,0.0,0.00024319066147859923,0.0,0.0,0.0,0.0,0.0,0.0,0.0,0.0,0.0,0.0,0.0,0.0
593,0.0,0.0,0.0,0.0,0.0,0.0,0.008932769158439116,0.0,0.0,0.0,0.0,0.0,0.0,0.0,0.0
594,0.0,0.0,0.0,0.000930925339787749,0.0,0.00015436863229391788,0.0,0.0,0.0,0.0,0.0,0.0,0.0,0.0,0.0
595,0.0,0.0,0.0,0.0,0.0,0.0,0.004231311706629055,0.0,0.0,0.0,0.0,0.0,0.0,0.0,0.0
596,0.0,0.0,0.0,0.0,0.0,0.0,0.0014104372355430183,0.018885741265344664,0.01233510364913483,0.025826446280991736,0.0016090104585679806,0.0005788712011577424,0.0008093234056328909,0.0005567928730512249,0.006335010247810695
597,0.0,0.0,0.0,0.0,0.0,0.0,0.0,0.0,0.0,0.0,0.0,0.0,0.0,0.0013919821826280624,0.0
598,0.0037345590347601263,0.00026143790849673205,0.0,0.0,0.0,0.0,0.0,0.0,0.0,0.0,0.0,0.0,0.0,0.0,0.0
599,0.0,0.0,0.0,0.0,0.002435064935064935,0.00015436863229391788,0.0,0.0,0.0,0.0,0.0,0.0,0.0,0.0,0.0
600,0.0,0.0,0.0038910505836575876,0.0,0.0,0.0,0.0,0.0,0.0,0.0,0.0,0.0,0.0,0.0,0.0
601,0.0,0.0,0.0009727626459143969,0.0,0.0,0.0,0.0,0.0,0.0,0.0,0.0,0.0,0.0,0.0,0.0
602,0.0,0.0,0.00048638132295719845,0.0,0.0,0.0,0.0,0.0,0.0,0.0,0.0,0.0,0.0,0.0,0.0
603,0.0,0.0,0.0,0.0,0.0,0.0,0.001097006738755681,0.0,0.0,0.0,0.0,0.0,0.0,0.0,0.0
605,0.0,0.0,0.0,0.0,0.0,0.002778635381290522,0.0,0.007869058860560278,0.00788076066472503,0.0,0.0,0.001447178002894356,0.0006474587245063128,0.00027839643652561246,0.0
606,0.0,0.0,0.0,0.0,0.0,0.0,0.0004701457451810061,0.0,0.0,0.0,0.0,0.0,0.0,0.0,0.0
607,0.0,0.0,0.0,0.0,0.0,0.0018524235875270144,0.0,0.0,0.0,0.0,0.0,0.0,0.0,0.0,0.0005589714924538849
608,0.0,0.0,0.0,0.0,0.0,0.0,0.0,0.0,0.0,0.0,0.0,0.0,0.0003237293622531564,0.0,0.0005589714924538849
609,0.0005745475438092502,0.0005228758169934641,0.00316147859922179,0.0001861850679575498,0.004058441558441558,0.0020067922198209326,0.0029775897194797055,0.0,0.0,0.0,0.0002681684097613301,0.0,0.0,0.0006959910913140312,0.0001863238308179616
610,0.0,0.0,0.0,0.0,0.0,0.0,0.0,0.0,0.0,0.0,0.0,0.0,0.0,0.0,0.0007452953232718465
611,0.0,0.0,0.0,0.0,0.0,0.0,0.0004701457451810061,0.0,0.0,0.0,0.0,0.0,0.0,0.0,0.0
612,0.0,0.0,0.0,0.0,0.0,0.0,0.0,0.0,0.0,0.0,0.0002681684097613301,0.0,0.0,0.0,0.0
613,0.015512783682849756,0.0,0.0009727626459143969,0.0,0.0,0.0,0.0,0.0,0.0,0.0,0.0,0.0,0.0,0.0,0.0005589714924538849
615,0.0,0.0,0.0012159533073929961,0.0,0.0,0.0,0.0,0.0,0.0,0.0,0.0,0.0,0.0,0.0,0.0
616,0.0,0.00026143790849673205,0.0,0.0,0.0,0.0,0.0,0.0,0.0,0.04338842975206612,0.0002681684097613301,0.0,0.0,0.0,0.0
617,0.0,0.0,0.0,0.0,0.0,0.0,0.0012537219871493496,0.0,0.0,0.0,0.0,0.0,0.0,0.0,0.0
618,0.0,0.0,0.0,0.0013032954757028485,0.0,0.00015436863229391788,0.0,0.0,0.0,0.0,0.0,0.0,0.0,0.0,0.0
619,0.0,0.0,0.0,0.0,0.0,0.00015436863229391788,0.0,0.0,0.0,0.0,0.0,0.0,0.0,0.0,0.0
620,0.0,0.0,0.0,0.0,0.0,0.00030873726458783575,0.0,0.0,0.0,0.0,0.0,0.0,0.0,0.0,0.0
621,0.0,0.0,0.0,0.0,0.0,0.0,0.0,0.0,0.0,0.0,0.0,0.0,0.0,0.0,0.002981181293087386
622,0.0,0.0,0.0,0.0,0.0,0.0,0.0,0.0,0.0,0.0,0.0,0.0,0.0,0.0,0.03316564188559717
623,0.0,0.0,0.0,0.0,0.0,0.0,0.015201379094185865,0.0,0.0,0.0,0.0,0.0,0.0,0.0,0.0
624,0.0,0.03816993464052287,0.0,0.0,0.0,0.004631058968817536,0.0,0.0,0.0,0.31508264462809915,0.2668275677125235,0.08769898697539798,0.052282292003884755,0.016842984409799554,0.004844419601267002
626,0.0,0.0,0.0,0.0,0.0,0.0,0.0007835762419683435,0.0,0.0,0.0,0.0,0.0,0.0,0.0,0.0
628,0.0,0.0,0.0,0.0,0.0,0.0,0.0,0.0,0.001027925304094569,0.0,0.0,0.0,0.0003237293622531564,0.0,0.0
631,0.0,0.0,0.0012159533073929961,0.0,0.0,0.0,0.0,0.0,0.0,0.0,0.0,0.0,0.0,0.0,0.0
632,0.0,0.0,0.0,0.0,0.0,0.0,0.0001567152483936687,0.0,0.0,0.0,0.0,0.0,0.0,0.0,0.0
633,0.0,0.0,0.0,0.0001861850679575498,0.0,0.00015436863229391788,0.0,0.0,0.0,0.0,0.0,0.0,0.0,0.0,0.0
634,0.00014363688595231256,0.0,0.0,0.0,0.0,0.0,0.0,0.0,0.0,0.0,0.0,0.0,0.0,0.0,0.0
635,0.00043091065785693766,0.0,0.0,0.0,0.0,0.0,0.0,0.0,0.0,0.0,0.0,0.0,0.0,0.0,0.0
636,0.0,0.0,0.0,0.0,0.0,0.0,0.0,0.0,0.0,0.0,0.0,0.0,0.0,0.0,0.0007452953232718465
638,0.0,0.0,0.0,0.0,0.0,0.0,0.005485033693778405,0.0,0.0,0.0,0.0,0.0,0.0,0.0,0.0
639,0.0,0.0,0.0,0.0003723701359150996,0.0,0.00030873726458783575,0.0,0.0,0.0,0.0,0.0,0.0,0.0,0.0,0.0
640,0.0,0.013071895424836602,0.0,0.0,0.0,0.00030873726458783575,0.0,0.0,0.009593969504882645,0.05578512396694215,0.0010726736390453205,0.011287988422575976,0.012787309808999676,0.011692650334075724,0.016582820942798584
641,0.0,0.0,0.0,0.0,0.0,0.0,0.0,0.0,0.0,0.0,0.0,0.0,0.0,0.0005567928730512249,0.0
642,0.0,0.00026143790849673205,0.0,0.0,0.0,0.0,0.0,0.0,0.0,0.0,0.0,0.0,0.0,0.0,0.0
644,0.0,0.0,0.0,0.0,0.0,0.0,0.0001567152483936687,0.0,0.0,0.0,0.0,0.0,0.0,0.0,0.0
645,0.0,0.0,0.0,0.0,0.0,0.0,0.0,0.0,0.0,0.0,0.0,0.0,0.0,0.003619153674832962,0.002794857462269424
646,0.0,0.0,0.0007295719844357977,0.0,0.0,0.0,0.0,0.0,0.0,0.0,0.0,0.0,0.0,0.0,0.0
647,0.0,0.0,0.0,0.0,0.0,0.0,0.0,0.0,0.0,0.0,0.011263073209975865,0.0,0.0,0.0,0.0
648,0.0,0.0,0.0,0.0,0.0,0.0,0.0006268609935746748,0.0,0.0,0.0,0.0,0.0,0.0,0.0,0.0
649,0.0,0.0,0.0,0.0001861850679575498,0.005681818181818182,0.00030873726458783575,0.0,0.0,0.0,0.0,0.0,0.0,0.0,0.0,0.0
650,0.0,0.0,0.0,0.0,0.0,0.0,0.0017238677323303557,0.0,0.0,0.0,0.0,0.0,0.0,0.0,0.0
651,0.0,0.0,0.0,0.0,0.011363636363636364,0.00015436863229391788,0.0,0.0,0.0,0.0,0.0,0.0,0.0,0.0,0.0
652,0.0,0.0,0.0,0.0,0.0,0.001080580426057425,0.0,0.0,0.0,0.0,0.0,0.0,0.0,0.0,0.0
653,0.0,0.0,0.0,0.0,0.0,0.0,0.0003134304967873374,0.0,0.0,0.0,0.0,0.0,0.0,0.0,0.0
654,0.0,0.0,0.0,0.0,0.0,0.0,0.0,0.0,0.0,0.0,0.0,0.0,0.0,0.0,0.0001863238308179616
655,0.0,0.0,0.0,0.0,0.0,0.0,0.0,0.0,0.0,0.0,0.0,0.0,0.0,0.0,0.0003726476616359232
656,0.0,0.0,0.0,0.0001861850679575498,0.0,0.0,0.0,0.0,0.0,0.0,0.0,0.0,0.0,0.0,0.0
657,0.0,0.0,0.0,0.0001861850679575498,0.0,0.00015436863229391788,0.0,0.0,0.0,0.0,0.0,0.0,0.0,0.0,0.0
658,0.0,0.0,0.0,0.0001861850679575498,0.0,0.00015436863229391788,0.0,0.0,0.0,0.0,0.0,0.0,0.0,0.0,0.0
659,0.0,0.0,0.00048638132295719845,0.0,0.0,0.0,0.0,0.0,0.0,0.0,0.0,0.0,0.0,0.0,0.0
660,0.0,0.000784313725490196,0.0,0.0,0.0,0.003704847175054029,0.0,0.0028328611898017,0.015418879561418537,0.00981404958677686,0.0005363368195226602,0.010130246020260492,0.033667853674328264,0.01030066815144766,0.012297372833985467
661,0.008905486929043378,0.0005228758169934641,0.0,0.002978961087320797,0.0008116883116883117,0.001080580426057425,0.0023507287259050304,0.004721435316336166,0.012506424533150592,0.0,0.0002681684097613301,0.019102749638205498,0.0003237293622531564,0.0008351893095768374,0.0
662,0.0,0.0,0.0,0.0,0.0,0.0,0.0,0.0,0.0006852835360630461,0.0,0.0,0.0,0.0,0.0,0.0003726476616359232
663,0.0,0.0,0.004377431906614786,0.0,0.0,0.0,0.0,0.0,0.0,0.0,0.0,0.0,0.0,0.0,0.0
664,0.0,0.0,0.0,0.0,0.007305194805194805,0.0,0.0,0.0,0.0,0.0,0.0,0.0,0.0,0.0,0.0
665,0.0,0.0,0.0,0.0001861850679575498,0.0,0.00015436863229391788,0.0,0.0,0.0,0.0,0.0,0.0,0.0,0.0,0.0
666,0.0,0.0,0.0,0.0,0.0,0.0,0.0006268609935746748,0.0,0.0,0.0,0.0,0.0,0.0,0.0,0.0
667,0.0,0.0,0.0,0.0,0.0,0.0,0.0,0.0,0.0,0.0,0.0,0.0,0.0,0.0008351893095768374,0.0
668,0.0,0.0,0.0,0.0,0.0,0.0,0.0,0.0006295247088448222,0.0,0.0,0.0,0.0,0.0,0.0,0.0
669,0.0,0.0,0.0,0.0001861850679575498,0.0,0.00015436863229391788,0.0,0.0,0.0,0.0,0.0,0.0,0.0,0.0,0.0
670,0.0,0.0,0.0,0.0,0.0,0.0,0.0001567152483936687,0.0,0.0,0.0,0.0,0.0,0.0,0.0,0.0
671,0.0,0.002352941176470588,0.0,0.0,0.0,0.005866008027168879,0.0,0.0,0.0,0.0,0.0,0.0,0.0,0.0,0.0
672,0.015369146796897444,0.0,0.0009727626459143969,0.0,0.0,0.0,0.0,0.0,0.0,0.0,0.0,0.0,0.0,0.0,0.0005589714924538849
673,0.0,0.0,0.0,0.0,0.0,0.0,0.0001567152483936687,0.0,0.0,0.0,0.0,0.0,0.0,0.0,0.0
674,0.0,0.0,0.0,0.0,0.0,0.0,0.0,0.0,0.0,0.0,0.0,0.0,0.0,0.0,0.0011179429849077697
675,0.0,0.0,0.0,0.0001861850679575498,0.0,0.0,0.0,0.0,0.0,0.0,0.0,0.0,0.0,0.00013919821826280623,0.0
676,0.0,0.00026143790849673205,0.0,0.0,0.0,0.0,0.0,0.0012590494176896443,0.003255096796299469,0.0,0.0,0.0005788712011577424,0.0001618646811265782,0.002366369710467706,0.0
677,0.0,0.0,0.0,0.016011915844349283,0.0,0.00015436863229391788,0.0,0.0,0.0,0.0,0.0,0.0,0.0,0.0,0.0
678,0.0,0.0,0.0,0.0,0.00487012987012987,0.00015436863229391788,0.0,0.0,0.0,0.0,0.0,0.0,0.0001618646811265782,0.00013919821826280623,0.0
679,0.0,0.0067973856209150325,0.0,0.0,0.0,0.0006174745291756715,0.0,0.0,0.00034264176803152307,0.005681818181818182,0.0008045052292839903,0.0011577424023154848,0.006798316607316284,0.0008351893095768374,0.0
680,0.00043091065785693766,0.0,0.0,0.0,0.0,0.0,0.0,0.0,0.0,0.0,0.0,0.0,0.0,0.0,0.0
681,0.0,0.00026143790849673205,0.0,0.0,0.0,0.0,0.0,0.0,0.0,0.0,0.0,0.0,0.0,0.0,0.0
682,0.0,0.0,0.0,0.0,0.0,0.0,0.0,0.0,0.0,0.0,0.0,0.0,0.0,0.0,0.0001863238308179616
683,0.0,0.0,0.0,0.0,0.0,0.0,0.0,0.0,0.0,0.0,0.0,0.0,0.0,0.0,0.0003726476616359232
684,0.0017236426314277506,0.0,0.0,0.0,0.0,0.0,0.0,0.0,0.0,0.0,0.0,0.0,0.0,0.0,0.0
685,0.0,0.0,0.0,0.0,0.0,0.0,0.0,0.0,0.0,0.0,0.0,0.0,0.0,0.006542316258351893,0.0016769144773616546
687,0.0,0.0,0.0,0.0,0.0,0.0,0.0,0.0,0.0,0.0,0.0,0.0,0.0,0.002366369710467706,0.0
688,0.0017236426314277506,0.0,0.0,0.0,0.0,0.0,0.0,0.0,0.0,0.0,0.0,0.0,0.0,0.0,0.0
689,0.0,0.0,0.0012159533073929961,0.0,0.0,0.0,0.0,0.0,0.0,0.0,0.0,0.0,0.0,0.0,0.0
690,0.0,0.0,0.0,0.0,0.0,0.0,0.003134304967873374,0.0,0.0,0.0,0.0,0.0,0.0,0.0,0.0
691,0.0,0.0,0.0,0.0,0.0,0.0,0.0,0.0,0.0,0.008264462809917356,0.0,0.0026049204052098407,0.0001618646811265782,0.0,0.0
692,0.0,0.0,0.0,0.01861850679575498,0.05844155844155844,0.00015436863229391788,0.0,0.0,0.0,0.0,0.0,0.0,0.0,0.0,0.0
693,0.0,0.01019607843137255,0.0,0.0,0.0,0.001389317690645261,0.002194013477511362,0.0,0.0,0.0,0.007508715473317243,0.01447178002894356,0.005988993201683393,0.015033407572383074,0.01267002049562139
694,0.0,0.0,0.0,0.0,0.0,0.0,0.0,0.0,0.0,0.0,0.0,0.005788712011577424,0.0,0.0,0.0
695,0.0,0.00026143790849673205,0.0,0.0,0.0,0.0,0.0,0.0,0.0,0.0,0.0,0.0,0.0,0.00013919821826280623,0.0
696,0.0,0.0,0.0,0.0011171104077452988,0.0,0.0,0.0,0.0,0.0,0.0,0.0,0.0,0.0,0.0,0.0
697,0.02800919276070095,0.0,0.0,0.0,0.0,0.0,0.0,0.0,0.0,0.0,0.0,0.0,0.0,0.0,0.0
698,0.0,0.0,0.0,0.0033513312232358963,0.0,0.00015436863229391788,0.0,0.0,0.0,0.0,0.0,0.0,0.0,0.0,0.0
699,0.0,0.0,0.0,0.0,0.0,0.0004631058968817536,0.0,0.0,0.0,0.0,0.0,0.0,0.0,0.0,0.0
700,0.0,0.001568627450980392,0.0,0.0,0.0,0.0004631058968817536,0.0014104372355430183,0.0,0.004454342984409799,0.0,0.0,0.0031837916063675834,0.0,0.005428730512249443,0.0
701,0.003160011490950876,0.0,0.0,0.0,0.0,0.0,0.0,0.0,0.0,0.0,0.0,0.0,0.0,0.0,0.0
702,0.004452743464521689,0.0,0.0,0.0,0.0,0.0,0.0,0.0,0.0,0.0,0.0,0.0,0.0,0.0,0.0
703,0.0,0.0,0.0,0.0005585552038726494,0.0,0.00015436863229391788,0.0,0.0,0.0,0.0,0.0,0.0,0.0,0.0,0.0
704,0.0,0.0,0.0,0.0003723701359150996,0.0,0.00015436863229391788,0.0,0.0,0.0,0.0,0.0,0.0,0.0,0.0,0.0
705,0.0,0.0,0.0,0.0,0.0,0.00216116085211485,0.0,0.0,0.00017132088401576153,0.0,0.0,0.0,0.0,0.0,0.0
706,0.0,0.0,0.029669260700389104,0.0,0.0,0.0,0.0,0.0,0.0,0.0,0.0,0.0,0.0,0.0,0.0
707,0.0,0.0,0.0,0.0,0.0,0.0,0.0,0.0,0.0017132088401576153,0.0,0.0,0.0,0.0,0.0,0.0
708,0.0,0.0,0.0,0.0,0.0,0.0,0.0,0.0,0.0,0.0,0.0018771788683293108,0.0,0.0,0.0,0.0
709,0.0,0.0,0.0,0.0,0.0,0.0,0.0,0.0,0.0,0.0,0.0,0.0,0.0,0.0,0.002981181293087386
711,0.0,0.0018300653594771241,0.0,0.0,0.0,0.0,0.0,0.0,0.0,0.0,0.0,0.0,0.0,0.0,0.0
710,0.0,0.0018300653594771241,0.0,0.0,0.0,0.0,0.0,0.0,0.0,0.0,0.0,0.0,0.0,0.0,0.0
712,0.0,0.000784313725490196,0.0,0.0,0.0,0.0,0.0,0.0,0.0,0.0,0.0,0.0,0.0,0.0,0.0
713,0.00043091065785693766,0.0,0.0,0.0,0.0,0.0,0.0,0.0,0.0,0.0,0.0,0.0,0.0,0.0,0.0
714,0.003590922148807814,0.0,0.0,0.0,0.0,0.0,0.0,0.0,0.0,0.0,0.0,0.0,0.0,0.0,0.0
715,0.0,0.0,0.0,0.0,0.0,0.0,0.0001567152483936687,0.0,0.0,0.0,0.0,0.0,0.0,0.0,0.0
716,0.00014363688595231256,0.0,0.0,0.0,0.0,0.0,0.0,0.0,0.0,0.0,0.0,0.0,0.0,0.0,0.0
718,0.06391841424877909,0.008366013071895426,0.02456225680933852,0.01005399366970769,0.006493506493506494,0.024235875270145108,0.019119260304027583,0.015738117721120555,0.038889840671577865,0.017045454545454544,0.009654062751407884,0.012735166425470333,0.025089025574619617,0.010579064587973273,0.0232904788522452
717,0.05917839701235277,0.0,0.0,0.0,0.0,0.00015436863229391788,0.0,0.0,0.0,0.0005165289256198347,0.0002681684097613301,0.0002894356005788712,0.0,0.00013919821826280623,0.0001863238308179616
719,0.0,0.0,0.061284046692607,0.0,0.0,0.0,0.0,0.0,0.0,0.0,0.0,0.0,0.0,0.0,0.0
720,0.0,0.0,0.0,0.0,0.0,0.00015436863229391788,0.0,0.0,0.0,0.0,0.0,0.0,0.0,0.0009743875278396437,0.0
721,0.0,0.0,0.0,0.0,0.0,0.0,0.0,0.0,0.00034264176803152307,0.0,0.0,0.0,0.0,0.0,0.0
722,0.0,0.0,0.0,0.0,0.0,0.00015436863229391788,0.0,0.0,0.0,0.0,0.0,0.0,0.0,0.0,0.0
724,0.0,0.0,0.0,0.0,0.0,0.0,0.0,0.0,0.0,0.0,0.004022526146419952,0.0,0.0,0.0,0.0
725,0.0,0.00026143790849673205,0.0,0.0,0.0,0.006483482556344551,0.0,0.0,0.0,0.0,0.0,0.0,0.0,0.0009743875278396437,0.0
726,0.0,0.02666666666666667,0.0,0.0,0.0,0.0,0.0,0.0,0.0,0.0,0.0,0.0,0.0,0.0,0.001863238308179616
727,0.0,0.0,0.0,0.0,0.0,0.0,0.0012537219871493496,0.0,0.0,0.0,0.0,0.0,0.0,0.0,0.0
728,0.0,0.0,0.0,0.0,0.0,0.0,0.0,0.0,0.0,0.0,0.0,0.0,0.0,0.0,0.0005589714924538849
729,0.005745475438092502,0.0,0.0,0.0,0.0,0.0,0.0,0.0,0.0,0.0,0.0,0.0,0.0,0.0,0.0
730,0.0,0.0,0.0,0.003909886427108546,0.0,0.00015436863229391788,0.0,0.0,0.0,0.0,0.0,0.0,0.0,0.0,0.0
731,0.002872737719046251,0.0,0.0,0.0,0.0,0.0,0.0,0.0,0.0,0.0,0.0,0.0,0.0,0.0,0.0
732,0.0,0.0,0.0,0.0,0.0016233766233766235,0.00015436863229391788,0.0,0.0,0.0,0.0,0.0,0.0,0.0,0.0,0.0
733,0.0,0.0,0.0,0.0,0.0,0.0,0.0,0.0,0.0,0.0,0.0002681684097613301,0.0,0.0,0.0,0.0
735,0.004021832806664752,0.0,0.0,0.0,0.0,0.0,0.0,0.0,0.0,0.0,0.0,0.0,0.0,0.0,0.0
737,0.0,0.00130718954248366,0.0,0.0,0.0,0.08768138314294535,0.0,0.0,0.0,0.0,0.07669616519174041,0.21736613603473226,0.029783101327290385,0.05275612472160356,0.001863238308179616
736,0.0,0.00130718954248366,0.0,0.0,0.0,0.08768138314294535,0.0,0.0,0.0,0.0,0.07669616519174041,0.21736613603473226,0.029783101327290385,0.05275612472160356,0.001863238308179616
738,0.008330939385234128,0.00522875816993464,0.005107003891050584,0.004654626698938745,0.00487012987012987,0.0030873726458783574,0.0025074439742986993,0.027699087189172175,0.009080006852835361,0.007231404958677686,0.0034861893268972916,0.004052098408104197,0.013272903852379411,0.0019487750556792874,0.003540152785541271
739,0.0,0.0,0.0,0.0,0.0,0.0,0.0,0.0,0.0017132088401576153,0.0,0.0,0.0,0.0,0.0,0.005962362586174772
740,0.03160011490950876,0.0,0.0,0.0,0.013798701298701298,0.0006174745291756715,0.0,0.0,0.0,0.0,0.0,0.0,0.0,0.0,0.0
741,0.03346739442688883,0.0,0.0,0.0,0.013798701298701298,0.0006174745291756715,0.0,0.0,0.0,0.0,0.0,0.0,0.0,0.0,0.0
742,0.0,0.0,0.0,0.0,0.0,0.0,0.0,0.0,0.0,0.0,0.02091713596138375,0.0,0.0,0.0,0.0
743,0.00560183855214019,0.0,0.0007295719844357977,0.0,0.0,0.0,0.0,0.0,0.0,0.0,0.0,0.0,0.0,0.0004175946547884187,0.0
744,0.0,0.0,0.0,0.0,0.0,0.0,0.0,0.0,0.0,0.0,0.0,0.0,0.0,0.0,0.0003726476616359232
745,0.0,0.0,0.0,0.0,0.0,0.0,0.0004701457451810061,0.0,0.0,0.0,0.0,0.0,0.0,0.0,0.0
746,0.0,0.0,0.0,0.007261217650344443,0.0,0.00015436863229391788,0.0,0.0,0.0,0.0,0.0,0.0,0.0,0.0,0.0
747,0.0,0.0,0.0,0.0,0.0,0.0,0.0,0.0,0.0,0.0,0.0,0.0,0.0003237293622531564,0.0,0.0005589714924538849
748,0.0,0.0,0.0,0.0003723701359150996,0.0,0.00015436863229391788,0.0,0.0,0.0,0.0,0.0,0.0,0.0,0.0,0.0
749,0.0,0.0,0.0,0.0,0.0,0.0,0.005485033693778405,0.054139124960654705,0.00017132088401576153,0.0,0.0,0.0,0.0,0.0,0.000931619154089808
750,0.0,0.0,0.0,0.0007447402718301992,0.0,0.00015436863229391788,0.0,0.0,0.0,0.0,0.0,0.0,0.0,0.0,0.0
751,0.0,0.005751633986928104,0.0,0.0,0.0,0.00030873726458783575,0.0,0.0,0.006167551824567415,0.0,0.0,0.0,0.0022661055357720947,0.0006959910913140312,0.001490590646543693
752,0.0,0.0,0.0,0.0,0.0,0.0,0.0,0.0,0.00017132088401576153,0.0,0.0,0.0,0.0,0.0,0.0
753,0.0,0.0,0.0,0.0,0.0,0.0,0.0,0.0,0.00017132088401576153,0.0,0.0,0.0,0.0,0.0,0.0
754,0.0,0.0,0.0,0.0,0.0,0.0,0.0003134304967873374,0.0,0.0,0.0,0.0,0.0,0.0,0.0,0.0
755,0.0,0.0,0.0,0.0,0.0,0.0030873726458783574,0.009559630152013792,0.0003147623544224111,0.007709439780709268,0.0,0.0,0.0002894356005788712,0.0003237293622531564,0.00027839643652561246,0.0005589714924538849
756,0.0,0.0,0.0,0.0,0.0,0.0,0.0,0.0,0.00017132088401576153,0.0,0.0,0.0,0.0,0.0,0.0
757,0.0002872737719046251,0.003137254901960784,0.0,0.0,0.0,0.007872800246989812,0.0,0.003462385898646522,0.018160013705670722,0.0,0.0,0.0,0.022013596633214633,0.017678173719376394,0.009502515371716043
758,0.0,0.00026143790849673205,0.0,0.0,0.0,0.004785427601111454,0.0,0.0,0.0,0.0,0.0,0.0,0.0,0.00013919821826280623,0.0016769144773616546
759,0.0,0.0,0.0,0.0,0.0,0.0,0.0,0.0,0.0,0.0,0.0002681684097613301,0.0,0.0,0.0,0.0
760,0.0,0.00026143790849673205,0.0,0.0,0.0,0.004785427601111454,0.0,0.0,0.0,0.0,0.0,0.0,0.0,0.0,0.0
761,0.0,0.0,0.0,0.0,0.0,0.0,0.0,0.0,0.0,0.0,0.0002681684097613301,0.0,0.0,0.0,0.0
762,0.0,0.0,0.0,0.0,0.0,0.0,0.0,0.0,0.0,0.0,0.007240547063555913,0.0020260492040520984,0.0,0.0,0.0
763,0.0,0.0,0.0,0.0,0.0,0.0,0.0,0.0,0.0023984923762206613,0.0,0.0,0.0,0.0,0.0,0.0
764,0.0,0.0,0.0,0.0,0.0,0.0,0.0,0.0,0.0,0.0,0.0,0.0,0.0,0.0,0.0007452953232718465
765,0.0,0.0,0.0,0.0,0.0,0.0,0.0,0.0,0.0,0.0,0.0,0.0,0.0,0.007238307349665924,0.001490590646543693
766,0.0,0.0,0.0,0.0001861850679575498,0.0,0.00015436863229391788,0.0,0.0,0.0,0.0,0.0,0.0,0.0,0.0,0.0
767,0.0,0.0,0.0,0.0,0.0,0.0,0.0004701457451810061,0.0,0.0,0.0,0.0,0.0,0.0,0.0,0.0
768,0.0,0.0,0.0,0.008564513126047292,0.003246753246753247,0.00030873726458783575,0.0,0.0,0.0,0.0,0.0,0.0,0.0,0.0,0.0
769,0.0,0.13019607843137254,0.0,0.0,0.0,0.01806112997838839,0.0,0.0,0.0,0.0,0.0,0.0,0.0,0.002923162583518931,0.0007452953232718465
770,0.010485492674518817,0.0,0.0012159533073929961,0.0,0.0,0.0,0.0,0.0,0.0,0.0,0.0,0.0,0.0,0.00027839643652561246,0.0
771,0.0,0.0,0.0,0.0,0.0,0.0,0.0004701457451810061,0.0,0.0,0.0,0.0,0.0,0.0,0.0,0.0
772,0.0,0.0,0.0,0.0,0.0,0.0,0.0,0.0,0.0,0.0,0.0,0.0,0.0,0.0,0.0020495621389975778
773,0.0002872737719046251,0.0,0.0,0.0,0.0,0.0,0.0,0.0,0.0,0.0,0.0,0.0,0.0,0.0,0.0
774,0.0,0.0,0.0,0.0,0.0,0.0,0.0001567152483936687,0.0,0.0,0.0,0.0,0.0,0.0,0.0,0.0
775,0.0,0.0,0.004134241245136187,0.0,0.0,0.0,0.0,0.0,0.0,0.0,0.0,0.0,0.0,0.0,0.0
776,0.0,0.0,0.0,0.007075032582386892,0.07224025974025974,0.001234949058351343,0.0,0.0,0.0,0.005681818181818182,0.0,0.0,0.0,0.0,0.0
777,0.0,0.0,0.0,0.0,0.0,0.0,0.0,0.0,0.0,0.0,0.0,0.0,0.0,0.0,0.0005589714924538849
778,0.0,0.000784313725490196,0.0,0.0,0.0,0.0,0.0,0.0,0.0,0.0,0.0,0.0,0.0,0.0,0.0
780,0.0,0.0,0.0,0.0,0.0,0.0,0.0001567152483936687,0.0,0.0,0.0,0.0,0.0,0.0,0.0,0.0
781,0.0,0.00261437908496732,0.0,0.0,0.0,0.00015436863229391788,0.0,0.0,0.0,0.0,0.0,0.0,0.0,0.00027839643652561246,0.0005589714924538849
782,0.0,0.0,0.0,0.0,0.0,0.0,0.0,0.0,0.0,0.0,0.0,0.006946454413892909,0.0,0.0,0.0
783,0.0,0.0,0.0,0.0,0.0,0.0,0.0,0.0,0.0,0.0,0.0,0.0,0.0,0.0,0.0005589714924538849
784,0.0,0.0,0.0,0.0,0.0,0.0,0.0,0.0,0.0,0.0,0.0,0.0,0.0,0.0,0.008570896217626234
785,0.0018672795173800632,0.0,0.0,0.0,0.0,0.0,0.0,0.0,0.0,0.0,0.0,0.0,0.0,0.0,0.0
786,0.0,0.0,0.0,0.0,0.0,0.0,0.0009402914903620122,0.0,0.0,0.0,0.0,0.0,0.0,0.0,0.0
788,0.0,0.0,0.0,0.0,0.0,0.0,0.0012537219871493496,0.0,0.0,0.0,0.0,0.0,0.0,0.0,0.0
789,0.0,0.0,0.0,0.0,0.0,0.0,0.0,0.0,0.0,0.0,0.0,0.0,0.0,0.0,0.0003726476616359232
790,0.0,0.0,0.0,0.0,0.0,0.0,0.0,0.0,0.0,0.0,0.0,0.0,0.0,0.00013919821826280623,0.0
791,0.0,0.0,0.0,0.005771737106684044,0.0,0.00015436863229391788,0.0,0.0,0.0,0.0,0.0,0.0,0.0,0.0,0.0
792,0.0,0.0,0.0,0.0,0.0,0.0,0.0,0.0,0.0008566044200788076,0.0,0.0,0.0,0.0,0.0,0.0
793,0.0,0.0,0.0,0.0,0.0,0.0,0.0,0.0022033364809568774,0.0,0.0,0.0,0.0,0.0,0.0,0.002608533631451463
794,0.0,0.0,0.0,0.0,0.0,0.0,0.0014104372355430183,0.010072395341517154,0.00017132088401576153,0.0,0.0,0.0,0.0,0.0,0.0
795,0.0,0.0,0.0,0.0,0.0,0.0,0.0,0.0,0.0,0.0,0.0,0.0,0.0,0.0041759465478841875,0.0
796,0.0,0.0,0.0,0.007633587786259542,0.0,0.00030873726458783575,0.0,0.0,0.0,0.0,0.0,0.0,0.0,0.0,0.0
798,0.0,0.0,0.00316147859922179,0.0,0.0,0.0,0.0,0.0,0.0,0.0,0.0,0.0,0.0,0.0,0.0
799,0.0,0.0,0.021400778210116732,0.0,0.0,0.0,0.0,0.0,0.0,0.0,0.0,0.0,0.0,0.0,0.0
800,0.0,0.0,0.0,0.00893688326196239,0.0016233766233766235,0.00030873726458783575,0.0,0.0,0.0,0.0,0.0,0.0,0.0,0.0,0.0
801,0.0,0.0,0.0,0.0,0.0,0.0,0.0,0.0,0.0,0.0,0.0,0.0,0.0,0.00013919821826280623,0.0
802,0.030594656707842574,0.0,0.0,0.0,0.0,0.0,0.0,0.0,0.0,0.0,0.0,0.0,0.0,0.0,0.0
803,0.0,0.0,0.0,0.0,0.0,0.0,0.0012537219871493496,0.0,0.0,0.0,0.0,0.0,0.0,0.0,0.0
804,0.0,0.0,0.0,0.0,0.0,0.0,0.0,0.0,0.0,0.0,0.0,0.0,0.0,0.0,0.003912800447177194
805,0.0005745475438092502,0.0,0.0,0.0,0.008928571428571428,0.00015436863229391788,0.0,0.0,0.0,0.0,0.0,0.0,0.0,0.0,0.0
806,0.0,0.0,0.00632295719844358,0.0,0.0,0.0,0.0,0.0,0.0,0.0,0.0,0.0,0.0,0.0,0.0
808,0.04222924446997989,0.0,0.0,0.0,0.0,0.00015436863229391788,0.0,0.0,0.0,0.0,0.0,0.0,0.0,0.003062360801781737,0.0
809,0.0,0.0,0.006566147859922179,0.0,0.0,0.0,0.0,0.0,0.0,0.0,0.0,0.0,0.0,0.0,0.0
810,0.0,0.0,0.0,0.0,0.0,0.0,0.0006268609935746748,0.0,0.0,0.0,0.0,0.0,0.0,0.0,0.0
811,0.0,0.004705882352941176,0.0,0.0,0.0,0.0,0.0,0.0,0.0,0.0,0.0,0.0,0.0,0.0,0.0005589714924538849
812,0.0,0.0,0.0,0.0,0.0,0.01373880827415869,0.0,0.0,0.0,0.0,0.0,0.0034732272069464545,0.0,0.0,0.0
813,0.0,0.0005228758169934641,0.0,0.0,0.0,0.0006174745291756715,0.0004701457451810061,0.0,0.0066815144766146995,0.0,0.0010726736390453205,0.0,0.003722887665911298,0.0027839643652561247,0.002422209800633501
814,0.0,0.0,0.0,0.0,0.0,0.0,0.0,0.0,0.0,0.011363636363636364,0.0,0.0,0.0,0.0,0.0
815,0.00014363688595231256,0.0,0.0,0.0,0.0,0.0,0.0,0.0,0.0,0.0,0.0,0.0,0.0,0.0,0.0
816,0.0,0.0,0.0014591439688715954,0.0,0.0,0.0,0.0,0.0,0.0,0.0,0.0,0.0,0.0,0.0,0.0
817,0.0,0.0,0.004134241245136187,0.0,0.0,0.0,0.0,0.0,0.0,0.0,0.0,0.0,0.0,0.0,0.0
818,0.0,0.0,0.0,0.0,0.0,0.0006174745291756715,0.0,0.0,0.0,0.0,0.0,0.0,0.0,0.0,0.0
819,0.0,0.0,0.0,0.0020480357475330477,0.0,0.00015436863229391788,0.0,0.0,0.0,0.0,0.0,0.0,0.0,0.0,0.0
820,0.0,0.0,0.0,0.0001861850679575498,0.0,0.0,0.0,0.0,0.0,0.0,0.0,0.0,0.0,0.0,0.0
821,0.07828210284401034,0.0,0.0014591439688715954,0.0,0.0,0.0,0.0,0.0,0.0,0.0,0.0,0.0,0.0,0.0004175946547884187,0.0
822,0.0,0.011764705882352941,0.0,0.0,0.0,0.006483482556344551,0.007679047171289767,0.0,0.0011992461881103306,0.0005165289256198347,0.05604719764011799,0.094356005788712,0.009388151505341535,0.022410913140311805,0.027762250791876282
823,0.0,0.0,0.0,0.0,0.0,0.0,0.0,0.0,0.0,0.0,0.0,0.0,0.0,0.0005567928730512249,0.0
824,0.0,0.0,0.0,0.0,0.0,0.0,0.0,0.0,0.0,0.0,0.0002681684097613301,0.0,0.0,0.0,0.0
825,0.0,0.0,0.0,0.0,0.0,0.0,0.001567152483936687,0.0,0.0,0.0,0.0,0.0,0.0,0.0,0.0
826,0.0,0.0,0.0,0.0001861850679575498,0.0,0.00015436863229391788,0.0001567152483936687,0.0,0.0,0.02427685950413223,0.0002681684097613301,0.0,0.0,0.0,0.0
827,0.0,0.0,0.0,0.0,0.0,0.0,0.0006268609935746748,0.0,0.0,0.0,0.0,0.0,0.0,0.0,0.0
828,0.0,0.0,0.0,0.0001861850679575498,0.0,0.00015436863229391788,0.0,0.0,0.0,0.0,0.0,0.0,0.0,0.0,0.0
829,0.0,0.0,0.0,0.0,0.0,0.0,0.0,0.0,0.0,0.0,0.0,0.0,0.0,0.0,0.0013042668157257314
830,0.0,0.0,0.0,0.0,0.0,0.0,0.0025074439742986993,0.0,0.0,0.0,0.0,0.0,0.0,0.0,0.0001863238308179616
831,0.0,0.0,0.0,0.0,0.0,0.0,0.0001567152483936687,0.0,0.0,0.0,0.0,0.0,0.0,0.0,0.0
832,0.0,0.0,0.0,0.03928504933904301,0.005681818181818182,0.00030873726458783575,0.0,0.0,0.0,0.0,0.0,0.0,0.0,0.0,0.0
833,0.0,0.0,0.0,0.001861850679575498,0.0,0.00015436863229391788,0.0,0.0,0.0,0.0,0.0,0.0,0.0,0.0,0.0
834,0.0,0.0,0.0,0.0,0.0,0.0,0.0,0.0,0.0,0.0,0.0,0.0,0.0,0.0,0.0054033910937208865
835,0.0,0.0,0.0009727626459143969,0.0,0.0,0.0,0.0,0.0,0.0,0.0,0.0,0.0,0.0,0.0,0.0
837,0.0,0.000784313725490196,0.0,0.0,0.0,0.023000926211793764,0.0,0.0,0.0,0.0,0.0,0.009840810419681621,0.03787633538361929,0.03883630289532294,0.0160238494503447
836,0.0,0.000784313725490196,0.0,0.0,0.0,0.02315529484408768,0.0,0.0,0.0,0.0,0.0,0.009840810419681621,0.03787633538361929,0.03883630289532294,0.0160238494503447
838,0.001005458201666188,0.0,0.0,0.0,0.0,0.0,0.0,0.0,0.0,0.0,0.0,0.0,0.0,0.0,0.0
839,0.0,0.0,0.0,0.0,0.0,0.0,0.0,0.0,0.0,0.0,0.0,0.0,0.0,0.0006959910913140312,0.0
840,0.0,0.0,0.014834630350194552,0.0,0.0,0.0,0.0,0.0,0.0,0.0,0.0,0.0,0.0,0.0,0.0
841,0.0,0.0,0.0,0.0,0.0,0.0,0.0,0.0,0.0,0.0,0.0,0.001447178002894356,0.0,0.0,0.0
842,0.0,0.0,0.0,0.0,0.0,0.0,0.0006268609935746748,0.0,0.0,0.0,0.0,0.0,0.0,0.0,0.0
843,0.00043091065785693766,0.0,0.00048638132295719845,0.0,0.0,0.0,0.0,0.0,0.0,0.0,0.0,0.0,0.0,0.0,0.0
844,0.0,0.0,0.0,0.0,0.0,0.00015436863229391788,0.005328318445384736,0.0,0.0,0.0,0.016090104585679808,0.010130246020260492,0.0,0.00013919821826280623,0.0
845,0.0,0.0,0.0,0.0,0.0,0.0,0.0,0.0,0.0,0.0,0.0002681684097613301,0.0,0.0,0.0,0.0
846,0.0,0.0,0.0009727626459143969,0.0,0.0,0.0,0.0,0.0,0.0,0.0,0.0,0.0,0.0,0.0,0.0
847,0.0011490950876185005,0.0,0.0,0.0,0.0,0.0,0.0,0.0,0.0,0.0,0.0,0.0,0.0,0.0,0.0
848,0.0,0.0,0.0,0.0,0.0,0.0,0.0,0.0,0.0,0.0,0.0,0.0,0.0,0.0,0.0001863238308179616
849,0.0,0.0,0.0,0.0,0.0,0.0033961099104661933,0.0001567152483936687,0.0,0.0030837759122837073,0.0,0.0,0.0,0.0,0.00013919821826280623,0.0
850,0.0,0.0,0.0,0.0,0.0,0.0,0.0,0.0,0.0,0.0,0.0,0.0,0.0,0.007238307349665924,0.0
851,0.0,0.0,0.0,0.0,0.0,0.0,0.0,0.0,0.0,0.0,0.0,0.0,0.0001618646811265782,0.0,0.0
852,0.0,0.0,0.0,0.0001861850679575498,0.0,0.00015436863229391788,0.0,0.0,0.0,0.0,0.0,0.0,0.0,0.0004175946547884187,0.0
854,0.0,0.0,0.0,0.0,0.0,0.0,0.0,0.0,0.00017132088401576153,0.0,0.0,0.0,0.0,0.0,0.0
855,0.0,0.0,0.0,0.0,0.0,0.0,0.0,0.0,0.0,0.0,0.0,0.0,0.0,0.00027839643652561246,0.0
856,0.0,0.0,0.0,0.0,0.0,0.0,0.0006268609935746748,0.0,0.0,0.0,0.0002681684097613301,0.0,0.0006474587245063128,0.0,0.0
857,0.0,0.0,0.0,0.0,0.0,0.00015436863229391788,0.006895470929321423,0.0,0.0,0.0,0.058997050147492625,0.02141823444283647,0.0008093234056328909,0.0,0.0
858,0.0,0.0,0.0,0.0003723701359150996,0.021103896103896104,0.00015436863229391788,0.0,0.0,0.0,0.0,0.0,0.0,0.0,0.0,0.0
859,0.0,0.0,0.0,0.0,0.0,0.0,0.0,0.0,0.0,0.0,0.0,0.0,0.0,0.0,0.004285448108813117
860,0.00014363688595231256,0.0,0.0,0.0,0.002435064935064935,0.00015436863229391788,0.0,0.0,0.0,0.0,0.0,0.0,0.0,0.0,0.0
861,0.0,0.0,0.0,0.0,0.0,0.0,0.0007835762419683435,0.0,0.0,0.0,0.0,0.0,0.0,0.0,0.0
862,0.0,0.0,0.0,0.0,0.0,0.0,0.0017238677323303557,0.0,0.0,0.0,0.0,0.0,0.0,0.0,0.0
863,0.0,0.0,0.0,0.0001861850679575498,0.0,0.00015436863229391788,0.0,0.0,0.0,0.0,0.0,0.0,0.0,0.0,0.0
864,0.0,0.0,0.0,0.0,0.0,0.0,0.0,0.0,0.003255096796299469,0.0,0.0,0.0,0.0001618646811265782,0.0,0.0
865,0.0,0.0,0.0,0.0,0.0,0.0,0.0,0.0,0.00017132088401576153,0.0,0.0,0.0,0.0,0.00013919821826280623,0.0001863238308179616
866,0.0,0.0,0.0,0.0001861850679575498,0.0,0.00015436863229391788,0.0,0.0,0.0,0.0,0.0,0.0,0.0,0.0,0.0
867,0.0,0.0,0.0,0.0,0.0,0.0,0.0,0.0,0.0,0.0030991735537190084,0.0,0.0,0.0,0.0,0.0
868,0.06248204538925596,0.0,0.00048638132295719845,0.0,0.0,0.0,0.0,0.0,0.0,0.0,0.0,0.0,0.0,0.00027839643652561246,0.0
869,0.0,0.0,0.0,0.0,0.0,0.0,0.0,0.0,0.0,0.0,0.0,0.0,0.0,0.00027839643652561246,0.0001863238308179616
870,0.0,0.0,0.0,0.0,0.0,0.0,0.0,0.0,0.0,0.0,0.0,0.0,0.0,0.0,0.0005589714924538849
871,0.0,0.0,0.0,0.0,0.0,0.0,0.0,0.0,0.0,0.0,0.0,0.0,0.0,0.0,0.003726476616359232
872,0.0,0.0,0.0,0.0,0.0,0.0,0.0,0.0,0.0,0.0005165289256198347,0.0,0.0,0.0,0.0,0.0
874,0.0,0.0,0.0,0.0,0.0,0.0,0.0,0.0,0.0,0.0,0.0,0.0,0.0,0.0,0.005589714924538848
875,0.0,0.0,0.0,0.0,0.0,0.0,0.0003134304967873374,0.0,0.0,0.0,0.0,0.0,0.0,0.0,0.0
876,0.0,0.0,0.0,0.0,0.0,0.0,0.0001567152483936687,0.0,0.0,0.0,0.0,0.0,0.0,0.0,0.0
877,0.0,0.0,0.0,0.0,0.0,0.0,0.0,0.0,0.0,0.0,0.0002681684097613301,0.0008683068017366136,0.0,0.0,0.0
878,0.0,0.0,0.0,0.0,0.0,0.0,0.0028208744710860366,0.0,0.0,0.0,0.0,0.0,0.0,0.0,0.0
879,0.001580005745475438,0.004183006535947713,0.0,0.0,0.0,0.0,0.0,0.0,0.0,0.0,0.0,0.0,0.0,0.0,0.0
880,0.0,0.0,0.0,0.0007447402718301992,0.0,0.00015436863229391788,0.0,0.0,0.0,0.0,0.0,0.0,0.0,0.0,0.0
882,0.0,0.0,0.0012159533073929961,0.0,0.0,0.0,0.0,0.0,0.0,0.0,0.0,0.0,0.0,0.0,0.0
883,0.001580005745475438,0.0,0.0,0.0,0.0,0.0,0.0,0.0,0.0,0.0,0.0,0.0,0.0,0.0,0.0
884,0.0,0.0,0.0048638132295719845,0.0,0.0,0.0,0.0,0.0,0.0,0.0,0.0,0.0,0.0,0.0,0.0
885,0.0,0.0018300653594771241,0.0,0.0,0.0,0.00030873726458783575,0.0,0.007869058860560278,0.030837759122837073,0.0005165289256198347,0.0,0.0020260492040520984,0.00048559404337973454,0.00027839643652561246,0.0
886,0.0,0.0,0.0,0.0,0.0,0.00015436863229391788,0.0,0.0,0.0,0.0,0.0,0.0,0.0,0.0,0.0
887,0.0,0.0,0.008268482490272374,0.0,0.0,0.0,0.0,0.0,0.0,0.0,0.0,0.0,0.0,0.0,0.0
888,0.0,0.01673202614379085,0.0,0.0,0.0,0.0032417412781722754,0.0,0.0,0.0,0.05371900826446281,0.010994904800214535,0.0005788712011577424,0.0006474587245063128,0.003619153674832962,0.011179429849077696
889,0.0,0.0,0.0,0.0,0.0,0.0,0.0,0.0,0.00034264176803152307,0.0,0.0,0.0,0.0,0.0,0.0
890,0.0,0.0,0.0,0.0,0.0,0.0,0.0,0.0,0.0,0.005165289256198347,0.0,0.0,0.0,0.0,0.0
891,0.0,0.0,0.0,0.0020480357475330477,0.0,0.00030873726458783575,0.0,0.0,0.0,0.0,0.0,0.0,0.0,0.0,0.0
892,0.0,0.0,0.0,0.0,0.0,0.0,0.0,0.0006295247088448222,0.0,0.0,0.0,0.0,0.0,0.0,0.0
894,0.0,0.0,0.0009727626459143969,0.0,0.0,0.0,0.0,0.0,0.0,0.0,0.0,0.0,0.0,0.0,0.0
895,0.0,0.0,0.0,0.0,0.0,0.0,0.0,0.0,0.0,0.0,0.0002681684097613301,0.0,0.0,0.0,0.0
896,0.0,0.12444444444444444,0.0,0.0,0.0,0.0,0.0,0.0,0.0,0.0,0.0,0.0,0.0,0.0,0.003726476616359232
897,0.0,0.0,0.0,0.0003723701359150996,0.0,0.00030873726458783575,0.0,0.0,0.0,0.0,0.0,0.0,0.0,0.0,0.0
898,0.0,0.0,0.0,0.0003723701359150996,0.0,0.00015436863229391788,0.0,0.0,0.0,0.0,0.0,0.0,0.0,0.0,0.0
899,0.0,0.0,0.0,0.0003723701359150996,0.0,0.00015436863229391788,0.0,0.0,0.0,0.0,0.0,0.0,0.0,0.0,0.0
900,0.0,0.0,0.0,0.0013032954757028485,0.0,0.00015436863229391788,0.0,0.0,0.0,0.0,0.0,0.0,0.0,0.0,0.0
901,0.0,0.0,0.0,0.0,0.0,0.0,0.0,0.0,0.0,0.0,0.0,0.0,0.0001618646811265782,0.0,0.0
902,0.0,0.0,0.0,0.0,0.0,0.0,0.0,0.0,0.005824910056535891,0.0,0.0,0.0,0.0,0.0,0.0
903,0.0,0.0,0.0007295719844357977,0.0,0.0,0.0,0.0,0.0,0.0,0.0,0.0,0.0,0.0,0.0,0.0
905,0.0,0.0,0.0009727626459143969,0.0,0.0,0.0,0.0,0.0,0.0,0.0,0.0,0.0,0.0,0.0,0.0
907,0.0,0.0,0.0019455252918287938,0.0,0.0,0.0,0.0,0.0,0.0,0.0,0.0,0.0,0.0,0.0,0.0
908,0.0,0.0,0.0,0.0,0.0,0.00030873726458783575,0.0,0.0,0.0,0.0,0.0,0.0,0.0,0.0,0.0
909,0.0,0.00026143790849673205,0.0,0.0,0.0,0.0,0.0,0.0,0.001027925304094569,0.0,0.0,0.0002894356005788712,0.0,0.002366369710467706,0.037264766163592325
910,0.0,0.0,0.0,0.0,0.0,0.0,0.0,0.0,0.0,0.0,0.0,0.0,0.0,0.0,0.08924911496180361
911,0.0,0.0,0.0,0.0,0.0,0.0,0.0,0.0,0.002569813260236423,0.0,0.0002681684097613301,0.0,0.0,0.0,0.0022358859698155395
912,0.0,0.0033986928104575162,0.0,0.0,0.0,0.0,0.0,0.0,0.001027925304094569,0.0,0.015821936175918476,0.0005788712011577424,0.0,0.0,0.0
914,0.0,0.0,0.0,0.0,0.0,0.0,0.0,0.0,0.0,0.0005165289256198347,0.0,0.0,0.0,0.0,0.0
916,0.0,0.0,0.0,0.0,0.0,0.0,0.0028208744710860366,0.0,0.0,0.0,0.0,0.0,0.0,0.0,0.0
917,0.00617638609594944,0.0,0.0,0.0,0.0,0.0,0.0,0.0,0.0,0.0,0.0,0.0,0.0,0.0,0.0
918,0.011490950876185005,0.0,0.00024319066147859923,0.0,0.0,0.00015436863229391788,0.0,0.0,0.0,0.0,0.0,0.0,0.0,0.0006959910913140312,0.0
919,0.00014363688595231256,0.0,0.0,0.0,0.0,0.0,0.0,0.0,0.0,0.0,0.0,0.0,0.0,0.0,0.0
920,0.0,0.0,0.010214007782101167,0.0,0.0,0.0,0.0,0.0,0.0,0.0,0.0,0.0,0.0,0.0,0.0
921,0.0,0.0,0.0,0.0,0.0,0.00030873726458783575,0.0,0.0,0.0,0.0,0.0,0.0,0.0,0.0,0.0
923,0.0,0.0,0.0,0.0,0.0,0.0,0.0,0.0,0.0,0.0,0.0,0.0,0.0006474587245063128,0.0,0.0
924,0.0,0.0,0.0,0.0,0.0,0.0,0.0003134304967873374,0.0018885741265344666,0.0,0.0,0.0,0.0,0.0,0.0,0.0
925,0.0,0.0,0.0,0.0014894805436603984,0.0,0.00015436863229391788,0.0,0.0,0.0,0.0,0.0,0.0,0.0,0.0,0.0
926,0.0,0.009411764705882352,0.0,0.0,0.0,0.009570855202222908,0.0,0.0,0.0,0.0,0.0,0.0,0.0,0.0,0.0
927,0.0,0.0,0.0,0.0,0.0,0.0,0.0,0.0,0.0,0.0,0.0,0.0,0.0,0.0,0.003353828954723309
928,0.0,0.0,0.0,0.0,0.0,0.0,0.0,0.0,0.0,0.0,0.0,0.0,0.0,0.0027839643652561247,0.0
929,0.0,0.00026143790849673205,0.0,0.0,0.0,0.00015436863229391788,0.0,0.0,0.01233510364913483,0.0,0.0,0.0,0.0,0.0027839643652561247,0.0
930,0.0,0.0,0.0,0.0,0.0,0.0,0.0003134304967873374,0.0,0.0,0.0,0.0,0.0,0.0,0.0,0.0
931,0.0,0.00026143790849673205,0.0,0.0,0.0,0.0,0.0,0.0,0.0,0.0,0.0,0.0,0.0,0.0,0.0
932,0.0,0.0,0.005836575875486381,0.0,0.0,0.0,0.0,0.0,0.0,0.0,0.0,0.0,0.0,0.0,0.0
934,0.0,0.0,0.0,0.0013032954757028485,0.00974025974025974,0.00015436863229391788,0.0,0.0,0.0,0.0,0.0,0.0,0.0,0.0,0.0
935,0.0027291008330939384,0.004183006535947713,0.007538910505836576,0.004468441630981195,0.00487012987012987,0.004476690336523618,0.004544742203416392,0.013220018885741265,0.0034264176803152305,0.007747933884297521,0.0029498525073746312,0.006946454413892909,0.004208481709291033,0.0037583518930957684,0.005217067262902926
936,0.0,0.0,0.0,0.0,0.011363636363636364,0.00015436863229391788,0.0,0.0,0.0,0.0,0.0,0.0,0.0,0.0,0.0
937,0.0,0.0,0.0014591439688715954,0.0,0.0,0.0,0.0,0.0,0.0,0.0,0.0,0.0,0.0,0.0,0.0
938,0.0,0.0005228758169934641,0.0,0.0,0.0,0.0,0.0,0.0,0.0,0.0,0.0,0.0,0.0,0.0,0.0
939,0.0,0.0,0.0,0.0,0.0,0.0,0.0,0.0025180988353792886,0.0,0.0,0.0,0.0,0.0,0.0,0.0
940,0.0,0.0,0.0,0.0,0.0,0.0,0.0,0.0,0.0,0.0,0.0,0.005209840810419681,0.0,0.0,0.0
941,0.0,0.0,0.0,0.0,0.0,0.0,0.0,0.0,0.0,0.0005165289256198347,0.0,0.0,0.0,0.0,0.0
942,0.0,0.0,0.0,0.0,0.0,0.0,0.0,0.0,0.0,0.0,0.0002681684097613301,0.0,0.0,0.0,0.0
943,0.0,0.0,0.0,0.0,0.0,0.0,0.0,0.0,0.0,0.0,0.0034861893268972916,0.0037626628075253256,0.0,0.0,0.0
944,0.0,0.0,0.0,0.0,0.0,0.0,0.0003134304967873374,0.0,0.0,0.0,0.0,0.0,0.0,0.0,0.0
945,0.0,0.0,0.0,0.0,0.0,0.0015436863229391787,0.0,0.0,0.0,0.0,0.0,0.0,0.0,0.0,0.0
946,0.0,0.0,0.0,0.0,0.0,0.0,0.0,0.0,0.0,0.0,0.0,0.0,0.0,0.0,0.0005589714924538849
947,0.0,0.0,0.0,0.020852727611245576,0.022727272727272728,0.00030873726458783575,0.0,0.0,0.0,0.0,0.0,0.0,0.0,0.0,0.0
948,0.0,0.0,0.021157587548638133,0.0,0.0,0.0,0.0,0.0,0.0,0.0,0.0,0.0,0.0,0.0,0.0
949,0.0,0.0,0.0,0.023086948426736177,0.037337662337662336,0.001080580426057425,0.0,0.0,0.0,0.0,0.0,0.0,0.0,0.0,0.0
950,0.0008618213157138753,0.00026143790849673205,0.0,0.0,0.0,0.0,0.0,0.0,0.0,0.0,0.0,0.0,0.0,0.0,0.0001863238308179616
951,0.0,0.0,0.0007295719844357977,0.0,0.0,0.0,0.0,0.0,0.0,0.0,0.0,0.0,0.0,0.0,0.0
952,0.0,0.00026143790849673205,0.0,0.0,0.0,0.0,0.0,0.0,0.0,0.0,0.0,0.0,0.0,0.0,0.0
953,0.0,0.0,0.0,0.0,0.0,0.0,0.0,0.0,0.0,0.0,0.0,0.0,0.0016186468112657818,0.0,0.0
954,0.0,0.0,0.0,0.0,0.0,0.0,0.0,0.0009442870632672333,0.0,0.0,0.0,0.0,0.0,0.0,0.0
955,0.0,0.026928104575163397,0.0,0.0,0.0,0.06977462179685089,0.0,0.0,0.0011992461881103306,0.0,0.0,0.02662807525325615,0.0267076723858854,0.010857461024498886,0.02999813676169182
956,0.0,0.0,0.0,0.0,0.0,0.0,0.0,0.0,0.0,0.0,0.0,0.0,0.0,0.0,0.0003726476616359232
957,0.0,0.0,0.0,0.0,0.0,0.0,0.0003134304967873374,0.0,0.0,0.0,0.0,0.0,0.0,0.0,0.0
958,0.0,0.0,0.0,0.0,0.0,0.0,0.0,0.0,0.0,0.0,0.0,0.0,0.0,0.0,0.008757220048444196
959,0.0,0.0005228758169934641,0.0,0.0,0.0,0.0,0.0,0.0,0.0,0.0,0.0,0.0,0.0,0.0019487750556792874,0.001863238308179616
960,0.0,0.0,0.0,0.0,0.0,0.00030873726458783575,0.0,0.0,0.0,0.0,0.0,0.0,0.0,0.0,0.0
961,0.0,0.0,0.0,0.0,0.0,0.0,0.0028208744710860366,0.0,0.0,0.0,0.0,0.0,0.0,0.0,0.0
962,0.0,0.0,0.0,0.0,0.0,0.0,0.0,0.0,0.0,0.0,0.0,0.0,0.0,0.00027839643652561246,0.0
963,0.0030163746049985635,0.003137254901960784,0.006079766536964981,0.003537516291193446,0.008116883116883116,0.004167953071935782,0.002037298229117693,0.0066100094428706326,0.005482268288504369,0.0030991735537190084,0.002413515687851971,0.0037626628075253256,0.002589834898025251,0.0022271714922048997,0.002422209800633501
964,0.0,0.0,0.0,0.0,0.0,0.0007718431614695894,0.0,0.0,0.0,0.0,0.0,0.0,0.0,0.0,0.0
965,0.0,0.0,0.0,0.0,0.0,0.0,0.001097006738755681,0.0,0.0,0.0,0.0,0.0,0.0,0.0,0.0
966,0.0,0.0,0.0,0.0,0.0,0.0,0.0,0.0,0.0,0.0005165289256198347,0.0,0.0,0.0,0.0,0.0
967,0.0,0.0,0.0,0.0,0.0008116883116883117,0.00015436863229391788,0.0,0.0,0.0,0.0,0.0,0.0,0.0,0.0,0.0
968,0.0,0.0,0.0,0.0,0.0,0.0,0.0007835762419683435,0.0,0.0,0.0,0.0,0.0,0.0,0.0,0.0
970,0.0,0.0,0.0,0.0,0.0,0.0,0.0,0.0,0.0,0.0,0.0,0.0,0.0,0.0,0.0001863238308179616
972,0.0,0.0,0.0,0.015267175572519083,0.03571428571428571,0.00015436863229391788,0.0,0.0,0.0,0.0,0.0,0.0,0.0,0.0,0.0
971,0.0,0.0,0.0,0.015267175572519083,0.03571428571428571,0.00015436863229391788,0.0,0.0,0.0,0.0,0.0,0.0,0.0,0.0,0.0
973,0.0,0.0,0.0,0.0,0.0,0.0,0.0,0.0,0.0,0.0,0.0,0.0,0.0,0.0008351893095768374,0.0
974,0.0,0.0,0.0,0.0,0.0,0.0,0.0,0.0,0.0,0.0,0.0,0.0,0.0,0.0,0.0020495621389975778
975,0.0,0.0,0.0,0.0,0.0,0.0,0.0,0.0,0.0,0.0005165289256198347,0.0,0.0,0.0,0.0,0.0
976,0.0,0.0,0.0,0.0005585552038726494,0.0,0.00030873726458783575,0.0,0.0,0.0,0.0,0.0,0.0,0.0,0.0,0.0
977,0.0,0.0,0.0,0.0,0.0,0.0,0.0,0.0,0.0,0.0,0.0,0.0,0.0,0.0,0.0001863238308179616
978,0.0,0.0,0.0,0.0,0.0,0.0,0.0001567152483936687,0.0,0.0,0.0,0.0,0.0,0.0,0.0,0.0
979,0.0,0.0,0.003404669260700389,0.0,0.0,0.0,0.0,0.0,0.0,0.0,0.0,0.0,0.0,0.0,0.0
980,0.00014363688595231256,0.0,0.0,0.0,0.0,0.0,0.0,0.0,0.0,0.0,0.0,0.0,0.0,0.0,0.0
981,0.0,0.0,0.0,0.0,0.0,0.0009262117937635072,0.0,0.0,0.0,0.0,0.0,0.0,0.0,0.0,0.0
982,0.0,0.0,0.0012159533073929961,0.0,0.0,0.0,0.0,0.0,0.0,0.0,0.0,0.0,0.0,0.0,0.0
983,0.0,0.000784313725490196,0.0,0.0,0.0,0.002778635381290522,0.0,0.0,0.0,0.0,0.0,0.0,0.0,0.00027839643652561246,0.0
984,0.0,0.0,0.0,0.0001861850679575498,0.0,0.00015436863229391788,0.0,0.0,0.0,0.0,0.0,0.0,0.0,0.0,0.0
985,0.0,0.0,0.0,0.0,0.0,0.0,0.0003134304967873374,0.0,0.0,0.0,0.0,0.0,0.0,0.0,0.0
986,0.0011490950876185005,0.0,0.0,0.0,0.0,0.0,0.0,0.0,0.0,0.0,0.0,0.0,0.0,0.0,0.0
987,0.0,0.0,0.0,0.0,0.0,0.0,0.0007835762419683435,0.0,0.0,0.0,0.0,0.0,0.0,0.0,0.0
988,0.0,0.0,0.0,0.0,0.0,0.0,0.0,0.0,0.0,0.0,0.0,0.0,0.0,0.00027839643652561246,0.0
989,0.0,0.0,0.0,0.0053993669707689445,0.0,0.00015436863229391788,0.0,0.0,0.0,0.0,0.0,0.0,0.0,0.0,0.0
992,0.0,0.0,0.0,0.0,0.0,0.0,0.0,0.0,0.0,0.0,0.0,0.0,0.0,0.0,0.002422209800633501
993,0.0,0.0,0.0,0.0,0.0,0.0,0.001567152483936687,0.0,0.0,0.0,0.0,0.0,0.0,0.0,0.0
994,0.0,0.0,0.02213035019455253,0.0,0.0,0.0,0.0,0.0,0.0,0.0,0.0,0.0,0.0,0.0,0.0
995,0.0,0.0,0.0,0.0,0.0,0.0,0.0009402914903620122,0.0,0.0,0.0,0.0,0.0,0.0,0.0,0.0
996,0.0,0.0,0.0,0.0,0.0,0.0,0.0,0.0,0.0,0.0,0.0,0.0,0.0,0.0,0.0001863238308179616
997,0.0,0.0,0.0,0.0,0.0,0.0,0.0,0.0,0.0,0.0,0.0018771788683293108,0.0,0.0,0.0,0.0
998,0.0,0.0,0.0,0.0,0.0,0.0,0.0,0.0,0.0,0.011880165289256199,0.0005363368195226602,0.0,0.0,0.0,0.0
999,0.0,0.0,0.0,0.0,0.0,0.00216116085211485,0.0,0.003462385898646522,0.0008566044200788076,0.0,0.0,0.0,0.0,0.0,0.0
1000,0.0,0.0,0.0,0.0,0.0,0.0,0.0,0.0,0.0,0.0,0.0002681684097613301,0.0,0.0,0.0,0.0
1001,0.0,0.0,0.0,0.0,0.0,0.0,0.0,0.0003147623544224111,0.0,0.0,0.0,0.0,0.0,0.0,0.0
1002,0.0,0.0,0.0,0.0,0.0,0.0,0.0,0.0,0.0,0.0,0.0,0.0,0.0,0.0,0.0007452953232718465
1003,0.0,0.0,0.0,0.0001861850679575498,0.0,0.00015436863229391788,0.0,0.0,0.0,0.0,0.0,0.0,0.0,0.0,0.0
1004,0.001005458201666188,0.0,0.0,0.0,0.0,0.0,0.0,0.0,0.0,0.0,0.0,0.0,0.0,0.0,0.0
1005,0.0,0.0,0.0024319066147859923,0.0,0.0,0.0,0.0,0.0,0.0,0.0,0.0,0.0,0.0,0.0,0.0
1006,0.0,0.0,0.0,0.0,0.0,0.00015436863229391788,0.0,0.0,0.00034264176803152307,0.0,0.0,0.0,0.0001618646811265782,0.0,0.0
1007,0.0,0.00026143790849673205,0.0,0.0,0.0,0.0018524235875270144,0.0,0.0,0.009593969504882645,0.0,0.0002681684097613301,0.0,0.010844933635480739,0.0022271714922048997,0.015278554127072852
1008,0.0,0.0,0.0,0.0,0.0,0.0,0.0,0.0,0.0,0.0,0.0002681684097613301,0.0,0.0,0.0,0.0
1009,0.0,0.00026143790849673205,0.0,0.0,0.0,0.0,0.0,0.0,0.0006852835360630461,0.0,0.0,0.0,0.00178051149239236,0.0033407572383073497,0.0001863238308179616
1010,0.0,0.0,0.0,0.0,0.0,0.0,0.0,0.0,0.0,0.0,0.0,0.0,0.0,0.0,0.0005589714924538849
1011,0.0,0.0,0.0,0.0,0.0,0.0,0.00861933866165178,0.0,0.0,0.0,0.0,0.0,0.0,0.0,0.0
1012,0.0,0.0,0.0,0.0,0.0,0.0,0.0,0.0,0.0,0.0,0.0,0.0,0.0,0.0,0.0001863238308179616
1013,0.0,0.0,0.0,0.000930925339787749,0.0,0.00030873726458783575,0.0,0.0,0.0,0.0,0.0,0.0,0.0,0.0,0.0
1014,0.0,0.0,0.0,0.0,0.0,0.0,0.001097006738755681,0.0,0.0,0.0,0.0,0.0,0.0,0.0,0.0
1015,0.0,0.0,0.0,0.0001861850679575498,0.0,0.0,0.0,0.0,0.0,0.0,0.0,0.0,0.0,0.0,0.0
1016,0.0,0.0,0.0,0.0,0.0,0.0,0.0001567152483936687,0.0,0.0,0.0,0.0,0.0,0.0,0.0,0.0
1017,0.0,0.0,0.0,0.0,0.0,0.0,0.0,0.0,0.0,0.0,0.0,0.0,0.0,0.0,0.001863238308179616
1018,0.0008618213157138753,0.0,0.0,0.0,0.0,0.0,0.0,0.0,0.0,0.0,0.0,0.0,0.0,0.0,0.0
1019,0.0,0.0018300653594771241,0.0,0.0,0.0,0.0,0.0,0.0,0.0,0.05526859504132232,0.0029498525073746312,0.0,0.0,0.0,0.0
1020,0.0,0.0,0.0,0.0,0.0,0.0,0.0001567152483936687,0.0,0.0,0.0,0.0,0.0,0.0,0.0,0.0
1021,0.0005745475438092502,0.0,0.0,0.0,0.0,0.0,0.0,0.0,0.0,0.0,0.0,0.0,0.0,0.0,0.0
1022,0.0,0.0,0.0014591439688715954,0.0,0.0,0.0,0.0,0.0,0.0,0.0,0.0,0.0,0.0,0.0,0.0
1023,0.0,0.0,0.00048638132295719845,0.0,0.0,0.0,0.0,0.0,0.0,0.0,0.0,0.0,0.0,0.0,0.0
1024,0.0,0.0,0.0,0.0,0.0,0.0,0.0,0.0,0.0,0.0,0.0,0.0,0.0,0.0,0.0003726476616359232
1025,0.0,0.0,0.0,0.0,0.0,0.0,0.0,0.0,0.0,0.0,0.0,0.0,0.0,0.0,0.0005589714924538849
1026,0.028871014076414823,0.0,0.0,0.0,0.0,0.0,0.0,0.0,0.0,0.0,0.0,0.0,0.0,0.0,0.0
1027,0.0,0.0,0.04328793774319066,0.0,0.0,0.0,0.0,0.0,0.0,0.0,0.0,0.0,0.0,0.0,0.0
1028,0.0,0.0,0.0,0.0,0.0,0.0,0.0,0.0028328611898017,0.0015418879561418537,0.0,0.0,0.0,0.0,0.0012527839643652562,0.0001863238308179616
