full_name,book_1,book_2,book_3,book_4,book_5,book_6,book_7,book_8,book_9,book_10,book_11,book_12,book_13,book_14,book_15
A. C. Sopers 1,0.00016131634134537829,0.0,0.0,0.0,0.0,0.0,0.0,0.0,0.0,0.0,0.0,0.0,0.0,0.0,0.0
A’dan 2,0.0,0.0,0.0,0.005313092979127135,0.0,0.0001749475157452764,0.0,0.0,0.0,0.0,0.0,0.0,0.0,0.0,0.0
A’murry 3,0.0,0.0,0.0,0.003984819734345351,0.0,0.0001749475157452764,0.0,0.0,0.0,0.0,0.0,0.0,0.0,0.0,0.0
Abula 4,0.0,0.0,0.0,0.0,0.0,0.0,0.0,0.0,0.0,0.0,0.00030376670716889426,0.0,0.0,0.0,0.0
Abuna 5,0.0,0.0,0.0,0.0,0.0,0.0,0.0,0.0,0.0,0.0,0.006075334143377886,0.001131648434552999,0.0,0.0,0.0
Adessa 6,0.0,0.0,0.0,0.0,0.0,0.0,0.000630715862503942,0.0,0.0,0.0,0.0,0.0,0.0,0.0,0.0
Adrea Beljeth 7,0.0,0.001193673530289466,0.0,0.0,0.0,0.0008747375787263821,0.0,0.0,0.0,0.0,0.0,0.0,0.0,0.0003093580819798917,0.0020928462709284626
Afnor 8,0.0,0.0,0.0,0.0,0.0,0.0,0.0,0.0,0.0,0.0,0.0,0.0,0.0,0.0004640371229698376,0.0001902587519025875
Aida 9,0.001129214389417648,0.001193673530289466,0.000490075961774075,0.0011385199240986717,0.0008613264427217916,0.00244926522043387,0.0007883948281299275,0.000315059861373661,0.0006890611541774332,0.002182214948172395,0.00030376670716889426,0.001886080724254998,0.0008704735376044568,0.0012374323279195668,0.0001902587519025875
Aisling Hempenstahl 10,0.00032263268269075657,0.0,0.0,0.0,0.0,0.0,0.0,0.0,0.0,0.0,0.0,0.0,0.0,0.0,0.0
Albuna 11,0.0,0.0,0.0,0.0,0.0,0.0,0.0,0.0,0.0,0.0,0.0,0.0003772161448509996,0.0,0.0,0.0
Alda 12,0.0,0.0,0.0,0.0,0.0,0.0001749475157452764,0.0,0.0,0.0,0.0,0.0,0.0,0.0,0.0,0.0
Aleki 13,0.0,0.0008952551477170994,0.0,0.0,0.0,0.0,0.0,0.0,0.0,0.0,0.0,0.0,0.0,0.0,0.0
Alemi Onclemi Lemi 14,0.0,0.1387645478961504,0.0,0.0,0.0,0.002099370188943317,0.0,0.0,0.0,0.05291871249318058,0.0006075334143377885,0.0,0.0,0.0032482598607888632,0.0
Alessan 15,0.0,0.0,0.0,0.11290322580645161,0.12919896640826872,0.0013995801259622112,0.0,0.0,0.0,0.0,0.0,0.0,0.0,0.0,0.0
Alianne Zulueta 16,0.00016131634134537829,0.0,0.0,0.0,0.0,0.0,0.0,0.0,0.0,0.0,0.0,0.0,0.0,0.0,0.0
Aliena Zuleita 17,0.0,0.0,0.0002450379808870375,0.0,0.0,0.0,0.0,0.0,0.0,0.0,0.0,0.0,0.0,0.0,0.0
Almie 18,0.0,0.0017905102954341987,0.0,0.0,0.0,0.0,0.0,0.0,0.0,0.0,0.0,0.0,0.0,0.0,0.0
Amilla 19,0.0,0.0,0.0,0.0,0.002583979328165375,0.0001749475157452764,0.0,0.0,0.0,0.0,0.0,0.0,0.0,0.0,0.0
Ampris 20,0.0,0.0,0.0,0.0,0.0,0.0,0.0,0.0,0.0,0.0,0.0,0.0,0.0,0.00015467904098994585,0.0
Anama 21,0.0,0.0,0.0,0.0,0.0,0.0003498950314905528,0.0,0.0,0.0,0.0,0.0,0.0,0.0,0.0,0.0
Anchoran 22,0.0,0.0,0.0,0.0,0.0,0.0001749475157452764,0.0,0.0,0.0,0.0,0.0,0.0,0.0,0.0,0.0
Andemon 23,0.0,0.0002984183825723665,0.0,0.0,0.0,0.0,0.0,0.0,0.008613264427217916,0.0,0.0,0.0,0.0005222841225626741,0.0,0.0
Ander 24,0.0,0.0,0.0,0.0,0.0,0.0001749475157452764,0.0,0.0,0.0,0.0,0.0,0.0,0.0,0.0,0.0
Andremon 25,0.0,0.0002984183825723665,0.0,0.0,0.0,0.0,0.0,0.0,0.0,0.0,0.0,0.0,0.0,0.0,0.0
Anella 26,0.0,0.0,0.0,0.0,0.04392764857881137,0.0001749475157452764,0.0,0.0,0.0,0.0,0.0,0.0,0.0,0.0,0.0
Anguille 27,0.00032263268269075657,0.0,0.0,0.0,0.0,0.0,0.02097130242825607,0.0,0.0,0.0,0.0,0.0,0.0,0.0,0.0
Anskono 28,0.0,0.000596836765144733,0.0,0.0,0.0,0.0,0.0,0.0,0.0,0.0,0.0,0.0,0.0,0.0,0.0
Anta 29,0.0,0.0,0.0,0.0,0.0,0.0,0.0004730368968779565,0.0,0.0,0.0,0.0,0.0,0.0,0.0,0.0
Aramina Mina Ara 30,0.0,0.024171888988361683,0.0,0.0,0.0,0.032365290412876134,0.0,0.0,0.0,0.0,0.0,0.0,0.0,0.0017014694508894045,0.0001902587519025875
Aranya 31,0.0,0.0035810205908683975,0.0,0.0,0.0,0.0,0.0,0.0,0.0,0.0,0.0,0.0,0.0,0.00015467904098994585,0.0
Armald 32,0.0,0.0,0.0,0.0,0.0,0.00437368789363191,0.0,0.0,0.0,0.0,0.0,0.0,0.0,0.0,0.0
Arminet 33,0.0,0.0,0.0,0.0,0.0,0.0,0.0,0.0,0.0,0.0,0.0,0.0,0.0,0.0,0.0028538812785388126
Armor 34,0.0,0.0,0.0,0.0,0.0,0.0001749475157452764,0.0,0.0,0.0,0.0,0.0,0.0,0.0,0.0,0.0
Arnor 35,0.0,0.0,0.0,0.0,0.0,0.0005248425472358292,0.0,0.0,0.0,0.0,0.0036452004860267314,0.001131648434552999,0.00034818941504178273,0.001082753286929621,0.0
Arthied Desi 36,0.003871592192289079,0.0,0.0,0.0,0.0,0.0,0.0,0.0,0.0,0.0,0.0,0.0,0.0,0.0,0.0
Asgenar 37,0.0,0.0017905102954341987,0.0,0.0,0.0,0.021518544436669,0.0,0.0,0.01533161068044789,0.0,0.00030376670716889426,0.0,0.0006963788300835655,0.0069605568445475635,0.000380517503805175
Ashmichel 38,0.0,0.0,0.0,0.0,0.0,0.0,0.0007883948281299275,0.0,0.0,0.0,0.0,0.0,0.0,0.0,0.0
Athpathis 39,0.00032263268269075657,0.0,0.0,0.0,0.0,0.0,0.0,0.0,0.0,0.0,0.0,0.0,0.0,0.0,0.0
Audiva 40,0.0,0.0,0.0,0.0,0.0,0.0,0.0,0.0,0.0,0.0,0.023693803159173753,0.0,0.0,0.0,0.0
Avril Bitra 41,0.031295370221003385,0.0,0.03553050722862044,0.0007590132827324478,0.0008613264427217916,0.003324002799160252,0.000315357931251971,0.001890359168241966,0.0013781223083548665,0.0,0.00030376670716889426,0.0003772161448509996,0.0,0.003402938901778809,0.0013318112633181126
Azury 42,0.0,0.0,0.009556481254594462,0.0,0.0,0.0,0.0,0.0,0.0,0.0,0.0,0.0,0.0,0.0,0.0
B’dor 43,0.0,0.0,0.0,0.0,0.0,0.0,0.0,0.0,0.0010335917312661498,0.0,0.0,0.0,0.0,0.0,0.0
B’fol 44,0.0,0.0,0.0,0.0,0.0,0.0,0.0,0.000630119722747322,0.0,0.0,0.0,0.0,0.0,0.0,0.0
B’greal 45,0.0,0.0,0.0,0.0005692599620493358,0.0,0.0001749475157452764,0.0,0.0,0.0,0.0,0.0,0.0,0.0,0.0,0.0
B’lerion 46,0.0,0.0,0.0,0.021821631878557873,0.019810508182601206,0.0003498950314905528,0.0,0.0,0.0,0.0,0.0,0.0,0.0,0.0,0.0
B’naj 47,0.0,0.0,0.0,0.0,0.0,0.0,0.0,0.0,0.002239448751076658,0.0,0.0,0.0,0.0,0.0,0.0
B’ner 48,0.0,0.0,0.002450379808870375,0.0,0.0,0.0,0.0,0.0,0.0,0.0,0.0,0.0,0.0,0.0,0.0
B’nurrin 49,0.0,0.0,0.0078412153883852,0.0,0.0,0.0,0.0,0.0,0.0,0.0,0.0,0.0,0.0,0.0,0.0
B’rant 50,0.0,0.0,0.0,0.0,0.0,0.0,0.0001576789656259855,0.001575299306868305,0.0,0.0,0.0,0.0,0.0,0.0,0.0
B’refli 51,0.0,0.0,0.0,0.0,0.0,0.0,0.0001576789656259855,0.0,0.0,0.0,0.0,0.0,0.0,0.0,0.0
B’zon 52,0.0,0.0,0.0,0.0,0.0,0.0008747375787263821,0.0,0.0,0.0,0.0,0.0,0.0,0.0015668523676880223,0.0,0.0
Bahka 53,0.00032263268269075657,0.0,0.0,0.0,0.0,0.0,0.0,0.0,0.0,0.0,0.0,0.0,0.0,0.0,0.0
Baid 54,0.0,0.0,0.0,0.00018975332068311195,0.0,0.0001749475157452764,0.0,0.0,0.0,0.0,0.0,0.0,0.0,0.0,0.0
Baldor 55,0.0,0.0,0.0,0.0,0.0,0.0,0.0,0.0,0.0,0.0,0.0,0.0,0.001392757660167131,0.0,0.0
Balfor 56,0.0,0.0,0.0,0.0018975332068311196,0.0017226528854435831,0.0001749475157452764,0.0,0.0,0.0,0.0,0.0,0.0,0.0,0.0,0.0
Ballora 57,0.0,0.0,0.0,0.0,0.0,0.0,0.0,0.0,0.0,0.0,0.0,0.0,0.0,0.0,0.002663622526636225
Banak 58,0.0,0.0,0.0,0.0,0.0,0.0,0.0,0.0,0.0,0.0,0.0,0.004149377593360996,0.0,0.0,0.0
Bandarek 59,0.0,0.0,0.0,0.0,0.0,0.0,0.0,0.0,0.0,0.0,0.0,0.0,0.0,0.00015467904098994585,0.0
Banger 60,0.0,0.0,0.0,0.0,0.0,0.0,0.0,0.000630119722747322,0.0,0.0,0.0,0.0,0.0,0.0,0.0
Bantur 61,0.0,0.0,0.0,0.0,0.0,0.0,0.0,0.0,0.0,0.0,0.00030376670716889426,0.003017729158807997,0.0,0.0,0.0
Barba 62,0.0,0.0,0.0,0.0,0.0,0.0,0.000630715862503942,0.0,0.0,0.0,0.0,0.0,0.0,0.0,0.0
Bardie 63,0.0,0.0,0.0,0.0,0.0,0.0,0.0,0.0,0.0,0.0005455537370430987,0.0,0.0,0.0,0.0,0.0
Bargen 64,0.0,0.0002984183825723665,0.0,0.0,0.0,0.0,0.002207505518763797,0.000315059861373661,0.0003445305770887166,0.0,0.0,0.001131648434552999,0.0,0.002010827532869296,0.0030441400304414
Barla 65,0.0,0.0,0.0,0.0,0.0,0.00489853044086774,0.0,0.0,0.0,0.0,0.0,0.0,0.0,0.0003093580819798917,0.0
Barly 66,0.0,0.0,0.0,0.0003795066413662239,0.0,0.0001749475157452764,0.0,0.0,0.0,0.0,0.0,0.0,0.0,0.0,0.0
Barndy 67,0.0,0.0,0.0,0.0,0.0034453057708871662,0.0001749475157452764,0.0,0.0,0.0,0.0,0.0,0.0,0.0,0.0,0.0
Barr Hamil 68,0.00467817389901597,0.0,0.0,0.0,0.0,0.0,0.0,0.0,0.0,0.0,0.0,0.0,0.0,0.0,0.0
Bart Lemos 69,0.0069366026778512665,0.0002984183825723665,0.0,0.0011385199240986717,0.0017226528854435831,0.005598320503848845,0.000315357931251971,0.001260239445494644,0.009302325581395349,0.0,0.00030376670716889426,0.0,0.00017409470752089137,0.002010827532869296,0.0005707762557077625
Basil 70,0.00016131634134537829,0.0,0.0,0.0,0.0,0.0,0.0,0.0,0.0,0.0,0.0,0.0,0.0,0.0,0.0
Bastom 71,0.0,0.0,0.005145797598627788,0.0,0.0,0.0,0.0,0.0,0.0,0.0,0.0,0.0,0.0,0.0,0.0
Batim 72,0.0,0.0,0.0,0.0,0.0,0.0,0.0,0.0,0.0,0.0,0.0,0.0,0.0,0.0,0.003424657534246575
Batunon 73,0.0,0.0,0.0,0.0,0.0,0.0,0.0,0.0,0.0,0.0,0.0,0.0,0.00034818941504178273,0.0,0.0
Bay Harkenon 74,0.033231166317147925,0.0,0.0,0.0,0.0,0.0,0.0,0.0,0.0,0.0,0.0,0.0,0.0,0.0,0.0
Bedda 75,0.0,0.0,0.0,0.0,0.0,0.0001749475157452764,0.0,0.0,0.0,0.0,0.0,0.0,0.0,0.0,0.0
Bedella 76,0.0,0.0,0.0,0.0,0.0,0.0001749475157452764,0.0,0.0,0.0013781223083548665,0.0,0.0,0.0,0.0,0.0,0.0005707762557077625
Begamon 77,0.0,0.0002984183825723665,0.0,0.0,0.0,0.0,0.0,0.0,0.0,0.0,0.0,0.0,0.0008704735376044568,0.004021655065738592,0.0
Belesdan Belesden 78,0.0,0.0,0.0,0.0,0.0,0.0001749475157452764,0.0,0.0,0.0008613264427217916,0.0,0.0,0.0,0.0,0.0,0.0
Belterac 79,0.0,0.0,0.0,0.0,0.0,0.0,0.0,0.0,0.0,0.0,0.0,0.0,0.0,0.002165506573859242,0.0
Ben 80,0.0006452653653815131,0.0002984183825723665,0.0002450379808870375,0.0,0.0,0.0,0.0,0.0,0.0,0.0,0.00030376670716889426,0.0,0.0,0.0,0.0
Bendarek 81,0.0,0.0002984183825723665,0.0,0.0,0.0,0.0003498950314905528,0.0,0.0,0.002756244616709733,0.0,0.00030376670716889426,0.0,0.0012186629526462396,0.005723124516627997,0.0001902587519025875
Benelek 82,0.0,0.0017905102954341987,0.0,0.0,0.0,0.0001749475157452764,0.0,0.0,0.0,0.0,0.0006075334143377885,0.0,0.0031337047353760445,0.005877803557617943,0.001141552511415525
Benini 83,0.0,0.0,0.0,0.0,0.0,0.0,0.0,0.0,0.0,0.0,0.0,0.0,0.0,0.0,0.0020928462709284626
Benis 84,0.0,0.0,0.0,0.0,0.0,0.0,0.0,0.0,0.0,0.0,0.0106318347509113,0.0,0.0,0.0,0.0
Benoria 85,0.0,0.0,0.0,0.0,0.0,0.0,0.0004730368968779565,0.0,0.0,0.0,0.0,0.0,0.0,0.0,0.0
Berchar Berch 86,0.0,0.0,0.0,0.007590132827324478,0.0,0.0001749475157452764,0.0,0.0,0.0,0.0,0.0,0.0,0.0,0.0,0.0
Berdine 87,0.0,0.0,0.0,0.0,0.0,0.0,0.0,0.0,0.0,0.0,0.0,0.004526593738211996,0.0,0.0,0.0
Besel 88,0.0,0.0,0.0,0.0,0.0,0.0,0.0,0.0,0.0,0.0,0.0,0.005658242172764994,0.0,0.0,0.0
Besic 89,0.0,0.0,0.0,0.0,0.0,0.0,0.0,0.0,0.0,0.0,0.0,0.0,0.0,0.0,0.002663622526636225
Bessel 90,0.0,0.0,0.0,0.00018975332068311195,0.0,0.0001749475157452764,0.0,0.0,0.0,0.0,0.0,0.0,0.0,0.0,0.0
Bessera 91,0.0,0.0,0.0,0.0,0.0008613264427217916,0.0001749475157452764,0.0,0.0,0.0,0.0,0.0,0.0,0.0,0.0,0.0
Bestrum 92,0.0,0.0,0.0,0.0,0.012058570198105082,0.0003498950314905528,0.0,0.0,0.0,0.0,0.0,0.0,0.0,0.0,0.0
Bethany 93,0.0,0.0,0.01078167115902965,0.0,0.0,0.0,0.0,0.0,0.0,0.0,0.0,0.0,0.0,0.0,0.0
Betrice 94,0.0,0.0,0.0,0.0,0.0,0.0,0.01151056449069694,0.0,0.0,0.0,0.0,0.0,0.0,0.0,0.0
Betsy 95,0.00016131634134537829,0.0,0.0,0.0,0.0,0.0,0.0,0.0,0.0,0.0,0.0,0.0,0.0,0.0,0.0
Betty Musgrave Blake 96,0.0025810614615260526,0.0,0.0,0.0,0.0,0.0,0.0,0.0,0.0,0.0,0.0,0.0,0.0,0.0,0.0
Bill Duff 97,0.003871592192289079,0.0,0.0,0.0,0.0,0.0,0.0,0.0,0.0,0.0,0.0,0.0,0.0,0.0,0.0
Binness 98,0.0,0.0,0.0,0.0,0.0,0.0,0.0,0.0,0.0,0.0,0.0,0.0,0.0,0.0,0.00837138508371385
Birsan 99,0.0,0.0,0.0,0.0,0.0,0.0003498950314905528,0.0,0.0,0.0,0.0,0.0,0.0,0.0,0.0,0.0
Birto 100,0.0,0.0,0.0,0.0,0.0,0.0,0.0,0.0,0.0003445305770887166,0.0,0.0,0.0,0.0,0.0,0.0
Blesserel 101,0.0,0.0,0.0,0.0,0.0,0.0,0.0,0.0,0.0,0.0,0.0,0.0,0.0,0.004640371229698376,0.0
Bloors 102,0.0,0.0,0.0,0.0,0.0,0.0015745276417074878,0.0,0.0,0.0,0.0,0.0,0.0,0.0,0.0,0.0
Bob Jorgensen 103,0.00032263268269075657,0.0,0.0,0.0,0.0,0.0,0.0,0.0,0.0,0.0,0.0,0.0,0.0,0.0,0.0
Bob Jepson 104,0.0012905307307630263,0.0,0.0,0.0,0.0,0.0,0.0,0.0,0.0,0.0,0.0,0.0,0.0,0.0,0.0
Bonna 105,0.0,0.0,0.0,0.0,0.0,0.0,0.0,0.0,0.0,0.0,0.0,0.0,0.0,0.00015467904098994585,0.0
Bonz 106,0.0,0.0,0.0,0.0,0.0,0.0,0.0,0.0,0.0,0.0,0.0006075334143377885,0.004149377593360996,0.0,0.0,0.0
Boranda 107,0.0,0.0,0.0,0.00018975332068311195,0.0,0.0001749475157452764,0.0,0.0,0.0,0.0,0.0,0.0,0.0,0.0,0.0
Borel 108,0.0,0.0,0.0,0.0,0.0,0.0010496850944716584,0.0,0.0,0.0,0.0,0.0,0.0,0.0,0.0,0.0
Borgald Amhold 109,0.0,0.0,0.0,0.0,0.0,0.008047585724282715,0.0,0.0,0.0,0.0,0.0,0.0,0.0,0.0,0.0
Boris Pahlevi 110,0.0035489595095983223,0.0,0.003430531732418525,0.0,0.0,0.0,0.0,0.0,0.0,0.0,0.0,0.0,0.0,0.0,0.0
Boskoney 111,0.0,0.012235153685467026,0.0,0.0,0.0,0.0,0.0,0.0,0.0,0.0,0.0,0.0,0.0,0.0,0.0
Bosler 112,0.0,0.0,0.0,0.0,0.0,0.0,0.0023651844843897824,0.0,0.0,0.0,0.0,0.0,0.0,0.0,0.0
Bourdon 113,0.0,0.0,0.0,0.0,0.0,0.0,0.002838221381267739,0.0,0.0001722652885443583,0.0,0.0,0.0,0.0,0.0,0.0
Brace 114,0.0,0.0,0.0,0.0,0.0034453057708871662,0.0001749475157452764,0.0,0.0,0.0,0.0,0.0,0.0,0.0,0.0,0.0
Brahil 115,0.0,0.0,0.0,0.0,0.0,0.0,0.000315357931251971,0.0,0.0,0.0,0.0,0.0,0.0,0.0,0.0
Brand 116,0.0,0.0,0.0,0.0,0.0,0.0005248425472358292,0.0,0.000315059861373661,0.0,0.0,0.0,0.0,0.005919220055710306,0.007269914926527455,0.0013318112633181126
Brare 117,0.0,0.0,0.0,0.0,0.0,0.004198740377886634,0.0,0.0,0.0,0.0,0.0,0.0,0.0,0.0,0.0
Brashia 118,0.0,0.0,0.0,0.0,0.0,0.0,0.0017344686218858404,0.0,0.0,0.0,0.0,0.0,0.0,0.0,0.0
Bravonner 119,0.0,0.0,0.0,0.0,0.0,0.0,0.0007883948281299275,0.0,0.0,0.0,0.0,0.0,0.0,0.0,0.0
Breda 120,0.0,0.0,0.0,0.0,0.0,0.0,0.0,0.0,0.0,0.0,0.0,0.0,0.0,0.0017014694508894045,0.0
Breide 121,0.0,0.0,0.0,0.0,0.0,0.007522743177046886,0.0,0.0,0.0,0.0,0.0,0.0,0.0,0.0018561484918793504,0.0
Brekke Brekker 122,0.0,0.0,0.0,0.0,0.0,0.0027991602519244225,0.0,0.0,0.06459948320413436,0.020185488270594652,0.004860267314702308,0.002640513013956997,0.028725626740947075,0.0015467904098994587,0.001141552511415525
Brenton 123,0.0,0.0,0.0002450379808870375,0.0,0.0,0.0,0.0,0.0,0.0,0.0,0.0,0.0,0.0,0.0,0.0
Brestolli 124,0.0,0.0,0.0,0.0,0.0,0.0,0.0,0.0,0.0,0.0,0.0,0.0,0.0,0.0017014694508894045,0.0
Brever 125,0.0,0.0,0.0,0.0,0.0,0.0003498950314905528,0.0,0.0,0.0,0.0,0.0,0.0,0.0,0.0,0.0
Briala 126,0.0,0.0,0.0,0.0,0.0,0.0,0.0,0.0,0.0,0.0,0.007290400972053463,0.0,0.0,0.0,0.0
Brian 127,0.004355541216325214,0.0,0.0,0.0,0.0,0.0,0.0,0.0,0.0,0.0,0.0,0.0,0.0,0.0,0.0
Briaret 128,0.0,0.0,0.0,0.0,0.0,0.0010496850944716584,0.0,0.0,0.0,0.0,0.0,0.0003772161448509996,0.00017409470752089137,0.0003093580819798917,0.0
Bridgely 129,0.0,0.0,0.020828228375398185,0.0,0.0,0.0,0.0,0.0,0.0,0.0,0.0,0.0,0.0,0.0,0.0
Brinaret 130,0.0,0.0,0.0,0.0,0.0,0.0,0.0,0.0,0.0,0.0,0.0,0.0003772161448509996,0.0,0.0,0.0
Brindel 131,0.0,0.0,0.0,0.0,0.0,0.0001749475157452764,0.0,0.0,0.0,0.0,0.0,0.0,0.0,0.0,0.0
Brinna 132,0.0,0.0,0.0,0.0,0.0,0.0,0.0,0.0,0.0,0.0,0.0,0.0,0.0,0.00015467904098994585,0.0
Briskin 133,0.0,0.0,0.000490075961774075,0.0,0.0,0.0,0.0,0.0,0.0,0.0,0.0,0.0,0.0,0.0,0.0
Bristol 134,0.0,0.0,0.0,0.0,0.0,0.0,0.0004730368968779565,0.0,0.0,0.0,0.0,0.0,0.0,0.0,0.0
Brodo 135,0.0,0.0,0.0,0.0,0.0,0.0,0.0004730368968779565,0.0,0.0,0.0,0.0,0.0,0.0,0.0,0.0
Brolly 136,0.0,0.0,0.0,0.0,0.0,0.0,0.0,0.0,0.0,0.0,0.0036452004860267314,0.003017729158807997,0.0,0.0,0.0
Brookie 137,0.0,0.0,0.0007351139426611125,0.0,0.0,0.0,0.0,0.0,0.0,0.0,0.0,0.0,0.0,0.0,0.0
Brosil 138,0.0,0.0,0.0,0.0,0.0,0.0,0.0001576789656259855,0.0,0.0,0.0,0.0,0.0,0.0,0.0,0.0
Brudegan Bruddie 139,0.0,0.0,0.0,0.0,0.0,0.0,0.0,0.0,0.0024117140396210162,0.0,0.012454434993924665,0.0,0.0,0.0,0.0
Burdion 140,0.0,0.0,0.0,0.0009487666034155598,0.0,0.0001749475157452764,0.0,0.0,0.0,0.0,0.0,0.0,0.0,0.0,0.0
C’gan 141,0.0,0.0,0.0,0.0,0.0,0.0,0.007883948281299276,0.005356017643352237,0.0003445305770887166,0.0,0.0,0.0,0.0,0.0,0.0
C’reel 142,0.0,0.0,0.0,0.0,0.0,0.0,0.0,0.0,0.0,0.0,0.0,0.0,0.0,0.0,0.005707762557077625
C’rob 143,0.0,0.0,0.0,0.0,0.0,0.0,0.004730368968779565,0.0,0.0,0.0,0.0,0.0,0.0,0.0,0.0
C’tarel 144,0.0,0.0,0.0,0.0,0.0,0.0,0.0,0.0,0.0,0.0010911074740861974,0.0,0.0,0.0,0.0,0.0
C’ver 145,0.0,0.0,0.0,0.0011385199240986717,0.0,0.0001749475157452764,0.0,0.0,0.0,0.0,0.0,0.0,0.0,0.0,0.0
C’vert 146,0.0,0.0,0.0,0.0003795066413662239,0.0,0.0,0.0,0.0,0.0,0.0,0.0,0.0,0.0,0.0,0.0
C’vrel 147,0.0,0.0,0.0,0.0,0.0,0.0,0.002207505518763797,0.0,0.0,0.0,0.0,0.0,0.0,0.0,0.0
Cabot Francis Carter 148,0.006291337312469753,0.0,0.0,0.0,0.0,0.0,0.0,0.0,0.0,0.0,0.0,0.0,0.0,0.0,0.0
Caesar Galliani 149,0.002258428778835296,0.0,0.0,0.0,0.0,0.0,0.0,0.0,0.0,0.0,0.0,0.0,0.0,0.0,0.0
Calewis 150,0.0,0.0,0.0,0.0,0.0,0.0,0.0,0.0,0.0,0.0,0.0,0.0,0.0,0.0003093580819798917,0.0
Camo 151,0.0,0.0035810205908683975,0.0,0.0,0.0,0.0,0.0017344686218858404,0.0,0.0,0.0,0.0425273390036452,0.002263296869105998,0.0,0.0,0.0
Campen 152,0.0,0.0,0.0,0.0007590132827324478,0.03531438415159346,0.0003498950314905528,0.0,0.0,0.0,0.0,0.0,0.0,0.0,0.0,0.0
Campila 153,0.0,0.0,0.0,0.0,0.0,0.0,0.0,0.0,0.0,0.0,0.0,0.0,0.0,0.00015467904098994585,0.0
Candler 154,0.0,0.0,0.0,0.0,0.0,0.0,0.0,0.0,0.0,0.0,0.0,0.007167106752168993,0.0,0.0,0.0
Canell 155,0.0,0.0,0.0007351139426611125,0.0,0.0,0.0,0.0,0.0,0.0,0.0,0.0,0.0,0.0,0.0,0.0
Capiam 156,0.0,0.0,0.0,0.08481973434535105,0.05167958656330749,0.0001749475157452764,0.0,0.0,0.0,0.0,0.0009113001215066828,0.0,0.0,0.0,0.0
Cara 157,0.0014518470721084046,0.0,0.0,0.0,0.0,0.0,0.0,0.0,0.0,0.0,0.0,0.0,0.0,0.0,0.0
Carol Duff Vassaloe 158,0.0037102758509437008,0.0,0.0,0.0,0.0,0.0,0.0,0.0,0.0,0.0,0.0,0.0,0.0,0.0,0.0
Carola 159,0.0,0.0,0.0,0.0,0.0,0.0,0.0029959003468937244,0.0,0.0,0.0,0.0,0.0,0.0,0.0,0.0
Caselon 160,0.0,0.0,0.0,0.0,0.0,0.0,0.0,0.0,0.0,0.0,0.0,0.0,0.0,0.004795050270688322,0.0
Catherine Radelin Doyle 161,0.003387643168252944,0.0002984183825723665,0.0,0.0,0.0,0.0,0.0,0.0,0.0,0.0,0.0,0.0,0.0,0.002010827532869296,0.001902587519025875
Cathy 162,0.0006452653653815131,0.0,0.0,0.0,0.0,0.0,0.0,0.0,0.0,0.0,0.0,0.0,0.0,0.0,0.0
Celina 163,0.0,0.0,0.0,0.0,0.0,0.0,0.0,0.0,0.0,0.0,0.0,0.0,0.0,0.0003093580819798917,0.0
Ch’mon 164,0.0,0.0,0.0,0.0005692599620493358,0.0,0.0,0.0,0.0,0.0,0.0,0.0,0.0,0.0,0.0,0.0
Chad 165,0.0,0.0,0.0,0.0,0.0,0.0,0.0,0.0,0.0012058570198105081,0.0,0.0,0.0,0.0,0.0,0.0
Chaila Zavior Kimmage 166,0.001129214389417648,0.0,0.0,0.0,0.0,0.0034989503149055285,0.0,0.0,0.0,0.0,0.0,0.0,0.0,0.0,0.0
Chaldon 167,0.0,0.0,0.0017152658662092624,0.0,0.0,0.0,0.0,0.0,0.0,0.0,0.0,0.0,0.0,0.0,0.0
Chalkin 168,0.0,0.0,0.07424650820877236,0.0,0.0,0.0,0.0,0.0,0.0,0.0,0.0,0.0,0.0,0.0,0.0
Chenoa 169,0.0,0.0,0.0,0.0,0.0,0.0,0.0,0.0,0.0,0.0,0.0,0.0,0.0,0.0,0.000380517503805175
Cherry Duff 170,0.006130020971124375,0.0,0.001470227885322225,0.0,0.0,0.0,0.0,0.0,0.0,0.0,0.0,0.0,0.0,0.0,0.0
Chesmic 171,0.0,0.0,0.0,0.0,0.0,0.0,0.0,0.0,0.0,0.0,0.0,0.0,0.0,0.0,0.0032343987823439876
Chichis-Fusi 172,0.00048394902403613486,0.0,0.0,0.0,0.0,0.0,0.0,0.0,0.0,0.0,0.0,0.0,0.0,0.0,0.0
Childon 173,0.0,0.0,0.0,0.0,0.0,0.002099370188943317,0.0,0.0,0.0,0.0,0.0,0.0,0.0,0.0,0.0
Chio-Chio 174,0.00032263268269075657,0.0,0.0,0.0,0.0,0.0,0.0,0.0,0.0,0.0,0.0,0.0,0.0,0.0,0.0
Chochol 175,0.0,0.0,0.0,0.0,0.0,0.0,0.0023651844843897824,0.0,0.0,0.0,0.0,0.0,0.0,0.0,0.0
Chomas 176,0.0,0.0,0.00098015192354815,0.0,0.0,0.0,0.0,0.0,0.0,0.0,0.0,0.0,0.0,0.0,0.0
Chris MacArdle Cooney 177,0.00032263268269075657,0.0,0.0,0.0,0.0,0.0,0.0,0.0,0.0,0.0,0.0,0.0,0.0,0.0,0.0
Christee 178,0.0,0.0,0.0002450379808870375,0.0,0.0,0.0,0.0,0.0,0.0,0.0,0.0,0.0,0.0,0.0,0.0
Chuck Havers 179,0.002258428778835296,0.0,0.0,0.0,0.0,0.0,0.0,0.0,0.0,0.0,0.0,0.0,0.0,0.0,0.0
Chuck Kimmage 180,0.0019357960961445394,0.0,0.0,0.0,0.0,0.0034989503149055285,0.0,0.0,0.0,0.0,0.0,0.0,0.0,0.0,0.0
Chung 181,0.0012905307307630263,0.0,0.0,0.0,0.0,0.0,0.0,0.0,0.0,0.0,0.0,0.0,0.0,0.0,0.0
Ciparis 182,0.0,0.0,0.0,0.0,0.0,0.0,0.0,0.0,0.0,0.0,0.0,0.0,0.0,0.0003093580819798917,0.0005707762557077625
Clagesh 183,0.0,0.0,0.0,0.0005692599620493358,0.0,0.0,0.0,0.0,0.0,0.0,0.0,0.0,0.0,0.0,0.0
Clargesh 184,0.0,0.0,0.0,0.00018975332068311195,0.0,0.0001749475157452764,0.0,0.0,0.0,0.0,0.0,0.0,0.0,0.0,0.0
Clell 185,0.0,0.0,0.0,0.0,0.0,0.0,0.0,0.0,0.0,0.0,0.0,0.00943040362127499,0.0,0.0,0.0
Clim 186,0.0,0.0,0.0002450379808870375,0.0,0.0,0.0,0.0,0.0,0.0,0.0,0.0,0.0,0.0,0.0,0.0
Clisser Cliss 187,0.0,0.0,0.04043126684636118,0.0,0.0,0.0,0.0,0.0,0.0,0.0,0.0,0.0,0.0,0.0,0.0
Clostan 188,0.0,0.0,0.0,0.0,0.0,0.0,0.006464837590665406,0.0,0.0,0.0,0.0,0.0,0.0,0.0,0.0
Cobber Alhinwa 189,0.004194224874979836,0.0,0.0,0.0,0.0,0.0,0.0,0.0,0.0,0.0,0.0,0.0,0.0,0.0,0.0
Cogneur 190,0.0,0.0,0.0,0.0,0.0,0.008397480755773267,0.0,0.0,0.0,0.0,0.0,0.0,0.0,0.0,0.0
Colmin 191,0.0,0.0,0.0,0.0,0.0,0.0,0.0,0.0,0.0,0.0,0.0,0.0,0.0,0.0,0.0001902587519025875
Conwy 192,0.0,0.0,0.0,0.0,0.0,0.002974107767669699,0.0,0.0,0.0,0.0,0.0,0.0,0.0,0.0,0.0
Corana 193,0.0,0.0,0.0,0.0,0.0,0.0,0.0,0.0,0.0,0.0,0.0,0.0,0.007486072423398328,0.0,0.0
Cording 194,0.0,0.0,0.0,0.0,0.0,0.0,0.000630715862503942,0.0,0.0,0.0,0.0,0.0,0.0,0.0,0.0
Corman 195,0.0,0.0002984183825723665,0.0,0.0,0.0,0.002099370188943317,0.0,0.000630119722747322,0.0031007751937984496,0.0,0.0,0.0,0.0008704735376044568,0.00897138437741686,0.000380517503805175
Cosira 196,0.0,0.0,0.0,0.0,0.0,0.0,0.0,0.0,0.0,0.0,0.0,0.0,0.0006963788300835655,0.0,0.0015220700152207
Cr’not 197,0.0,0.0,0.0,0.0017077798861480076,0.0,0.0001749475157452764,0.0,0.0,0.0,0.0,0.0,0.0,0.0,0.0,0.0
Creline 198,0.0,0.0,0.0,0.0,0.0,0.0,0.0004730368968779565,0.0,0.0,0.0,0.0,0.0,0.0,0.0,0.0
Crenden Cren 199,0.0,0.0,0.0,0.0,0.0,0.013121063680895731,0.0,0.0,0.0,0.0,0.0,0.0,0.0,0.0,0.0
Crivelan Crivellan-aux-doigts-agiles 200,0.0,0.0,0.0,0.0,0.0,0.0,0.0,0.0,0.0,0.0,0.0,0.0,0.0,0.0,0.0001902587519025875
Curella 201,0.0,0.0,0.0,0.0,0.0,0.0,0.0,0.0,0.0,0.0,0.0,0.0,0.0,0.0,0.0001902587519025875
Curmir 202,0.0,0.0,0.0,0.0024667931688804553,0.0,0.0001749475157452764,0.0,0.0,0.0,0.0,0.0,0.0,0.0,0.0,0.0
Curran 203,0.0,0.008355714712026261,0.0,0.0,0.0,0.0,0.0,0.0,0.0,0.0,0.0,0.0,0.0,0.0,0.0009512937595129375
D’clan 204,0.0,0.0,0.0,0.0,0.0,0.0,0.0,0.0,0.0,0.0,0.0,0.0,0.0,0.0007733952049497294,0.0
D’fio 205,0.0,0.0,0.0,0.0,0.0,0.0,0.0,0.0,0.0,0.0,0.0,0.0,0.0008704735376044568,0.0,0.0
D’miel 206,0.0,0.0,0.0017152658662092624,0.0,0.0,0.0,0.0,0.0,0.0,0.0,0.0,0.0,0.0,0.0,0.0
D’namal 207,0.0,0.0,0.0,0.0,0.0,0.0,0.0,0.0,0.0,0.0005455537370430987,0.0,0.0,0.0,0.0,0.0
D’nek 208,0.0,0.0,0.0,0.0,0.0,0.0,0.0,0.0,0.0001722652885443583,0.0,0.0,0.0,0.0,0.0,0.0
D’nol 209,0.0,0.0,0.0,0.0,0.0,0.0,0.0,0.006616257088846881,0.0,0.0,0.0,0.0,0.0,0.0,0.0
D’ram 210,0.0,0.0035810205908683975,0.0,0.0,0.0,0.008922323303009098,0.0,0.003465658475110271,0.01826012058570198,0.0,0.0,0.0,0.023676880222841225,0.019644238205723124,0.009703196347031963
D’say 211,0.0,0.0,0.0,0.003605313092979127,0.0,0.0005248425472358292,0.0,0.0,0.0,0.0,0.0,0.0,0.0,0.0,0.0
D’wer 212,0.0,0.0,0.0,0.0,0.0,0.0,0.0,0.0,0.0017226528854435831,0.0,0.0,0.0,0.0,0.0,0.0
Dag 213,0.0,0.0,0.0,0.013851992409867172,0.02153316106804479,0.0003498950314905528,0.0,0.0,0.0,0.0,0.0,0.0,0.0,0.0,0.0
Dalma 214,0.0,0.0,0.0,0.0,0.0,0.0,0.001261431725007884,0.0,0.0,0.0,0.0,0.0,0.0,0.0,0.0
Dalova 215,0.0,0.0,0.0,0.0020872865275142313,0.0,0.0003498950314905528,0.0,0.0,0.0,0.0,0.0,0.0,0.0,0.0,0.0
Danegga 216,0.0,0.0,0.0,0.0,0.0,0.0,0.0,0.0,0.0,0.0,0.0,0.0,0.0,0.0,0.0009512937595129375
Dangel 217,0.0,0.0,0.0,0.0003795066413662239,0.0,0.0001749475157452764,0.0,0.0,0.0,0.0,0.0,0.0,0.0,0.0,0.0
Danja 218,0.0,0.0,0.004655721636853712,0.0,0.0,0.0,0.0,0.0,0.0,0.0,0.0,0.0,0.0,0.0,0.0
Dannell 219,0.0,0.0,0.0,0.0003795066413662239,0.0,0.0001749475157452764,0.0,0.0,0.0,0.0,0.0,0.0,0.0,0.0,0.0
David Catarel Dave 220,0.008549766091305049,0.0,0.0,0.0,0.0,0.0,0.0,0.0,0.0,0.0,0.0,0.0,0.0,0.0,0.0
Debera Deb 221,0.0,0.0,0.04214653271257045,0.0,0.0,0.0,0.0,0.0,0.0,0.0,0.0,0.0,0.0,0.0,0.0
Decker 222,0.0,0.0,0.0,0.0,0.0,0.0,0.0,0.0,0.0,0.0,0.0,0.0,0.0,0.0003093580819798917,0.0
Deckter 223,0.0,0.0002984183825723665,0.0,0.0,0.0,0.0,0.0,0.0,0.0,0.0,0.0,0.007544322897019992,0.0,0.001082753286929621,0.0005707762557077625
Declan 224,0.0,0.0,0.0,0.0018975332068311196,0.0,0.0001749475157452764,0.0,0.0,0.0,0.0,0.0,0.0,0.0,0.0,0.0
Deece 225,0.0,0.0,0.0,0.0,0.0,0.0,0.0,0.0,0.0,0.0,0.00030376670716889426,0.0015088645794039985,0.0,0.0,0.0
Deefer 226,0.0,0.0,0.0,0.0011385199240986717,0.00516795865633075,0.0001749475157452764,0.0,0.0,0.0,0.0,0.0,0.0,0.0,0.0,0.0
Deegan 227,0.0,0.0,0.0,0.0,0.0,0.0,0.0,0.0,0.0,0.0,0.0,0.0,0.0,0.0004640371229698376,0.0
Deelan 228,0.0,0.0,0.0,0.0,0.0,0.0,0.0,0.0,0.0,0.0,0.0,0.0,0.0031337047353760445,0.0,0.0
Delart 229,0.0,0.0,0.0,0.0,0.0,0.0,0.0,0.0,0.0,0.0,0.0,0.0,0.0,0.0,0.0001902587519025875
Denol 230,0.0,0.001193673530289466,0.0,0.0,0.0,0.002974107767669699,0.0,0.0,0.0,0.0,0.0,0.0,0.0,0.002165506573859242,0.0001902587519025875
Dermently 231,0.0,0.0,0.0,0.0,0.0,0.0,0.0,0.0,0.0,0.0,0.0015188335358444715,0.0,0.00017409470752089137,0.0,0.0
Desdra 232,0.0,0.0,0.0,0.026755218216318787,0.06029285099052541,0.0001749475157452764,0.0,0.0,0.0,0.0,0.0,0.0,0.0,0.0,0.0
Diatis 233,0.0,0.0,0.0,0.0007590132827324478,0.0,0.0003498950314905528,0.0,0.0,0.0,0.0,0.0,0.0,0.0,0.0,0.0
Dieter Clissmann 234,0.0037102758509437008,0.0,0.0,0.0,0.0,0.0,0.0,0.0,0.0,0.0,0.0,0.0,0.0,0.0,0.0
Diona 235,0.0,0.0,0.0,0.003415559772296015,0.0,0.0001749475157452764,0.0,0.0,0.0,0.0,0.0,0.0,0.0,0.0,0.0
Dirzan 236,0.0,0.0,0.0,0.0,0.0,0.0,0.0,0.0,0.0,0.0,0.0,0.03319502074688797,0.0,0.0,0.0
Domaize 237,0.0,0.0,0.008331291350159274,0.0,0.0,0.0,0.0,0.0,0.0,0.0,0.0,0.0,0.0,0.0,0.0
Domick 238,0.0,0.0,0.0,0.0,0.0,0.0001749475157452764,0.000315357931251971,0.0,0.0,0.0,0.05224787363304982,0.012070916635231988,0.0,0.0012374323279195668,0.0
Dorai 239,0.0,0.0,0.0,0.0,0.0,0.0001749475157452764,0.0,0.0,0.0,0.0,0.0,0.0,0.0,0.0,0.0
Doral 240,0.0,0.0,0.0,0.0,0.006029285099052541,0.0,0.0,0.0,0.0,0.0,0.0,0.0,0.0,0.0,0.0
Dorse 241,0.0,0.0,0.0,0.0,0.0,0.0019244226731980406,0.0,0.0,0.0,0.0,0.0,0.0,0.004352367688022284,0.0,0.00380517503805175
Dowell 242,0.0,0.0,0.0,0.0,0.0,0.00927221833449965,0.0,0.0,0.0,0.0,0.0,0.0,0.0,0.0003093580819798917,0.0
Drake Bonneau 243,0.013389256331666398,0.0002984183825723665,0.0,0.0,0.0,0.0001749475157452764,0.0,0.0,0.0,0.0,0.0,0.0,0.0,0.00015467904098994585,0.0
Dresda 244,0.0,0.0,0.0,0.00018975332068311195,0.0,0.0,0.0,0.0,0.0,0.0,0.0,0.0,0.0,0.0,0.0
Dugall 245,0.0,0.0,0.0,0.0,0.0,0.0,0.0001576789656259855,0.0,0.0,0.0,0.0,0.0,0.0,0.0,0.0
Dulsay 246,0.0,0.0,0.0,0.0,0.0,0.0006997900629811056,0.0,0.0,0.0,0.0,0.0,0.0,0.0,0.0,0.0020928462709284626
Dunca 247,0.0,0.0,0.0,0.0,0.0,0.0,0.0,0.0,0.0,0.0,0.02976913730255164,0.0,0.0,0.0,0.0
Dunegrine 248,0.0,0.0,0.0,0.0,0.0008613264427217916,0.0,0.0,0.0,0.0,0.0,0.0,0.0,0.0,0.0,0.0
Durak 249,0.0,0.0,0.0,0.0,0.0,0.0,0.0,0.0,0.0,0.0,0.0,0.0,0.0,0.00015467904098994585,0.0
Durras 250,0.0,0.0008952551477170994,0.0,0.0,0.0,0.0,0.0,0.0,0.0,0.0,0.0,0.0,0.0,0.0,0.0
Dushik 251,0.0,0.0,0.0,0.0,0.0,0.011371588523442968,0.0,0.0,0.0,0.0,0.0,0.0,0.0,0.0,0.0
Eddik 252,0.0,0.0,0.0,0.0,0.0,0.0003498950314905528,0.0,0.0,0.0,0.0,0.0,0.0,0.0,0.0,0.0
Effram 253,0.00032263268269075657,0.0,0.0,0.0,0.0,0.0,0.0,0.0,0.0,0.0,0.0,0.0,0.0,0.0,0.0
Egara 254,0.0,0.0,0.0,0.0,0.0,0.0,0.0,0.0,0.0,0.0,0.0,0.0,0.0,0.0,0.0001902587519025875
Elgion 255,0.0,0.0,0.0,0.0,0.0,0.0,0.0,0.0,0.0,0.08401527550463721,0.002430133657351154,0.0,0.0,0.0,0.0
Elimona 256,0.0,0.0,0.0,0.0,0.0,0.0,0.0,0.0,0.0,0.0,0.0,0.0,0.0,0.0003093580819798917,0.0
Emilin 257,0.0,0.0,0.0002450379808870375,0.0,0.0,0.0,0.0,0.0,0.0,0.0,0.0,0.0,0.0,0.0,0.0
Emily Boll Em 258,0.03952250362961768,0.0017905102954341987,0.002450379808870375,0.0026565464895635673,0.004306632213608958,0.00244926522043387,0.0020498265531378114,0.000945179584120983,0.003789836347975883,0.0,0.0015188335358444715,0.0003772161448509996,0.0006963788300835655,0.001082753286929621,0.005898021308980213
Empie 259,0.0,0.0,0.0,0.0003795066413662239,0.0,0.0001749475157452764,0.0,0.0,0.0,0.0,0.0,0.0,0.0,0.0,0.0
Emsor 260,0.0,0.0,0.0,0.0,0.0,0.0,0.000315357931251971,0.0,0.0,0.0,0.0,0.0,0.0,0.0,0.0
Eric Hegelman 261,0.0012905307307630263,0.0,0.0,0.0,0.0,0.0,0.0,0.0,0.0,0.0,0.0,0.0,0.0,0.0,0.0
Erkin 262,0.0,0.0,0.0,0.0,0.0,0.0,0.000630715862503942,0.0,0.0,0.0,0.0,0.0,0.0,0.0,0.0
Erragon 263,0.0,0.0,0.0,0.0,0.0,0.0,0.0,0.0,0.0,0.0,0.0,0.0,0.0,0.0,0.02606544901065449
Esrella 264,0.0,0.0,0.0,0.0,0.0,0.0,0.0,0.0,0.0,0.0,0.0,0.0,0.0,0.00015467904098994585,0.0
Esselin 265,0.0,0.0,0.0,0.0,0.0,0.005073477956613016,0.0,0.0,0.0,0.0,0.0,0.0,0.0,0.006805877803557618,0.0060882800608828
Evan 266,0.0,0.0,0.0,0.0,0.0,0.0,0.0,0.0,0.0,0.0,0.0,0.0,0.0,0.0024748646558391337,0.0
Evarel 267,0.0,0.0,0.0,0.0,0.0,0.0,0.002838221381267739,0.0,0.0,0.0,0.0,0.0,0.0,0.0,0.0
Evelene 268,0.0,0.0,0.0,0.0,0.0,0.0,0.000946073793755913,0.0,0.0,0.0,0.0,0.0,0.0,0.0,0.0
Evenek 269,0.0,0.0,0.0,0.0,0.0,0.0,0.0026805424156417534,0.0,0.0,0.0,0.0,0.0,0.0,0.0,0.0
Ezra Keroon 270,0.019841909985481528,0.000596836765144733,0.0031854937515314874,0.01555977229601518,0.013781223083548665,0.007172848145556333,0.001576789656259855,0.007876496534341524,0.0031007751937984496,0.0010911074740861974,0.0,0.0007544322897019992,0.001915041782729805,0.002010827532869296,0.00684931506849315
F’duril 271,0.0,0.0,0.0,0.003984819734345351,0.0,0.0001749475157452764,0.0,0.0,0.0,0.0,0.0,0.0,0.0,0.0,0.0
F’gal 272,0.0,0.0,0.0,0.0028462998102466793,0.0,0.0003498950314905528,0.0,0.0,0.0,0.0,0.0,0.0,0.0,0.0,0.0
F’lar Falla Fallarnon 273,0.0,0.02267979707549985,0.0,0.0,0.0,0.011546536039188244,0.01261431725007884,0.2665406427221172,0.147114556416882,0.00872885979268958,0.00030376670716889426,0.004903809883062995,0.0706824512534819,0.057385924207269914,0.03976407914764079
F’lessan 274,0.0,0.006863622799164429,0.0,0.0,0.0,0.0,0.0,0.0,0.0,0.0,0.0,0.0,0.005222841225626741,0.011910286156225832,0.1386986301369863
F’lon Falloner 275,0.0,0.0,0.0,0.0,0.0,0.0,0.06906338694418164,0.002205419029615627,0.0,0.0,0.0,0.0,0.0,0.0,0.0
F’neldril 276,0.0,0.0,0.0,0.003605313092979127,0.0008613264427217916,0.0001749475157452764,0.0,0.0,0.0,0.0,0.0,0.0,0.0,0.0,0.0
F’nor F’lor 277,0.0,0.0,0.0,0.0,0.0,0.0022743177046885936,0.0036266162093976663,0.07718966603654695,0.09388458225667529,0.0070921985815602835,0.004860267314702308,0.0033949453036589967,0.02541782729805014,0.004949729311678267,0.0076103500761035
F’rad 278,0.0,0.0,0.0,0.0,0.0,0.0,0.0,0.0,0.0010335917312661498,0.0,0.0,0.0,0.0,0.0,0.0
F’tol 279,0.0,0.0,0.0007351139426611125,0.0,0.0,0.0,0.0,0.0,0.0,0.0,0.0,0.0,0.0,0.0,0.0
Fabry 280,0.0,0.002387347060578932,0.0,0.0,0.0,0.0,0.0,0.0,0.0,0.0,0.0,0.0,0.0,0.0,0.0
Facenden 281,0.0,0.0,0.0,0.0,0.0,0.0,0.0,0.0,0.0,0.0,0.00030376670716889426,0.0,0.0,0.0003093580819798917,0.0
Falawny 282,0.0,0.0,0.0,0.0,0.0,0.0,0.0004730368968779565,0.0,0.0,0.0,0.0,0.0,0.0,0.0,0.0
Falga 283,0.0,0.0,0.0,0.009487666034155597,0.0008613264427217916,0.0003498950314905528,0.0,0.0,0.0,0.0,0.0,0.0,0.0,0.0,0.0
Famanoran 284,0.0,0.0,0.0,0.0,0.0,0.0,0.000946073793755913,0.0,0.0,0.0,0.0,0.0,0.0,0.0,0.0
Famira 285,0.0,0.0,0.0,0.0,0.0,0.0,0.0,0.0,0.0018949181739879415,0.0,0.0,0.0,0.0,0.0,0.0
Fandarel 286,0.0,0.011638316920322292,0.0,0.0,0.0,0.011546536039188244,0.0001576789656259855,0.011027095148078135,0.01739879414298019,0.0,0.00030376670716889426,0.0003772161448509996,0.01653899721448468,0.032637277648878575,0.0020928462709284626
Fanna 287,0.0,0.0,0.0,0.0,0.0,0.0001749475157452764,0.0,0.0,0.0008613264427217916,0.0,0.0,0.0,0.001392757660167131,0.0,0.0
Farelly 288,0.0,0.0,0.0,0.00018975332068311195,0.0,0.0001749475157452764,0.0,0.0,0.0,0.0,0.0,0.0,0.0,0.0,0.0
Farevene 289,0.0,0.0,0.0,0.0,0.0,0.0,0.002522863450015768,0.0,0.0,0.0,0.0,0.0,0.0,0.0,0.0
Farley 290,0.0,0.0,0.0007351139426611125,0.0,0.0,0.0,0.0,0.0,0.0,0.0,0.0,0.0,0.0,0.0,0.0
Farnol 291,0.0,0.0,0.0,0.0,0.0,0.0,0.0,0.0,0.0,0.0,0.00030376670716889426,0.0,0.0,0.0,0.0
Faroguy 292,0.0,0.0,0.0,0.0,0.0,0.0,0.006464837590665406,0.0,0.0,0.0,0.0,0.0,0.0,0.0,0.0
Faselly 293,0.0,0.0,0.0,0.0,0.0,0.0,0.0,0.0,0.0,0.0,0.0,0.0,0.0,0.00015467904098994585,0.0
Fax 294,0.0017744797547991611,0.0008952551477170994,0.0,0.0,0.0,0.00489853044086774,0.039735099337748346,0.0790800252047889,0.0006890611541774332,0.0,0.0,0.0003772161448509996,0.0010445682451253482,0.0006187161639597834,0.0005707762557077625
Federen 295,0.0,0.0,0.0,0.0,0.0,0.0,0.0,0.0,0.0,0.0,0.0,0.0,0.0,0.00015467904098994585,0.0
Feldon 296,0.0,0.0,0.0,0.0,0.0,0.0,0.0,0.0,0.0,0.0,0.0006075334143377885,0.0,0.0,0.0,0.0
Felena 297,0.0,0.0,0.0,0.0,0.0,0.0,0.0,0.0,0.0,0.013638843426077468,0.0009113001215066828,0.0,0.0,0.0,0.0
Felessan Fesselan 298,0.0,0.0,0.0,0.0,0.0,0.0,0.0,0.0,0.01826012058570198,0.0,0.00030376670716889426,0.003772161448509996,0.0012186629526462396,0.0,0.0
Felicia 299,0.0006452653653815131,0.0,0.0,0.0,0.0,0.0,0.0,0.0,0.0,0.0,0.0,0.0,0.0,0.0,0.0
Felim 300,0.0,0.0,0.0,0.0,0.012919896640826873,0.0001749475157452764,0.0,0.0,0.0,0.0,0.0,0.0,0.0,0.0,0.0
Fender 301,0.0,0.0,0.0002450379808870375,0.0,0.0,0.0,0.0,0.0,0.0,0.0,0.0,0.0,0.0006963788300835655,0.0,0.0
Fenela 302,0.0,0.0,0.0,0.0,0.0,0.0,0.0,0.0,0.0,0.0005455537370430987,0.00030376670716889426,0.0,0.0,0.0,0.0
Ferfar 303,0.0,0.0,0.0,0.0,0.0,0.0005248425472358292,0.0,0.0,0.0,0.0,0.0,0.0,0.0,0.0,0.0
Fergal 304,0.0,0.0,0.0,0.0028462998102466793,0.024117140396210164,0.0001749475157452764,0.0,0.0,0.0,0.0,0.0,0.0,0.0,0.0,0.0
Ferina 305,0.0,0.0,0.0012251899044351876,0.0,0.0,0.0,0.0,0.0,0.0,0.0,0.0,0.0,0.0,0.0,0.0
Fesnal 306,0.0,0.0,0.0,0.0,0.0,0.0,0.0,0.0,0.0,0.0,0.00030376670716889426,0.0,0.0,0.0,0.0
Fidello 307,0.0,0.0,0.0,0.0,0.0,0.0,0.0,0.0,0.0,0.0,0.0,0.0,0.002959610027855153,0.0,0.0
Filatric 308,0.0,0.0,0.0,0.00018975332068311195,0.0,0.0,0.0,0.0,0.0,0.0,0.0,0.0,0.0,0.0,0.0
Finder 309,0.0,0.0,0.0,0.0,0.0,0.0,0.0,0.0,0.0,0.0,0.0,0.0,0.002437325905292479,0.0,0.0
Fira 310,0.0,0.0,0.0,0.0,0.0,0.0003498950314905528,0.0,0.0,0.0,0.0,0.0,0.0,0.0,0.0,0.0
Fitatric 311,0.0,0.0,0.0,0.0003795066413662239,0.0,0.0003498950314905528,0.0,0.0,0.0,0.0,0.0,0.0,0.0,0.0,0.0
Fleur du Vent 312,0.010808194870140345,0.0002984183825723665,0.0007351139426611125,0.0003795066413662239,0.0,0.0001749475157452764,0.000315357931251971,0.000945179584120983,0.0,0.002727768685215494,0.0,0.0003772161448509996,0.0005222841225626741,0.00015467904098994585,0.0005707762557077625
Florist 313,0.0,0.0,0.0,0.0,0.0,0.0,0.0001576789656259855,0.0,0.0,0.0,0.0,0.0,0.0,0.0,0.0
Follen 314,0.0,0.0,0.0,0.0055028462998102465,0.004306632213608958,0.0001749475157452764,0.0,0.0,0.0,0.0,0.0,0.0,0.0,0.0,0.0
Fondarel 315,0.0,0.0,0.0,0.0,0.0,0.0,0.0,0.0,0.0,0.0,0.0,0.0,0.0,0.00015467904098994585,0.0
Forris 316,0.0,0.0,0.0,0.0,0.0,0.0001749475157452764,0.0,0.0,0.0,0.0,0.0,0.0,0.0,0.0,0.0
Fortine 317,0.0,0.0,0.0,0.007020872865275142,0.00516795865633075,0.0001749475157452764,0.0,0.0,0.0,0.0,0.0,0.0,0.0,0.0,0.000380517503805175
Fosdak 318,0.0,0.0,0.0,0.0,0.0,0.0,0.0,0.0,0.0,0.0,0.0,0.0,0.0,0.0009280742459396752,0.0
Franco 319,0.0,0.0,0.0031854937515314874,0.0,0.0,0.0,0.0,0.0,0.0,0.0,0.0,0.0,0.0,0.0,0.0
Fransman 320,0.0,0.0,0.0,0.0,0.0,0.0,0.0,0.0,0.0,0.0,0.00030376670716889426,0.0,0.0,0.0,0.0
Frenkal 321,0.0,0.0,0.000490075961774075,0.0,0.0,0.0,0.0,0.0,0.0,0.0,0.0,0.0,0.0,0.0,0.0
Fromelin 322,0.0,0.0,0.0,0.0,0.0,0.0,0.0,0.0,0.0,0.0,0.0,0.0,0.0,0.0,0.0001902587519025875
Fulmar Stone 323,0.006775286336505888,0.0,0.000490075961774075,0.0,0.0,0.0,0.0,0.0,0.0,0.0,0.0,0.0,0.0,0.0,0.0
Furet 324,0.0,0.0,0.0,0.0,0.0,0.0,0.003784295175023652,0.0,0.0,0.0,0.0,0.0,0.0,0.0,0.0
Furlo 325,0.0,0.0,0.0,0.0,0.0,0.0,0.000630715862503942,0.0,0.0,0.0,0.0,0.0,0.0,0.0,0.0
G’bear 326,0.0,0.0,0.0,0.0,0.0,0.0,0.0,0.0,0.0,0.0,0.0,0.0,0.0,0.0,0.00076103500761035
G’bol 327,0.0,0.0,0.0,0.0,0.0,0.0,0.0,0.0,0.0,0.0,0.0,0.0,0.0,0.0,0.0009512937595129375
G’dened G’neded 328,0.0,0.002387347060578932,0.0,0.0,0.0,0.0,0.0,0.0,0.0,0.0,0.0,0.0,0.0020891364902506965,0.0003093580819798917,0.01141552511415525
G’don 329,0.0,0.0,0.005390835579514825,0.0,0.0,0.0,0.0,0.0,0.0,0.0,0.0,0.0,0.0,0.0,0.0
G’drel 330,0.0,0.0,0.0,0.0,0.002583979328165375,0.0001749475157452764,0.0,0.0,0.0,0.0,0.0,0.0,0.0,0.0,0.0
G’lanar 331,0.0,0.0,0.0,0.0,0.0,0.0,0.0,0.0,0.0,0.0,0.0,0.0,0.0,0.005259087393658159,0.0
G’nag 332,0.0,0.0,0.0,0.0,0.0,0.0,0.0,0.0,0.0005167958656330749,0.0,0.0,0.0,0.0,0.0,0.0
G’narish 333,0.0,0.0002984183825723665,0.0,0.0,0.0,0.0,0.0,0.0,0.011886304909560724,0.0,0.0,0.0007544322897019992,0.0008704735376044568,0.00015467904098994585,0.0020928462709284626
G’ranad 334,0.0,0.0,0.0,0.0,0.0,0.0,0.0001576789656259855,0.0,0.0,0.0,0.0,0.0,0.0,0.0,0.0
G’rannat 335,0.0,0.0,0.0,0.0,0.0,0.0,0.0,0.0,0.0,0.0,0.0,0.0,0.0,0.0003093580819798917,0.0
G’ron Giron 336,0.0,0.0,0.0002450379808870375,0.0,0.0008613264427217916,0.01749475157452764,0.0,0.0,0.0,0.0,0.00030376670716889426,0.0,0.0,0.0,0.000380517503805175
G’sel 337,0.0,0.0,0.0,0.0,0.0,0.0,0.0,0.0,0.0015503875968992248,0.004909983633387889,0.0,0.0,0.0,0.0,0.0
Gabin 338,0.0,0.0,0.0,0.0,0.002583979328165375,0.0001749475157452764,0.0,0.0,0.0,0.0,0.0,0.0,0.0,0.0,0.0
Gabred 339,0.0,0.0,0.0,0.0,0.0,0.0003498950314905528,0.0,0.0,0.0,0.0,0.0,0.0,0.0,0.0,0.0
Gaby 340,0.0,0.0,0.0,0.0,0.0017226528854435831,0.0,0.0,0.0,0.0,0.0,0.0,0.0,0.0,0.0,0.0
Gallardy 341,0.0,0.0,0.0,0.0020872865275142313,0.0,0.0001749475157452764,0.0,0.0,0.0,0.0,0.0,0.0,0.0,0.0,0.0
Gallen 342,0.0,0.0,0.0,0.0,0.0034453057708871662,0.0001749475157452764,0.0,0.0,0.0,0.0,0.0,0.0,0.0,0.0,0.0
Gallian Galli 343,0.0,0.0,0.009556481254594462,0.0,0.0,0.0,0.0,0.0,0.0,0.0,0.0,0.0,0.0,0.0,0.0
Galnich Galnish 344,0.0,0.0,0.0,0.00018975332068311195,0.0,0.0001749475157452764,0.0,0.0,0.0,0.0,0.0,0.0,0.0,0.0,0.0
Galter 345,0.0,0.0,0.0,0.0,0.0,0.0,0.0,0.0,0.0,0.0,0.0,0.0,0.0,0.0,0.0001902587519025875
Gana 346,0.0,0.0,0.0,0.0,0.0103359173126615,0.0,0.0,0.0,0.0,0.0,0.0,0.0,0.0,0.0,0.0
Gandidan Gandiran 347,0.0,0.0,0.0,0.0,0.0,0.0,0.0,0.0,0.0010335917312661498,0.0,0.0,0.0,0.0,0.0,0.0
Ganmar 348,0.0,0.0,0.0031854937515314874,0.0,0.0,0.0,0.0,0.0,0.0,0.0,0.0,0.0,0.0,0.0,0.0
Garben 349,0.0025810614615260526,0.0002984183825723665,0.0002450379808870375,0.0,0.002583979328165375,0.0005248425472358292,0.0,0.0,0.0,0.0,0.0,0.0,0.0,0.0,0.0
Gardillon 350,0.0,0.0,0.0,0.0,0.0,0.0003498950314905528,0.0,0.0,0.0,0.0,0.0,0.0,0.0,0.0,0.0
Gardner 351,0.0,0.0,0.0017152658662092624,0.0,0.0,0.0,0.0,0.0,0.0,0.0,0.0,0.0,0.0,0.0,0.0
Gardrow 352,0.0,0.0,0.0,0.0,0.0,0.0005248425472358292,0.0,0.0,0.0,0.0,0.0,0.0,0.0,0.0,0.0
Garm 353,0.0,0.0,0.0,0.0,0.0,0.004198740377886634,0.0,0.0,0.0,0.0,0.0,0.0,0.0,0.0,0.0
Garrel 354,0.0,0.0,0.0,0.0,0.0,0.0,0.0,0.0,0.0,0.0,0.0,0.0,0.0,0.0,0.0001902587519025875
Gayton 355,0.0,0.0,0.0,0.0,0.0,0.0,0.0,0.0,0.0,0.0,0.0,0.0,0.0,0.0003093580819798917,0.0
Gedenase 356,0.0,0.0,0.0,0.0,0.0,0.0008747375787263821,0.0,0.0,0.0,0.0,0.0,0.0,0.0,0.0,0.0
Geger 357,0.0,0.0,0.0,0.0,0.0,0.0,0.0,0.0,0.0,0.0,0.0,0.0,0.0,0.0,0.0015220700152207
Gellim 358,0.0,0.0,0.0,0.0,0.0,0.0,0.0,0.0,0.0,0.0,0.0,0.0,0.0,0.0,0.0001902587519025875
Gemma 359,0.0,0.0,0.0,0.0,0.0,0.0001749475157452764,0.0023651844843897824,0.017643352236925015,0.0003445305770887166,0.0,0.0,0.0,0.00034818941504178273,0.0,0.0
Genjon 360,0.0,0.0,0.0,0.0003795066413662239,0.0,0.0001749475157452764,0.0,0.0,0.0,0.0,0.0,0.0,0.0,0.0,0.0
Gennell 361,0.0,0.0,0.0,0.0,0.0,0.0,0.030589719331441185,0.0,0.0,0.0,0.0,0.0,0.0,0.0,0.0
Germathen 362,0.0,0.0,0.0,0.0,0.0,0.0,0.000630715862503942,0.0,0.0,0.0,0.0,0.0,0.0,0.0,0.0
Gifflen 363,0.0,0.0,0.0,0.0,0.0,0.0,0.000630715862503942,0.0,0.0,0.0,0.0,0.0,0.0,0.0,0.0
Ginia 364,0.0,0.0,0.0,0.0,0.0,0.0,0.008199306212551246,0.0,0.0,0.0,0.0,0.0,0.0,0.0,0.0
Gisa 365,0.0,0.0,0.0017152658662092624,0.0,0.0,0.0,0.0,0.0,0.0,0.0,0.0,0.0,0.0,0.0,0.0
Glammie 366,0.0,0.0,0.0,0.0,0.0,0.0001749475157452764,0.0,0.0,0.0,0.0,0.0,0.0,0.0,0.0,0.0
Glay 367,0.0,0.0,0.0,0.0,0.0,0.0001749475157452764,0.0,0.0,0.0,0.0,0.0,0.0,0.0,0.0,0.0
Gledia 368,0.0,0.0,0.0,0.0,0.0,0.0006997900629811056,0.0,0.0,0.0,0.0,0.0,0.0,0.0,0.0,0.0
Gomalsi 369,0.0,0.0,0.0,0.0,0.0,0.0,0.0,0.0,0.0,0.0,0.0,0.0,0.0,0.001082753286929621,0.0
Gorazde 370,0.0,0.0,0.0,0.0,0.0,0.0,0.000315357931251971,0.0,0.0,0.0,0.0,0.0,0.0,0.0,0.0
Gorby 371,0.0,0.0,0.0,0.0003795066413662239,0.0,0.0001749475157452764,0.0,0.0,0.0,0.0,0.0,0.0,0.0,0.0,0.0
Gorta 372,0.0,0.0,0.0,0.0005692599620493358,0.0,0.0001749475157452764,0.0,0.0,0.0,0.0,0.0,0.0,0.0,0.0,0.0
Gostol 373,0.0,0.0,0.0,0.0,0.0,0.0,0.0033112582781456954,0.0,0.0,0.0,0.0,0.0,0.0,0.0,0.0
Gram 374,0.0,0.0,0.0,0.00018975332068311195,0.0,0.0003498950314905528,0.0,0.0,0.0,0.0005455537370430987,0.0,0.0,0.0,0.0,0.0
Grasella 375,0.0,0.0,0.000490075961774075,0.0,0.0,0.0,0.0,0.0,0.0,0.0,0.0,0.0,0.0,0.0,0.0
Greg Keating 376,0.00016131634134537829,0.0,0.0,0.0,0.0,0.0,0.0,0.0,0.0,0.0,0.0,0.0,0.0,0.0,0.0
Greta 377,0.0037102758509437008,0.0,0.0,0.0,0.0,0.0,0.0,0.0,0.0,0.0,0.0,0.0,0.0,0.0,0.0
Grevil 378,0.0,0.0,0.0,0.0,0.0,0.0,0.0,0.0,0.0,0.0,0.0,0.0,0.0,0.0003093580819798917,0.0
Grisella 379,0.0,0.0,0.000490075961774075,0.0,0.0,0.0,0.0,0.0,0.0,0.0,0.0,0.0,0.0,0.0,0.0
Grodon 380,0.0,0.0,0.0,0.0,0.0,0.0,0.000630715862503942,0.0,0.0,0.0,0.0,0.0,0.0,0.0,0.0
Grogellan 381,0.0,0.0,0.0,0.0,0.0,0.0,0.005203405865657522,0.0,0.0,0.0,0.0,0.0,0.0,0.0,0.0
Groghe 382,0.0,0.004476275738585497,0.0,0.0,0.0,0.0005248425472358292,0.00914538000630716,0.0,0.011714039621016366,0.0,0.023086269744835967,0.003772161448509996,0.0100974930362117,0.012064965197215777,0.017884322678843226
Gyorgy 383,0.00016131634134537829,0.0,0.0,0.0,0.0,0.0,0.0,0.0,0.0,0.0,0.0,0.0,0.0,0.0,0.0
H’ages 384,0.0,0.0,0.0,0.0,0.0,0.0,0.0,0.0,0.0003445305770887166,0.0,0.0,0.0,0.0,0.0,0.0
H’grave 385,0.0,0.0,0.0,0.00018975332068311195,0.0,0.0001749475157452764,0.0,0.0,0.0,0.0,0.0,0.0,0.0,0.0,0.0
H’mar 386,0.0,0.0002984183825723665,0.0,0.0,0.0,0.0,0.0,0.0,0.0,0.0,0.0,0.0,0.0,0.0,0.0
H’nalt 387,0.0,0.0,0.0,0.0,0.0,0.0,0.0,0.0,0.0,0.0,0.0,0.0,0.0,0.0003093580819798917,0.0
H’nor 388,0.0,0.0,0.0,0.0,0.0,0.0,0.0,0.0,0.0,0.0,0.0,0.0,0.0,0.0,0.0009512937595129375
H’redan 389,0.0,0.0,0.0,0.0,0.0,0.0,0.0,0.0,0.0,0.0,0.0,0.0,0.0,0.0,0.0001902587519025875
Halanna 390,0.0,0.0,0.0,0.0,0.0,0.0,0.008514664143803218,0.0,0.0,0.0,0.0,0.0,0.0,0.0,0.0
Halefor 391,0.0,0.0,0.0,0.0,0.0,0.0,0.0,0.0,0.0,0.0,0.0,0.0,0.0,0.0003093580819798917,0.0
Halibran 392,0.0,0.0,0.0,0.0,0.0,0.0,0.002522863450015768,0.0,0.0,0.0,0.0,0.0,0.0,0.0,0.0
Haligon 393,0.0,0.0,0.0,0.0,0.0,0.0,0.0,0.0,0.0,0.0,0.0,0.0,0.0,0.0,0.015791476407914763
Hally 394,0.0,0.0002984183825723665,0.0,0.0,0.0,0.0,0.0,0.0,0.0,0.0,0.0,0.0,0.0,0.0,0.0
Hamian 395,0.0,0.0014920919128618322,0.0,0.0,0.0,0.008922323303009098,0.0,0.0,0.0,0.0,0.0,0.0,0.0,0.006651198762567672,0.0005707762557077625
Haura 396,0.0,0.0,0.0,0.0028462998102466793,0.0008613264427217916,0.0001749475157452764,0.0,0.0,0.0,0.0,0.0,0.0,0.0,0.0,0.0
Hayara 397,0.0,0.0,0.0,0.0,0.0,0.0,0.007253232418795333,0.0,0.0,0.0,0.0,0.0,0.0,0.0,0.0
Hayon 398,0.00016131634134537829,0.0,0.0,0.0,0.0,0.0,0.004099653106275623,0.0,0.0,0.0,0.0,0.0003772161448509996,0.0,0.0,0.0
Hedelman 399,0.0,0.0,0.0,0.0,0.0,0.0001749475157452764,0.0,0.0,0.0,0.0,0.0,0.0,0.0,0.0,0.0
Hegmon 400,0.0,0.0,0.00490075961774075,0.0,0.0,0.0,0.0,0.0,0.0,0.0,0.0,0.0,0.0,0.0,0.0
Heinrich 401,0.00016131634134537829,0.0,0.0,0.0,0.0,0.0,0.0,0.0,0.0,0.0,0.0,0.0,0.0,0.0,0.0
Helly 402,0.0,0.0,0.0,0.0028462998102466793,0.0,0.0001749475157452764,0.0,0.0,0.0,0.0,0.0,0.0,0.0,0.0,0.0
Hillegel 403,0.0,0.0,0.0,0.0,0.0,0.0,0.0,0.0,0.0,0.0,0.0,0.0,0.0,0.0,0.0001902587519025875
Hittet 404,0.0,0.0,0.0,0.0,0.0,0.0,0.0,0.0,0.0,0.0,0.0,0.004149377593360996,0.0,0.0,0.0
Hobson 405,0.0,0.003282602208296031,0.0,0.0,0.0,0.0,0.0,0.0,0.0,0.0,0.0,0.0,0.0,0.0,0.0
Holht 406,0.0,0.0,0.0,0.00018975332068311195,0.0,0.0,0.0,0.0,0.0,0.0,0.0,0.0,0.0,0.0,0.0
Horon 407,0.0,0.0002984183825723665,0.0,0.0,0.0,0.0,0.0,0.0,0.0,0.0,0.0,0.0,0.00017409470752089137,0.0,0.0036149162861491627
Hosbon 408,0.0,0.0,0.0,0.0,0.0,0.0,0.0,0.0,0.0,0.0,0.0,0.0,0.0,0.0,0.0028538812785388126
Iantine Ian 409,0.0,0.0,0.09237931879441313,0.0,0.0,0.0,0.0,0.0,0.0,0.0,0.0,0.0,0.0,0.0,0.0
Idarolan Iddie 410,0.0,0.023873470605789315,0.0,0.0,0.0,0.0017494751574527643,0.000946073793755913,0.0,0.0001722652885443583,0.0,0.0,0.0,0.004526462395543176,0.005723124516627997,0.011035007610350075
Idoralan 411,0.0,0.0,0.0,0.0,0.0,0.0,0.0,0.0,0.0,0.0,0.0,0.0,0.00034818941504178273,0.0,0.0
Ifor 412,0.0,0.0,0.0,0.0,0.0,0.0,0.0017344686218858404,0.0,0.0,0.0,0.0,0.0,0.0,0.0,0.0
Irene 413,0.0,0.0,0.007596177407498162,0.0,0.0,0.0,0.0,0.0,0.0,0.0,0.0,0.0,0.0,0.0,0.0
Irtine 414,0.0,0.0,0.0,0.0,0.0,0.0001749475157452764,0.0,0.0,0.0,0.0,0.0,0.0,0.0,0.0,0.0
Isla 415,0.0,0.0,0.0,0.0,0.0,0.0,0.000315357931251971,0.0,0.0,0.0,0.0,0.0,0.0,0.0,0.0
Issony 416,0.0,0.0,0.0078412153883852,0.0,0.0,0.0,0.0,0.0,0.0,0.0,0.0,0.0,0.0,0.0,0.0
Ita 417,0.0,0.0,0.0,0.0,0.0,0.0,0.0,0.0,0.0,0.0,0.0,0.0,0.0,0.0,0.0005707762557077625
Ivan le Terrible 418,0.00016131634134537829,0.0,0.0,0.0,0.0,0.0,0.0,0.0,0.0001722652885443583,0.0005455537370430987,0.0,0.0,0.0,0.0,0.0001902587519025875
J’dar 419,0.0,0.0,0.0012251899044351876,0.0,0.0,0.0,0.0,0.0,0.0,0.0,0.0,0.0,0.0,0.0,0.0
J’fery 420,0.0,0.0,0.0,0.0,0.0,0.0,0.0,0.0,0.0,0.0,0.0,0.0,0.0,0.0,0.0024733637747336376
J’lono 421,0.0,0.0,0.0,0.0,0.0,0.0,0.0,0.0,0.0,0.0,0.0,0.0,0.0,0.00015467904098994585,0.0
J’ralt Jeralte 422,0.0,0.0,0.0,0.0,0.0,0.0,0.0,0.0,0.0006890611541774332,0.0,0.0,0.0,0.0,0.0,0.0
Jacob Chernoff 423,0.0037102758509437008,0.0,0.0,0.0,0.0,0.0,0.0,0.0,0.0,0.0,0.0,0.0,0.0,0.0,0.0
Jake Chernoff 424,0.00467817389901597,0.0,0.0,0.0,0.0,0.0,0.0,0.0,0.0,0.0,0.0,0.0,0.0,0.0,0.0
Jallora 425,0.0,0.0,0.0,0.004933586337760911,0.0008613264427217916,0.0001749475157452764,0.0,0.0,0.0,0.0,0.0,0.0,0.0,0.0,0.0
Jamson 426,0.0,0.0,0.020828228375398185,0.0,0.0,0.0,0.0,0.0,0.0,0.0,0.0,0.0,0.0,0.0,0.0
Janara 427,0.0,0.0,0.0,0.0,0.0,0.0003498950314905528,0.0,0.0,0.0,0.0,0.0,0.0,0.0,0.0,0.0
Jancis 428,0.0,0.000596836765144733,0.0,0.0,0.0,0.024142757172848146,0.0,0.0,0.0,0.0,0.0,0.0,0.0,0.027223511214230472,0.001902587519025875
Jane 429,0.0,0.0,0.0026954177897574125,0.0,0.0,0.0,0.0,0.0,0.0,0.0,0.0,0.0,0.0,0.0,0.0
Janissian 430,0.0,0.0,0.0,0.0,0.0,0.0,0.0,0.0,0.0,0.0,0.0,0.0,0.0,0.0,0.003995433789954338
Jarrol 431,0.0,0.0002984183825723665,0.0,0.0,0.0,0.0001749475157452764,0.0,0.0,0.0,0.0,0.0,0.0,0.0,0.0029389017788089716,0.0
Jaxom Jax 432,0.0,0.012235153685467026,0.0,0.0,0.0,0.022043386983904827,0.0,0.000630119722747322,0.03996554694229113,0.0032733224222585926,0.0015188335358444715,0.0015088645794039985,0.2381615598885794,0.18236658932714617,0.021689497716894976
Jayge Lilcamp 433,0.0,0.045658012533572066,0.0,0.0,0.0,0.1112666200139958,0.0,0.0,0.0,0.0,0.0,0.0,0.0,0.004176334106728539,0.0013318112633181126
Jemmy 434,0.0,0.0,0.012496937025238911,0.0,0.0,0.0,0.0,0.0,0.0,0.0,0.0,0.0,0.0,0.0,0.0
Jenfa 435,0.0,0.0,0.0,0.0,0.0,0.0001749475157452764,0.0,0.0,0.0,0.0,0.0,0.0,0.0,0.0,0.0
Jerin 436,0.0,0.0,0.0,0.0,0.0,0.0,0.0,0.0,0.0,0.0,0.00030376670716889426,0.0,0.0,0.0,0.0
Jerint 437,0.0,0.0,0.0,0.0,0.0,0.0,0.0011037527593818985,0.0,0.0,0.0,0.015492102065613609,0.0007544322897019992,0.0,0.0,0.0
Jerrint 438,0.0,0.0,0.0,0.0,0.0,0.0,0.0,0.0,0.0,0.0,0.0,0.0003772161448509996,0.0,0.0,0.0
Jerry Mercer 439,0.0024197451201806745,0.0,0.0,0.0,0.0,0.0,0.0,0.0,0.0,0.0,0.0,0.0,0.0,0.0,0.0
Jesken 440,0.0,0.0,0.0,0.0,0.0,0.0,0.001261431725007884,0.0,0.0,0.0,0.0,0.0,0.0,0.0,0.0
Jess 441,0.00016131634134537829,0.0,0.0,0.0,0.0034453057708871662,0.0001749475157452764,0.0,0.0,0.0,0.0,0.0,0.0,0.0,0.0,0.0
Jessuan 442,0.0,0.0,0.0,0.0,0.0,0.0,0.0,0.0,0.0,0.0,0.00030376670716889426,0.0,0.0,0.0,0.0
Jez 443,0.0,0.0,0.0,0.0,0.0,0.0,0.0004730368968779565,0.0,0.0,0.0,0.0,0.0,0.0,0.0,0.0
Jim Tillek James 444,0.017422164865300856,0.023276633840644583,0.0031854937515314874,0.003984819734345351,0.004306632213608958,0.0019244226731980406,0.00946073793755913,0.002205419029615627,0.0048234280792420325,0.0005455537370430987,0.0009113001215066828,0.0007544322897019992,0.001392757660167131,0.005413766434648105,0.0024733637747336376
Jiro Akamoto 445,0.002097112437489918,0.0,0.0,0.0,0.0,0.0,0.0,0.0,0.0,0.0,0.0,0.0,0.0,0.0,0.0
Jissamy 446,0.0,0.0,0.0,0.0,0.0,0.0,0.0,0.0,0.0,0.0,0.0,0.0,0.0,0.0007733952049497294,0.0
Jivan 447,0.00048394902403613486,0.0,0.0,0.0,0.0,0.0,0.0,0.0,0.0,0.0,0.0,0.0,0.0,0.0,0.0
Joanson 448,0.0,0.0,0.00098015192354815,0.0,0.0,0.0,0.0,0.0,0.0,0.0,0.0,0.0,0.0,0.0,0.0
Joe Millan 449,0.00016131634134537829,0.0,0.0,0.0,0.0,0.0,0.0,0.0,0.0,0.0,0.0,0.0,0.0,0.0,0.0
Joël Lilienkamp Joel Lili 450,0.014518470721084045,0.0,0.0,0.0,0.0,0.0,0.0,0.0,0.0,0.0,0.0,0.0,0.0,0.0007733952049497294,0.0
Johnny Greene 451,0.00016131634134537829,0.0,0.0,0.0,0.0,0.0,0.0,0.0,0.0,0.0,0.0,0.0,0.0,0.0,0.0
Jol 452,0.0,0.0,0.005390835579514825,0.0,0.0,0.0,0.0,0.0,0.0,0.0,0.0,0.0,0.0,0.0,0.0
Jonno 453,0.0,0.0,0.0,0.0,0.0,0.0,0.0001576789656259855,0.0,0.0,0.0,0.0,0.0,0.0,0.0,0.0
Jora 454,0.0,0.0,0.0,0.0,0.0,0.0,0.005203405865657522,0.007561436672967864,0.0,0.0,0.0,0.0,0.0,0.0,0.0
Josetta 455,0.0,0.0,0.0,0.0,0.0,0.0,0.0,0.0,0.0,0.0,0.0,0.0,0.0,0.0,0.0001902587519025875
Ju Adjai Adjar 456,0.001129214389417648,0.0,0.0,0.0,0.0,0.0,0.0,0.0,0.0,0.0,0.0,0.0,0.0,0.00015467904098994585,0.0
Jubb 457,0.0,0.0,0.0,0.0,0.0,0.0,0.0,0.0,0.0,0.0,0.0,0.0,0.0,0.0,0.0017123287671232876
Jule 458,0.0,0.0,0.004165645675079637,0.0,0.0,0.0,0.0,0.0,0.0,0.0,0.0,0.0,0.0,0.0,0.0
Juvana 459,0.0,0.0,0.0,0.0,0.0,0.0,0.00914538000630716,0.0,0.0,0.0,0.0,0.0,0.0,0.0,0.0
K’dall 460,0.0,0.0,0.0,0.00018975332068311195,0.0,0.0001749475157452764,0.0,0.0,0.0,0.0,0.0,0.0,0.0,0.0,0.0
K’dor 461,0.0,0.0,0.0,0.0,0.0,0.0,0.0,0.0,0.0001722652885443583,0.0,0.0,0.0,0.0,0.0,0.0
K’dren 462,0.0,0.0,0.0,0.007590132827324478,0.0,0.0003498950314905528,0.0,0.0,0.0,0.0,0.0,0.0,0.0,0.0,0.0
K’drin 463,0.0,0.0,0.0,0.0,0.0,0.0,0.0,0.0,0.0,0.0,0.0,0.0,0.0,0.0,0.0001902587519025875
K’lon 464,0.0,0.0,0.0,0.03301707779886148,0.0008613264427217916,0.0001749475157452764,0.0,0.0,0.0,0.0,0.0,0.0,0.0,0.0,0.0
K’nebel 465,0.0,0.0,0.0,0.0,0.0,0.0,0.0,0.0,0.0,0.0,0.0,0.0,0.001392757660167131,0.0,0.0
K’net 466,0.0,0.0,0.0,0.0,0.0,0.0,0.000630715862503942,0.01260239445494644,0.0,0.0,0.0,0.0,0.0,0.0,0.0
K’van 467,0.0,0.00925096985974336,0.0,0.0,0.0,0.008572428271518544,0.0,0.0,0.0,0.0,0.0,0.0,0.00017409470752089137,0.00448569218870843,0.006468797564687975
K’vin Kev 468,0.0,0.0,0.07302131830433717,0.0,0.0,0.0,0.0,0.0,0.0,0.0,0.0,0.0,0.0,0.0,0.0
Kailey 469,0.0,0.0,0.0,0.0,0.0,0.0,0.0007883948281299275,0.0,0.0,0.0,0.0,0.0,0.0,0.0,0.0
Kale 470,0.0,0.0,0.0,0.0,0.0,0.0006997900629811056,0.003941974140649638,0.0,0.0,0.0,0.0,0.0,0.0,0.0,0.0
Kalem 471,0.0,0.0,0.0,0.0,0.0,0.0,0.0001576789656259855,0.0,0.0,0.0,0.0,0.0,0.0,0.0,0.0
Kaljan 472,0.0,0.0,0.0,0.0,0.0,0.0,0.0,0.0,0.0,0.0,0.0,0.001131648434552999,0.0,0.0,0.0
Kalvi 473,0.0,0.0,0.013477088948787063,0.0,0.0,0.0,0.0,0.0,0.0,0.0,0.0,0.0,0.0,0.0,0.0
Kami 474,0.0,0.00925096985974336,0.0,0.0,0.0,0.0,0.0,0.0,0.0,0.0,0.0,0.0,0.0,0.0,0.0
Kamiana 475,0.0,0.0,0.0,0.003984819734345351,0.002583979328165375,0.0001749475157452764,0.0,0.0,0.0,0.0,0.0,0.0,0.0,0.0,0.0
Kamina 476,0.0,0.0,0.0,0.0003795066413662239,0.0,0.0,0.0,0.0,0.0,0.0,0.0,0.0,0.0,0.0,0.0
Kanadin K’din 477,0.0,0.005371530886302597,0.0,0.0,0.0,0.0,0.0,0.0,0.0,0.0,0.0,0.0,0.0,0.0,0.0
Karenchok 478,0.0,0.0,0.0,0.0,0.0,0.0,0.0026805424156417534,0.0,0.0,0.0,0.0,0.0,0.0,0.0,0.0
Kashman 479,0.0,0.0,0.0,0.0,0.0,0.0,0.0,0.0,0.0,0.0,0.0,0.0,0.0,0.0,0.005517503805175038
Kasia 480,0.0,0.0,0.0,0.0,0.0,0.0,0.03122043519394513,0.0,0.0,0.0,0.0,0.0,0.0,0.0,0.0
Kathy Duff 481,0.004516857557670592,0.0,0.0,0.0,0.0,0.0,0.0,0.0,0.0,0.0,0.0,0.0,0.0,0.0,0.0
Kayla 482,0.0,0.0,0.0,0.0,0.0,0.0,0.0,0.0,0.0,0.0,0.00030376670716889426,0.0,0.0,0.0,0.0
Keita 483,0.0,0.0,0.0,0.0,0.0,0.0006997900629811056,0.0,0.0,0.0,0.0,0.0,0.0,0.0,0.0,0.007420091324200913
Kenalas 484,0.0,0.0,0.0,0.0,0.0,0.0,0.0,0.0,0.0001722652885443583,0.0,0.0,0.0,0.0,0.0,0.0
Kenjo Fusaiyuki 485,0.0282303597354412,0.0,0.0,0.0,0.0,0.0,0.0,0.0,0.0,0.0,0.0,0.0,0.0,0.0003093580819798917,0.0020928462709284626
Kepiru 486,0.0,0.0,0.0,0.0,0.0,0.0,0.000630715862503942,0.0,0.0,0.0,0.0,0.0,0.0,0.0,0.0
Ker 487,0.0,0.0,0.0,0.0,0.0,0.0,0.0,0.0,0.0,0.0,0.0,0.0,0.0,0.0006187161639597834,0.0
Kern 488,0.0,0.0002984183825723665,0.0,0.0,0.0,0.0,0.0,0.0,0.0,0.0,0.0,0.0,0.00017409470752089137,0.0,0.0
Ketrin 489,0.0,0.0,0.0,0.0,0.0,0.002099370188943317,0.0,0.0,0.0,0.0,0.0,0.0,0.0,0.0,0.0
Kevelon 490,0.0,0.0,0.0,0.0,0.0,0.001224632610216935,0.0,0.0,0.0,0.0,0.0,0.0,0.0,0.0,0.0
Kinsale 491,0.0,0.0,0.0,0.0,0.0,0.0,0.000315357931251971,0.0,0.0,0.0,0.0,0.0,0.0,0.0,0.0
Kinver 492,0.0,0.0,0.0002450379808870375,0.0,0.0,0.0,0.0,0.0,0.0,0.0,0.0,0.0,0.0,0.0,0.0
Kirnety 493,0.0,0.0,0.0,0.0,0.0,0.0,0.0,0.0,0.0,0.0,0.0,0.0,0.00017409470752089137,0.0,0.0
Kista 494,0.0,0.0,0.0,0.0,0.0017226528854435831,0.0001749475157452764,0.0,0.0,0.0,0.0,0.0,0.0,0.0,0.0,0.0
Kit Ping Kitti 495,0.018228746572027745,0.0,0.0,0.0,0.0,0.0,0.0,0.0,0.0,0.0,0.0,0.0,0.0,0.0003093580819798917,0.0
Kitral 496,0.0,0.0002984183825723665,0.0,0.0,0.0,0.0,0.0,0.0,0.0,0.0,0.0,0.0,0.0,0.0,0.0
Kitrin 497,0.0,0.007758877946881528,0.0,0.0,0.0,0.0,0.0,0.0,0.0,0.0,0.0,0.0,0.0,0.0,0.0
Kizan 498,0.0,0.0,0.00098015192354815,0.0,0.0,0.0,0.0,0.0,0.0,0.0,0.0,0.0,0.0,0.0,0.0
Klada 499,0.0,0.0,0.0,0.0,0.0,0.0,0.000630715862503942,0.0,0.0,0.0,0.0,0.0,0.0,0.0,0.0
Kubisa 500,0.0,0.0,0.0,0.0,0.0,0.0,0.003784295175023652,0.0,0.0,0.0,0.0,0.0,0.0,0.0,0.0
Kulan 501,0.0,0.0,0.0,0.0013282732447817836,0.0,0.0001749475157452764,0.0,0.0,0.0,0.0,0.0,0.0,0.0,0.0,0.0
Kulla 502,0.0,0.0,0.0,0.0,0.0,0.0,0.0014191106906338694,0.0,0.0,0.0,0.0,0.0,0.0,0.0,0.0
Kung 503,0.00016131634134537829,0.0,0.0,0.0,0.0,0.0,0.0,0.0,0.0,0.0,0.0,0.0,0.0,0.0,0.0
Kurt 504,0.00032263268269075657,0.0,0.0,0.0,0.0,0.0,0.0,0.0,0.0,0.0,0.0,0.0,0.0,0.0,0.0
Kwan Marceau 505,0.0024197451201806745,0.0,0.0,0.0,0.0,0.0,0.0,0.0,0.0,0.0,0.0,0.0,0.0,0.0,0.0
Kylara 506,0.0,0.0,0.0,0.0,0.0,0.0006997900629811056,0.0,0.011972274732199117,0.03962101636520241,0.002727768685215494,0.0,0.001131648434552999,0.0010445682451253482,0.0,0.0
Kylos 507,0.0,0.0,0.0,0.00018975332068311195,0.0,0.0001749475157452764,0.0,0.0,0.0,0.0,0.0,0.0,0.0,0.0,0.0
L’bol 508,0.0,0.0,0.0,0.004743833017077799,0.0,0.0003498950314905528,0.0,0.0,0.0,0.0,0.0,0.0,0.0,0.0,0.0
L’mal 509,0.0,0.0,0.0,0.003795066413662239,0.0,0.0001749475157452764,0.0,0.0,0.0,0.0,0.0,0.0,0.0,0.0,0.0
L’rad 510,0.0,0.0,0.0,0.0,0.0,0.0,0.0,0.000315059861373661,0.0,0.0,0.0,0.0,0.0,0.0,0.0
L’rayl 511,0.0,0.0,0.0,0.0007590132827324478,0.0,0.0001749475157452764,0.0,0.0,0.0,0.0,0.0,0.0,0.0,0.0,0.0
L’sur 512,0.0,0.0,0.00098015192354815,0.0,0.0,0.0,0.0,0.0,0.0,0.0,0.0,0.0,0.0,0.0,0.0
L’tol Lytol Lytonal 513,0.0,0.0008952551477170994,0.0,0.0,0.0,0.0031490552834149755,0.0017344686218858404,0.02488972904851922,0.02446167097329888,0.0,0.0009113001215066828,0.0,0.04108635097493036,0.03758700696055684,0.013888888888888888
L’trel 514,0.0,0.0,0.0,0.0,0.0,0.0,0.0,0.0,0.0001722652885443583,0.0,0.0,0.0,0.0,0.0,0.0
L’vin 515,0.0,0.0,0.0,0.00018975332068311195,0.0,0.0001749475157452764,0.0,0.0,0.0,0.0,0.0,0.0,0.0,0.0,0.0
L’zal 516,0.0,0.0,0.0,0.0,0.0,0.0,0.0,0.0,0.0,0.0,0.0,0.0,0.0,0.00015467904098994585,0.0
L’zan 517,0.0,0.0,0.0,0.0,0.0,0.0,0.0,0.0,0.0,0.0,0.0,0.0,0.0,0.0004640371229698376,0.0
Laela 518,0.0,0.0,0.0,0.0,0.0,0.0,0.0007883948281299275,0.0,0.0,0.0,0.0,0.0,0.0,0.0,0.0
Laland 519,0.0,0.0,0.0002450379808870375,0.0,0.0,0.0,0.0,0.0,0.0,0.0,0.0,0.0,0.0,0.0,0.0
Lally Moorhouse 520,0.00016131634134537829,0.0,0.0,0.0,0.0,0.0,0.0,0.0,0.0,0.0,0.0,0.0,0.0,0.0,0.0
Landon 521,0.0,0.0,0.0,0.0,0.0,0.0,0.0011037527593818985,0.0,0.0,0.0,0.0,0.0,0.0,0.0,0.0
Langrell 522,0.0,0.0,0.0,0.0,0.0,0.0,0.0,0.0,0.0,0.0,0.0,0.0,0.0,0.0,0.001141552511415525
Larad 523,0.0,0.003879438973440764,0.0,0.0,0.0,0.01801959412176347,0.0036266162093976663,0.009136735979836169,0.011714039621016366,0.0,0.0,0.0,0.00034818941504178273,0.01160092807424594,0.002663622526636225
Laradian 524,0.0,0.0,0.0,0.0,0.0,0.0,0.0,0.0,0.0,0.0,0.0,0.0,0.0,0.0003093580819798917,0.0001902587519025875
Larna Lama 525,0.0,0.0,0.0,0.0,0.0,0.0,0.002207505518763797,0.0,0.0,0.0,0.0,0.0,0.0,0.0,0.0
Laudey 526,0.0,0.0014920919128618322,0.0,0.0,0.0,0.0031490552834149755,0.0,0.0,0.0006890611541774332,0.0,0.0,0.001131648434552999,0.00017409470752089137,0.0018561484918793504,0.000380517503805175
Lauley 527,0.0,0.0,0.0,0.0,0.0,0.0,0.0,0.0,0.0,0.0,0.0,0.0003772161448509996,0.0,0.0,0.0
Laura 528,0.0,0.0,0.001470227885322225,0.0,0.0,0.0,0.0,0.0,0.0,0.0,0.0,0.0,0.0,0.0,0.0
Lavel 529,0.0,0.0,0.002450379808870375,0.0,0.0,0.0,0.0,0.0,0.0,0.0,0.0,0.0,0.0,0.0,0.0
Layrence 530,0.0,0.0,0.0002450379808870375,0.0,0.0,0.0,0.0,0.0,0.0,0.0,0.0,0.0,0.0,0.0,0.0
Lear 531,0.0,0.0,0.0,0.0,0.0,0.0,0.000315357931251971,0.0,0.0,0.0,0.0,0.0,0.0,0.0,0.0
Lechi 532,0.0,0.0,0.0,0.0,0.0,0.0,0.0,0.0,0.0,0.0,0.0,0.0,0.0,0.0,0.000380517503805175
Leef Leff 533,0.0,0.0,0.0,0.0058823529411764705,0.0017226528854435831,0.0001749475157452764,0.0,0.0,0.0,0.0,0.0,0.0,0.0,0.0,0.0
Lemsia 534,0.0,0.0,0.0,0.0,0.0,0.0,0.0,0.0,0.0,0.0,0.0,0.0,0.0,0.00015467904098994585,0.0
Lensdale 535,0.00016131634134537829,0.0,0.0,0.0,0.0,0.0,0.0,0.0,0.0,0.0,0.0,0.0,0.0,0.0,0.0
Léo Léopol 536,0.0,0.0,0.020093114432737074,0.0,0.0,0.0,0.0,0.0,0.0,0.0,0.0,0.0,0.0,0.0,0.0
Leri 537,0.0,0.0,0.0,0.05806451612903226,0.01119724375538329,0.0001749475157452764,0.0,0.0,0.0,0.0,0.0,0.0,0.0,0.0,0.0
Lesnour 538,0.0,0.0,0.0007351139426611125,0.0,0.0,0.0,0.0,0.0,0.0,0.0,0.0,0.0,0.0,0.0,0.0
Lessa 539,0.0,0.02447030737093405,0.0,0.0,0.0,0.021168649405178448,0.002207505518763797,0.2123503465658475,0.07579672695951765,0.024549918166939442,0.0009113001215066828,0.007544322897019992,0.05379526462395543,0.05460170146945089,0.05555555555555555
Lesselam 540,0.0,0.0002984183825723665,0.0,0.0,0.0,0.0,0.0,0.0,0.0,0.0,0.0,0.0,0.0,0.0,0.0
Lesselden 541,0.0,0.0,0.0,0.0,0.0,0.0,0.0004730368968779565,0.0,0.0,0.0,0.0,0.0,0.0,0.0,0.0
Levalla 542,0.0,0.0,0.0,0.004554079696394687,0.0,0.0003498950314905528,0.0,0.0,0.0,0.0,0.0,0.0,0.0,0.0,0.0
Lexey 543,0.0,0.0,0.0,0.0,0.0,0.0,0.004099653106275623,0.0,0.0,0.0,0.0,0.0,0.0,0.0,0.0
Lias 544,0.0,0.0,0.0,0.0,0.0,0.0,0.0,0.0,0.0,0.0,0.0,0.0,0.0,0.0,0.0017123287671232876
Libby 545,0.0,0.0,0.0,0.0,0.0,0.0,0.0020498265531378114,0.0,0.0,0.0,0.0,0.0,0.0,0.0,0.0
Lidora 546,0.0,0.0,0.0,0.0026565464895635673,0.0008613264427217916,0.0001749475157452764,0.0,0.0,0.0,0.0,0.0,0.0,0.0,0.0,0.0
Ligand 547,0.0,0.0,0.0,0.0,0.0,0.0,0.0,0.0,0.0,0.0,0.001215066828675577,0.0,0.0,0.00015467904098994585,0.0
Lilla 548,0.0,0.0,0.0,0.0,0.00516795865633075,0.0001749475157452764,0.0,0.0,0.0,0.0,0.0,0.0,0.0,0.0,0.0
Lissala 549,0.0,0.0,0.0,0.0,0.0,0.0,0.0004730368968779565,0.0,0.0,0.0,0.0,0.0,0.0,0.0,0.0
Lobirn 550,0.0,0.0,0.0,0.0,0.0,0.0,0.011668243456322927,0.0,0.0,0.0,0.0,0.0,0.0,0.0,0.0
Lonada 551,0.0,0.0,0.000490075961774075,0.0,0.0,0.0,0.0,0.0,0.0,0.0,0.0,0.0,0.0,0.0,0.0
Londik 552,0.0,0.0,0.0,0.0,0.0,0.0,0.001576789656259855,0.0,0.0,0.0,0.0,0.0,0.0,0.0,0.0
Loreana 553,0.0,0.0,0.0,0.00018975332068311195,0.0,0.0001749475157452764,0.0,0.0,0.0,0.0,0.0,0.0,0.0,0.0,0.0
Lorra 554,0.0,0.0,0.0,0.0,0.0,0.0,0.007568590350047304,0.0,0.0,0.0,0.0,0.0,0.0,0.0,0.0
Losacot 555,0.0,0.0,0.0,0.0,0.0,0.0,0.0,0.0,0.0,0.0,0.0,0.0,0.0,0.0003093580819798917,0.0
Lotricia 556,0.0,0.0,0.0,0.0,0.0,0.0,0.0023651844843897824,0.0,0.0,0.0,0.0,0.0,0.0,0.0,0.0
Lozell 557,0.0,0.0,0.0017152658662092624,0.0,0.0,0.0,0.0,0.0,0.0,0.0,0.0,0.0,0.0,0.0,0.0
Luccha 558,0.0,0.0,0.0012251899044351876,0.0,0.0,0.0,0.0,0.0,0.0,0.0,0.0,0.0,0.0,0.0,0.0
Lucil 559,0.0,0.0,0.0,0.0,0.0008613264427217916,0.0001749475157452764,0.0,0.0,0.0,0.0,0.0,0.0,0.0,0.0,0.0
Lucy Tubberman 560,0.014195838038393289,0.0,0.00098015192354815,0.0,0.0,0.0,0.0,0.0,0.0,0.0,0.0,0.0,0.0,0.0,0.0005707762557077625
Lur 561,0.0,0.000596836765144733,0.0,0.0,0.0,0.0,0.0,0.0,0.0,0.0,0.0,0.0,0.0,0.0,0.0
M’barak 562,0.0,0.0,0.0,0.01062618595825427,0.014642549526270457,0.0001749475157452764,0.0,0.0,0.0,0.0,0.0,0.0,0.0,0.0,0.0
M’dani 563,0.0,0.0,0.0002450379808870375,0.0,0.0,0.0,0.0,0.0,0.0,0.0,0.0,0.0,0.0,0.0,0.0
M’gent 564,0.0,0.0,0.0,0.0009487666034155598,0.0,0.0003498950314905528,0.0,0.0,0.0,0.0,0.0,0.0,0.0,0.0,0.0
M’hall 565,0.0,0.0,0.0002450379808870375,0.0,0.0,0.0,0.0,0.0,0.0,0.0,0.0,0.0,0.0,0.0,0.0
M’leng 566,0.0,0.0,0.017152658662092625,0.0,0.0,0.0,0.0,0.0,0.0,0.0,0.0,0.0,0.0,0.0,0.0
M’ling 567,0.0,0.0,0.0,0.0,0.0,0.0,0.0,0.0,0.0,0.0,0.0,0.0,0.0,0.0,0.0001902587519025875
M’odon 568,0.0,0.0,0.0,0.0,0.0,0.0,0.000630715862503942,0.0,0.0,0.0,0.0,0.0,0.0,0.0,0.0
M’rak 569,0.0,0.0,0.0012251899044351876,0.0,0.0,0.0,0.0,0.0,0.0,0.0,0.0,0.0,0.0,0.0,0.0
M’rand 570,0.0,0.0,0.0,0.0,0.0,0.0,0.0,0.0,0.0,0.0,0.0,0.0,0.0,0.0004640371229698376,0.00684931506849315
M’ray 571,0.0,0.0,0.0,0.0013282732447817836,0.0,0.0001749475157452764,0.0,0.0,0.0,0.0,0.0,0.0,0.0,0.0,0.0
M’rek 572,0.0,0.0,0.0,0.0,0.0,0.0,0.0,0.0,0.0010335917312661498,0.0,0.0,0.0,0.0,0.0,0.0
M’ridin 573,0.0,0.0,0.0,0.0,0.0,0.0,0.001576789656259855,0.0,0.0,0.0,0.0,0.0,0.0,0.0,0.0
M’shall 574,0.0,0.0,0.03504043126684636,0.0,0.0,0.0,0.0,0.0,0.0,0.0,0.0,0.0,0.0,0.0,0.0
M’sur 575,0.0,0.000596836765144733,0.0,0.0,0.0,0.0,0.0,0.0,0.0,0.0,0.0,0.0,0.0,0.0,0.0
M’tani 576,0.0,0.0,0.0,0.007400379506641366,0.0008613264427217916,0.0003498950314905528,0.0,0.0,0.0,0.0,0.0,0.0,0.0,0.0,0.0
Macabir 577,0.0,0.0,0.0,0.0,0.006029285099052541,0.0001749475157452764,0.0,0.0,0.0,0.0,0.0,0.0,0.0,0.0,0.0
Macester 578,0.0,0.0,0.0,0.0,0.0,0.0,0.000946073793755913,0.0,0.0,0.0,0.0,0.0,0.0,0.0,0.0
Macy 579,0.0,0.0,0.0,0.0,0.0,0.0,0.0,0.0,0.0,0.0,0.0,0.0,0.0,0.0,0.00076103500761035
Magalia 580,0.0,0.0,0.0,0.0,0.0,0.0,0.0,0.0,0.0,0.0,0.0,0.0,0.0,0.0,0.0001902587519025875
Maidir 581,0.0,0.0,0.0,0.0,0.0,0.0,0.007253232418795333,0.0,0.0,0.0,0.0,0.0,0.0,0.0,0.0
Mairi 582,0.004839490240361349,0.0,0.0,0.0,0.0,0.0,0.0,0.0,0.0,0.0,0.0,0.0,0.0,0.0,0.0
Mairian 583,0.0,0.0,0.0002450379808870375,0.0,0.0,0.0,0.0,0.0,0.0,0.0,0.0,0.0,0.0,0.0,0.0
Maizella 584,0.0,0.0,0.0,0.0,0.0,0.0,0.008987701040681173,0.0,0.0,0.0,0.0,0.0,0.0,0.0,0.0
Makfar 585,0.0,0.0,0.0,0.0009487666034155598,0.0,0.0001749475157452764,0.0,0.0,0.0,0.0,0.0,0.0,0.0,0.0,0.0
Mallan 586,0.0,0.0,0.0,0.0,0.0,0.0,0.004257332071901609,0.0,0.0,0.0,0.0,0.0,0.0,0.0,0.0
Manora 587,0.0,0.0,0.0,0.0,0.0,0.0,0.0014191106906338694,0.01890359168241966,0.012403100775193798,0.027277686852154936,0.0018226002430133657,0.0007544322897019992,0.0008704735376044568,0.0006187161639597834,0.006468797564687975
Manotti 588,0.0,0.0,0.0,0.0,0.0,0.0,0.0,0.0,0.0,0.0,0.0,0.0,0.0,0.0015467904098994587,0.0
Mar Dook 589,0.004194224874979836,0.0002984183825723665,0.0,0.0,0.0,0.0,0.0,0.0,0.0,0.0,0.0,0.0,0.0,0.0,0.0
Mara 590,0.0,0.0,0.0,0.0,0.002583979328165375,0.0001749475157452764,0.0,0.0,0.0,0.0,0.0,0.0,0.0,0.0,0.0
Maranis 591,0.0,0.0,0.0039206076941926,0.0,0.0,0.0,0.0,0.0,0.0,0.0,0.0,0.0,0.0,0.0,0.0
Marcator 592,0.0,0.0,0.00098015192354815,0.0,0.0,0.0,0.0,0.0,0.0,0.0,0.0,0.0,0.0,0.0,0.0
Marchane 593,0.0,0.0,0.000490075961774075,0.0,0.0,0.0,0.0,0.0,0.0,0.0,0.0,0.0,0.0,0.0,0.0
Marcine 594,0.0,0.0,0.0,0.0,0.0,0.0,0.0011037527593818985,0.0,0.0,0.0,0.0,0.0,0.0,0.0,0.0
Marco Galliani 595,0.004516857557670592,0.0,0.0,0.0,0.0,0.0,0.0,0.0,0.0,0.0,0.0,0.0,0.0,0.0,0.0
Mardra 596,0.0,0.0,0.0,0.0,0.0,0.0031490552834149755,0.0,0.007876496534341524,0.007924203273040482,0.0,0.0,0.001886080724254998,0.0006963788300835655,0.0003093580819798917,0.0
Mardy 597,0.0,0.0,0.0,0.0,0.0,0.0,0.0004730368968779565,0.0,0.0,0.0,0.0,0.0,0.0,0.0,0.0
Marella 598,0.0,0.0,0.0,0.0,0.0,0.002099370188943317,0.0,0.0,0.0,0.0,0.0,0.0,0.0,0.0,0.0005707762557077625
Margatta 599,0.0,0.0,0.0,0.0,0.0,0.0,0.0,0.0,0.0,0.0,0.0,0.0,0.00034818941504178273,0.0,0.0005707762557077625
Mari 600,0.0006452653653815131,0.000596836765144733,0.0031854937515314874,0.00018975332068311195,0.004306632213608958,0.0022743177046885936,0.0029959003468937244,0.0,0.0,0.0,0.00030376670716889426,0.0,0.0,0.0007733952049497294,0.0001902587519025875
Marley 601,0.0,0.0,0.0,0.0,0.0,0.0,0.0,0.0,0.0,0.0,0.0,0.0,0.0,0.0,0.00076103500761035
Marlifin 602,0.0,0.0,0.0,0.0,0.0,0.0,0.0004730368968779565,0.0,0.0,0.0,0.0,0.0,0.0,0.0,0.0
Marshal 603,0.0,0.0,0.0,0.0,0.0,0.0,0.0,0.0,0.0,0.0,0.00030376670716889426,0.0,0.0,0.0,0.0
Mary Tubberman 604,0.017422164865300856,0.0,0.00098015192354815,0.0,0.0,0.0,0.0,0.0,0.0,0.0,0.0,0.0,0.0,0.0,0.0005707762557077625
Matsen 605,0.0,0.0,0.0,0.0,0.0,0.0,0.0017344686218858404,0.0,0.0,0.0,0.0,0.0,0.0,0.0,0.0
Mattew Matt 606,0.0,0.0,0.0012251899044351876,0.0,0.0,0.0,0.0,0.0,0.0,0.0,0.0,0.0,0.0,0.0,0.0
Mavi 607,0.0,0.0002984183825723665,0.0,0.0,0.0,0.0,0.0,0.0,0.0,0.04582651391162029,0.00030376670716889426,0.0,0.0,0.0,0.0
Maxilant 608,0.0,0.0,0.0,0.0,0.0,0.0,0.001261431725007884,0.0,0.0,0.0,0.0,0.0,0.0,0.0,0.0
Maylone 609,0.0,0.0,0.0,0.0013282732447817836,0.0,0.0001749475157452764,0.0,0.0,0.0,0.0,0.0,0.0,0.0,0.0,0.0
Mechalla 610,0.0,0.0,0.0,0.0,0.0,0.0001749475157452764,0.0,0.0,0.0,0.0,0.0,0.0,0.0,0.0,0.0
Medaman 611,0.0,0.0,0.0,0.0,0.0,0.0003498950314905528,0.0,0.0,0.0,0.0,0.0,0.0,0.0,0.0,0.0
Medda 612,0.0,0.0,0.0,0.0,0.0,0.0,0.0,0.0,0.0,0.0,0.0,0.0,0.0,0.0,0.0030441400304414
Mekelroy Pinch 613,0.0,0.0,0.0,0.0,0.0,0.0,0.0,0.0,0.0,0.0,0.0,0.0,0.0,0.0,0.033866057838660577
Melongel 614,0.0,0.0,0.0,0.0,0.0,0.0,0.015294859665720592,0.0,0.0,0.0,0.0,0.0,0.0,0.0,0.0
Menolly Nolly Monolly 615,0.0,0.0435690838555655,0.0,0.0,0.0,0.005248425472358292,0.0,0.0,0.0,0.33278777959629025,0.30224787363304984,0.11429649188985289,0.05623259052924791,0.018716163959783448,0.004946727549467275
Mercia 616,0.0,0.0,0.0,0.0,0.0008613264427217916,0.0001749475157452764,0.0,0.0,0.0,0.0,0.0,0.0,0.0,0.0,0.0
Merdine 617,0.0,0.0,0.0,0.0,0.0,0.0,0.0007883948281299275,0.0,0.0,0.0,0.0,0.0,0.0,0.0,0.0
Merelan 618,0.0,0.0,0.0,0.0,0.0,0.0,0.05313781141595711,0.0,0.0,0.0,0.0006075334143377885,0.0,0.0,0.0,0.0
Merika 619,0.0,0.0,0.0,0.0,0.0,0.0,0.0,0.0,0.0010335917312661498,0.0,0.0,0.0,0.00034818941504178273,0.0,0.0
Merin 620,0.0,0.0,0.0,0.0,0.0017226528854435831,0.0001749475157452764,0.0,0.0,0.0,0.0,0.0,0.0,0.0,0.0,0.0
Meron 621,0.0,0.0,0.0,0.0,0.0,0.001224632610216935,0.0,0.008821676118462508,0.02428940568475452,0.0,0.00030376670716889426,0.04073934364390796,0.001392757660167131,0.00015467904098994585,0.0
Mesla 622,0.0,0.0,0.0012251899044351876,0.0,0.0,0.0,0.0,0.0,0.0,0.0,0.0,0.0,0.0,0.0,0.0
Miata 623,0.0,0.0,0.0,0.0,0.0,0.0,0.0001576789656259855,0.0,0.0,0.0,0.0,0.0,0.0,0.0,0.0
Mibbut 624,0.0,0.0,0.0,0.00018975332068311195,0.0,0.0001749475157452764,0.0,0.0,0.0,0.0,0.0,0.0,0.0,0.0,0.0
Michael 625,0.00016131634134537829,0.0,0.0,0.0,0.0,0.0,0.0,0.0,0.0,0.0,0.0,0.0,0.0,0.0,0.0
Mick 626,0.00048394902403613486,0.0,0.0,0.0,0.0,0.0,0.0,0.0,0.0,0.0,0.0,0.0,0.0,0.0,0.0
Mickulin 627,0.0,0.0,0.0,0.0,0.0,0.0,0.0,0.0,0.0,0.0,0.0,0.0,0.0,0.0,0.00076103500761035
Milla 628,0.0,0.0,0.000490075961774075,0.0,0.0,0.0,0.0001576789656259855,0.0,0.0,0.0,0.0,0.0,0.0,0.0,0.0
Minnarden 629,0.0,0.0,0.0,0.0,0.0,0.0,0.005518763796909493,0.0,0.0,0.0,0.0,0.0,0.0,0.0,0.0
Miridan 630,0.0,0.0,0.0,0.0003795066413662239,0.0,0.0003498950314905528,0.0,0.0,0.0,0.0,0.0,0.0,0.0,0.0,0.0
Mirrim 631,0.0,0.014920919128618322,0.0,0.0,0.0,0.0003498950314905528,0.0,0.0,0.009646856158484065,0.058919803600654665,0.001215066828675577,0.014711429649188985,0.013753481894150418,0.012993039443155453,0.016933028919330288
Miskin 632,0.0,0.0,0.0,0.0,0.0,0.0,0.0,0.0,0.0,0.0,0.0,0.0,0.0,0.0006187161639597834,0.0
Mislue 633,0.0,0.0002984183825723665,0.0,0.0,0.0,0.0,0.0,0.0,0.0,0.0,0.0,0.0,0.0,0.0,0.0
Moreta Moretta 634,0.0,0.0,0.0,0.21214421252371918,0.03531438415159346,0.0006997900629811056,0.0004730368968779565,0.002205419029615627,0.0001722652885443583,0.0,0.002430133657351154,0.0,0.0,0.0,0.0005707762557077625
Morif 635,0.0,0.0,0.0,0.0,0.0,0.0,0.0001576789656259855,0.0,0.0,0.0,0.0,0.0,0.0,0.0,0.0
Morilton 636,0.0,0.0,0.0,0.0,0.0,0.0,0.0,0.0,0.0,0.0,0.0,0.0,0.0,0.004021655065738592,0.0028538812785388126
Morin 637,0.0,0.0,0.0007351139426611125,0.0,0.0,0.0,0.0,0.0,0.0,0.0,0.0,0.0,0.0,0.0,0.0
Morshal Morshall 638,0.0,0.0,0.0,0.0,0.0,0.0,0.0,0.0,0.0,0.0,0.01275820170109356,0.0,0.0,0.0,0.0
Mosser 639,0.0,0.0,0.0,0.0,0.0,0.0,0.000630715862503942,0.0,0.0,0.0,0.0,0.0,0.0,0.0,0.0
Mostar 640,0.0,0.0,0.0,0.00018975332068311195,0.006029285099052541,0.0003498950314905528,0.0,0.0,0.0,0.0,0.0,0.0,0.0,0.0,0.0
Mumolon 641,0.0,0.0,0.0,0.0,0.0,0.0,0.0017344686218858404,0.0,0.0,0.0,0.0,0.0,0.0,0.0,0.0
Munchaun 642,0.0,0.0,0.0,0.0,0.012058570198105082,0.0001749475157452764,0.0,0.0,0.0,0.0,0.0,0.0,0.0,0.0,0.0
Murda 643,0.0,0.0,0.0,0.0,0.0,0.001224632610216935,0.0,0.0,0.0,0.0,0.0,0.0,0.0,0.0,0.0
Murfytwen 644,0.0,0.0,0.0,0.0,0.0,0.0,0.000315357931251971,0.0,0.0,0.0,0.0,0.0,0.0,0.0,0.0
Murolin 645,0.0,0.0,0.0,0.0,0.0,0.0,0.0,0.0,0.0,0.0,0.0,0.0,0.0,0.0,0.0001902587519025875
N’bil 646,0.0,0.0,0.0,0.0,0.0,0.0,0.0,0.0,0.0,0.0,0.0,0.0,0.0,0.0,0.000380517503805175
N’gent 647,0.0,0.0,0.0,0.00018975332068311195,0.0,0.0,0.0,0.0,0.0,0.0,0.0,0.0,0.0,0.0,0.0
N’men 648,0.0,0.0,0.0,0.00018975332068311195,0.0,0.0001749475157452764,0.0,0.0,0.0,0.0,0.0,0.0,0.0,0.0,0.0
N’mool 649,0.0,0.0,0.0,0.00018975332068311195,0.0,0.0001749475157452764,0.0,0.0,0.0,0.0,0.0,0.0,0.0,0.0,0.0
N’ran N’nan 650,0.0,0.0,0.000490075961774075,0.0,0.0,0.0,0.0,0.0,0.0,0.0,0.0,0.0,0.0,0.0,0.0
N’ton 651,0.0,0.0008952551477170994,0.0,0.0,0.0,0.004198740377886634,0.0,0.002835538752362949,0.015503875968992248,0.010365521003818877,0.0006075334143377885,0.013202565069784986,0.036211699164345405,0.011446249033255994,0.012557077625570776
Nabhi Nabol 652,0.010001613163413454,0.000596836765144733,0.0,0.0030360531309297912,0.0008613264427217916,0.001224632610216935,0.0023651844843897824,0.004725897920604915,0.012575366063738156,0.0,0.00030376670716889426,0.024896265560165973,0.00034818941504178273,0.0009280742459396752,0.0
Nadira 653,0.0,0.0,0.0,0.0,0.0,0.0,0.0,0.0,0.0006890611541774332,0.0,0.0,0.0,0.0,0.0,0.000380517503805175
Nadona 654,0.0,0.0,0.0044106836559666745,0.0,0.0,0.0,0.0,0.0,0.0,0.0,0.0,0.0,0.0,0.0,0.0
Nalka 655,0.0,0.0,0.0,0.0,0.007751937984496124,0.0,0.0,0.0,0.0,0.0,0.0,0.0,0.0,0.0,0.0
Namurra 656,0.0,0.0,0.0,0.00018975332068311195,0.0,0.0001749475157452764,0.0,0.0,0.0,0.0,0.0,0.0,0.0,0.0,0.0
Naprila 657,0.0,0.0,0.0,0.0,0.0,0.0,0.000630715862503942,0.0,0.0,0.0,0.0,0.0,0.0,0.0,0.0
Nataly 658,0.0,0.0,0.0,0.0,0.0,0.0,0.0,0.0,0.0,0.0,0.0,0.0,0.0,0.0009280742459396752,0.0
Naton 659,0.0,0.0,0.0,0.0,0.0,0.0,0.0,0.000630119722747322,0.0,0.0,0.0,0.0,0.0,0.0,0.0
Nattai 660,0.0,0.0,0.0,0.00018975332068311195,0.0,0.0001749475157452764,0.0,0.0,0.0,0.0,0.0,0.0,0.0,0.0,0.0
Naylor 661,0.0,0.0,0.0,0.0,0.0,0.0,0.0001576789656259855,0.0,0.0,0.0,0.0,0.0,0.0,0.0,0.0
Nazer 662,0.0,0.0026857654431512983,0.0,0.0,0.0,0.006648005598320504,0.0,0.0,0.0,0.0,0.0,0.0,0.0,0.0,0.0
Ned Tubberman 663,0.017260848523955475,0.0,0.00098015192354815,0.0,0.0,0.0,0.0,0.0,0.0,0.0,0.0,0.0,0.0,0.0,0.0005707762557077625
Neilla 664,0.0,0.0,0.0,0.0,0.0,0.0,0.0001576789656259855,0.0,0.0,0.0,0.0,0.0,0.0,0.0,0.0
Neldama 665,0.0,0.0,0.0,0.0,0.0,0.0,0.0,0.0,0.0,0.0,0.0,0.0,0.0,0.0,0.001141552511415525
Nera 666,0.0,0.0,0.0,0.00018975332068311195,0.0,0.0,0.0,0.0,0.0,0.0,0.0,0.0,0.0,0.00015467904098994585,0.0
Nessel 667,0.0,0.0002984183825723665,0.0,0.0,0.0,0.0,0.0,0.001260239445494644,0.003273040482342808,0.0,0.0,0.0007544322897019992,0.00017409470752089137,0.0026295436968290795,0.0
Nesso 668,0.0,0.0,0.0,0.01631878557874763,0.0,0.0001749475157452764,0.0,0.0,0.0,0.0,0.0,0.0,0.0,0.0,0.0
Nia 669,0.0,0.0,0.0,0.0,0.00516795865633075,0.0001749475157452764,0.0,0.0,0.0,0.0,0.0,0.0,0.00017409470752089137,0.00015467904098994585,0.0
Nicat 670,0.0,0.007758877946881528,0.0,0.0,0.0,0.0006997900629811056,0.0,0.0,0.0003445305770887166,0.006001091107474086,0.0009113001215066828,0.0015088645794039985,0.007311977715877437,0.0009280742459396752,0.0
Nika 671,0.0,0.0002984183825723665,0.0,0.0,0.0,0.0,0.0,0.0,0.0,0.0,0.0,0.0,0.0,0.0,0.0
Niness 672,0.0,0.0,0.0,0.0,0.0,0.0,0.0,0.0,0.0,0.0,0.0,0.0,0.0,0.0,0.0001902587519025875
Nip 673,0.0,0.0,0.0,0.0,0.0,0.0,0.0,0.0,0.0,0.0,0.0,0.0,0.0,0.0,0.000380517503805175
Nora Sejby 674,0.0019357960961445394,0.0,0.0,0.0,0.0,0.0,0.0,0.0,0.0,0.0,0.0,0.0,0.0,0.0,0.0
Norist 675,0.0,0.0,0.0,0.0,0.0,0.0,0.0,0.0,0.0,0.0,0.0,0.0,0.0,0.007269914926527455,0.0017123287671232876
Norman 676,0.0,0.0,0.0,0.005123339658444023,0.0008613264427217916,0.0001749475157452764,0.0,0.0,0.0,0.0,0.0,0.0,0.0,0.0,0.0
Nurevin 677,0.0,0.0,0.0,0.0,0.0,0.0,0.0,0.0,0.0,0.0,0.0,0.0,0.0,0.0026295436968290795,0.0
Nyassa Clissmann 678,0.0019357960961445394,0.0,0.0,0.0,0.0,0.0,0.0,0.0,0.0,0.0,0.0,0.0,0.0,0.0,0.0
O’ney 679,0.0,0.0,0.0012251899044351876,0.0,0.0,0.0,0.0,0.0,0.0,0.0,0.0,0.0,0.0,0.0,0.0
Ogolly 680,0.0,0.0,0.0,0.0,0.0,0.0,0.00315357931251971,0.0,0.0,0.0,0.0,0.0,0.0,0.0,0.0
Oharan 681,0.0,0.0,0.0,0.0,0.0,0.0,0.0,0.0,0.0,0.00872885979268958,0.0,0.0033949453036589967,0.00017409470752089137,0.0,0.0
Oklina 682,0.0,0.0,0.0,0.018975332068311195,0.06201550387596899,0.0001749475157452764,0.0,0.0,0.0,0.0,0.0,0.0,0.0,0.0,0.0
Oldive 683,0.0,0.011638316920322292,0.0,0.0,0.0,0.0015745276417074878,0.002207505518763797,0.0,0.0,0.0,0.00850546780072904,0.01886080724254998,0.00644150417827298,0.016705336426914155,0.01293759512937595
Olodkey 684,0.0,0.0,0.0,0.0,0.0,0.0,0.0,0.0,0.0,0.0,0.0,0.007544322897019992,0.0,0.0,0.0
Olos 685,0.0,0.0002984183825723665,0.0,0.0,0.0,0.0,0.0,0.0,0.0,0.0,0.0,0.0,0.0,0.00015467904098994585,0.0
Oma 686,0.0,0.0,0.0,0.0011385199240986717,0.0,0.0,0.0,0.0,0.0,0.0,0.0,0.0,0.0,0.0,0.0
Orna 687,0.0,0.0,0.0,0.003415559772296015,0.0,0.0001749475157452764,0.0,0.0,0.0,0.0,0.0,0.0,0.0,0.0,0.0
Osemore 688,0.0,0.0,0.0,0.0,0.0,0.0005248425472358292,0.0,0.0,0.0,0.0,0.0,0.0,0.0,0.0,0.0
Oterel 689,0.0,0.0017905102954341987,0.0,0.0,0.0,0.0005248425472358292,0.0014191106906338694,0.0,0.004478897502153316,0.0,0.0,0.004149377593360996,0.0,0.0060324825986078886,0.0
Otto Hegelman 690,0.0035489595095983223,0.0,0.0,0.0,0.0,0.0,0.0,0.0,0.0,0.0,0.0,0.0,0.0,0.0,0.0
Ozzie Munson Oz 691,0.005000806581706727,0.0,0.0,0.0,0.0,0.0,0.0,0.0,0.0,0.0,0.0,0.0,0.0,0.0,0.0
P’leen 692,0.0,0.0,0.0,0.0005692599620493358,0.0,0.0001749475157452764,0.0,0.0,0.0,0.0,0.0,0.0,0.0,0.0,0.0
P’nine 693,0.0,0.0,0.0,0.0003795066413662239,0.0,0.0001749475157452764,0.0,0.0,0.0,0.0,0.0,0.0,0.0,0.0,0.0
P’ratan 694,0.0,0.0,0.0,0.0,0.0,0.00244926522043387,0.0,0.0,0.0001722652885443583,0.0,0.0,0.0,0.0,0.0,0.0
P’tero 695,0.0,0.0,0.029894633668218575,0.0,0.0,0.0,0.0,0.0,0.0,0.0,0.0,0.0,0.0,0.0,0.0
P’zar 696,0.0,0.0,0.0,0.0,0.0,0.0,0.0,0.0,0.0017226528854435831,0.0,0.0,0.0,0.0,0.0,0.0
Palim 697,0.0,0.0,0.0,0.0,0.0,0.0,0.0,0.0,0.0,0.0,0.00212636695018226,0.0,0.0,0.0,0.0
Palla 698,0.0,0.0,0.0,0.0,0.0,0.0,0.0,0.0,0.0,0.0,0.0,0.0,0.0,0.0,0.0030441400304414
Pardure 699,0.0,0.0020889286780065653,0.0,0.0,0.0,0.0,0.0,0.0,0.0,0.0,0.0,0.0,0.0,0.0,0.0
Parren 700,0.0,0.0008952551477170994,0.0,0.0,0.0,0.0,0.0,0.0,0.0,0.0,0.0,0.0,0.0,0.0,0.0
Pat Hempenstall 701,0.00048394902403613486,0.0,0.0,0.0,0.0,0.0,0.0,0.0,0.0,0.0,0.0,0.0,0.0,0.0,0.0
Patrice de Broglie 702,0.004032908533634457,0.0,0.0,0.0,0.0,0.0,0.0,0.0,0.0,0.0,0.0,0.0,0.0,0.0,0.0
Patry 703,0.0,0.0,0.0,0.0,0.0,0.0,0.0001576789656259855,0.0,0.0,0.0,0.0,0.0,0.0,0.0,0.0
Patsy Swann 704,0.00016131634134537829,0.0,0.0,0.0,0.0,0.0,0.0,0.0,0.0,0.0,0.0,0.0,0.0,0.0,0.0
Paul Benden 705,0.07178577189869334,0.009549388242315727,0.024748836069590788,0.010246679316888045,0.0068906115417743325,0.027466759972008398,0.01923683380637023,0.01575299306868305,0.03910422049956934,0.01800327332242226,0.010935601458080195,0.016597510373443983,0.02698467966573816,0.011755607115235886,0.02378234398782344
Paul Logorides 706,0.06646233263429585,0.0,0.0,0.0,0.0,0.0001749475157452764,0.0,0.0,0.0,0.0005455537370430987,0.00030376670716889426,0.0003772161448509996,0.0,0.00015467904098994585,0.0001902587519025875
Paulin 707,0.0,0.0,0.06174957118353345,0.0,0.0,0.0,0.0,0.0,0.0,0.0,0.0,0.0,0.0,0.0,0.0
Pell 708,0.0,0.0,0.0,0.0,0.0,0.0001749475157452764,0.0,0.0,0.0,0.0,0.0,0.0,0.0,0.001082753286929621,0.0
Pellomar 709,0.0,0.0,0.0,0.0,0.0,0.0,0.0,0.0,0.0003445305770887166,0.0,0.0,0.0,0.0,0.0,0.0
Pendora 710,0.0,0.0,0.0,0.0,0.0,0.0001749475157452764,0.0,0.0,0.0,0.0,0.0,0.0,0.0,0.0,0.0
Pendra 711,0.0,0.0,0.0,0.0030360531309297912,0.004306632213608958,0.0001749475157452764,0.0,0.0,0.0,0.0,0.0,0.0,0.0,0.0,0.0
Pergamol 712,0.0,0.0,0.0,0.0,0.0,0.0,0.0,0.0,0.0,0.0,0.004556500607533414,0.0,0.0,0.0,0.0
Perschar Pershar 713,0.0,0.0002984183825723665,0.0,0.0,0.0,0.00734779566130161,0.0,0.0,0.0,0.0,0.0,0.0,0.0,0.001082753286929621,0.0
Persellan 714,0.0,0.03043867502238138,0.0,0.0,0.0,0.0,0.0,0.0,0.0,0.0,0.0,0.0,0.0,0.0,0.001902587519025875
Pessia 715,0.0,0.0,0.0,0.0,0.0,0.0,0.001261431725007884,0.0,0.0,0.0,0.0,0.0,0.0,0.0,0.0
Petan 716,0.0,0.0,0.0,0.0,0.0,0.0,0.0,0.0,0.0,0.0,0.0,0.0,0.0,0.0,0.0005707762557077625
Peter Semling 717,0.006452653653815131,0.0,0.0,0.0,0.0,0.0,0.0,0.0,0.0,0.0,0.0,0.0,0.0,0.0,0.0
Peterpar 718,0.0,0.0,0.0,0.003984819734345351,0.0,0.0001749475157452764,0.0,0.0,0.0,0.0,0.0,0.0,0.0,0.0,0.0
Petey Pete 719,0.0032263268269075657,0.0,0.0,0.0,0.0,0.0,0.0,0.0,0.0,0.0,0.0,0.0,0.0,0.0,0.0
Peth 720,0.0,0.0,0.0,0.0,0.0017226528854435831,0.0001749475157452764,0.0,0.0,0.0,0.0,0.0,0.0,0.0,0.0,0.0
Petillo 721,0.0,0.0,0.0,0.0,0.0,0.0,0.0,0.0,0.0,0.0,0.00030376670716889426,0.0,0.0,0.0,0.0
Petiron 722,0.0,0.0008952551477170994,0.0,0.0,0.0,0.0,0.04714601072216966,0.0,0.0,0.04091653027823241,0.020048602673147023,0.0,0.0,0.0,0.0
Phas Radamanth 723,0.004516857557670592,0.0,0.0,0.0,0.0,0.0,0.0,0.0,0.0,0.0,0.0,0.0,0.0,0.0,0.0
Piemur 724,0.0,0.0014920919128618322,0.0,0.0,0.0,0.099370188943317,0.0,0.0,0.0,0.0,0.08687727825030377,0.2832893247831007,0.03203342618384401,0.058623356535189484,0.001902587519025875
Pierre de Courcis 725,0.00935634779803194,0.005968367651447329,0.005145797598627788,0.004743833017077799,0.00516795865633075,0.0034989503149055285,0.002522863450015768,0.027725267800882167,0.00913006029285099,0.007637752318603383,0.003948967193195626,0.005281026027913994,0.014275766016713091,0.002165506573859242,0.0036149162861491627
Pilgra 726,0.0,0.0,0.0,0.0,0.0,0.0,0.0,0.0,0.0017226528854435831,0.0,0.0,0.0,0.0,0.0,0.0060882800608828
Pol Nietro 727,0.03758670753347314,0.0,0.0,0.0,0.014642549526270457,0.0006997900629811056,0.0,0.0,0.0,0.0,0.0,0.0,0.0,0.0,0.0
Pona 728,0.0,0.0,0.0,0.0,0.0,0.0,0.0,0.0,0.0,0.0,0.023693803159173753,0.0,0.0,0.0,0.0
Porrig Connell 729,0.006291337312469753,0.0,0.0007351139426611125,0.0,0.0,0.0,0.0,0.0,0.0,0.0,0.0,0.0,0.0,0.0004640371229698376,0.0
Possil 730,0.0,0.0,0.0,0.0,0.0,0.0,0.0,0.0,0.0,0.0,0.0,0.0,0.0,0.0,0.000380517503805175
Pragal 731,0.0,0.0,0.0,0.0,0.0,0.0,0.0004730368968779565,0.0,0.0,0.0,0.0,0.0,0.0,0.0,0.0
Pressen 732,0.0,0.0,0.0,0.007400379506641366,0.0,0.0001749475157452764,0.0,0.0,0.0,0.0,0.0,0.0,0.0,0.0,0.0
Prilla 733,0.0,0.0,0.0,0.0,0.0,0.0,0.0,0.0,0.0,0.0,0.0,0.0,0.00034818941504178273,0.0,0.0005707762557077625
Quitrin 734,0.0,0.0,0.0,0.0003795066413662239,0.0,0.0001749475157452764,0.0,0.0,0.0,0.0,0.0,0.0,0.0,0.0,0.0
R’gul Rangul 735,0.0,0.0,0.0,0.0,0.0,0.0,0.005518763796909493,0.05419029615626969,0.0001722652885443583,0.0,0.0,0.0,0.0,0.0,0.0009512937595129375
R’limeak 736,0.0,0.0,0.0,0.0007590132827324478,0.0,0.0001749475157452764,0.0,0.0,0.0,0.0,0.0,0.0,0.0,0.0,0.0
R’mart 737,0.0,0.006565204416592062,0.0,0.0,0.0,0.0003498950314905528,0.0,0.0,0.006201550387596899,0.0,0.0,0.0,0.002437325905292479,0.0007733952049497294,0.0015220700152207
R’miel R’mel 738,0.0,0.0,0.0,0.0,0.0,0.0,0.0,0.0,0.0001722652885443583,0.0,0.0,0.0,0.0,0.0,0.0
R’nor 739,0.0,0.0,0.0,0.0,0.0,0.0,0.0,0.0,0.0001722652885443583,0.0,0.0,0.0,0.0,0.0,0.0
R’yar 740,0.0,0.0,0.0,0.0,0.0,0.0,0.000315357931251971,0.0,0.0,0.0,0.0,0.0,0.0,0.0,0.0
Raid 741,0.0,0.0,0.0,0.0,0.0,0.0034989503149055285,0.009618416903185115,0.000315059861373661,0.007751937984496124,0.0,0.0,0.0003772161448509996,0.00034818941504178273,0.0003093580819798917,0.0005707762557077625
Raïd 742,0.0,0.0,0.0,0.0,0.0,0.0,0.0,0.0,0.0001722652885443583,0.0,0.0,0.0,0.0,0.0,0.0
Ram Da 743,0.00032263268269075657,0.0035810205908683975,0.0,0.0,0.0,0.008922323303009098,0.0,0.003465658475110271,0.01826012058570198,0.0,0.0,0.0,0.023676880222841225,0.019644238205723124,0.009703196347031963
Ramala 744,0.0,0.0002984183825723665,0.0,0.0,0.0,0.005423372988103569,0.0,0.0,0.0,0.0,0.0,0.0,0.0,0.00015467904098994585,0.0017123287671232876
Rammany 745,0.0,0.0,0.0,0.0,0.0,0.0,0.0,0.0,0.0,0.0,0.00030376670716889426,0.0,0.0,0.0,0.0
Rampesi 746,0.0,0.0002984183825723665,0.0,0.0,0.0,0.005423372988103569,0.0,0.0,0.0,0.0,0.0,0.0,0.0,0.0,0.0
Randy 747,0.0,0.0,0.0,0.0,0.0,0.0,0.0,0.0,0.0,0.0,0.00030376670716889426,0.0,0.0,0.0,0.0
Ranly 748,0.0,0.0,0.0,0.0,0.0,0.0,0.0,0.0,0.0,0.0,0.008201701093560146,0.002640513013956997,0.0,0.0,0.0
Rannelly Rannely 749,0.0,0.0,0.0,0.0,0.0,0.0,0.0,0.0,0.0024117140396210162,0.0,0.0,0.0,0.0,0.0,0.0
Ranneth 750,0.0,0.0,0.0,0.0,0.0,0.0,0.0,0.0,0.0,0.0,0.0,0.0,0.0,0.0,0.00076103500761035
Ranrel 751,0.0,0.0,0.0,0.0,0.0,0.0,0.0,0.0,0.0,0.0,0.0,0.0,0.0,0.008043310131477185,0.0015220700152207
Rapal 752,0.0,0.0,0.0,0.00018975332068311195,0.0,0.0001749475157452764,0.0,0.0,0.0,0.0,0.0,0.0,0.0,0.0,0.0
Rasa 753,0.0,0.0,0.0,0.0,0.0,0.0,0.0004730368968779565,0.0,0.0,0.0,0.0,0.0,0.0,0.0,0.0
Ratoshigan Ratoshinga 754,0.0,0.0,0.0,0.00872865275142315,0.0034453057708871662,0.0003498950314905528,0.0,0.0,0.0,0.0,0.0,0.0,0.0,0.0,0.0
Readis 755,0.0,0.1486123545210385,0.0,0.0,0.0,0.020468859342197342,0.0,0.0,0.0,0.0,0.0,0.0,0.0,0.0032482598607888632,0.00076103500761035
Red Hanrahan 756,0.011776092918212615,0.0,0.0012251899044351876,0.0,0.0,0.0,0.0,0.0,0.0,0.0,0.0,0.0,0.0,0.0003093580819798917,0.0
Relna 757,0.0,0.0,0.0,0.0,0.0,0.0,0.0004730368968779565,0.0,0.0,0.0,0.0,0.0,0.0,0.0,0.0
Rency 758,0.0,0.0,0.0,0.0,0.0,0.0,0.0,0.0,0.0,0.0,0.0,0.0,0.0,0.0,0.0020928462709284626
René Mallibeau 759,0.00032263268269075657,0.0,0.0,0.0,0.0,0.0,0.0,0.0,0.0,0.0,0.0,0.0,0.0,0.0,0.0
Ricardy 760,0.0,0.0,0.0,0.0,0.0,0.0,0.0001576789656259855,0.0,0.0,0.0,0.0,0.0,0.0,0.0,0.0
Richud 761,0.0,0.0,0.004165645675079637,0.0,0.0,0.0,0.0,0.0,0.0,0.0,0.0,0.0,0.0,0.0,0.0
Rill Nerilka 762,0.0,0.0,0.0,0.007210626185958254,0.07665805340223945,0.0013995801259622112,0.0,0.0,0.0,0.006001091107474086,0.0,0.0,0.0,0.0,0.0
Riller 763,0.0,0.0,0.0,0.0,0.0,0.0,0.0,0.0,0.0,0.0,0.0,0.0,0.0,0.0,0.0005707762557077625
Robina 764,0.0,0.0008952551477170994,0.0,0.0,0.0,0.0,0.0,0.0,0.0,0.0,0.0,0.0,0.0,0.0,0.0
Robinton Rob Robie 765,0.0,0.014025663980901224,0.0,0.0,0.0,0.0370888733379986,0.2768842636392305,0.017013232514177693,0.03548664944013781,0.018548827059465357,0.04708383961117862,0.03809883062995096,0.07956128133704736,0.07300850734725445,0.006278538812785388
Roblyn 766,0.0,0.0,0.0,0.0,0.0,0.0,0.0001576789656259855,0.0,0.0,0.0,0.0,0.0,0.0,0.0,0.0
Robse 767,0.0,0.0029841838257236644,0.0,0.0,0.0,0.0001749475157452764,0.0,0.0,0.0,0.0,0.0,0.0,0.0,0.0003093580819798917,0.0005707762557077625
Rokayas 768,0.0,0.0,0.0,0.0,0.0,0.0,0.0,0.0,0.0,0.0,0.0,0.009053187476423991,0.0,0.0,0.0
Ronchin 769,0.0,0.0,0.0,0.0,0.0,0.0,0.0,0.0,0.0,0.0,0.0,0.0,0.0,0.0,0.0005707762557077625
Rosheen 770,0.0,0.0,0.0,0.0,0.0,0.0,0.0,0.0,0.0,0.0,0.0,0.0,0.0,0.0,0.008751902587519025
Rudi Shwartz Rudolph 771,0.002097112437489918,0.0,0.0,0.0,0.0,0.0,0.0,0.0,0.0,0.0,0.0,0.0,0.0,0.0,0.0
Rulyar 772,0.0,0.0,0.0,0.0,0.0,0.0,0.000946073793755913,0.0,0.0,0.0,0.0,0.0,0.0,0.0,0.0
Runel 773,0.0,0.0,0.0,0.003605313092979127,0.0008613264427217916,0.0001749475157452764,0.0,0.0,0.0,0.0,0.0,0.0,0.0,0.0,0.0
S’bran 774,0.0,0.0,0.0,0.0,0.0,0.0,0.001261431725007884,0.0,0.0,0.0,0.0,0.0,0.0,0.0,0.0
S’dra 775,0.0,0.0,0.0,0.0,0.0,0.0,0.0,0.0,0.0,0.0,0.0,0.0,0.0,0.0,0.000380517503805175
S’gar 776,0.0,0.0,0.0,0.0,0.0,0.0,0.0,0.0,0.0,0.0,0.0,0.0,0.0,0.00015467904098994585,0.0
S’gor 777,0.0,0.0,0.0,0.0058823529411764705,0.0,0.0001749475157452764,0.0,0.0,0.0,0.0,0.0,0.0,0.0,0.0,0.0
S’goral 778,0.0,0.0,0.0,0.0,0.0,0.0,0.0,0.0,0.0008613264427217916,0.0,0.0,0.0,0.0,0.0,0.0
S’lan Selessan Sellie 779,0.0,0.0,0.0,0.0,0.0,0.0,0.0,0.002205419029615627,0.0,0.0,0.0,0.0,0.0,0.0,0.002663622526636225
S’lel 780,0.0,0.0,0.0,0.0,0.0,0.0,0.0014191106906338694,0.010081915563957152,0.0001722652885443583,0.0,0.0,0.0,0.0,0.0,0.0
S’len 781,0.0,0.0,0.0,0.0,0.0,0.0,0.0,0.0,0.0,0.0,0.0,0.0,0.0,0.004640371229698376,0.0
S’ligar 782,0.0,0.0,0.0,0.00777988614800759,0.0,0.0003498950314905528,0.0,0.0,0.0,0.0,0.0,0.0,0.0,0.0,0.0
S’loner 783,0.0,0.0,0.0,0.0,0.0,0.0,0.009303058971933145,0.0,0.0,0.0,0.0,0.0,0.0,0.0,0.0
S’mon Thomas 784,0.0,0.0,0.0031854937515314874,0.0,0.0,0.0,0.0,0.0,0.0,0.0,0.0,0.0,0.0,0.0,0.0
S’nan 785,0.0,0.0,0.0215633423180593,0.0,0.0,0.0,0.0,0.0,0.0,0.0,0.0,0.0,0.0,0.0,0.0
S’peren 786,0.0,0.0,0.0,0.009108159392789373,0.0017226528854435831,0.0003498950314905528,0.0,0.0,0.0,0.0,0.0,0.0,0.0,0.0,0.0
S’rond 787,0.0,0.0,0.0,0.0,0.0,0.0,0.0,0.0,0.0,0.0,0.0,0.0,0.0,0.00015467904098994585,0.0
Sabra Ongola Stein 788,0.03436038070656557,0.0,0.0,0.0,0.0,0.0,0.0,0.0,0.0,0.0,0.0,0.0,0.0,0.0,0.0
Saday 789,0.0,0.0,0.0,0.0,0.0,0.0,0.001261431725007884,0.0,0.0,0.0,0.0,0.0,0.0,0.0,0.0
Sagassy 790,0.0,0.0,0.0,0.0,0.0,0.0,0.0,0.0,0.0,0.0,0.0,0.0,0.0,0.0,0.003995433789954338
Sal 791,0.0006452653653815131,0.0,0.0,0.0,0.009474590869939707,0.0001749475157452764,0.0,0.0,0.0,0.0,0.0,0.0,0.0,0.0,0.0
Salda 792,0.0,0.0,0.006370987503062975,0.0,0.0,0.0,0.0,0.0,0.0,0.0,0.0,0.0,0.0,0.0,0.0
Sallah Telgar-Andiyar 793,0.047427004355541216,0.0,0.0,0.0,0.0,0.0001749475157452764,0.0,0.0,0.0,0.0,0.0,0.0,0.0,0.003402938901778809,0.0
Sallisha 794,0.0,0.0,0.006616025483950012,0.0,0.0,0.0,0.0,0.0,0.0,0.0,0.0,0.0,0.0,0.0,0.0
Saltor 795,0.0,0.0,0.0,0.0,0.0,0.0,0.000630715862503942,0.0,0.0,0.0,0.0,0.0,0.0,0.0,0.0
Samvel 796,0.0,0.005371530886302597,0.0,0.0,0.0,0.0,0.0,0.0,0.0,0.0,0.0,0.0,0.0,0.0,0.0005707762557077625
Saneter 797,0.0,0.0,0.0,0.0,0.0,0.0155703289013296,0.0,0.0,0.0,0.0,0.0,0.004526593738211996,0.0,0.0,0.0
Sangel 798,0.0,0.000596836765144733,0.0,0.0,0.0,0.0006997900629811056,0.0004730368968779565,0.0,0.006718346253229974,0.0,0.001215066828675577,0.0,0.004004178272980502,0.0030935808197989174,0.0024733637747336376
Sanra 799,0.0,0.0,0.0,0.0,0.0,0.0,0.0,0.0,0.0,0.012002182214948172,0.0,0.0,0.0,0.0,0.0
Sarah 800,0.00016131634134537829,0.0,0.0,0.0,0.0,0.0,0.0,0.0,0.0,0.0,0.0,0.0,0.0,0.0,0.0
Sarai 801,0.0,0.0,0.001470227885322225,0.0,0.0,0.0,0.0,0.0,0.0,0.0,0.0,0.0,0.0,0.0,0.0
Sarra 802,0.0,0.0,0.004165645675079637,0.0,0.0,0.0,0.0,0.0,0.0,0.0,0.0,0.0,0.0,0.0,0.0
Scallak 803,0.0,0.0,0.0,0.0,0.0,0.0006997900629811056,0.0,0.0,0.0,0.0,0.0,0.0,0.0,0.0,0.0
Scand 804,0.0,0.0,0.0,0.0020872865275142313,0.0,0.0001749475157452764,0.0,0.0,0.0,0.0,0.0,0.0,0.0,0.0,0.0
Sch’gall 805,0.0,0.0,0.0,0.00018975332068311195,0.0,0.0,0.0,0.0,0.0,0.0,0.0,0.0,0.0,0.0,0.0
Sean Connell O’Connell 806,0.08791740603323117,0.0,0.001470227885322225,0.0,0.0,0.0,0.0,0.0,0.0,0.0,0.0,0.0,0.0,0.0004640371229698376,0.0
Sebell Sebel Sevell 807,0.0,0.01342882721575649,0.0,0.0,0.0,0.00734779566130161,0.00772626931567329,0.0,0.0012058570198105081,0.0005455537370430987,0.06348724179829891,0.12297246322142588,0.0100974930362117,0.024903325599381285,0.02834855403348554
Sefal 808,0.0,0.0,0.0,0.0,0.0,0.0,0.0,0.0,0.0,0.0,0.0,0.0,0.0,0.0006187161639597834,0.0
Sefran 809,0.0,0.0,0.0,0.0,0.0,0.0,0.0,0.0,0.0,0.0,0.00030376670716889426,0.0,0.0,0.0,0.0
Segoina 810,0.0,0.0,0.0,0.0,0.0,0.0,0.001576789656259855,0.0,0.0,0.0,0.0,0.0,0.0,0.0,0.0
Sella 811,0.0,0.0,0.0,0.00018975332068311195,0.0,0.0001749475157452764,0.0001576789656259855,0.0,0.0,0.02564102564102564,0.00030376670716889426,0.0,0.0,0.0,0.0
Sellel 812,0.0,0.0,0.0,0.0,0.0,0.0,0.000630715862503942,0.0,0.0,0.0,0.0,0.0,0.0,0.0,0.0
Semment 813,0.0,0.0,0.0,0.00018975332068311195,0.0,0.0001749475157452764,0.0,0.0,0.0,0.0,0.0,0.0,0.0,0.0,0.0
Serubil 814,0.0,0.0,0.0,0.0,0.0,0.0,0.0,0.0,0.0,0.0,0.0,0.0,0.0,0.0,0.0013318112633181126
Sev Ritecamp 815,0.0,0.0,0.0,0.0,0.0,0.0,0.002522863450015768,0.0,0.0,0.0,0.0,0.0,0.0,0.0,0.0001902587519025875
Severeid 816,0.0,0.0,0.0,0.0,0.0,0.0,0.0001576789656259855,0.0,0.0,0.0,0.0,0.0,0.0,0.0,0.0
Sh’gall 817,0.0,0.0,0.0,0.04003795066413662,0.006029285099052541,0.0003498950314905528,0.0,0.0,0.0,0.0,0.0,0.0,0.0,0.0,0.0
Shadder 818,0.0,0.0,0.0,0.0018975332068311196,0.0,0.0001749475157452764,0.0,0.0,0.0,0.0,0.0,0.0,0.0,0.0,0.0
Shankolin Glasstol de Crom 819,0.0,0.0,0.0,0.0,0.0,0.0,0.0,0.0,0.0,0.0,0.0,0.0,0.0,0.0,0.005517503805175038
Shanna 820,0.0,0.0,0.00098015192354815,0.0,0.0,0.0,0.0,0.0,0.0,0.0,0.0,0.0,0.0,0.0,0.0
Sharra Sharrie 821,0.0,0.0008952551477170994,0.0,0.0,0.0,0.026242127361791462,0.0,0.0,0.0,0.0,0.0,0.012825348924933987,0.04073816155988858,0.0431554524361949,0.016362252663622526
Shavva Fahroud 822,0.001129214389417648,0.0,0.0,0.0,0.0,0.0,0.0,0.0,0.0,0.0,0.0,0.0,0.0,0.0,0.0
Shawan 823,0.0,0.0,0.0,0.0,0.0,0.0,0.0,0.0,0.0,0.0,0.0,0.0,0.0,0.0007733952049497294,0.0
Sheledon Shel 824,0.0,0.0,0.014947316834109287,0.0,0.0,0.0,0.0,0.0,0.0,0.0,0.0,0.0,0.0,0.0,0.0
Sherris 825,0.0,0.0,0.0,0.0,0.0,0.0,0.0,0.0,0.0,0.0,0.0,0.001886080724254998,0.0,0.0,0.0
Sheve 826,0.0,0.0,0.0,0.0,0.0,0.0,0.000630715862503942,0.0,0.0,0.0,0.0,0.0,0.0,0.0,0.0
Shih Lao 827,0.00048394902403613486,0.0,0.000490075961774075,0.0,0.0,0.0,0.0,0.0,0.0,0.0,0.0,0.0,0.0,0.0,0.0
Shonagar 828,0.0,0.0,0.0,0.0,0.0,0.0001749475157452764,0.005361084831283507,0.0,0.0,0.0,0.018226002430133656,0.013202565069784986,0.0,0.00015467904098994585,0.0
Shonagor 829,0.0,0.0,0.0,0.0,0.0,0.0,0.0,0.0,0.0,0.0,0.00030376670716889426,0.0,0.0,0.0,0.0
Shulse 830,0.0,0.0,0.00098015192354815,0.0,0.0,0.0,0.0,0.0,0.0,0.0,0.0,0.0,0.0,0.0,0.0
Shuvin 831,0.0012905307307630263,0.0,0.0,0.0,0.0,0.0,0.0,0.0,0.0,0.0,0.0,0.0,0.0,0.0,0.0
Sicca 832,0.0,0.0,0.0,0.0,0.0,0.0,0.0,0.0,0.0,0.0,0.0,0.0,0.0,0.0,0.0001902587519025875
Sifer 833,0.0,0.0,0.0,0.0,0.0,0.003848845346396081,0.0001576789656259855,0.0,0.0031007751937984496,0.0,0.0,0.0,0.0,0.00015467904098994585,0.0
Sigomal 834,0.0,0.0,0.0,0.0,0.0,0.0,0.0,0.0,0.0,0.0,0.0,0.0,0.0,0.008043310131477185,0.0
Sigomel 835,0.0,0.0,0.0,0.0,0.0,0.0,0.0,0.0,0.0,0.0,0.0,0.0,0.00017409470752089137,0.0,0.0
Silga 836,0.0,0.0,0.0,0.00018975332068311195,0.0,0.0001749475157452764,0.0,0.0,0.0,0.0,0.0,0.0,0.0,0.0004640371229698376,0.0
Silma 837,0.0,0.0,0.0,0.0,0.0017226528854435831,0.0001749475157452764,0.0,0.0,0.0,0.0,0.0,0.0,0.0,0.0,0.0
Silon 838,0.0,0.0,0.0,0.0,0.0,0.0,0.0,0.0,0.0001722652885443583,0.0,0.0,0.0,0.0,0.0,0.0
Silton 839,0.0,0.0,0.0,0.0,0.0,0.0,0.0,0.0,0.0,0.0,0.0,0.0,0.0,0.0003093580819798917,0.0
Silvana 840,0.0,0.0,0.0,0.0,0.0,0.0,0.000630715862503942,0.0,0.0,0.0,0.00030376670716889426,0.0,0.0006963788300835655,0.0,0.0
Silvina 841,0.0,0.0,0.0,0.0,0.0,0.0001749475157452764,0.006937874487543362,0.0,0.0,0.0,0.06682867557715674,0.02791399471897397,0.0008704735376044568,0.0,0.0
Sim 842,0.0,0.0,0.0,0.0003795066413662239,0.02239448751076658,0.0001749475157452764,0.0,0.0,0.0,0.0,0.0,0.0,0.0,0.0,0.0
Sintary 843,0.0,0.0,0.0,0.0,0.0,0.0,0.0,0.0,0.0,0.0,0.0,0.0,0.0,0.0,0.004375951293759513
Sira 844,0.00016131634134537829,0.0,0.0,0.0,0.002583979328165375,0.0001749475157452764,0.0,0.0,0.0,0.0,0.0,0.0,0.0,0.0,0.0
Sirrie 845,0.0,0.0,0.0,0.0,0.0,0.0,0.0007883948281299275,0.0,0.0,0.0,0.0,0.0,0.0,0.0,0.0
Sitta 846,0.0,0.0,0.0,0.0,0.0,0.0,0.0017344686218858404,0.0,0.0,0.0,0.0,0.0,0.0,0.0,0.0
Sneel 847,0.0,0.0,0.0,0.00018975332068311195,0.0,0.0001749475157452764,0.0,0.0,0.0,0.0,0.0,0.0,0.0,0.0,0.0
Sograny 848,0.0,0.0,0.0,0.0,0.0,0.0,0.0,0.0,0.003273040482342808,0.0,0.0,0.0,0.00017409470752089137,0.0,0.0
Solth 849,0.0,0.0,0.0,0.0,0.0,0.0,0.0,0.0,0.0001722652885443583,0.0,0.0,0.0,0.0,0.00015467904098994585,0.0001902587519025875
Soover 850,0.0,0.0,0.0,0.00018975332068311195,0.0,0.0001749475157452764,0.0,0.0,0.0,0.0,0.0,0.0,0.0,0.0,0.0
Soreel 851,0.0,0.0,0.0,0.0,0.0,0.0,0.0,0.0,0.0,0.0032733224222585926,0.0,0.0,0.0,0.0,0.0
Sorka 852,0.07017260848523955,0.0,0.000490075961774075,0.0,0.0,0.0,0.0,0.0,0.0,0.0,0.0,0.0,0.0,0.0003093580819798917,0.0
Sousmal 853,0.0,0.0,0.0,0.0,0.0,0.0,0.0,0.0,0.0,0.0,0.0,0.0,0.0,0.0003093580819798917,0.0001902587519025875
Sparling 854,0.0,0.0,0.0,0.0,0.0,0.0,0.0,0.0,0.0,0.0,0.0,0.0,0.0,0.0,0.0005707762557077625
St’ven 855,0.0,0.0,0.0,0.0,0.0,0.0,0.0,0.0,0.0,0.0,0.0,0.0,0.0,0.0,0.00380517503805175
Stella 856,0.0,0.0,0.0,0.0,0.0,0.0,0.0,0.0,0.0,0.0005455537370430987,0.0,0.0,0.0,0.0,0.0
Stev Kimmer 857,0.012421358283594128,0.0,0.0,0.0,0.0,0.0,0.0,0.0,0.0,0.0,0.0,0.0,0.0,0.0,0.0024733637747336376
Stinar 858,0.0,0.0,0.0,0.0,0.0,0.0,0.0,0.0,0.0,0.0,0.0,0.0,0.0,0.0,0.005707762557077625
Stolla 859,0.0,0.0,0.0,0.0,0.0,0.0,0.000315357931251971,0.0,0.0,0.0,0.0,0.0,0.0,0.0,0.0
Struan 860,0.0,0.0,0.0,0.0,0.0,0.0,0.0001576789656259855,0.0,0.0,0.0,0.0,0.0,0.0,0.0,0.0
Strud 861,0.0,0.0,0.0,0.0,0.0,0.0,0.0,0.0,0.0,0.0,0.00030376670716889426,0.001131648434552999,0.0,0.0,0.0
Sucho 862,0.0,0.0,0.0,0.0,0.0,0.0,0.002838221381267739,0.0,0.0,0.0,0.0,0.0,0.0,0.0,0.0
Sue Havers 863,0.0017744797547991611,0.004774694121157864,0.0,0.0,0.0,0.0,0.0,0.0,0.0,0.0,0.0,0.0,0.0,0.0,0.0
Sufur 864,0.0,0.0,0.0,0.0007590132827324478,0.0,0.0001749475157452764,0.0,0.0,0.0,0.0,0.0,0.0,0.0,0.0,0.0
Suriana 865,0.0,0.0,0.0,0.0007590132827324478,0.024978466838931956,0.0001749475157452764,0.0,0.0,0.0,0.0,0.0,0.0,0.0,0.0,0.0
Suze 866,0.0,0.0,0.0012251899044351876,0.0,0.0,0.0,0.0,0.0,0.0,0.0,0.0,0.0,0.0,0.0,0.0
Svenda Olubushtu 867,0.0017744797547991611,0.0,0.0,0.0,0.0,0.0,0.0,0.0,0.0,0.0,0.0,0.0,0.0,0.0,0.0
Sydra 868,0.0,0.0,0.00490075961774075,0.0,0.0,0.0,0.0,0.0,0.0,0.0,0.0,0.0,0.0,0.0,0.0
T’bor 869,0.0,0.0020889286780065653,0.0,0.0,0.0,0.0003498950314905528,0.0,0.007876496534341524,0.031007751937984496,0.0005455537370430987,0.0,0.002640513013956997,0.0005222841225626741,0.0003093580819798917,0.0
T’bot 870,0.0,0.0,0.0,0.0,0.0,0.0001749475157452764,0.0,0.0,0.0,0.0,0.0,0.0,0.0,0.0,0.0
T’dam 871,0.0,0.0,0.008331291350159274,0.0,0.0,0.0,0.0,0.0,0.0,0.0,0.0,0.0,0.0,0.0,0.0
T’gellan 872,0.0,0.019098776484631454,0.0,0.0,0.0,0.003673897830650805,0.0,0.0,0.0,0.05673758865248227,0.012454434993924665,0.0007544322897019992,0.0006963788300835655,0.004021655065738592,0.01141552511415525
T’gor 873,0.0,0.0,0.0,0.0,0.0,0.0,0.0,0.0,0.0003445305770887166,0.0,0.0,0.0,0.0,0.0,0.0
T’gran 874,0.0,0.0,0.0,0.0,0.0,0.0,0.0,0.0,0.0,0.005455537370430988,0.0,0.0,0.0,0.0,0.0
T’grel 875,0.0,0.0,0.0,0.0020872865275142313,0.0,0.0003498950314905528,0.0,0.0,0.0,0.0,0.0,0.0,0.0,0.0,0.0
T’kil 876,0.0,0.0,0.0,0.0,0.0,0.0,0.0,0.000630119722747322,0.0,0.0,0.0,0.0,0.0,0.0,0.0
T’kul T’kull 877,0.0,0.0,0.0,0.0,0.0,0.003324002799160252,0.0,0.0,0.010680447889750215,0.0,0.0,0.0015088645794039985,0.010445682451253482,0.0,0.0
T’lan 878,0.0,0.0,0.00098015192354815,0.0,0.0,0.0,0.0,0.0,0.0,0.0,0.0,0.0,0.0,0.0,0.0
T’ledon 879,0.0,0.0,0.0,0.0,0.0,0.0,0.0,0.0,0.0,0.0,0.00030376670716889426,0.0,0.0,0.0,0.0
T’lion Gaddie 880,0.0,0.14204715010444643,0.0,0.0,0.0,0.0,0.0,0.0,0.0,0.0,0.0,0.0,0.0,0.0,0.00380517503805175
T’lonneg 881,0.0,0.0,0.0,0.0003795066413662239,0.0,0.0003498950314905528,0.0,0.0,0.0,0.0,0.0,0.0,0.0,0.0,0.0
T’nure 882,0.0,0.0,0.0,0.0003795066413662239,0.0,0.0001749475157452764,0.0,0.0,0.0,0.0,0.0,0.0,0.0,0.0,0.0
T’ragel 883,0.0,0.0,0.0,0.0003795066413662239,0.0,0.0001749475157452764,0.0,0.0,0.0,0.0,0.0,0.0,0.0,0.0,0.0
T’ral 884,0.0,0.0,0.0,0.0013282732447817836,0.0,0.0001749475157452764,0.0,0.0,0.0,0.0,0.0,0.0,0.0,0.0,0.0
T’ran 885,0.0,0.0,0.0,0.0,0.0,0.0,0.0,0.0,0.0,0.0,0.0,0.0,0.00017409470752089137,0.0,0.0
T’reb 886,0.0,0.0,0.0,0.0,0.0,0.0,0.0,0.0,0.005857019810508183,0.0,0.0,0.0,0.0,0.0,0.0
T’red 887,0.0,0.0,0.0007351139426611125,0.0,0.0,0.0,0.0,0.0,0.0,0.0,0.0,0.0,0.0,0.0,0.0
T’ron 888,0.0,0.0,0.0,0.0,0.0,0.0006997900629811056,0.0,0.014492753623188406,0.033936261843238585,0.0,0.0,0.006412674462466994,0.003481894150417827,0.0003093580819798917,0.0
T’sen 889,0.0,0.0,0.00098015192354815,0.0,0.0,0.0,0.0,0.0,0.0,0.0,0.0,0.0,0.0,0.0,0.0
T’sum 890,0.0,0.0,0.0,0.0,0.0,0.0,0.0,0.005671077504725898,0.0,0.0,0.0,0.0,0.0,0.0,0.0
T’tel T’lel 891,0.0,0.0,0.0019603038470963,0.0,0.0,0.0,0.0,0.0,0.0,0.0,0.0,0.0,0.0,0.0,0.0
T’ton 892,0.0,0.0,0.0,0.0,0.0,0.0003498950314905528,0.0,0.0,0.0,0.0,0.0,0.0,0.0,0.0,0.0
Tagetarl Tag 893,0.0,0.0002984183825723665,0.0,0.0,0.0,0.0,0.0,0.0,0.0010335917312661498,0.0,0.0,0.0003772161448509996,0.0,0.0026295436968290795,0.0380517503805175
Tai 894,0.0,0.0,0.0,0.0,0.0,0.0,0.0,0.0,0.0,0.0,0.0,0.0,0.0,0.0,0.09113394216133942
Talina 895,0.0,0.0,0.0,0.0,0.0,0.0,0.0,0.0,0.002583979328165375,0.0,0.00030376670716889426,0.0,0.0,0.0,0.00228310502283105
Talmor 896,0.0,0.003879438973440764,0.0,0.0,0.0,0.0,0.0,0.0,0.0010335917312661498,0.0,0.017922235722964763,0.0007544322897019992,0.0,0.0,0.0
Talpan 897,0.0,0.0,0.0,0.0060721062618595825,0.0,0.0001749475157452764,0.0,0.0,0.0,0.0,0.0,0.0,0.0,0.0,0.0
Tanus 898,0.0,0.0,0.0,0.0,0.0,0.0,0.0,0.0,0.0,0.0005455537370430987,0.0,0.0,0.0,0.0,0.0
Tarathel 899,0.0,0.0,0.0,0.0,0.0,0.0010496850944716584,0.005834121728161464,0.0,0.0,0.0,0.0,0.0,0.0,0.0,0.0
Targus 900,0.0,0.0,0.0,0.0,0.0,0.0,0.002838221381267739,0.0,0.0,0.0,0.0,0.0,0.0,0.0,0.0
Tarrie Chernoff 901,0.0069366026778512665,0.0,0.0,0.0,0.0,0.0,0.0,0.0,0.0,0.0,0.0,0.0,0.0,0.0,0.0
Tarvi Andiyar Andivar 902,0.012905307307630263,0.0,0.0002450379808870375,0.0,0.0,0.0001749475157452764,0.0,0.0,0.0,0.0,0.0,0.0,0.0,0.0007733952049497294,0.0
Tashkovich 903,0.00016131634134537829,0.0,0.0,0.0,0.0,0.0,0.0,0.0,0.0,0.0,0.0,0.0,0.0,0.0,0.0
Tashvi 904,0.0,0.0,0.010291595197255575,0.0,0.0,0.0,0.0,0.0,0.0,0.0,0.0,0.0,0.0,0.0,0.0
Tawkin 905,0.0,0.0,0.0,0.0,0.0,0.0003498950314905528,0.0,0.0,0.0,0.0,0.0,0.0,0.0,0.0,0.0
Ted Tubberman Tubbermann 906,0.018067430230682368,0.0,0.0012251899044351876,0.0,0.0,0.0,0.0,0.0,0.0,0.0,0.0,0.0,0.0,0.0,0.0005707762557077625
Tegger 907,0.0,0.0,0.0,0.0,0.0,0.0,0.0,0.0,0.0,0.0,0.0,0.0,0.0006963788300835655,0.0,0.0
Tela 908,0.0,0.0,0.0,0.0,0.0,0.0,0.000315357931251971,0.001890359168241966,0.0,0.0,0.0,0.0,0.0,0.0,0.0
Tellani 909,0.0,0.0,0.0,0.0015180265654648956,0.0,0.0001749475157452764,0.0,0.0,0.0,0.0,0.0,0.0,0.0,0.0,0.0
Temma 910,0.0,0.010743061772605193,0.0,0.0,0.0,0.010846745976207137,0.0,0.0,0.0,0.0,0.0,0.0,0.0,0.0,0.0
Tenna 911,0.0,0.0,0.0,0.0,0.0,0.0,0.0,0.0,0.0,0.0,0.0,0.0,0.0,0.0,0.003424657534246575
Terentel 912,0.0,0.0,0.0,0.0,0.0,0.0,0.0,0.0,0.0,0.0,0.0,0.0,0.0,0.0030935808197989174,0.0
Terry 913,0.0,0.0002984183825723665,0.0,0.0,0.0,0.0001749475157452764,0.0,0.0,0.012403100775193798,0.0,0.0,0.0,0.0,0.0030935808197989174,0.0
Tesner 914,0.0,0.0,0.0,0.0,0.0,0.0,0.000315357931251971,0.0,0.0,0.0,0.0,0.0,0.0,0.0,0.0
Texur 915,0.0,0.0002984183825723665,0.0,0.0,0.0,0.0,0.0,0.0,0.0,0.0,0.0,0.0,0.0,0.0,0.0
Thea 916,0.0,0.0,0.0058809115412889,0.0,0.0,0.0,0.0,0.0,0.0,0.0,0.0,0.0,0.0,0.0,0.0
Thella 917,0.0,0.000596836765144733,0.0,0.0,0.0,0.05510846745976207,0.0001576789656259855,0.0,0.0,0.0,0.0,0.0,0.0,0.0,0.0
Theng 918,0.0,0.0,0.0,0.0013282732447817836,0.0103359173126615,0.0001749475157452764,0.0,0.0,0.0,0.0,0.0,0.0,0.0,0.0,0.0
Théo Force 919,0.0030650104855621876,0.004774694121157864,0.007596177407498162,0.004554079696394687,0.00516795865633075,0.005073477956613016,0.00457269000315358,0.013232514177693762,0.0034453057708871662,0.008183306055646482,0.003341433778857837,0.009053187476423991,0.004526462395543176,0.004176334106728539,0.00532724505327245
Theskin 920,0.0,0.0,0.0,0.0,0.012058570198105082,0.0001749475157452764,0.0,0.0,0.0,0.0,0.0,0.0,0.0,0.0,0.0
Tikini 921,0.0,0.000596836765144733,0.0,0.0,0.0,0.0,0.0,0.0,0.0,0.0,0.0,0.0,0.0,0.0,0.0
Tilarek 922,0.0,0.0,0.0,0.0,0.0,0.0,0.0,0.002520478890989288,0.0,0.0,0.0,0.0,0.0,0.0,0.0
Tilgin 923,0.0,0.0,0.0,0.0,0.0,0.0,0.0,0.0,0.0,0.0,0.0,0.0067898906073179935,0.0,0.0,0.0
Tilsit 924,0.0,0.0,0.0,0.0,0.0,0.0,0.0,0.0,0.0,0.0005455537370430987,0.0,0.0,0.0,0.0,0.0
Timareen 925,0.0,0.0,0.0,0.0,0.0,0.0,0.0,0.0,0.0,0.0,0.00030376670716889426,0.0,0.0,0.0,0.0
Timiny Tim 926,0.0,0.0,0.0,0.0,0.0,0.0,0.0,0.0,0.0,0.0,0.003948967193195626,0.004903809883062995,0.0,0.0,0.0
Tinamon 927,0.0,0.0,0.0,0.0,0.0,0.0,0.000315357931251971,0.0,0.0,0.0,0.0,0.0,0.0,0.0,0.0
Tino 928,0.0,0.0,0.0,0.0,0.0,0.0017494751574527643,0.0,0.0,0.0,0.0,0.0,0.0,0.0,0.0,0.0
Tippel 929,0.0,0.0,0.0,0.0,0.0,0.0,0.0,0.0,0.0,0.0,0.0,0.0,0.0,0.0,0.0005707762557077625
Tirone 930,0.0,0.0,0.0,0.02125237191650854,0.024117140396210164,0.0003498950314905528,0.0,0.0,0.0,0.0,0.0,0.0,0.0,0.0,0.0
Tisha 931,0.0,0.0,0.021318304337172262,0.0,0.0,0.0,0.0,0.0,0.0,0.0,0.0,0.0,0.0,0.0,0.0
Tolocamp 932,0.0,0.0,0.0,0.023529411764705882,0.03962101636520241,0.001224632610216935,0.0,0.0,0.0,0.0,0.0,0.0,0.0,0.0,0.0
Tom Patrick 933,0.0009678980480722697,0.0002984183825723665,0.0,0.0,0.0,0.0,0.0,0.0,0.0,0.0,0.0,0.0,0.0,0.0,0.0001902587519025875
Tomlinson 934,0.0,0.0,0.0007351139426611125,0.0,0.0,0.0,0.0,0.0,0.0,0.0,0.0,0.0,0.0,0.0,0.0
Tomol 935,0.0,0.0002984183825723665,0.0,0.0,0.0,0.0,0.0,0.0,0.0,0.0,0.0,0.0,0.0,0.0,0.0
Tordril 936,0.0,0.0,0.0,0.0,0.0,0.0,0.0,0.0,0.0,0.0,0.0,0.0,0.0017409470752089136,0.0,0.0
Torene 937,0.0,0.0,0.0,0.0,0.0,0.0,0.0,0.000945179584120983,0.0,0.0,0.0,0.0,0.0,0.0,0.0
Toric 938,0.0,0.030737093404953744,0.0,0.0,0.0,0.07907627711686493,0.0,0.0,0.0012058570198105081,0.0,0.0,0.03470388532629196,0.028725626740947075,0.012064965197215777,0.03063165905631659
Torjus 939,0.0,0.0,0.0,0.0,0.0,0.0,0.0,0.0,0.0,0.0,0.0,0.0,0.0,0.0,0.000380517503805175
Torlin 940,0.0,0.0,0.0,0.0,0.0,0.0,0.000315357931251971,0.0,0.0,0.0,0.0,0.0,0.0,0.0,0.0
Torlo 941,0.0,0.0,0.0,0.0,0.0,0.0,0.0,0.0,0.0,0.0,0.0,0.0,0.0,0.0,0.008942161339421613
Toronas 942,0.0,0.000596836765144733,0.0,0.0,0.0,0.0,0.0,0.0,0.0,0.0,0.0,0.0,0.0,0.002165506573859242,0.001902587519025875
Torsten 943,0.0,0.0,0.0,0.0,0.0,0.0003498950314905528,0.0,0.0,0.0,0.0,0.0,0.0,0.0,0.0,0.0
Tortole 944,0.0,0.0,0.0,0.0,0.0,0.0,0.002838221381267739,0.0,0.0,0.0,0.0,0.0,0.0,0.0,0.0
Tosikin 945,0.0,0.0,0.0,0.0,0.0,0.0,0.0,0.0,0.0,0.0,0.0,0.0,0.0,0.0003093580819798917,0.0
Tracey Train 946,0.00016131634134537829,0.0,0.0,0.0,0.0,0.0,0.0,0.0,0.0,0.0,0.0,0.0,0.0,0.0,0.0
Tragger 947,0.0,0.0,0.0,0.0,0.0,0.0008747375787263821,0.0,0.0,0.0,0.0,0.0,0.0,0.0,0.0,0.0
Traller 948,0.0,0.0,0.0,0.0,0.0,0.0,0.0011037527593818985,0.0,0.0,0.0,0.0,0.0,0.0,0.0,0.0
Tranilty 949,0.0,0.0,0.0,0.0,0.0,0.0,0.0,0.0,0.0,0.0005455537370430987,0.0,0.0,0.0,0.0,0.0
Trelbin 950,0.0,0.0,0.0,0.0,0.0008613264427217916,0.0001749475157452764,0.0,0.0,0.0,0.0,0.0,0.0,0.0,0.0,0.0
Triana 951,0.0,0.0,0.0,0.0,0.0,0.0,0.0007883948281299275,0.0,0.0,0.0,0.0,0.0,0.0,0.0,0.0
Trume 952,0.0,0.0,0.0,0.0003795066413662239,0.0,0.0001749475157452764,0.0,0.0,0.0,0.0,0.0,0.0,0.0,0.0,0.0
Tuck 953,0.0,0.0,0.0,0.0,0.0,0.0,0.0,0.0,0.0,0.0,0.0,0.0,0.0,0.0,0.0001902587519025875
Tuero 954,0.0,0.0,0.0,0.01555977229601518,0.03789836347975883,0.0001749475157452764,0.0,0.0,0.0,0.0,0.0,0.0,0.0,0.0,0.0
Tumara 955,0.0,0.0,0.0,0.0,0.0,0.0,0.0,0.0,0.0,0.0,0.0,0.0,0.0,0.0009280742459396752,0.0
Tunge 956,0.0,0.0,0.0,0.0,0.0,0.0,0.0,0.0,0.0,0.0,0.0,0.0,0.0,0.0,0.0020928462709284626
Turlon 957,0.0,0.0,0.0,0.0,0.0,0.0,0.0,0.0,0.0,0.0005455537370430987,0.0,0.0,0.0,0.0,0.0
Turvine Turving 958,0.0,0.0,0.0,0.0005692599620493358,0.0,0.0003498950314905528,0.0,0.0,0.0,0.0,0.0,0.0,0.0,0.0,0.0
Tuvor 959,0.0,0.0,0.0,0.0,0.0,0.0,0.0,0.0,0.0,0.0,0.0,0.0,0.0,0.0,0.0001902587519025875
Twenone 960,0.0,0.0,0.0,0.0,0.0,0.0,0.0001576789656259855,0.0,0.0,0.0,0.0,0.0,0.0,0.0,0.0
Ussie 961,0.0,0.0,0.003430531732418525,0.0,0.0,0.0,0.0,0.0,0.0,0.0,0.0,0.0,0.0,0.0,0.0
Usuai 962,0.00016131634134537829,0.0,0.0,0.0,0.0,0.0,0.0,0.0,0.0,0.0,0.0,0.0,0.0,0.0,0.0
Uvor 963,0.0,0.0,0.0,0.0,0.0,0.0010496850944716584,0.0,0.0,0.0,0.0,0.0,0.0,0.0,0.0,0.0
V’last 964,0.0,0.0,0.0012251899044351876,0.0,0.0,0.0,0.0,0.0,0.0,0.0,0.0,0.0,0.0,0.0,0.0
V’line 965,0.0,0.0008952551477170994,0.0,0.0,0.0,0.0031490552834149755,0.0,0.0,0.0,0.0,0.0,0.0,0.0,0.0003093580819798917,0.0
V’mul 966,0.0,0.0,0.0,0.00018975332068311195,0.0,0.0001749475157452764,0.0,0.0,0.0,0.0,0.0,0.0,0.0,0.0,0.0
Valden 967,0.0,0.0,0.0,0.0,0.0,0.0,0.000315357931251971,0.0,0.0,0.0,0.0,0.0,0.0,0.0,0.0
Valli Lieb 968,0.0012905307307630263,0.0,0.0,0.0,0.0,0.0,0.0,0.0,0.0,0.0,0.0,0.0,0.0,0.0,0.0
Valrol 969,0.0,0.0,0.0,0.0,0.0,0.0,0.0007883948281299275,0.0,0.0,0.0,0.0,0.0,0.0,0.0,0.0
Vandentine 970,0.0,0.0,0.0,0.0,0.0,0.0,0.0,0.0,0.0,0.0,0.0,0.0,0.0,0.0003093580819798917,0.0
Vander 971,0.0,0.0,0.0,0.0055028462998102465,0.0,0.0001749475157452764,0.0,0.0,0.0,0.0,0.0,0.0,0.0,0.0,0.0
Varena Vanira Nanira 972,0.0,0.0,0.0,0.0,0.0,0.0,0.0,0.0,0.0010335917312661498,0.0,0.0,0.0,0.0,0.0,0.0
Varney 973,0.0,0.0,0.0,0.0003795066413662239,0.0,0.0001749475157452764,0.0,0.0,0.0,0.0,0.0,0.0,0.0,0.0,0.0
Venabil 974,0.0,0.0,0.0,0.0,0.0,0.0,0.0,0.0,0.0,0.0,0.0,0.0,0.0,0.0,0.0024733637747336376
Vendross 975,0.0,0.0,0.0,0.0,0.0,0.0,0.001576789656259855,0.0,0.0,0.0,0.0,0.0,0.0,0.0,0.0
Vergerin 976,0.0,0.0,0.022298456260720412,0.0,0.0,0.0,0.0,0.0,0.0,0.0,0.0,0.0,0.0,0.0,0.0
Vesna 977,0.0,0.0,0.0,0.0,0.0,0.0,0.000946073793755913,0.0,0.0,0.0,0.0,0.0,0.0,0.0,0.0
Vessa 978,0.0,0.0,0.0,0.0,0.0,0.0,0.0,0.0,0.0,0.0,0.0,0.0,0.0,0.0,0.0001902587519025875
Viderian 979,0.0,0.0,0.0,0.0,0.0,0.0,0.0,0.0,0.0,0.0,0.00212636695018226,0.0,0.0,0.0,0.0
Vieil Oncle 980,0.0,0.0,0.0,0.0,0.0,0.0,0.0,0.0,0.0,0.012547735951991271,0.0006075334143377885,0.0,0.0,0.0,0.0
Vincet 981,0.0,0.0,0.0,0.0,0.0,0.00244926522043387,0.0,0.003465658475110271,0.0008613264427217916,0.0,0.0,0.0,0.0,0.0,0.0
Viredian 982,0.0,0.0,0.0,0.0,0.0,0.0,0.0,0.0,0.0,0.0,0.00030376670716889426,0.0,0.0,0.0,0.0
Virginia 983,0.0,0.0,0.0,0.0,0.0,0.0,0.0,0.000315059861373661,0.0,0.0,0.0,0.0,0.0,0.0,0.0
Vormital 984,0.0,0.0,0.0,0.0,0.0,0.0,0.0,0.0,0.0,0.0,0.0,0.0,0.0,0.0,0.00076103500761035
W’ter 985,0.0,0.0,0.0,0.00018975332068311195,0.0,0.0001749475157452764,0.0,0.0,0.0,0.0,0.0,0.0,0.0,0.0,0.0
Wade Lorenzo 986,0.001129214389417648,0.0,0.0,0.0,0.0,0.0,0.0,0.0,0.0,0.0,0.0,0.0,0.0,0.0,0.0
Waine 987,0.0,0.0,0.002450379808870375,0.0,0.0,0.0,0.0,0.0,0.0,0.0,0.0,0.0,0.0,0.0,0.0
Wanson 988,0.0,0.0,0.0,0.0,0.0,0.0001749475157452764,0.0,0.0,0.0003445305770887166,0.0,0.0,0.0,0.00017409470752089137,0.0,0.0
Wansor 989,0.0,0.0002984183825723665,0.0,0.0,0.0,0.002099370188943317,0.0,0.0,0.009646856158484065,0.0,0.00030376670716889426,0.0,0.011664345403899722,0.0024748646558391337,0.015601217656012176
Wansôr 990,0.0,0.0,0.0,0.0,0.0,0.0,0.0,0.0,0.0,0.0,0.00030376670716889426,0.0,0.0,0.0,0.0
Warbret 991,0.0,0.0002984183825723665,0.0,0.0,0.0,0.0,0.0,0.0,0.0006890611541774332,0.0,0.0,0.0,0.001915041782729805,0.0037122969837587007,0.0001902587519025875
Warlow 992,0.0,0.0,0.0,0.0,0.0,0.0,0.0,0.0,0.0,0.0,0.0,0.0,0.0,0.0,0.0005707762557077625
Washell Wachell Wash 993,0.0,0.0,0.0,0.0,0.0,0.0,0.008672343109429203,0.0,0.0,0.0,0.0,0.0,0.0,0.0,0.0
Wil 994,0.0,0.0,0.0,0.0,0.0,0.0,0.0,0.0,0.0,0.0,0.0,0.0,0.0,0.0,0.0001902587519025875
Wimmia 995,0.0,0.0,0.0,0.0009487666034155598,0.0,0.0003498950314905528,0.0,0.0,0.0,0.0,0.0,0.0,0.0,0.0,0.0
Winalla 996,0.0,0.0,0.0,0.0,0.0,0.0,0.0011037527593818985,0.0,0.0,0.0,0.0,0.0,0.0,0.0,0.0
Winnia 997,0.0,0.0,0.0,0.00018975332068311195,0.0,0.0,0.0,0.0,0.0,0.0,0.0,0.0,0.0,0.0,0.0
Wonegal 998,0.0,0.0,0.0,0.0,0.0,0.0,0.0001576789656259855,0.0,0.0,0.0,0.0,0.0,0.0,0.0,0.0
Wyzall 999,0.0,0.0,0.0,0.0,0.0,0.0,0.0,0.0,0.0,0.0,0.0,0.0,0.0,0.0,0.001902587519025875
Xi Chi Yuen 1000,0.0009678980480722697,0.0,0.0,0.0,0.0,0.0,0.0,0.0,0.0,0.0,0.0,0.0,0.0,0.0,0.0
Yanus 1001,0.0,0.0020889286780065653,0.0,0.0,0.0,0.0,0.0,0.0,0.0,0.05837424986361157,0.003341433778857837,0.0,0.0,0.0,0.0
Yorag 1002,0.0,0.0,0.0,0.0,0.0,0.0,0.0001576789656259855,0.0,0.0,0.0,0.0,0.0,0.0,0.0,0.0
Yvonne Yves 1003,0.0006452653653815131,0.0,0.0,0.0,0.0,0.0,0.0,0.0,0.0,0.0,0.0,0.0,0.0,0.0,0.0
Z’gal 1004,0.0,0.0,0.001470227885322225,0.0,0.0,0.0,0.0,0.0,0.0,0.0,0.0,0.0,0.0,0.0,0.0
Z’ran 1005,0.0,0.0,0.000490075961774075,0.0,0.0,0.0,0.0,0.0,0.0,0.0,0.0,0.0,0.0,0.0,0.0
Zalla 1006,0.0,0.0,0.0,0.0,0.0,0.0,0.0,0.0,0.0,0.0,0.0,0.0,0.0,0.0,0.000380517503805175
Zewe 1007,0.0,0.0,0.0,0.0,0.0,0.0,0.0,0.0,0.0,0.0,0.0,0.0,0.0,0.0,0.0005707762557077625
Zi Ongola 1008,0.03242458461042103,0.0,0.0,0.0,0.0,0.0,0.0,0.0,0.0,0.0,0.0,0.0,0.0,0.0,0.0
Zulaya 1009,0.0,0.0,0.04361676059789267,0.0,0.0,0.0,0.0,0.0,0.0,0.0,0.0,0.0,0.0,0.0,0.0
Zurg 1010,0.0,0.0,0.0,0.0,0.0,0.0,0.0,0.002835538752362949,0.0015503875968992248,0.0,0.0,0.0,0.0,0.0013921113689095127,0.0001902587519025875
